source_id,name,country,country_code,state_province,state_code,city,description,spot_types,category_raw,subcategory_raw,travel_info,latitude,longitude,altitude,display_order,unesco,best_season,image_folder,image_1,image_2,image_3
JP-GN-13696898,Great Buddha of Shuurakuen,Japan,JP,Aichi,JP-23,Tokai Shi,"Great Buddha of Shuurakuen (Great Buddha of Shuurakuen) is a named monuments location in Tokai Shi, Aichi, Japan.",Historical spots,Monuments,Public historic site or monument,Drivable,35.0438,136.90437,5,1,No,Year-round,images/JP-GN-13696898,,,
JP-GN-1863594,Goi-yama,Japan,JP,Aichi,JP-23,Gamagori Shi,"Goi-yama (Goi-yama) is a named mountains location in Gamagori Shi, Aichi, Japan.",Adventure spots|Natural spots,Mountains,Natural landform,Drivable,34.83333,137.25,36,2,No,Late spring; Summer; Autumn,images/JP-GN-1863594,,,
JP-GN-1862207,Hongu-zan,Japan,JP,Aichi,JP-23,Toyokawa Shi,"Hongu-zan (Hongū-zan) is a named mountains location in Toyokawa Shi, Aichi, Japan.",Adventure spots|Natural spots,Mountains,Natural landform,Drivable,34.9,137.41667,454,3,No,Late spring; Summer; Autumn,images/JP-GN-1862207,,,
JP-GN-1862171,Horaiji-san,Japan,JP,Aichi,JP-23,Shinshiro Shi,"Horaiji-san (Hōraiji-san) is a named mountains location in Shinshiro Shi, Aichi, Japan.",Adventure spots|Natural spots,Mountains,Natural landform,Drivable,34.98333,137.58333,655,4,No,Late spring; Summer; Autumn,images/JP-GN-1862171,,,
JP-GN-1861371,Ishimaki-yama,Japan,JP,Aichi,JP-23,Toyohashi Shi,"Ishimaki-yama (Ishimaki-yama) is a named mountains location in Toyohashi Shi, Aichi, Japan.",Adventure spots|Natural spots,Mountains,Natural landform,Drivable,34.78333,137.46667,154,5,No,Late spring; Summer; Autumn,images/JP-GN-1861371,,,
JP-GN-1859520,Kichijo-zan,Japan,JP,Aichi,JP-23,Shinshiro Shi,"Kichijo-zan (Kichijō-zan) is a named mountains location in Shinshiro Shi, Aichi, Japan.",Adventure spots|Natural spots,Mountains,Natural landform,Drivable,34.85,137.48333,111,6,No,Late spring; Summer; Autumn,images/JP-GN-1859520,,,
JP-GN-1859031,Ko-iwa-dake,Japan,JP,Aichi,JP-23,Kitashitara-gun,"Ko-iwa-dake (Ko-iwa-dake) is a named mountains location in Kitashitara-gun, Aichi, Japan.",Adventure spots|Natural spots,Mountains,Natural landform,Drivable,35.12335,137.73739,976,7,No,Late spring; Summer; Autumn,images/JP-GN-1859031,,,
JP-GN-6697601,Komaki-yama,Japan,JP,Aichi,JP-23,Komaki-shi,"Komaki-yama (Komaki-yama) is a named mountains location in Komaki-shi, Aichi, Japan.",Adventure spots|Natural spots,Mountains,Natural landform,Drivable,35.29264,136.91222,86,8,No,Late spring; Summer; Autumn,images/JP-GN-6697601,,,
JP-GN-1855557,Natori-yama,Japan,JP,Aichi,JP-23,Gamagori Shi,"Natori-yama (Natori-yama) is a named mountains location in Gamagori Shi, Aichi, Japan.",Adventure spots|Natural spots,Mountains,Natural landform,Drivable,34.85,137.21667,257,9,No,Late spring; Summer; Autumn,images/JP-GN-1855557,,,
JP-GN-1854475,O-iwa-dake,Japan,JP,Aichi,JP-23,Kitashitara-gun,"O-iwa-dake (Ō-iwa-dake) is a named mountains location in Kitashitara-gun, Aichi, Japan.",Adventure spots|Natural spots,Mountains,Natural landform,Drivable,35.1221,137.74569,915,10,No,Late spring; Summer; Autumn,images/JP-GN-1854475,,,
JP-GN-1853490,O-yama,Japan,JP,Aichi,JP-23,Tahara-shi,"O-yama (Ō-yama) is a named mountains location in Tahara-shi, Aichi, Japan.",Adventure spots|Natural spots,Mountains,Natural landform,Drivable,34.60459,137.13955,144,11,No,Late spring; Summer; Autumn,images/JP-GN-1853490,,,
JP-GN-1853517,Owari-fuji,Japan,JP,Aichi,JP-23,Inuyama-shi,"Owari-fuji (Owari-fuji) is a named mountains location in Inuyama-shi, Aichi, Japan.",Adventure spots|Natural spots,Mountains,Natural landform,Drivable,35.34438,136.98458,259,12,No,Late spring; Summer; Autumn,images/JP-GN-1853517,,,
JP-GN-12035966,Aichi-kodomonokuni,Japan,JP,Aichi,JP-23,Nishio Shi,"Aichi-kodomonokuni (Aichi-kodomonokuni) is a named parks location in Nishio Shi, Aichi, Japan.",Natural spots,Parks,Public park or protected area,Drivable,34.78929,137.15558,84,13,No,Spring; Summer; Autumn,images/JP-GN-12035966,,,
JP-GN-12626478,Inaei Koen,Japan,JP,Aichi,JP-23,Nagoya-shi,"Inaei Koen (Inaei Kōen) is a named parks location in Nagoya-shi, Aichi, Japan.",Natural spots,Parks,Public park or protected area,Drivable,35.08244,136.84931,-9999,14,No,Spring; Summer; Autumn,images/JP-GN-12626478,,,
JP-GN-12626492,Inaei-higashi Koen,Japan,JP,Aichi,JP-23,Nagoya-shi,"Inaei-higashi Koen (Inaei-higashi Kōen) is a named parks location in Nagoya-shi, Aichi, Japan.",Natural spots,Parks,Public park or protected area,Drivable,35.08206,136.8565,2,15,No,Spring; Summer; Autumn,images/JP-GN-12626492,,,
JP-GN-12648728,Nikkogawa Koen,Japan,JP,Aichi,JP-23,Nagoya-shi,"Nikkogawa Koen (Nikkōgawa Kōen) is a named parks location in Nagoya-shi, Aichi, Japan.",Natural spots,Parks,Public park or protected area,Drivable,35.08956,136.82143,1,16,No,Spring; Summer; Autumn,images/JP-GN-12648728,,,
JP-GN-12648660,Nogyo Bunkaen Todagawa Ryokuchi,Japan,JP,Aichi,JP-23,Nagoya-shi,"Nogyo Bunkaen Todagawa Ryokuchi (Nōgyō Bunkaen Todagawa Ryokuchi) is a named parks location in Nagoya-shi, Aichi, Japan.",Natural spots,Parks,Public park or protected area,Drivable,35.11626,136.81111,4,17,No,Spring; Summer; Autumn,images/JP-GN-12648660,,,
JP-GN-12648732,Shinchayagawa Koen,Japan,JP,Aichi,JP-23,Nagoya-shi,"Shinchayagawa Koen (Shinchayagawa Kōen) is a named parks location in Nagoya-shi, Aichi, Japan.",Natural spots,Parks,Public park or protected area,Drivable,35.09981,136.81282,1,18,No,Spring; Summer; Autumn,images/JP-GN-12648732,,,
JP-GN-1862155,Hori Kawa,Japan,JP,Aichi,JP-23,Higashitsukijicho,"Hori Kawa (Hori Kawa) is a named rivers location in Higashitsukijicho, Aichi, Japan.",Natural spots,Rivers,Watercourse,Drivable,35.09356,136.88968,1,19,No,Spring; Summer; Autumn,images/JP-GN-1862155,,,
JP-GN-1860190,Kanie-gawa,Japan,JP,Aichi,JP-23,Fukumae,"Kanie-gawa (Kanie-gawa) is a named rivers location in Fukumae, Aichi, Japan.",Natural spots,Rivers,Watercourse,Drivable,35.11147,136.79158,-5,20,No,Spring; Summer; Autumn,images/JP-GN-1860190,,,
JP-GN-1855394,Nikko Gawa,Japan,JP,Aichi,JP-23,Fujimae,"Nikko Gawa (Nikkō Gawa) is a named rivers location in Fujimae, Aichi, Japan.",Natural spots,Rivers,Watercourse,Drivable,35.07936,136.82616,1,21,No,Spring; Summer; Autumn,images/JP-GN-1855394,,,
JP-GN-1854720,Oe Gawa,Japan,JP,Aichi,JP-23,Showacho,"Oe Gawa (Ōe Gawa) is a named rivers location in Showacho, Aichi, Japan.",Natural spots,Rivers,Watercourse,Drivable,35.08487,136.89141,-9999,22,No,Spring; Summer; Autumn,images/JP-GN-1854720,,,
JP-GN-1852072,Shin Kawa,Japan,JP,Aichi,JP-23,Fujimae,"Shin Kawa (Shin Kawa) is a named rivers location in Fujimae, Aichi, Japan.",Natural spots,Rivers,Watercourse,Drivable,35.0836,136.84004,1,23,No,Spring; Summer; Autumn,images/JP-GN-1852072,,,
JP-GN-1850442,Tenpaku Gawa,Japan,JP,Aichi,JP-23,Funamicho,"Tenpaku Gawa (Tenpaku Gawa) is a named rivers location in Funamicho, Aichi, Japan.",Natural spots,Rivers,Watercourse,Drivable,35.06795,136.88649,1,24,No,Spring; Summer; Autumn,images/JP-GN-1850442,,,
JP-GN-12648659,Toda Gawa,Japan,JP,Aichi,JP-23,Nagoya-shi,"Toda Gawa (Toda Gawa) is a named rivers location in Nagoya-shi, Aichi, Japan.",Natural spots,Rivers,Watercourse,Drivable,35.09376,136.81238,1,25,No,Spring; Summer; Autumn,images/JP-GN-12648659,,,
JP-GN-1848832,Yada-gawa,Japan,JP,Aichi,JP-23,Nagoya,"Yada-gawa (Yada-gawa) is a named rivers location in Nagoya, Aichi, Japan.",Natural spots,Rivers,Watercourse,Drivable,35.2,136.9,6,26,No,Spring; Summer; Autumn,images/JP-GN-1848832,,,
JP-GN-1848583,Yamazaki Gawa,Japan,JP,Aichi,JP-23,Higashitsukijicho,"Yamazaki Gawa (Yamazaki Gawa) is a named rivers location in Higashitsukijicho, Aichi, Japan.",Natural spots,Rivers,Watercourse,Drivable,35.09213,136.89215,1,27,No,Spring; Summer; Autumn,images/JP-GN-1848583,,,
JP-GN-1864135,Fugu-saki,Japan,JP,Aichi,JP-23,Chita-gun,"Fugu-saki (Fugu-saki) is a named seas and coastal areas location in Chita-gun, Aichi, Japan.",Beach spots,Seas and coastal areas,Coastal feature,Drivable,34.76433,136.84139,0,28,No,Spring; Summer; Autumn,images/JP-GN-1864135,,,
JP-GN-1863096,Hashida-hana,Japan,JP,Aichi,JP-23,Gamagori Shi,"Hashida-hana (Hashida-hana) is a named seas and coastal areas location in Gamagori Shi, Aichi, Japan.",Beach spots,Seas and coastal areas,Coastal feature,Drivable,34.76828,137.1708,59,29,No,Spring; Summer; Autumn,images/JP-GN-1863096,,,
JP-GN-1862946,Hazu-misaki,Japan,JP,Aichi,JP-23,Chita-gun,"Hazu-misaki (Hazu-misaki) is a named seas and coastal areas location in Chita-gun, Aichi, Japan.",Beach spots,Seas and coastal areas,Coastal feature,Drivable,34.69695,136.97201,3,30,No,Spring; Summer; Autumn,images/JP-GN-1862946,,,
JP-GN-1861504,Irago-zaki,Japan,JP,Aichi,JP-23,Tahara-shi,"Irago-zaki (Irago-zaki) is a named seas and coastal areas location in Tahara-shi, Aichi, Japan.",Beach spots,Seas and coastal areas,Coastal feature,Drivable,34.57979,137.01546,-9999,31,No,Spring; Summer; Autumn,images/JP-GN-1861504,,,
JP-GN-1856730,Miya-saki,Japan,JP,Aichi,JP-23,Tahara-shi,"Miya-saki (Miya-saki) is a named seas and coastal areas location in Tahara-shi, Aichi, Japan.",Beach spots,Seas and coastal areas,Coastal feature,Drivable,34.7,137.28333,8,32,No,Spring; Summer; Autumn,images/JP-GN-1856730,,,
JP-GN-1854053,Oniga-saki,Japan,JP,Aichi,JP-23,Tokoname Shi,"Oniga-saki (Oniga-saki) is a named seas and coastal areas location in Tokoname Shi, Aichi, Japan.",Beach spots,Seas and coastal areas,Coastal feature,Drivable,34.9,136.83333,6,33,No,Spring; Summer; Autumn,images/JP-GN-1854053,,,
JP-GN-1851096,Takamatsu-saki,Japan,JP,Aichi,JP-23,Tahara-shi,"Takamatsu-saki (Takamatsu-saki) is a named seas and coastal areas location in Tahara-shi, Aichi, Japan.",Beach spots,Seas and coastal areas,Coastal feature,Drivable,34.61667,137.21667,32,34,No,Spring; Summer; Autumn,images/JP-GN-1851096,,,
JP-GN-1850501,Tatsuma-zaki,Japan,JP,Aichi,JP-23,Tahara-shi,"Tatsuma-zaki (Tatsuma-zaki) is a named seas and coastal areas location in Tahara-shi, Aichi, Japan.",Beach spots,Seas and coastal areas,Coastal feature,Drivable,34.65578,137.08965,-1,35,No,Spring; Summer; Autumn,images/JP-GN-1850501,,,
JP-GN-8429832,Choja Mori,Japan,JP,Akita,JP-05,Hashigeta,"Choja Mori (Chōja Mori) is a named forests location in Hashigeta, Akita, Japan.",Natural spots,Forests,Forest area,Drivable,40.32678,140.58097,124,36,No,Spring; Summer; Autumn,images/JP-GN-8429832,,,
JP-GN-8316149,Futatsumori,Japan,JP,Akita,JP-05,Otsutsumi,"Futatsumori (Futatsumori) is a named forests location in Otsutsumi, Akita, Japan.",Natural spots,Forests,Forest area,Drivable,39.74833,140.11595,13,37,No,Spring; Summer; Autumn,images/JP-GN-8316149,,,
JP-GN-8429835,Haginaga Mori,Japan,JP,Akita,JP-05,Futatsumori,"Haginaga Mori (Haginaga Mori) is a named forests location in Futatsumori, Akita, Japan.",Natural spots,Forests,Forest area,Drivable,40.31946,140.57293,143,38,No,Spring; Summer; Autumn,images/JP-GN-8429835,,,
JP-GN-8429578,Kuro Mori,Japan,JP,Akita,JP-05,Nagabashiri,"Kuro Mori (Kuro Mori) is a named forests location in Nagabashiri, Akita, Japan.",Natural spots,Forests,Forest area,Drivable,40.38405,140.63633,482,39,No,Spring; Summer; Autumn,images/JP-GN-8429578,,,
JP-GN-8452472,Matsu Mori,Japan,JP,Akita,JP-05,Komagi,"Matsu Mori (Matsu Mori) is a named forests location in Komagi, Akita, Japan.",Natural spots,Forests,Forest area,Drivable,40.26076,140.72367,327,40,No,Spring; Summer; Autumn,images/JP-GN-8452472,,,
JP-GN-8321880,Tsukushi Mori,Japan,JP,Akita,JP-05,Oyamada,"Tsukushi Mori (Tsukushi Mori) is a named forests location in Oyamada, Akita, Japan.",Natural spots,Forests,Forest area,Drivable,39.68028,140.20619,93,41,No,Spring; Summer; Autumn,images/JP-GN-8321880,,,
JP-GN-8429829,Tsukushi Mori,Japan,JP,Akita,JP-05,Hashigeta,"Tsukushi Mori (Tsukushi Mori) is a named forests location in Hashigeta, Akita, Japan.",Natural spots,Forests,Forest area,Drivable,40.33618,140.58375,111,42,No,Spring; Summer; Autumn,images/JP-GN-8429829,,,
JP-GN-8321898,Yamabushi Mori,Japan,JP,Akita,JP-05,Nibetsu,"Yamabushi Mori (Yamabushi Mori) is a named forests location in Nibetsu, Akita, Japan.",Natural spots,Forests,Forest area,Drivable,39.82287,140.23452,498,43,No,Spring; Summer; Autumn,images/JP-GN-8321898,,,
JP-GN-2130618,Asanai Numa,Japan,JP,Akita,JP-05,Asanai,"Asanai Numa (Asanai Numa) is a named lakes location in Asanai, Akita, Japan.",Natural spots,Lakes,Inland water body,Drivable,40.14898,140.00855,3,44,No,Spring; Summer; Autumn,images/JP-GN-2130618,,,
JP-GN-2112847,Hachiro Gata,Japan,JP,Akita,JP-05,Tenno,"Hachiro Gata (Hachirō Gata) is a named lakes location in Tenno, Akita, Japan.",Natural spots,Lakes,Inland water body,Drivable,39.91718,139.99966,1,45,No,Spring; Summer; Autumn,images/JP-GN-2112847,,,
JP-GN-8315438,Me Gata,Japan,JP,Akita,JP-05,Katamukai,"Me Gata (Me Gata) is a named lakes location in Katamukai, Akita, Japan.",Natural spots,Lakes,Inland water body,Drivable,39.81353,140.06622,10,46,No,Spring; Summer; Autumn,images/JP-GN-8315438,,,
JP-GN-8530238,Nishino Umi,Japan,JP,Akita,JP-05,Namariyama,"Nishino Umi (Nishino Umi) is a named lakes location in Namariyama, Akita, Japan.",Natural spots,Lakes,Inland water body,Drivable,40.42846,140.87267,403,47,No,Spring; Summer; Autumn,images/JP-GN-8530238,,,
JP-GN-8315445,O Gata,Japan,JP,Akita,JP-05,Kanaashi-koizumi,"O Gata (O Gata) is a named lakes location in Kanaashi-koizumi, Akita, Japan.",Natural spots,Lakes,Inland water body,Drivable,39.82038,140.06245,11,48,No,Spring; Summer; Autumn,images/JP-GN-8315445,,,
JP-GN-8314005,Shiohiki Gata,Japan,JP,Akita,JP-05,Ieushiro,"Shiohiki Gata (Shiohiki Gata) is a named lakes location in Ieushiro, Akita, Japan.",Natural spots,Lakes,Inland water body,Drivable,39.66993,140.07541,66,49,No,Spring; Summer; Autumn,images/JP-GN-8314005,,,
JP-GN-2110799,Tazawa Ko,Japan,JP,Akita,JP-05,Osawa,"Tazawa Ko (Tazawa Ko) is a named lakes location in Osawa, Akita, Japan.",Natural spots,Lakes,Inland water body,Drivable,39.71667,140.66667,243,50,No,Spring; Summer; Autumn,images/JP-GN-2110799,,,
JP-GN-8314392,Akita Jo Ato,Japan,JP,Akita,JP-05,Akita Shi,"Akita Jo Ato (Akita Jō Ato) is a named monuments location in Akita Shi, Akita, Japan.",Historical spots,Monuments,Public historic site or monument,Drivable,39.74042,140.07938,51,51,No,Year-round,images/JP-GN-8314392,,,
JP-GN-8315444,Kyunarake Jutaku,Japan,JP,Akita,JP-05,Akita Shi,"Kyunarake Jutaku (Kyūnarake Jūtaku) is a named monuments location in Akita Shi, Akita, Japan.",Historical spots,Monuments,Public historic site or monument,Drivable,39.82271,140.06649,10,52,No,Year-round,images/JP-GN-8315444,,,
JP-GN-2130714,Aikubo Yama,Japan,JP,Akita,JP-05,Odate-shi,"Aikubo Yama (Aikubo Yama) is a named mountains location in Odate-shi, Akita, Japan.",Adventure spots|Natural spots,Mountains,Natural landform,Drivable,40.17925,140.66013,536,53,No,Late spring; Summer; Autumn,images/JP-GN-2130714,,,
JP-GN-8579350,Aizawa Yama,Japan,JP,Akita,JP-05,Semboku-shi,"Aizawa Yama (Aizawa Yama) is a named mountains location in Semboku-shi, Akita, Japan.",Adventure spots|Natural spots,Mountains,Natural landform,Drivable,39.68353,140.76811,911,54,No,Late spring; Summer; Autumn,images/JP-GN-8579350,,,
JP-GN-8530234,Akaiwa Yama,Japan,JP,Akita,JP-05,Kazuno Shi,"Akaiwa Yama (Akaiwa Yama) is a named mountains location in Kazuno Shi, Akita, Japan.",Adventure spots|Natural spots,Mountains,Natural landform,Drivable,40.41496,140.90012,785,55,No,Late spring; Summer; Autumn,images/JP-GN-8530234,,,
JP-GN-2113589,Akakura-san,Japan,JP,Akita,JP-05,Minamiakita-gun,"Akakura-san (Akakura-san) is a named mountains location in Minamiakita-gun, Akita, Japan.",Adventure spots|Natural spots,Mountains,Natural landform,Drivable,40,140.23333,248,56,No,Late spring; Summer; Autumn,images/JP-GN-2113589,,,
JP-GN-8456616,Akiba Yama,Japan,JP,Akita,JP-05,Odate-shi,"Akiba Yama (Akiba Yama) is a named mountains location in Odate-shi, Akita, Japan.",Adventure spots|Natural spots,Mountains,Natural landform,Drivable,40.26788,140.59928,313,57,No,Late spring; Summer; Autumn,images/JP-GN-8456616,,,
JP-GN-8530475,Aoiwa Yama,Japan,JP,Akita,JP-05,Kazuno Shi,"Aoiwa Yama (Aoiwa Yama) is a named mountains location in Kazuno Shi, Akita, Japan.",Adventure spots|Natural spots,Mountains,Natural landform,Drivable,40.36581,140.90041,597,58,No,Late spring; Summer; Autumn,images/JP-GN-8530475,,,
JP-GN-8530486,Aosaba Yama,Japan,JP,Akita,JP-05,Kazuno Shi,"Aosaba Yama (Aosaba Yama) is a named mountains location in Kazuno Shi, Akita, Japan.",Adventure spots|Natural spots,Mountains,Natural landform,Drivable,40.38256,140.84796,743,59,No,Late spring; Summer; Autumn,images/JP-GN-8530486,,,
JP-GN-8579260,Asahi Dake,Japan,JP,Akita,JP-05,Semboku-shi,"Asahi Dake (Asahi Dake) is a named mountains location in Semboku-shi, Akita, Japan.",Adventure spots|Natural spots,Mountains,Natural landform,Drivable,39.61001,140.7763,1308,60,No,Late spring; Summer; Autumn,images/JP-GN-8579260,,,
JP-GN-2113061,Ashikura Yama,Japan,JP,Akita,JP-05,Yuzawa Shi,"Ashikura Yama (Ashikura Yama) is a named mountains location in Yuzawa Shi, Akita, Japan.",Adventure spots|Natural spots,Mountains,Natural landform,Drivable,39.02674,140.70292,1072,61,No,Late spring; Summer; Autumn,images/JP-GN-2113061,,,
JP-GN-2113596,Babame Dake,Japan,JP,Akita,JP-05,Minamiakita-gun,"Babame Dake (Babame Dake) is a named mountains location in Minamiakita-gun, Akita, Japan.",Adventure spots|Natural spots,Mountains,Natural landform,Drivable,39.83504,140.28176,1014,62,No,Late spring; Summer; Autumn,images/JP-GN-2113596,,,
JP-GN-8428549,Bafunmori Yama,Japan,JP,Akita,JP-05,Kazuno-gun,"Bafunmori Yama (Bafunmori Yama) is a named mountains location in Kazuno-gun, Akita, Japan.",Adventure spots|Natural spots,Mountains,Natural landform,Drivable,40.4221,140.71735,779,63,No,Late spring; Summer; Autumn,images/JP-GN-8428549,,,
JP-GN-8580536,Bandori Mori,Japan,JP,Akita,JP-05,Akita Shi,"Bandori Mori (Bandori Mori) is a named mountains location in Akita Shi, Akita, Japan.",Adventure spots|Natural spots,Mountains,Natural landform,Drivable,39.78644,140.46683,1018,64,No,Late spring; Summer; Autumn,images/JP-GN-8580536,,,
JP-GN-9815126,Boju San,Japan,JP,Akita,JP-05,Yamamoto-gun,"Boju San (Bōju San) is a named mountains location in Yamamoto-gun, Akita, Japan.",Adventure spots|Natural spots,Mountains,Natural landform,Drivable,40.06056,140.21623,391,65,No,Late spring; Summer; Autumn,images/JP-GN-9815126,,,
JP-GN-2113019,Buna Mori,Japan,JP,Akita,JP-05,Semboku-shi,"Buna Mori (Buna Mori) is a named mountains location in Semboku-shi, Akita, Japan.",Adventure spots|Natural spots,Mountains,Natural landform,Drivable,39.93216,140.63458,1010,66,No,Late spring; Summer; Autumn,images/JP-GN-2113019,,,
JP-GN-8456328,Choja Mori,Japan,JP,Akita,JP-05,Odate-shi,"Choja Mori (Chōja Mori) is a named mountains location in Odate-shi, Akita, Japan.",Adventure spots|Natural spots,Mountains,Natural landform,Drivable,40.19686,140.54484,199,67,No,Late spring; Summer; Autumn,images/JP-GN-8456328,,,
JP-GN-2112992,Daibutsu Dake,Japan,JP,Akita,JP-05,Kitaakita-shi,"Daibutsu Dake (Daibutsu Dake) is a named mountains location in Kitaakita-shi, Akita, Japan.",Adventure spots|Natural spots,Mountains,Natural landform,Drivable,39.81667,140.51667,1099,68,No,Late spring; Summer; Autumn,images/JP-GN-2112992,,,
JP-GN-9819589,Dokko Mori,Japan,JP,Akita,JP-05,Kazuno Shi,"Dokko Mori (Dokko Mori) is a named mountains location in Kazuno Shi, Akita, Japan.",Adventure spots|Natural spots,Mountains,Natural landform,Drivable,40.22621,140.92593,818,69,No,Late spring; Summer; Autumn,images/JP-GN-9819589,,,
JP-GN-2112966,Ebisu-yama,Japan,JP,Akita,JP-05,Akita Shi,"Ebisu-yama (Ebisu-yama) is a named mountains location in Akita Shi, Akita, Japan.",Adventure spots|Natural spots,Mountains,Natural landform,Drivable,39.79956,140.05268,30,70,No,Late spring; Summer; Autumn,images/JP-GN-2112966,,,
JP-GN-8580493,Eboshi Dake,Japan,JP,Akita,JP-05,Semboku-shi,"Eboshi Dake (Eboshi Dake) is a named mountains location in Semboku-shi, Akita, Japan.",Adventure spots|Natural spots,Mountains,Natural landform,Drivable,39.84822,140.74387,1029,71,No,Late spring; Summer; Autumn,images/JP-GN-8580493,,,
JP-GN-9818379,Eboshi Dake,Japan,JP,Akita,JP-05,Odate-shi,"Eboshi Dake (Eboshi Dake) is a named mountains location in Odate-shi, Akita, Japan.",Adventure spots|Natural spots,Mountains,Natural landform,Drivable,40.42974,140.38789,1077,72,No,Late spring; Summer; Autumn,images/JP-GN-9818379,,,
JP-GN-8321982,Fujikura Suigenchi,Japan,JP,Akita,JP-05,Kamidai,"Fujikura Suigenchi (Fujikura Suigenchi) is a named parks location in Kamidai, Akita, Japan.",Natural spots,Parks,Public park or protected area,Drivable,39.79074,140.2018,84,73,No,Spring; Summer; Autumn,images/JP-GN-8321982,,,
JP-GN-8457289,Futatsuyama Sogo Koen,Japan,JP,Akita,JP-05,Odate-shi,"Futatsuyama Sogo Koen (Futatsuyama Sōgō Kōen) is a named parks location in Odate-shi, Akita, Japan.",Natural spots,Parks,Public park or protected area,Drivable,40.27814,140.52564,68,74,No,Spring; Summer; Autumn,images/JP-GN-8457289,,,
JP-GN-8316024,Hitotsumori Koen,Japan,JP,Akita,JP-05,Akita Shi,"Hitotsumori Koen (Hitotsumori Kōen) is a named parks location in Akita Shi, Akita, Japan.",Natural spots,Parks,Public park or protected area,Drivable,39.69634,140.14271,17,75,No,Spring; Summer; Autumn,images/JP-GN-8316024,,,
JP-GN-8314009,Ishidasaka Otsutsumi,Japan,JP,Akita,JP-05,Araya-tajirizawahigashimachi,"Ishidasaka Otsutsumi (Ishidasaka Ōtsutsumi) is a named parks location in Araya-tajirizawahigashimachi, Akita, Japan.",Natural spots,Parks,Public park or protected area,Drivable,39.66138,140.09825,12,76,No,Spring; Summer; Autumn,images/JP-GN-8314009,,,
JP-GN-8456577,Iwagami Chosuichi,Japan,JP,Akita,JP-05,Azuma,"Iwagami Chosuichi (Iwagami Chōsuichi) is a named parks location in Azuma, Akita, Japan.",Natural spots,Parks,Public park or protected area,Drivable,40.27735,140.59722,116,77,No,Spring; Summer; Autumn,images/JP-GN-8456577,,,
JP-GN-8458770,Keijo Koen,Japan,JP,Akita,JP-05,Odate-shi,"Keijo Koen (Keijō Kōen) is a named parks location in Odate-shi, Akita, Japan.",Natural spots,Parks,Public park or protected area,Drivable,40.27254,140.56481,73,78,No,Spring; Summer; Autumn,images/JP-GN-8458770,,,
JP-GN-8315440,Kenritsu Koizumi Gata Koen,Japan,JP,Akita,JP-05,Akita Shi,"Kenritsu Koizumi Gata Koen (Kenritsu Koizumi Gata Kōen) is a named parks location in Akita Shi, Akita, Japan.",Natural spots,Parks,Public park or protected area,Drivable,39.81439,140.06918,14,79,No,Spring; Summer; Autumn,images/JP-GN-8315440,,,
JP-GN-9819487,Matsukozawa Chindenchi,Japan,JP,Akita,JP-05,Osarizawa,"Matsukozawa Chindenchi (Matsukozawa Chindenchi) is a named parks location in Osarizawa, Akita, Japan.",Natural spots,Parks,Public park or protected area,Drivable,40.19766,140.76028,209,80,No,Spring; Summer; Autumn,images/JP-GN-9819487,,,
JP-GN-9818285,Moriyoshi-shikimi Ko,Japan,JP,Akita,JP-05,Nemorita,"Moriyoshi-shikimi Ko (Moriyoshi-shikimi Ko) is a named parks location in Nemorita, Akita, Japan.",Natural spots,Parks,Public park or protected area,Drivable,40.0402,140.46579,130,81,No,Spring; Summer; Autumn,images/JP-GN-9818285,,,
JP-GN-8456573,Natane Yama Undo Koen,Japan,JP,Akita,JP-05,Odate-shi,"Natane Yama Undo Koen (Natane Yama Undō Kōen) is a named parks location in Odate-shi, Akita, Japan.",Natural spots,Parks,Public park or protected area,Drivable,40.27539,140.5872,101,82,No,Spring; Summer; Autumn,images/JP-GN-8456573,,,
JP-GN-8316231,O Tsutsumi,Japan,JP,Akita,JP-05,Maedaomote,"O Tsutsumi (Ō Tsutsumi) is a named parks location in Maedaomote, Akita, Japan.",Natural spots,Parks,Public park or protected area,Drivable,39.72671,140.17339,22,83,No,Spring; Summer; Autumn,images/JP-GN-8316231,,,
JP-GN-1854699,Oga Quasi National Park,Japan,JP,Akita,JP-05,Oga Shi,"Oga Quasi National Park (Oga Quasi National Park) is a named parks location in Oga Shi, Akita, Japan.",Natural spots,Parks,Public park or protected area,Drivable,39.91667,139.75,410,84,No,Spring; Summer; Autumn,images/JP-GN-1854699,,,
JP-GN-8314004,Omori Yama Koen,Japan,JP,Akita,JP-05,Akita Shi,"Omori Yama Koen (Ōmori Yama Kōen) is a named parks location in Akita Shi, Akita, Japan.",Natural spots,Parks,Public park or protected area,Drivable,39.66993,140.07404,77,85,No,Spring; Summer; Autumn,images/JP-GN-8314004,,,
JP-GN-8316208,Otaki Sawa Yosuichi,Japan,JP,Akita,JP-05,Aizome,"Otaki Sawa Yosuichi (Ōtaki Sawa Yōsuichi) is a named parks location in Aizome, Akita, Japan.",Natural spots,Parks,Public park or protected area,Drivable,39.77858,140.15636,69,86,No,Spring; Summer; Autumn,images/JP-GN-8316208,,,
JP-GN-8316207,Otaki Yama Shizen Koen,Japan,JP,Akita,JP-05,Akita Shi,"Otaki Yama Shizen Koen (Ōtaki Yama Shizen Kōen) is a named parks location in Akita Shi, Akita, Japan.",Natural spots,Parks,Public park or protected area,Drivable,39.78039,140.1606,93,87,No,Spring; Summer; Autumn,images/JP-GN-8316207,,,
JP-GN-9815155,Otomo Numa,Japan,JP,Akita,JP-05,Hataori,"Otomo Numa (Otomo Numa) is a named parks location in Hataori, Akita, Japan.",Natural spots,Parks,Public park or protected area,Drivable,40.17597,140.06806,9,88,No,Spring; Summer; Autumn,images/JP-GN-9815155,,,
JP-GN-8315969,Senshu Koen,Japan,JP,Akita,JP-05,Akita Shi,"Senshu Koen (Senshū Kōen) is a named parks location in Akita Shi, Akita, Japan.",Natural spots,Parks,Public park or protected area,Drivable,39.72196,140.12411,38,89,No,Spring; Summer; Autumn,images/JP-GN-8315969,,,
JP-GN-8456663,Shishinosawa Chindenchi,Japan,JP,Akita,JP-05,Kannondo,"Shishinosawa Chindenchi (Shishinosawa Chindenchi) is a named parks location in Kannondo, Akita, Japan.",Natural spots,Parks,Public park or protected area,Drivable,40.32965,140.53985,124,90,No,Spring; Summer; Autumn,images/JP-GN-8456663,,,
JP-GN-9817837,Subari Ko,Japan,JP,Akita,JP-05,Shimonejo,"Subari Ko (Subari Ko) is a named parks location in Shimonejo, Akita, Japan.",Natural spots,Parks,Public park or protected area,Drivable,40.34774,140.24765,139,91,No,Spring; Summer; Autumn,images/JP-GN-9817837,,,
JP-GN-9818284,Taihei Ko,Japan,JP,Akita,JP-05,Onaginai,"Taihei Ko (Taihei Ko) is a named parks location in Onaginai, Akita, Japan.",Natural spots,Parks,Public park or protected area,Drivable,40.0469,140.61811,338,92,No,Spring; Summer; Autumn,images/JP-GN-9818284,,,
JP-GN-8458825,Takadate Koen,Japan,JP,Akita,JP-05,Odate-shi,"Takadate Koen (Takadate Kōen) is a named parks location in Odate-shi, Akita, Japan.",Natural spots,Parks,Public park or protected area,Drivable,40.29933,140.55392,56,93,No,Spring; Summer; Autumn,images/JP-GN-8458825,,,
JP-GN-8530525,Ageno Sawa,Japan,JP,Akita,JP-05,Namariyama,"Ageno Sawa (Ageno Sawa) is a named rivers location in Namariyama, Akita, Japan.",Natural spots,Rivers,Watercourse,Drivable,40.39966,140.83899,544,94,No,Spring; Summer; Autumn,images/JP-GN-8530525,,,
JP-GN-8428684,Ainai Gawa,Japan,JP,Akita,JP-05,Yoromai,"Ainai Gawa (Ainai Gawa) is a named rivers location in Yoromai, Akita, Japan.",Natural spots,Rivers,Watercourse,Drivable,40.36344,140.73112,219,95,No,Spring; Summer; Autumn,images/JP-GN-8428684,,,
JP-GN-8530006,Aino Sawa,Japan,JP,Akita,JP-05,Mujishi,"Aino Sawa (Aino Sawa) is a named rivers location in Mujishi, Akita, Japan.",Natural spots,Rivers,Watercourse,Drivable,40.49543,140.84245,428,96,No,Spring; Summer; Autumn,images/JP-GN-8530006,,,
JP-GN-9819579,Akuya Gawa,Japan,JP,Akita,JP-05,Towada-oyu,"Akuya Gawa (Akuya Gawa) is a named rivers location in Towada-oyu, Akita, Japan.",Natural spots,Rivers,Watercourse,Drivable,40.3012,140.84163,182,97,No,Spring; Summer; Autumn,images/JP-GN-9819579,,,
JP-GN-2130663,Ani Gawa,Japan,JP,Akita,JP-05,Futatsuimachi-aso,"Ani Gawa (Ani Gawa) is a named rivers location in Futatsuimachi-aso, Akita, Japan.",Natural spots,Rivers,Watercourse,Drivable,40.20898,140.27676,19,98,No,Spring; Summer; Autumn,images/JP-GN-2130663,,,
JP-GN-8530573,Arakawa Gawa,Japan,JP,Akita,JP-05,Fujiwara,"Arakawa Gawa (Arakawa Gawa) is a named rivers location in Fujiwara, Akita, Japan.",Natural spots,Rivers,Watercourse,Drivable,40.35941,140.78691,286,99,No,Spring; Summer; Autumn,images/JP-GN-8530573,,,
JP-GN-8314125,Asahi Gawa,Japan,JP,Akita,JP-05,Kawamoto-ogawamachi,"Asahi Gawa (Asahi Gawa) is a named rivers location in Kawamoto-ogawamachi, Akita, Japan.",Natural spots,Rivers,Watercourse,Drivable,39.7047,140.10725,10,100,No,Spring; Summer; Autumn,images/JP-GN-8314125,,,
JP-GN-2113718,Ashi Kawa,Japan,JP,Akita,JP-05,Matsugasaki,"Ashi Kawa (Ashi Kawa) is a named rivers location in Matsugasaki, Akita, Japan.",Natural spots,Rivers,Watercourse,Drivable,39.46938,140.03831,2,101,No,Spring; Summer; Autumn,images/JP-GN-2113718,,,
JP-GN-8452664,Bessho Gawa,Japan,JP,Akita,JP-05,Junisho,"Bessho Gawa (Bessho Gawa) is a named rivers location in Junisho, Akita, Japan.",Natural spots,Rivers,Watercourse,Drivable,40.22009,140.67664,77,102,No,Spring; Summer; Autumn,images/JP-GN-8452664,,,
JP-GN-8530523,Demae Zawa,Japan,JP,Akita,JP-05,Shirasawa,"Demae Zawa (Demae Zawa) is a named rivers location in Shirasawa, Akita, Japan.",Natural spots,Rivers,Watercourse,Drivable,40.38112,140.83604,402,103,No,Spring; Summer; Autumn,images/JP-GN-8530523,,,
JP-GN-8454330,Dobukai Zawa Gawa,Japan,JP,Akita,JP-05,Dobukai,"Dobukai Zawa Gawa (Dobukai Zawa Gawa) is a named rivers location in Dobukai, Akita, Japan.",Natural spots,Rivers,Watercourse,Drivable,40.22517,140.71034,87,104,No,Spring; Summer; Autumn,images/JP-GN-8454330,,,
JP-GN-2130339,Fujikoto Gawa,Japan,JP,Akita,JP-05,Futatsuimachi-niageba,"Fujikoto Gawa (Fujikoto Gawa) is a named rivers location in Futatsuimachi-niageba, Akita, Japan.",Natural spots,Rivers,Watercourse,Drivable,40.21732,140.25033,16,105,No,Spring; Summer; Autumn,images/JP-GN-2130339,,,
JP-GN-8454332,Fuka Zawa,Japan,JP,Akita,JP-05,Yukisawa,"Fuka Zawa (Fuka Zawa) is a named rivers location in Yukisawa, Akita, Japan.",Natural spots,Rivers,Watercourse,Drivable,40.28492,140.67529,137,106,No,Spring; Summer; Autumn,images/JP-GN-8454332,,,
JP-GN-8314031,Furu Kawa,Japan,JP,Akita,JP-05,Izukai,"Furu Kawa (Furu Kawa) is a named rivers location in Izukai, Akita, Japan.",Natural spots,Rivers,Watercourse,Drivable,39.66354,140.11785,1,107,No,Spring; Summer; Autumn,images/JP-GN-8314031,,,
JP-GN-8428689,Furutobe Gawa,Japan,JP,Akita,JP-05,Kosaka,"Furutobe Gawa (Furutōbe Gawa) is a named rivers location in Kosaka, Akita, Japan.",Natural spots,Rivers,Watercourse,Drivable,40.378,140.72725,234,108,No,Spring; Summer; Autumn,images/JP-GN-8428689,,,
JP-GN-8530022,Ginzan Sawa,Japan,JP,Akita,JP-05,Towadako,"Ginzan Sawa (Ginzan Sawa) is a named rivers location in Towadako, Akita, Japan.",Natural spots,Rivers,Watercourse,Drivable,40.47144,140.83225,403,109,No,Spring; Summer; Autumn,images/JP-GN-8530022,,,
JP-GN-9818360,Gotanzawa Gawa,Japan,JP,Akita,JP-05,Gotanzawa,"Gotanzawa Gawa (Gotanzawa Gawa) is a named rivers location in Gotanzawa, Akita, Japan.",Natural spots,Rivers,Watercourse,Drivable,40.05334,140.30341,54,110,No,Spring; Summer; Autumn,images/JP-GN-9818360,,,
JP-GN-8456245,Hachimen Zawa,Japan,JP,Akita,JP-05,Hinaimachi-nakano,"Hachimen Zawa (Hachimen Zawa) is a named rivers location in Hinaimachi-nakano, Akita, Japan.",Natural spots,Rivers,Watercourse,Drivable,40.16347,140.59148,166,111,No,Spring; Summer; Autumn,images/JP-GN-8456245,,,
JP-GN-8430016,Hanaoka Gawa,Japan,JP,Akita,JP-05,Hanaokamachi,"Hanaoka Gawa (Hanaoka Gawa) is a named rivers location in Hanaokamachi, Akita, Japan.",Natural spots,Rivers,Watercourse,Drivable,40.32322,140.55807,72,112,No,Spring; Summer; Autumn,images/JP-GN-8430016,,,
JP-GN-9817805,Hanawa Gawa,Japan,JP,Akita,JP-05,Minehama-koyano,"Hanawa Gawa (Hanawa Gawa) is a named rivers location in Minehama-koyano, Akita, Japan.",Natural spots,Rivers,Watercourse,Drivable,40.29624,140.02156,-9999,113,No,Spring; Summer; Autumn,images/JP-GN-9817805,,,
JP-GN-8321950,Hatta Gawa,Japan,JP,Akita,JP-05,Hatta,"Hatta Gawa (Hatta Gawa) is a named rivers location in Hatta, Akita, Japan.",Natural spots,Rivers,Watercourse,Drivable,39.73746,140.17271,13,114,No,Spring; Summer; Autumn,images/JP-GN-8321950,,,
JP-GN-2130124,Hayaguchi Gawa,Japan,JP,Akita,JP-05,Sotokawara,"Hayaguchi Gawa (Hayaguchi Gawa) is a named rivers location in Sotokawara, Akita, Japan.",Natural spots,Rivers,Watercourse,Drivable,40.2664,140.43981,33,115,No,Spring; Summer; Autumn,images/JP-GN-2130124,,,
JP-GN-1864761,Benten Misaki,Japan,JP,Akita,JP-05,Oga Shi,"Benten Misaki (Benten Misaki) is a named seas and coastal areas location in Oga Shi, Akita, Japan.",Beach spots,Seas and coastal areas,Coastal feature,Drivable,39.9579,139.70803,39,116,No,Spring; Summer; Autumn,images/JP-GN-1864761,,,
JP-GN-1863004,Hatto Saki,Japan,JP,Akita,JP-05,Oga Shi,"Hatto Saki (Hatto Saki) is a named seas and coastal areas location in Oga Shi, Akita, Japan.",Beach spots,Seas and coastal areas,Coastal feature,Drivable,39.96781,139.78144,17,117,No,Spring; Summer; Autumn,images/JP-GN-1863004,,,
JP-GN-1862500,Hirasawa-wan,Japan,JP,Akita,JP-05,Hirasawa,"Hirasawa-wan (Hirasawa-wan) is a named seas and coastal areas location in Hirasawa, Akita, Japan.",Beach spots,Seas and coastal areas,Coastal feature,Drivable,39.29689,139.95333,-9999,118,No,Spring; Summer; Autumn,images/JP-GN-1862500,,,
JP-GN-1858915,Koma-saki,Japan,JP,Akita,JP-05,Nikaho-shi,"Koma-saki (Koma-saki) is a named seas and coastal areas location in Nikaho-shi, Akita, Japan.",Beach spots,Seas and coastal areas,Coastal feature,Drivable,39.21667,139.9,4,119,No,Spring; Summer; Autumn,images/JP-GN-1858915,,,
JP-GN-8530046,Saruhana Misaki,Japan,JP,Akita,JP-05,Kazuno-gun,"Saruhana Misaki (Saruhana Misaki) is a named seas and coastal areas location in Kazuno-gun, Akita, Japan.",Beach spots,Seas and coastal areas,Coastal feature,Drivable,40.432,140.85172,428,120,No,Spring; Summer; Autumn,images/JP-GN-8530046,,,
JP-GN-1852907,Sasaoka-saki,Japan,JP,Akita,JP-05,Nikaho-shi,"Sasaoka-saki (Sasaoka-saki) is a named seas and coastal areas location in Nikaho-shi, Akita, Japan.",Beach spots,Seas and coastal areas,Coastal feature,Drivable,39.26667,139.91667,5,121,No,Spring; Summer; Autumn,images/JP-GN-1852907,,,
JP-GN-1852689,Serida Saki,Japan,JP,Akita,JP-05,Nikaho-shi,"Serida Saki (Serida Saki) is a named seas and coastal areas location in Nikaho-shi, Akita, Japan.",Beach spots,Seas and coastal areas,Coastal feature,Drivable,39.28794,139.92884,2,122,No,Spring; Summer; Autumn,images/JP-GN-1852689,,,
JP-GN-1852017,Shiose Zaki,Japan,JP,Akita,JP-05,Oga Shi,"Shiose Zaki (Shiose Zaki) is a named seas and coastal areas location in Oga Shi, Akita, Japan.",Beach spots,Seas and coastal areas,Coastal feature,Drivable,39.86055,139.75635,55,123,No,Spring; Summer; Autumn,images/JP-GN-1852017,,,
JP-GN-1850518,Tateyama Zaki,Japan,JP,Akita,JP-05,Oga Shi,"Tateyama Zaki (Tateyama Zaki) is a named seas and coastal areas location in Oga Shi, Akita, Japan.",Beach spots,Seas and coastal areas,Coastal feature,Drivable,39.86043,139.77311,21,124,No,Spring; Summer; Autumn,images/JP-GN-1850518,,,
JP-GN-8529875,Terakono Misaki,Japan,JP,Akita,JP-05,Kazuno-gun,"Terakono Misaki (Terakono Misaki) is a named seas and coastal areas location in Kazuno-gun, Akita, Japan.",Beach spots,Seas and coastal areas,Coastal feature,Drivable,40.46634,140.83609,416,125,No,Spring; Summer; Autumn,images/JP-GN-8529875,,,
JP-GN-1850280,Toga Wan,Japan,JP,Akita,JP-05,Toga,"Toga Wan (Toga Wan) is a named seas and coastal areas location in Toga, Akita, Japan.",Beach spots,Seas and coastal areas,Coastal feature,Drivable,39.95268,139.71541,-9999,126,No,Spring; Summer; Autumn,images/JP-GN-1850280,,,
JP-GN-8530243,Gozenga Hama,Japan,JP,Aomori,JP-02,Towada Shi,"Gozenga Hama (Gozenga Hama) is a named beaches location in Towada Shi, Aomori, Japan.",Beach spots,Beaches,Coastal recreation area,Drivable,40.43038,140.89175,406,127,No,Summer,images/JP-GN-8530243,,,
JP-GN-8462793,Kayobe,Japan,JP,Aomori,JP-02,Kitatsugaru Gun,"Kayobe (Kayobe) is a named beaches location in Kitatsugaru Gun, Aomori, Japan.",Beach spots,Beaches,Coastal recreation area,Drivable,41.19675,140.33253,2,128,No,Summer,images/JP-GN-8462793,,,
JP-GN-8464098,Naga Hama,Japan,JP,Aomori,JP-02,Shimokita-gun,"Naga Hama (Naga Hama) is a named beaches location in Shimokita-gun, Aomori, Japan.",Beach spots,Beaches,Coastal recreation area,Drivable,41.3593,140.8238,32,129,No,Summer,images/JP-GN-8464098,,,
JP-GN-2128191,Shichirinaga Hama,Japan,JP,Aomori,JP-02,Tsugaru Shi,"Shichirinaga Hama (Shichirinaga Hama) is a named beaches location in Tsugaru Shi, Aomori, Japan.",Beach spots,Beaches,Coastal recreation area,Drivable,40.91596,140.30236,10,130,No,Summer,images/JP-GN-2128191,,,
JP-GN-8529559,Gangara Ana,Japan,JP,Aomori,JP-02,Moriyama,"Gangara Ana (Gangara Ana) is a named caves location in Moriyama, Aomori, Japan.",Natural spots,Caves,Natural cave,Drivable,40.55677,139.92944,-9999,131,No,Spring; Summer; Autumn,images/JP-GN-8529559,,,
JP-GN-8412021,Amigasa Mori,Japan,JP,Aomori,JP-02,Sakamoto,"Amigasa Mori (Amigasa Mori) is a named forests location in Sakamoto, Aomori, Japan.",Natural spots,Forests,Forest area,Drivable,40.53533,140.44248,274,132,No,Spring; Summer; Autumn,images/JP-GN-8412021,,,
JP-GN-8506879,Chobosan Shizen Kyuyo Rin,Japan,JP,Aomori,JP-02,Hokudai,"Chobosan Shizen Kyuyo Rin (Chōbōsan Shizen Kyūyō Rin) is a named forests location in Hokudai, Aomori, Japan.",Natural spots,Forests,Forest area,Drivable,40.80204,140.57422,443,133,No,Spring; Summer; Autumn,images/JP-GN-8506879,,,
JP-GN-8429859,Eboshi Mori,Japan,JP,Aomori,JP-02,Imogataira,"Eboshi Mori (Eboshi Mori) is a named forests location in Imogataira, Aomori, Japan.",Natural spots,Forests,Forest area,Drivable,40.43395,140.65541,446,134,No,Spring; Summer; Autumn,images/JP-GN-8429859,,,
JP-GN-8412019,Kodomo no Mori,Japan,JP,Aomori,JP-02,Sakamoto,"Kodomo no Mori (Kodomo no Mori) is a named forests location in Sakamoto, Aomori, Japan.",Natural spots,Forests,Forest area,Drivable,40.53395,140.4253,432,135,No,Spring; Summer; Autumn,images/JP-GN-8412019,,,
JP-GN-8428861,Kotaka Mori,Japan,JP,Aomori,JP-02,Owani,"Kotaka Mori (Kotaka Mori) is a named forests location in Owani, Aomori, Japan.",Natural spots,Forests,Forest area,Drivable,40.51533,140.57135,166,136,No,Spring; Summer; Autumn,images/JP-GN-8428861,,,
JP-GN-8395309,Kujira Mori,Japan,JP,Aomori,JP-02,Hirahata,"Kujira Mori (Kujira Mori) is a named forests location in Hirahata, Aomori, Japan.",Natural spots,Forests,Forest area,Drivable,40.7168,141.34963,40,137,No,Spring; Summer; Autumn,images/JP-GN-8395309,,,
JP-GN-8527388,Matamatsu,Japan,JP,Aomori,JP-02,Odateno,"Matamatsu (Matamatsu) is a named forests location in Odateno, Aomori, Japan.",Natural spots,Forests,Forest area,Drivable,40.98447,140.62593,44,138,No,Spring; Summer; Autumn,images/JP-GN-8527388,,,
JP-GN-8428846,Otaka Mori,Japan,JP,Aomori,JP-02,Hachimancho,"Otaka Mori (Ōtaka Mori) is a named forests location in Hachimancho, Aomori, Japan.",Natural spots,Forests,Forest area,Drivable,40.51018,140.58689,328,139,No,Spring; Summer; Autumn,images/JP-GN-8428846,,,
JP-GN-8412425,Sankei Mori,Japan,JP,Aomori,JP-02,Yoshikawa,"Sankei Mori (Sankei Mori) is a named forests location in Yoshikawa, Aomori, Japan.",Natural spots,Forests,Forest area,Drivable,40.57364,140.34375,207,140,No,Spring; Summer; Autumn,images/JP-GN-8412425,,,
JP-GN-8412430,Sugisawa Mori,Japan,JP,Aomori,JP-02,Yotsuya,"Sugisawa Mori (Sugisawa Mori) is a named forests location in Yotsuya, Aomori, Japan.",Natural spots,Forests,Forest area,Drivable,40.63913,140.3823,151,141,No,Spring; Summer; Autumn,images/JP-GN-8412430,,,
JP-GN-8526606,Tazawa Mori,Japan,JP,Aomori,JP-02,Tsukushiyama,"Tazawa Mori (Tazawa Mori) is a named forests location in Tsukushiyama, Aomori, Japan.",Natural spots,Forests,Forest area,Drivable,40.84863,140.63309,160,142,No,Spring; Summer; Autumn,images/JP-GN-8526606,,,
JP-GN-8395303,Tengu Mori,Japan,JP,Aomori,JP-02,Hirahata,"Tengu Mori (Tengu Mori) is a named forests location in Hirahata, Aomori, Japan.",Natural spots,Forests,Forest area,Drivable,40.70748,141.33844,37,143,No,Spring; Summer; Autumn,images/JP-GN-8395303,,,
JP-GN-2127667,Toriya Mori,Japan,JP,Aomori,JP-02,Tsurugasaka,"Toriya Mori (Toriya Mori) is a named forests location in Tsurugasaka, Aomori, Japan.",Natural spots,Forests,Forest area,Drivable,40.775,140.64679,178,144,No,Spring; Summer; Autumn,images/JP-GN-2127667,,,
JP-GN-8563457,Aoba Ko,Japan,JP,Aomori,JP-02,Yomasari,"Aoba Ko (Aoba Ko) is a named lakes location in Yomasari, Aomori, Japan.",Natural spots,Lakes,Inland water body,Drivable,40.38371,141.47445,77,145,No,Spring; Summer; Autumn,images/JP-GN-8563457,,,
JP-GN-8508182,Hanano Ko,Japan,JP,Aomori,JP-02,Aonisawa,"Hanano Ko (Hanano Ko) is a named lakes location in Aonisawa, Aomori, Japan.",Natural spots,Lakes,Inland water body,Drivable,40.59046,140.73123,360,146,No,Spring; Summer; Autumn,images/JP-GN-8508182,,,
JP-GN-8530240,Higashino Umi,Japan,JP,Aomori,JP-02,Okuse,"Higashino Umi (Higashino Umi) is a named lakes location in Okuse, Aomori, Japan.",Natural spots,Lakes,Inland water body,Drivable,40.45798,140.93071,403,147,No,Spring; Summer; Autumn,images/JP-GN-8530240,,,
JP-GN-8529606,Juni Ko,Japan,JP,Aomori,JP-02,Matsukami,"Juni Ko (Jūni Ko) is a named lakes location in Matsukami, Aomori, Japan.",Natural spots,Lakes,Inland water body,Drivable,40.55876,139.97827,276,148,No,Spring; Summer; Autumn,images/JP-GN-8529606,,,
JP-GN-2129823,Jusan Ko,Japan,JP,Aomori,JP-02,Kinkogaku,"Jusan Ko (Jūsan Ko) is a named lakes location in Kinkogaku, Aomori, Japan.",Natural spots,Lakes,Inland water body,Drivable,41.02657,140.34519,1,149,No,Spring; Summer; Autumn,images/JP-GN-2129823,,,
JP-GN-8470448,Mae Gata,Japan,JP,Aomori,JP-02,Fukatsu,"Mae Gata (Mae Gata) is a named lakes location in Fukatsu, Aomori, Japan.",Natural spots,Lakes,Inland water body,Drivable,41.02926,140.32471,0,150,No,Spring; Summer; Autumn,images/JP-GN-8470448,,,
JP-GN-8530239,Nakano Umi,Japan,JP,Aomori,JP-02,Yasumiya,"Nakano Umi (Nakano Umi) is a named lakes location in Yasumiya, Aomori, Japan.",Natural spots,Lakes,Inland water body,Drivable,40.44468,140.90107,403,151,No,Spring; Summer; Autumn,images/JP-GN-8530239,,,
JP-GN-8508326,Nijino Ko,Japan,JP,Aomori,JP-02,Nishonai,"Nijino Ko (Nijino Ko) is a named lakes location in Nishonai, Aomori, Japan.",Natural spots,Lakes,Inland water body,Drivable,40.57671,140.68424,180,152,No,Spring; Summer; Autumn,images/JP-GN-8508326,,,
JP-GN-8526320,Nogiwa Ko,Japan,JP,Aomori,JP-02,Nogiwa,"Nogiwa Ko (Nogiwa Ko) is a named lakes location in Nogiwa, Aomori, Japan.",Natural spots,Lakes,Inland water body,Drivable,40.85001,140.67528,13,153,No,Spring; Summer; Autumn,images/JP-GN-8526320,,,
JP-GN-2128769,Ogawara Ko,Japan,JP,Aomori,JP-02,Yamanaka,"Ogawara Ko (Ogawara Ko) is a named lakes location in Yamanaka, Aomori, Japan.",Natural spots,Lakes,Inland water body,Drivable,40.78333,141.33333,0,154,No,Spring; Summer; Autumn,images/JP-GN-2128769,,,
JP-GN-8519852,Shimoyu-heisei Ko,Japan,JP,Aomori,JP-02,Obatazawa,"Shimoyu-heisei Ko (Shimoyu-heisei Ko) is a named lakes location in Obatazawa, Aomori, Japan.",Natural spots,Lakes,Inland water body,Drivable,40.68733,140.7812,262,155,No,Spring; Summer; Autumn,images/JP-GN-8519852,,,
JP-GN-8470474,Ushiro Kata,Japan,JP,Aomori,JP-02,Tsukodo,"Ushiro Kata (Ushiro Kata) is a named lakes location in Tsukodo, Aomori, Japan.",Natural spots,Lakes,Inland water body,Drivable,41.01995,140.32535,1,156,No,Spring; Summer; Autumn,images/JP-GN-8470474,,,
JP-GN-8411759,Hirosaki Jo Ato,Japan,JP,Aomori,JP-02,Hirosaki Shi,"Hirosaki Jo Ato (Hirosaki Jō Ato) is a named monuments location in Hirosaki Shi, Aomori, Japan.",Historical spots,Monuments,Public historic site or monument,Drivable,40.60681,140.46435,47,157,No,Year-round,images/JP-GN-8411759,,,
JP-GN-8411388,Horikoshi Jo Ato,Japan,JP,Aomori,JP-02,Hirosaki Shi,"Horikoshi Jo Ato (Horikoshi Jō Ato) is a named monuments location in Hirosaki Shi, Aomori, Japan.",Historical spots,Monuments,Public historic site or monument,Drivable,40.57265,140.5212,41,158,No,Year-round,images/JP-GN-8411388,,,
JP-GN-8411824,Kyuhirosaki Kaikosha,Japan,JP,Aomori,JP-02,Hirosaki Shi,"Kyuhirosaki Kaikosha (Kyūhirosaki Kaikōsha) is a named monuments location in Hirosaki Shi, Aomori, Japan.",Historical spots,Monuments,Public historic site or monument,Drivable,40.59092,140.47713,51,159,No,Year-round,images/JP-GN-8411824,,,
JP-GN-8311674,Nejo Ato,Japan,JP,Aomori,JP-02,Hachinohe Shi,"Nejo Ato (Nejō Ato) is a named monuments location in Hachinohe Shi, Aomori, Japan.",Historical spots,Monuments,Public historic site or monument,Drivable,40.50603,141.46056,26,160,No,Year-round,images/JP-GN-8311674,,,
JP-GN-8412159,Oura Jo Ato,Japan,JP,Aomori,JP-02,Hirosaki Shi,"Oura Jo Ato (Ōura Jō Ato) is a named monuments location in Hirosaki Shi, Aomori, Japan.",Historical spots,Monuments,Public historic site or monument,Drivable,40.61761,140.4135,44,161,No,Year-round,images/JP-GN-8412159,,,
JP-GN-8519845,Setchu Kogun Sonansha Dozo,Japan,JP,Aomori,JP-02,Aomori Shi,"Setchu Kogun Sonansha Dozo (Setchū Kōgun Sōnansha Dōzō) is a named monuments location in Aomori Shi, Aomori, Japan.",Historical spots,Monuments,Public historic site or monument,Drivable,40.7069,140.87317,727,162,No,Year-round,images/JP-GN-8519845,,,
JP-GN-8512489,Tsugaru Chushinno Hi,Japan,JP,Aomori,JP-02,Hirakawa Shi,"Tsugaru Chushinno Hi (Tsugaru Chūshinno Hi) is a named monuments location in Hirakawa Shi, Aomori, Japan.",Historical spots,Monuments,Public historic site or monument,Drivable,40.56346,140.56226,44,163,No,Year-round,images/JP-GN-8512489,,,
JP-GN-8428865,Ajara Yama,Japan,JP,Aomori,JP-02,Minamitsugaru Gun,"Ajara Yama (Ajara Yama) is a named mountains location in Minamitsugaru Gun, Aomori, Japan.",Adventure spots|Natural spots,Mountains,Natural landform,Drivable,40.49065,140.57858,565,164,No,Late spring; Summer; Autumn,images/JP-GN-8428865,,,
JP-GN-8553986,Akahira,Japan,JP,Aomori,JP-02,Sannohe Gun,"Akahira (Akahira) is a named mountains location in Sannohe Gun, Aomori, Japan.",Adventure spots|Natural spots,Mountains,Natural landform,Drivable,40.3075,141.05578,586,165,No,Late spring; Summer; Autumn,images/JP-GN-8553986,,,
JP-GN-13414665,Akakura Dake,Japan,JP,Aomori,JP-02,Towada Shi,"Akakura Dake (Akakura Dake) is a named mountains location in Towada Shi, Aomori, Japan.",Adventure spots|Natural spots,Mountains,Natural landform,Drivable,40.60004,140.90788,1150,166,No,Late spring; Summer; Autumn,images/JP-GN-13414665,,,
JP-GN-2130689,Akakura Dake,Japan,JP,Aomori,JP-02,Higashitsugaru-gun,"Akakura Dake (Akakura Dake) is a named mountains location in Higashitsugaru-gun, Aomori, Japan.",Adventure spots|Natural spots,Mountains,Natural landform,Drivable,40.97974,140.55566,543,167,No,Late spring; Summer; Autumn,images/JP-GN-2130689,,,
JP-GN-8519959,Akakura Dake,Japan,JP,Aomori,JP-02,Aomori Shi,"Akakura Dake (Akakura Dake) is a named mountains location in Aomori Shi, Aomori, Japan.",Adventure spots|Natural spots,Mountains,Natural landform,Drivable,40.66814,140.88265,1528,168,No,Late spring; Summer; Autumn,images/JP-GN-8519959,,,
JP-GN-2131598,Aki-yama,Japan,JP,Aomori,JP-02,Mutsu Shi,"Aki-yama (Aki-yama) is a named mountains location in Mutsu Shi, Aomori, Japan.",Adventure spots|Natural spots,Mountains,Natural landform,Drivable,41.23333,140.91667,248,169,No,Late spring; Summer; Autumn,images/JP-GN-2131598,,,
JP-GN-8428700,Ameike Mori,Japan,JP,Aomori,JP-02,Hirakawa Shi,"Ameike Mori (Ameike Mori) is a named mountains location in Hirakawa Shi, Aomori, Japan.",Adventure spots|Natural spots,Mountains,Natural landform,Drivable,40.45009,140.68752,483,170,No,Late spring; Summer; Autumn,images/JP-GN-8428700,,,
JP-GN-8430127,Anakura Yama,Japan,JP,Aomori,JP-02,Minamitsugaru Gun,"Anakura Yama (Anakura Yama) is a named mountains location in Minamitsugaru Gun, Aomori, Japan.",Adventure spots|Natural spots,Mountains,Natural landform,Drivable,40.42857,140.52992,578,171,No,Late spring; Summer; Autumn,images/JP-GN-8430127,,,
JP-GN-8464123,Anama Yama,Japan,JP,Aomori,JP-02,Shimokita-gun,"Anama Yama (Anama Yama) is a named mountains location in Shimokita-gun, Aomori, Japan.",Adventure spots|Natural spots,Mountains,Natural landform,Drivable,41.38176,140.83985,319,172,No,Late spring; Summer; Autumn,images/JP-GN-8464123,,,
JP-GN-2130667,Ando-yama,Japan,JP,Aomori,JP-02,Shimokita-gun,"Ando-yama (Ando-yama) is a named mountains location in Shimokita-gun, Aomori, Japan.",Adventure spots|Natural spots,Mountains,Natural landform,Drivable,41.23333,140.81667,512,173,No,Late spring; Summer; Autumn,images/JP-GN-2130667,,,
JP-GN-9820088,Aoshika Dake,Japan,JP,Aomori,JP-02,Nakatsugaru Gun,"Aoshika Dake (Aoshika Dake) is a named mountains location in Nakatsugaru Gun, Aomori, Japan.",Adventure spots|Natural spots,Mountains,Natural landform,Drivable,40.45143,140.18412,985,174,No,Late spring; Summer; Autumn,images/JP-GN-9820088,,,
JP-GN-9819663,Aoshika Yama,Japan,JP,Aomori,JP-02,Nishitsugaru-gun,"Aoshika Yama (Aoshika Yama) is a named mountains location in Nishitsugaru-gun, Aomori, Japan.",Adventure spots|Natural spots,Mountains,Natural landform,Drivable,40.65458,140.09895,876,175,No,Late spring; Summer; Autumn,images/JP-GN-9819663,,,
JP-GN-2130645,Arasawa Yama,Japan,JP,Aomori,JP-02,Shimokita-gun,"Arasawa Yama (Arasawa Yama) is a named mountains location in Shimokita-gun, Aomori, Japan.",Adventure spots|Natural spots,Mountains,Natural landform,Drivable,41.37367,140.91135,649,176,No,Late spring; Summer; Autumn,images/JP-GN-2130645,,,
JP-GN-2130626,Asahina Dake,Japan,JP,Aomori,JP-02,Sannohe Gun,"Asahina Dake (Asahina Dake) is a named mountains location in Sannohe Gun, Aomori, Japan.",Adventure spots|Natural spots,Mountains,Natural landform,Drivable,40.32462,141.04806,708,177,No,Late spring; Summer; Autumn,images/JP-GN-2130626,,,
JP-GN-2130625,Asahina-dake,Japan,JP,Aomori,JP-02,Mutsu Shi,"Asahina-dake (Asahina-dake) is a named mountains location in Mutsu Shi, Aomori, Japan.",Adventure spots|Natural spots,Mountains,Natural landform,Drivable,41.31667,141.03333,720,178,No,Late spring; Summer; Autumn,images/JP-GN-2130625,,,
JP-GN-8514924,Asoga Dake,Japan,JP,Aomori,JP-02,Minamitsugaru Gun,"Asoga Dake (Asoga Dake) is a named mountains location in Minamitsugaru Gun, Aomori, Japan.",Adventure spots|Natural spots,Mountains,Natural landform,Drivable,40.53577,140.63059,474,179,No,Late spring; Summer; Autumn,images/JP-GN-8514924,,,
JP-GN-8526562,Asuka Yama,Japan,JP,Aomori,JP-02,Aomori Shi,"Asuka Yama (Asuka Yama) is a named mountains location in Aomori Shi, Aomori, Japan.",Adventure spots|Natural spots,Mountains,Natural landform,Drivable,40.87306,140.65179,103,180,No,Late spring; Summer; Autumn,images/JP-GN-8526562,,,
JP-GN-2130581,Azuma Dake,Japan,JP,Aomori,JP-02,Aomori Shi,"Azuma Dake (Azuma Dake) is a named mountains location in Aomori Shi, Aomori, Japan.",Adventure spots|Natural spots,Mountains,Natural landform,Drivable,40.83697,140.89149,676,181,No,Late spring; Summer; Autumn,images/JP-GN-2130581,,,
JP-GN-8412744,Bondai Mori,Japan,JP,Aomori,JP-02,Nakatsugaru Gun,"Bondai Mori (Bondai Mori) is a named mountains location in Nakatsugaru Gun, Aomori, Japan.",Adventure spots|Natural spots,Mountains,Natural landform,Drivable,40.4995,140.32026,796,182,No,Late spring; Summer; Autumn,images/JP-GN-8412744,,,
JP-GN-8506882,Bonju San,Japan,JP,Aomori,JP-02,Goshogawara Shi,"Bonju San (Bonju San) is a named mountains location in Goshogawara Shi, Aomori, Japan.",Adventure spots|Natural spots,Mountains,Natural landform,Drivable,40.79969,140.57514,468,183,No,Late spring; Summer; Autumn,images/JP-GN-8506882,,,
JP-GN-8428847,Chausuyama Koen,Japan,JP,Aomori,JP-02,Minamitsugaru Gun,"Chausuyama Koen (Chausuyama Kōen) is a named parks location in Minamitsugaru Gun, Aomori, Japan.",Natural spots,Parks,Public park or protected area,Drivable,40.51626,140.57321,155,184,No,Spring; Summer; Autumn,images/JP-GN-8428847,,,
JP-GN-8512187,Daibutsu Koen,Japan,JP,Aomori,JP-02,Hirosaki Shi,"Daibutsu Koen (Daibutsu Kōen) is a named parks location in Hirosaki Shi, Aomori, Japan.",Natural spots,Parks,Public park or protected area,Drivable,40.54837,140.54435,74,185,No,Spring; Summer; Autumn,images/JP-GN-8512187,,,
JP-GN-8475157,Ezogatate Tameike,Japan,JP,Aomori,JP-02,Moritacho-tokomai,"Ezogatate Tameike (Ezogatate Tameike) is a named parks location in Moritacho-tokomai, Aomori, Japan.",Natural spots,Parks,Public park or protected area,Drivable,40.77821,140.32282,7,186,No,Spring; Summer; Autumn,images/JP-GN-8475157,,,
JP-GN-8441460,Fujieda Tameike,Japan,JP,Aomori,JP-02,Yunokawa,"Fujieda Tameike (Fujieda Tameike) is a named parks location in Yunokawa, Aomori, Japan.",Natural spots,Parks,Public park or protected area,Drivable,40.91683,140.45422,6,187,No,Spring; Summer; Autumn,images/JP-GN-8441460,,,
JP-GN-8394517,Furusato Hamanasu Koen,Japan,JP,Aomori,JP-02,Misawa Shi,"Furusato Hamanasu Koen (Furusato Hamanasu Kōen) is a named parks location in Misawa Shi, Aomori, Japan.",Natural spots,Parks,Public park or protected area,Drivable,40.78073,141.39742,12,188,No,Spring; Summer; Autumn,images/JP-GN-8394517,,,
JP-GN-8384583,Gappo Koen,Japan,JP,Aomori,JP-02,Aomori Shi,"Gappo Koen (Gappo Kōen) is a named parks location in Aomori Shi, Aomori, Japan.",Natural spots,Parks,Public park or protected area,Drivable,40.83042,140.77913,6,189,No,Spring; Summer; Autumn,images/JP-GN-8384583,,,
JP-GN-8516300,Gobobatake Tsutsumi,Japan,JP,Aomori,JP-02,Suwanosawa,"Gobobatake Tsutsumi (Gobōbatake Tsutsumi) is a named parks location in Suwanosawa, Aomori, Japan.",Natural spots,Parks,Public park or protected area,Drivable,40.81488,140.82674,34,190,No,Spring; Summer; Autumn,images/JP-GN-8516300,,,
JP-GN-8519877,Goshizawa Kinen Koen,Japan,JP,Aomori,JP-02,Aomori Shi,"Goshizawa Kinen Koen (Gōshizawa Kinen Kōen) is a named parks location in Aomori Shi, Aomori, Japan.",Natural spots,Parks,Public park or protected area,Drivable,40.71706,140.78033,316,191,No,Spring; Summer; Autumn,images/JP-GN-8519877,,,
JP-GN-8506962,Harako Tameike,Japan,JP,Aomori,JP-02,Harako,"Harako Tameike (Harako Tameike) is a named parks location in Harako, Aomori, Japan.",Natural spots,Parks,Public park or protected area,Drivable,40.77228,140.52871,43,192,No,Spring; Summer; Autumn,images/JP-GN-8506962,,,
JP-GN-8312227,Hibarino Koen,Japan,JP,Aomori,JP-02,Sannohe Gun,"Hibarino Koen (Hibarino Kōen) is a named parks location in Sannohe Gun, Aomori, Japan.",Natural spots,Parks,Public park or protected area,Drivable,40.51092,141.32892,120,193,No,Spring; Summer; Autumn,images/JP-GN-8312227,,,
JP-GN-8411758,Hirosaki Koen,Japan,JP,Aomori,JP-02,Hirosaki Shi,"Hirosaki Koen (Hirosaki Kōen) is a named parks location in Hirosaki Shi, Aomori, Japan.",Natural spots,Parks,Public park or protected area,Drivable,40.60781,140.4651,47,194,No,Spring; Summer; Autumn,images/JP-GN-8411758,,,
JP-GN-8442857,Horikiri Tameike,Japan,JP,Aomori,JP-02,Kizukuri-maruyama,"Horikiri Tameike (Horikiri Tameike) is a named parks location in Kizukuri-maruyama, Aomori, Japan.",Natural spots,Parks,Public park or protected area,Drivable,40.85218,140.30724,16,195,No,Spring; Summer; Autumn,images/JP-GN-8442857,,,
JP-GN-8311834,Icho Koen,Japan,JP,Aomori,JP-02,Kamikita-gun,"Icho Koen (Ichō Kōen) is a named parks location in Kamikita-gun, Aomori, Japan.",Natural spots,Parks,Public park or protected area,Drivable,40.60949,141.43612,9,196,No,Spring; Summer; Autumn,images/JP-GN-8311834,,,
JP-GN-8526323,Itano Tsutsumi,Japan,JP,Aomori,JP-02,Nogiwa,"Itano Tsutsumi (Itano Tsutsumi) is a named parks location in Nogiwa, Aomori, Japan.",Natural spots,Parks,Public park or protected area,Drivable,40.85209,140.6643,20,197,No,Spring; Summer; Autumn,images/JP-GN-8526323,,,
JP-GN-8395242,Itsukawame Tsutsumi,Japan,JP,Aomori,JP-02,Higashiokamisawa,"Itsukawame Tsutsumi (Itsukawame Tsutsumi) is a named parks location in Higashiokamisawa, Aomori, Japan.",Natural spots,Parks,Public park or protected area,Drivable,40.71326,141.39146,17,198,No,Spring; Summer; Autumn,images/JP-GN-8395242,,,
JP-GN-8412610,Iwaki San Sogo Koen,Japan,JP,Aomori,JP-02,Hirosaki Shi,"Iwaki San Sogo Koen (Iwaki San Sōgō Kōen) is a named parks location in Hirosaki Shi, Aomori, Japan.",Natural spots,Parks,Public park or protected area,Drivable,40.61519,140.30345,306,199,No,Spring; Summer; Autumn,images/JP-GN-8412610,,,
JP-GN-8475322,Kagenosawa Tameike,Japan,JP,Aomori,JP-02,Kizukuri-koshimizu,"Kagenosawa Tameike (Kagenosawa Tameike) is a named parks location in Kizukuri-koshimizu, Aomori, Japan.",Natural spots,Parks,Public park or protected area,Drivable,40.80846,140.29796,12,200,No,Spring; Summer; Autumn,images/JP-GN-8475322,,,
JP-GN-8506930,Kaido Tameike,Japan,JP,Aomori,JP-02,Toyonari,"Kaido Tameike (Kaidō Tameike) is a named parks location in Toyonari, Aomori, Japan.",Natural spots,Parks,Public park or protected area,Drivable,40.77891,140.51845,23,201,No,Spring; Summer; Autumn,images/JP-GN-8506930,,,
JP-GN-8441188,KamitakaneTameike,Japan,JP,Aomori,JP-02,Kamitakane,"KamitakaneTameike (KamitakaneTameike) is a named parks location in Kamitakane, Aomori, Japan.",Natural spots,Parks,Public park or protected area,Drivable,40.9924,140.42998,13,202,No,Spring; Summer; Autumn,images/JP-GN-8441188,,,
JP-GN-8507821,Kaneyama Otameike,Japan,JP,Aomori,JP-02,Chiyozuru,"Kaneyama Otameike (Kaneyama Ōtameike) is a named parks location in Chiyozuru, Aomori, Japan.",Natural spots,Parks,Public park or protected area,Drivable,40.81408,140.50017,30,203,No,Spring; Summer; Autumn,images/JP-GN-8507821,,,
JP-GN-8476351,Kikugaoka Undo Koen,Japan,JP,Aomori,JP-02,Goshogawara Shi,"Kikugaoka Undo Koen (Kikugaoka Undō Kōen) is a named parks location in Goshogawara Shi, Aomori, Japan.",Natural spots,Parks,Public park or protected area,Drivable,40.79737,140.44082,13,204,No,Spring; Summer; Autumn,images/JP-GN-8476351,,,
JP-GN-8529581,Aiba Gawa,Japan,JP,Aomori,JP-02,Matsukami,"Aiba Gawa (Aiba Gawa) is a named rivers location in Matsukami, Aomori, Japan.",Natural spots,Rivers,Watercourse,Drivable,40.53761,139.94511,8,205,No,Spring; Summer; Autumn,images/JP-GN-8529581,,,
JP-GN-8470482,Ainomata Zawa,Japan,JP,Aomori,JP-02,Tobiishi,"Ainomata Zawa (Ainomata Zawa) is a named rivers location in Tobiishi, Aomori, Japan.",Natural spots,Rivers,Watercourse,Drivable,41.01522,140.4438,22,206,No,Spring; Summer; Autumn,images/JP-GN-8470482,,,
JP-GN-8527265,Ainomata Zawa,Japan,JP,Aomori,JP-02,Daidogaoka,"Ainomata Zawa (Ainomata Zawa) is a named rivers location in Daidogaoka, Aomori, Japan.",Natural spots,Rivers,Watercourse,Drivable,40.91454,140.51559,63,207,No,Spring; Summer; Autumn,images/JP-GN-8527265,,,
JP-GN-8429891,Ainori Sawa,Japan,JP,Aomori,JP-02,Ninowatari,"Ainori Sawa (Ainori Sawa) is a named rivers location in Ninowatari, Aomori, Japan.",Natural spots,Rivers,Watercourse,Drivable,40.4332,140.63428,196,208,No,Spring; Summer; Autumn,images/JP-GN-8429891,,,
JP-GN-8470209,Aiuchi Gawa,Japan,JP,Aomori,JP-02,Yoshino,"Aiuchi Gawa (Aiuchi Gawa) is a named rivers location in Yoshino, Aomori, Japan.",Natural spots,Rivers,Watercourse,Drivable,41.04265,140.34369,1,209,No,Spring; Summer; Autumn,images/JP-GN-8470209,,,
JP-GN-8428880,Aizawa Gawa,Japan,JP,Aomori,JP-02,Sanjindo,"Aizawa Gawa (Aizawa Gawa) is a named rivers location in Sanjindo, Aomori, Japan.",Natural spots,Rivers,Watercourse,Drivable,40.48071,140.62533,131,210,No,Spring; Summer; Autumn,images/JP-GN-8428880,,,
JP-GN-8384581,Aka Gawa,Japan,JP,Aomori,JP-02,Tsukurimichi,"Aka Gawa (Aka Gawa) is a named rivers location in Tsukurimichi, Aomori, Japan.",Natural spots,Rivers,Watercourse,Drivable,40.83376,140.78897,6,211,No,Spring; Summer; Autumn,images/JP-GN-8384581,,,
JP-GN-8395440,Aka Gawa,Japan,JP,Aomori,JP-02,Toyota,"Aka Gawa (Aka Gawa) is a named rivers location in Toyota, Aomori, Japan.",Natural spots,Rivers,Watercourse,Drivable,40.75089,141.25783,2,212,No,Spring; Summer; Autumn,images/JP-GN-8395440,,,
JP-GN-8506678,Aka Gawa,Japan,JP,Aomori,JP-02,Shimomachi,"Aka Gawa (Aka Gawa) is a named rivers location in Shimomachi, Aomori, Japan.",Natural spots,Rivers,Watercourse,Drivable,40.71642,140.58174,21,213,No,Spring; Summer; Autumn,images/JP-GN-8506678,,,
JP-GN-8473444,Aka Sawa,Japan,JP,Aomori,JP-02,Matsudaimachi,"Aka Sawa (Aka Sawa) is a named rivers location in Matsudaimachi, Aomori, Japan.",Natural spots,Rivers,Watercourse,Drivable,40.66318,140.21889,193,214,No,Spring; Summer; Autumn,images/JP-GN-8473444,,,
JP-GN-8520050,Aka Sawa,Japan,JP,Aomori,JP-02,Minamitenmadate,"Aka Sawa (Aka Sawa) is a named rivers location in Minamitenmadate, Aomori, Japan.",Natural spots,Rivers,Watercourse,Drivable,40.79063,140.95679,242,215,No,Spring; Summer; Autumn,images/JP-GN-8520050,,,
JP-GN-8506212,Akahira Gawa,Japan,JP,Aomori,JP-02,Hitotsumori,"Akahira Gawa (Akahira Gawa) is a named rivers location in Hitotsumori, Aomori, Japan.",Natural spots,Rivers,Watercourse,Drivable,40.69002,140.6746,154,216,No,Spring; Summer; Autumn,images/JP-GN-8506212,,,
JP-GN-2130699,Akaishi Gawa,Japan,JP,Aomori,JP-02,Takinoshita,"Akaishi Gawa (Akaishi Gawa) is a named rivers location in Takinoshita, Aomori, Japan.",Natural spots,Rivers,Watercourse,Drivable,40.75932,140.15739,3,217,No,Spring; Summer; Autumn,images/JP-GN-2130699,,,
JP-GN-8464632,Akaishi Gawa,Japan,JP,Aomori,JP-02,Zaimoku,"Akaishi Gawa (Akaishi Gawa) is a named rivers location in Zaimoku, Aomori, Japan.",Natural spots,Rivers,Watercourse,Drivable,41.47643,140.89805,3,218,No,Spring; Summer; Autumn,images/JP-GN-8464632,,,
JP-GN-8549337,Akamizu Sawa,Japan,JP,Aomori,JP-02,Okiagetai,"Akamizu Sawa (Akamizu Sawa) is a named rivers location in Okiagetai, Aomori, Japan.",Natural spots,Rivers,Watercourse,Drivable,40.63158,140.86483,934,219,No,Spring; Summer; Autumn,images/JP-GN-8549337,,,
JP-GN-8430168,Akane Sawa,Japan,JP,Aomori,JP-02,Koya-shinden,"Akane Sawa (Akane Sawa) is a named rivers location in Koya-shinden, Aomori, Japan.",Natural spots,Rivers,Watercourse,Drivable,40.46501,140.50274,248,220,No,Spring; Summer; Autumn,images/JP-GN-8430168,,,
JP-GN-8527266,Akani Zawa,Japan,JP,Aomori,JP-02,Daidogaoka,"Akani Zawa (Akani Zawa) is a named rivers location in Daidogaoka, Aomori, Japan.",Natural spots,Rivers,Watercourse,Drivable,40.9308,140.53653,112,221,No,Spring; Summer; Autumn,images/JP-GN-8527266,,,
JP-GN-8549224,Akanuma Zawa,Japan,JP,Aomori,JP-02,Yakeyama,"Akanuma Zawa (Akanuma Zawa) is a named rivers location in Yakeyama, Aomori, Japan.",Natural spots,Rivers,Watercourse,Drivable,40.61461,140.94582,586,222,No,Spring; Summer; Autumn,images/JP-GN-8549224,,,
JP-GN-8549438,Akataki Zawa,Japan,JP,Aomori,JP-02,Zenkojidaira,"Akataki Zawa (Akataki Zawa) is a named rivers location in Zenkojidaira, Aomori, Japan.",Natural spots,Rivers,Watercourse,Drivable,40.52115,140.82372,615,223,No,Spring; Summer; Autumn,images/JP-GN-8549438,,,
JP-GN-8526325,Amadanai Gawa,Japan,JP,Aomori,JP-02,Ohama,"Amadanai Gawa (Amadanai Gawa) is a named rivers location in Ohama, Aomori, Japan.",Natural spots,Rivers,Watercourse,Drivable,40.85388,140.69917,3,224,No,Spring; Summer; Autumn,images/JP-GN-8526325,,,
JP-GN-8553118,Amaike Gawa,Japan,JP,Aomori,JP-02,Takisawa,"Amaike Gawa (Amaike Gawa) is a named rivers location in Takisawa, Aomori, Japan.",Natural spots,Rivers,Watercourse,Drivable,40.45819,141.11343,214,225,No,Spring; Summer; Autumn,images/JP-GN-8553118,,,
JP-GN-8527241,Amida Gawa,Japan,JP,Aomori,JP-02,Amidagawa,"Amida Gawa (Amida Gawa) is a named rivers location in Amidagawa, Aomori, Japan.",Natural spots,Rivers,Watercourse,Drivable,40.97106,140.65748,1,226,No,Spring; Summer; Autumn,images/JP-GN-8527241,,,
JP-GN-2130706,Ajigasawa Wan,Japan,JP,Aomori,JP-02,Nanatsuishimachi,"Ajigasawa Wan (Ajigasawa Wan) is a named seas and coastal areas location in Nanatsuishimachi, Aomori, Japan.",Beach spots,Seas and coastal areas,Coastal feature,Drivable,40.78315,140.22048,-9999,227,No,Spring; Summer; Autumn,images/JP-GN-2130706,,,
JP-GN-2130693,Akaiwa-hana,Japan,JP,Aomori,JP-02,Mutsu Shi,"Akaiwa-hana (Akaiwa-hana) is a named seas and coastal areas location in Mutsu Shi, Aomori, Japan.",Beach spots,Seas and coastal areas,Coastal feature,Drivable,41.43253,141.14359,31,228,No,Spring; Summer; Autumn,images/JP-GN-2130693,,,
JP-GN-2130653,Aomori Wan,Japan,JP,Aomori,JP-02,Nonai,"Aomori Wan (Aomori Wan) is a named seas and coastal areas location in Nonai, Aomori, Japan.",Beach spots,Seas and coastal areas,Coastal feature,Drivable,40.91667,140.78333,-9999,229,No,Spring; Summer; Autumn,images/JP-GN-2130653,,,
JP-GN-2130542,Benten Zaki,Japan,JP,Aomori,JP-02,Nishitsugaru-gun,"Benten Zaki (Benten Zaki) is a named seas and coastal areas location in Nishitsugaru-gun, Aomori, Japan.",Beach spots,Seas and coastal areas,Coastal feature,Drivable,40.78509,140.20474,4,230,No,Spring; Summer; Autumn,images/JP-GN-2130542,,,
JP-GN-8470108,Benten Zaki,Japan,JP,Aomori,JP-02,Kitatsugaru Gun,"Benten Zaki (Benten Zaki) is a named seas and coastal areas location in Kitatsugaru Gun, Aomori, Japan.",Beach spots,Seas and coastal areas,Coastal feature,Drivable,41.13758,140.28679,15,231,No,Spring; Summer; Autumn,images/JP-GN-8470108,,,
JP-GN-8530262,Chidoriga Ura,Japan,JP,Aomori,JP-02,Yasumiya,"Chidoriga Ura (Chidoriga Ura) is a named seas and coastal areas location in Yasumiya, Aomori, Japan.",Beach spots,Seas and coastal areas,Coastal feature,Drivable,40.44782,140.8796,403,232,No,Spring; Summer; Autumn,images/JP-GN-8530262,,,
JP-GN-2130320,Fukuura-zaki,Japan,JP,Aomori,JP-02,Shimokita-gun,"Fukuura-zaki (Fukuura-zaki) is a named seas and coastal areas location in Shimokita-gun, Aomori, Japan.",Beach spots,Seas and coastal areas,Coastal feature,Drivable,41.3213,140.79914,13,233,No,Spring; Summer; Autumn,images/JP-GN-2130320,,,
JP-GN-8462078,Futatsuishi Zaki,Japan,JP,Aomori,JP-02,Higashitsugaru-gun,"Futatsuishi Zaki (Futatsuishi Zaki) is a named seas and coastal areas location in Higashitsugaru-gun, Aomori, Japan.",Beach spots,Seas and coastal areas,Coastal feature,Drivable,41.1885,140.45504,-9999,234,No,Spring; Summer; Autumn,images/JP-GN-8462078,,,
JP-GN-8384439,Hanaguri Zaki,Japan,JP,Aomori,JP-02,Aomori Shi,"Hanaguri Zaki (Hanaguri Zaki) is a named seas and coastal areas location in Aomori Shi, Aomori, Japan.",Beach spots,Seas and coastal areas,Coastal feature,Drivable,40.87202,140.83557,21,235,No,Spring; Summer; Autumn,images/JP-GN-8384439,,,
JP-GN-2129967,Iboiwa-saki,Japan,JP,Aomori,JP-02,Mutsu Shi,"Iboiwa-saki (Iboiwa-saki) is a named seas and coastal areas location in Mutsu Shi, Aomori, Japan.",Beach spots,Seas and coastal areas,Coastal feature,Drivable,41.13472,140.78411,109,236,No,Spring; Summer; Autumn,images/JP-GN-2129967,,,
JP-GN-2129955,Ikama Zaki,Japan,JP,Aomori,JP-02,Odomari,"Ikama Zaki (Ikama Zaki) is a named seas and coastal areas location in Odomari, Aomori, Japan.",Beach spots,Seas and coastal areas,Coastal feature,Drivable,41.22149,140.5323,-9999,237,No,Spring; Summer; Autumn,images/JP-GN-2129955,,,
JP-GN-2129900,Ishi-saki,Japan,JP,Aomori,JP-02,Higashitsugaru-gun,"Ishi-saki (Ishi-saki) is a named seas and coastal areas location in Higashitsugaru-gun, Aomori, Japan.",Beach spots,Seas and coastal areas,Coastal feature,Drivable,41.18333,140.63333,26,238,No,Spring; Summer; Autumn,images/JP-GN-2129900,,,
JP-GN-2129668,Kanetsuku-saki,Japan,JP,Aomori,JP-02,Higashitsugaru-gun,"Kanetsuku-saki (Kanetsuku-saki) is a named seas and coastal areas location in Higashitsugaru-gun, Aomori, Japan.",Beach spots,Seas and coastal areas,Coastal feature,Drivable,40.91667,141.03333,7,239,No,Spring; Summer; Autumn,images/JP-GN-2129668,,,
JP-GN-2129503,Kodomari Misaki,Japan,JP,Aomori,JP-02,Kitatsugaru Gun,"Kodomari Misaki (Kodomari Misaki) is a named seas and coastal areas location in Kitatsugaru Gun, Aomori, Japan.",Beach spots,Seas and coastal areas,Coastal feature,Drivable,41.12457,140.24908,-9999,240,No,Spring; Summer; Autumn,images/JP-GN-2129503,,,
JP-GN-8530351,Kojimaga Ura,Japan,JP,Aomori,JP-02,Okuse,"Kojimaga Ura (Kojimaga Ura) is a named seas and coastal areas location in Okuse, Aomori, Japan.",Beach spots,Seas and coastal areas,Coastal feature,Drivable,40.45337,140.91923,403,241,No,Spring; Summer; Autumn,images/JP-GN-8530351,,,
JP-GN-8530246,Kokonoeno Ura,Japan,JP,Aomori,JP-02,Yasumiya,"Kokonoeno Ura (Kokonoeno Ura) is a named seas and coastal areas location in Yasumiya, Aomori, Japan.",Beach spots,Seas and coastal areas,Coastal feature,Drivable,40.43412,140.88352,403,242,No,Spring; Summer; Autumn,images/JP-GN-8530246,,,
JP-GN-2129463,Kominato-wan,Japan,JP,Aomori,JP-02,Horikae,"Kominato-wan (Kominato-wan) is a named seas and coastal areas location in Horikae, Aomori, Japan.",Beach spots,Seas and coastal areas,Coastal feature,Drivable,40.93917,140.99166,-9999,243,No,Spring; Summer; Autumn,images/JP-GN-2129463,,,
JP-GN-2129420,Kukido Seto,Japan,JP,Aomori,JP-02,Omataira,"Kukido Seto (Kukido Seto) is a named seas and coastal areas location in Omataira, Aomori, Japan.",Beach spots,Seas and coastal areas,Coastal feature,Drivable,41.54921,140.91213,-9999,244,No,Spring; Summer; Autumn,images/JP-GN-2129420,,,
JP-GN-1862918,Heisa-ura,Japan,JP,Chiba,JP-12,Tateyama Shi,"Heisa-ura (Heisa-ura) is a named beaches location in Tateyama Shi, Chiba, Japan.",Beach spots,Beaches,Coastal recreation area,Drivable,34.94307,139.81301,5,245,No,Summer,images/JP-GN-1862918,,,
JP-GN-11132484,Hiari Ura,Japan,JP,Chiba,JP-12,Isumi Shi,"Hiari Ura (Hiari Ura) is a named beaches location in Isumi Shi, Chiba, Japan.",Beach spots,Beaches,Coastal recreation area,Drivable,35.26943,140.39952,0,246,No,Summer,images/JP-GN-11132484,,,
JP-GN-1862390,Iwai Kaigan,Japan,JP,Chiba,JP-12,Minamiboso Shi,"Iwai Kaigan (Iwai Kaigan) is a named beaches location in Minamiboso Shi, Chiba, Japan.",Beach spots,Beaches,Coastal recreation area,Drivable,35.09363,139.84072,4,247,No,Summer,images/JP-GN-1862390,,,
JP-GN-11132427,Izumi Ura,Japan,JP,Chiba,JP-12,Isumi Shi,"Izumi Ura (Izumi Ura) is a named beaches location in Isumi Shi, Chiba, Japan.",Beach spots,Beaches,Coastal recreation area,Drivable,35.28994,140.40581,1,248,No,Summer,images/JP-GN-11132427,,,
JP-GN-2112112,Kujukuri Hama,Japan,JP,Chiba,JP-12,Sambu-gun,"Kujukuri Hama (Kujūkuri Hama) is a named beaches location in Sambu-gun, Chiba, Japan.",Beach spots,Beaches,Coastal recreation area,Drivable,35.49708,140.42831,3,249,No,Summer,images/JP-GN-2112112,,,
JP-GN-11108993,Namuya Kaigan,Japan,JP,Chiba,JP-12,Minamiboso Shi,"Namuya Kaigan (Namuya Kaigan) is a named beaches location in Minamiboso Shi, Chiba, Japan.",Beach spots,Beaches,Coastal recreation area,Drivable,35.0602,139.82644,4,250,No,Summer,images/JP-GN-11108993,,,
JP-GN-11078957,Nunobiki Kaigan,Japan,JP,Chiba,JP-12,Futtsu Shi,"Nunobiki Kaigan (Nunobiki Kaigan) is a named beaches location in Futtsu Shi, Chiba, Japan.",Beach spots,Beaches,Coastal recreation area,Drivable,35.30697,139.81008,1,251,No,Summer,images/JP-GN-11078957,,,
JP-GN-11106998,Shinmaiko Kaigan,Japan,JP,Chiba,JP-12,Futtsu Shi,"Shinmaiko Kaigan (Shinmaiko Kaigan) is a named beaches location in Futtsu Shi, Chiba, Japan.",Beach spots,Beaches,Coastal recreation area,Drivable,35.24399,139.86892,6,252,No,Summer,images/JP-GN-11106998,,,
JP-GN-11108945,Tadara Kitahama Kaigan,Japan,JP,Chiba,JP-12,Minamiboso Shi,"Tadara Kitahama Kaigan (Tadara Kitahama Kaigan) is a named beaches location in Minamiboso Shi, Chiba, Japan.",Beach spots,Beaches,Coastal recreation area,Drivable,35.03987,139.82877,2,253,No,Summer,images/JP-GN-11108945,,,
JP-GN-11140913,Kasamoriji Shizenrin,Japan,JP,Chiba,JP-12,Kasamori,"Kasamoriji Shizenrin (Kasamoriji Shizenrin) is a named forests location in Kasamori, Chiba, Japan.",Natural spots,Forests,Forest area,Drivable,35.40009,140.20237,63,254,No,Spring; Summer; Autumn,images/JP-GN-11140913,,,
JP-GN-11133241,Dotei Ko,Japan,JP,Chiba,JP-12,Honkyu,"Dotei Ko (Dōtei Ko) is a named lakes location in Honkyu, Chiba, Japan.",Natural spots,Lakes,Inland water body,Drivable,35.35432,140.36485,29,255,No,Spring; Summer; Autumn,images/JP-GN-11133241,,,
JP-GN-11141708,Kururijo Ato,Japan,JP,Chiba,JP-12,Kimitsu Shi,"Kururijo Ato (Kururijō Ato) is a named monuments location in Kimitsu Shi, Chiba, Japan.",Historical spots,Monuments,Public historic site or monument,Drivable,35.28765,140.09008,135,256,No,Year-round,images/JP-GN-11141708,,,
JP-GN-1865460,Aka-yama,Japan,JP,Chiba,JP-12,Futtsu Shi,"Aka-yama (Aka-yama) is a named mountains location in Futtsu Shi, Chiba, Japan.",Adventure spots|Natural spots,Mountains,Natural landform,Drivable,35.16667,139.86667,139,257,No,Late spring; Summer; Autumn,images/JP-GN-1865460,,,
JP-GN-2113092,Arakine Yama,Japan,JP,Chiba,JP-12,Katsuura-shi,"Arakine Yama (Arakine Yama) is a named mountains location in Katsuura-shi, Chiba, Japan.",Adventure spots|Natural spots,Mountains,Natural landform,Drivable,35.23963,140.29131,138,258,No,Late spring; Summer; Autumn,images/JP-GN-2113092,,,
JP-GN-11079580,Asama Yama,Japan,JP,Chiba,JP-12,Awa-gun,"Asama Yama (Asama Yama) is a named mountains location in Awa-gun, Chiba, Japan.",Adventure spots|Natural spots,Mountains,Natural landform,Drivable,35.11989,139.83978,129,259,No,Late spring; Summer; Autumn,images/JP-GN-11079580,,,
JP-GN-11141602,Asama Yama,Japan,JP,Chiba,JP-12,Isumi-gun,"Asama Yama (Asama Yama) is a named mountains location in Isumi-gun, Chiba, Japan.",Adventure spots|Natural spots,Mountains,Natural landform,Drivable,35.29945,140.21348,198,260,No,Late spring; Summer; Autumn,images/JP-GN-11141602,,,
JP-GN-11107198,Atago Yama,Japan,JP,Chiba,JP-12,Futtsu Shi,"Atago Yama (Atago Yama) is a named mountains location in Futtsu Shi, Chiba, Japan.",Adventure spots|Natural spots,Mountains,Natural landform,Drivable,35.17418,139.94852,275,261,No,Late spring; Summer; Autumn,images/JP-GN-11107198,,,
JP-GN-1864950,Atago Yama,Japan,JP,Chiba,JP-12,Minamiboso Shi,"Atago Yama (Atago Yama) is a named mountains location in Minamiboso Shi, Chiba, Japan.",Adventure spots|Natural spots,Mountains,Natural landform,Drivable,35.11501,139.98685,408,262,No,Late spring; Summer; Autumn,images/JP-GN-1864950,,,
JP-GN-2113056,Atago Yama,Japan,JP,Chiba,JP-12,Kimitsu Shi,"Atago Yama (Atago Yama) is a named mountains location in Kimitsu Shi, Chiba, Japan.",Adventure spots|Natural spots,Mountains,Natural landform,Drivable,35.29494,140.0524,189,263,No,Late spring; Summer; Autumn,images/JP-GN-2113056,,,
JP-GN-13432332,Daifuku Yama,Japan,JP,Chiba,JP-12,Ichihara Shi,"Daifuku Yama (Daifuku Yama) is a named mountains location in Ichihara Shi, Chiba, Japan.",Adventure spots|Natural spots,Mountains,Natural landform,Drivable,35.25685,140.12364,200,264,No,Late spring; Summer; Autumn,images/JP-GN-13432332,,,
JP-GN-2112991,Daifuku-zan,Japan,JP,Chiba,JP-12,Kimitsu Shi,"Daifuku-zan (Daifuku-zan) is a named mountains location in Kimitsu Shi, Chiba, Japan.",Adventure spots|Natural spots,Mountains,Natural landform,Drivable,35.25,140.11667,217,265,No,Late spring; Summer; Autumn,images/JP-GN-2112991,,,
JP-GN-11079739,Daikoku Yama,Japan,JP,Chiba,JP-12,Awa-gun,"Daikoku Yama (Daikoku Yama) is a named mountains location in Awa-gun, Chiba, Japan.",Adventure spots|Natural spots,Mountains,Natural landform,Drivable,35.11307,139.82806,23,266,No,Late spring; Summer; Autumn,images/JP-GN-11079739,,,
JP-GN-11109622,Dainichi Yama,Japan,JP,Chiba,JP-12,Minamiboso Shi,"Dainichi Yama (Dainichi Yama) is a named mountains location in Minamiboso Shi, Chiba, Japan.",Adventure spots|Natural spots,Mountains,Natural landform,Drivable,35.07505,139.93767,322,267,No,Late spring; Summer; Autumn,images/JP-GN-11109622,,,
JP-GN-11171745,Denchu San,Japan,JP,Chiba,JP-12,Isumi-gun,"Denchu San (Denchū San) is a named mountains location in Isumi-gun, Chiba, Japan.",Adventure spots|Natural spots,Mountains,Natural landform,Drivable,35.22222,140.2161,265,268,No,Late spring; Summer; Autumn,images/JP-GN-11171745,,,
JP-GN-11108970,Do Yama,Japan,JP,Chiba,JP-12,Tateyama Shi,"Do Yama (Dō Yama) is a named mountains location in Tateyama Shi, Chiba, Japan.",Adventure spots|Natural spots,Mountains,Natural landform,Drivable,35.03218,139.84152,89,269,No,Late spring; Summer; Autumn,images/JP-GN-11108970,,,
JP-GN-11142607,Fuji Yama,Japan,JP,Chiba,JP-12,Kimitsu Shi,"Fuji Yama (Fuji Yama) is a named mountains location in Kimitsu Shi, Chiba, Japan.",Adventure spots|Natural spots,Mountains,Natural landform,Drivable,35.26263,140.03727,288,270,No,Late spring; Summer; Autumn,images/JP-GN-11142607,,,
JP-GN-11111203,Futatsu Yama,Japan,JP,Chiba,JP-12,Kamogawa-shi,"Futatsu Yama (Futatsu Yama) is a named mountains location in Kamogawa-shi, Chiba, Japan.",Adventure spots|Natural spots,Mountains,Natural landform,Drivable,35.11515,139.9738,373,271,No,Late spring; Summer; Autumn,images/JP-GN-11111203,,,
JP-GN-11140345,Gongen Mori,Japan,JP,Chiba,JP-12,Chosei-gun,"Gongen Mori (Gongen Mori) is a named mountains location in Chosei-gun, Chiba, Japan.",Adventure spots|Natural spots,Mountains,Natural landform,Drivable,35.44768,140.20559,172,272,No,Late spring; Summer; Autumn,images/JP-GN-11140345,,,
JP-GN-11109630,Goten Yama,Japan,JP,Chiba,JP-12,Minamiboso Shi,"Goten Yama (Goten Yama) is a named mountains location in Minamiboso Shi, Chiba, Japan.",Adventure spots|Natural spots,Mountains,Natural landform,Drivable,35.08871,139.94788,335,273,No,Late spring; Summer; Autumn,images/JP-GN-11109630,,,
JP-GN-11141599,Haguro Yama,Japan,JP,Chiba,JP-12,Isumi-gun,"Haguro Yama (Haguro Yama) is a named mountains location in Isumi-gun, Chiba, Japan.",Adventure spots|Natural spots,Mountains,Natural landform,Drivable,35.31024,140.23095,143,274,No,Late spring; Summer; Autumn,images/JP-GN-11141599,,,
JP-GN-11079494,Hitobone Yama,Japan,JP,Chiba,JP-12,Awa-gun,"Hitobone Yama (Hitobone Yama) is a named mountains location in Awa-gun, Chiba, Japan.",Adventure spots|Natural spots,Mountains,Natural landform,Drivable,35.13097,139.92593,268,275,No,Late spring; Summer; Autumn,images/JP-GN-11079494,,,
JP-GN-11141643,Hoto San,Japan,JP,Chiba,JP-12,Isumi-gun,"Hoto San (Hōtō San) is a named mountains location in Isumi-gun, Chiba, Japan.",Adventure spots|Natural spots,Mountains,Natural landform,Drivable,35.25393,140.24175,160,276,No,Late spring; Summer; Autumn,images/JP-GN-11141643,,,
JP-GN-11140157,Bunka no Mori,Japan,JP,Chiba,JP-12,Ichihara Shi,"Bunka no Mori (Bunka no Mori) is a named parks location in Ichihara Shi, Chiba, Japan.",Natural spots,Parks,Public park or protected area,Drivable,35.4785,140.14497,64,277,No,Spring; Summer; Autumn,images/JP-GN-11140157,,,
JP-GN-11134237,Chosei no Mori Koen,Japan,JP,Chiba,JP-12,Mobara Shi,"Chosei no Mori Koen (Chōsei no Mori Kōen) is a named parks location in Mobara Shi, Chiba, Japan.",Natural spots,Parks,Public park or protected area,Drivable,35.45478,140.2661,34,278,No,Spring; Summer; Autumn,images/JP-GN-11134237,,,
JP-GN-11137278,Country Farm German Village,Japan,JP,Chiba,JP-12,Sodegaura-shi,"Country Farm German Village (Country Farm German Village) is a named parks location in Sodegaura-shi, Chiba, Japan.",Natural spots,Parks,Public park or protected area,Drivable,35.40516,140.06017,55,279,No,Spring; Summer; Autumn,images/JP-GN-11137278,,,
JP-GN-11137812,Domeki Koen,Japan,JP,Chiba,JP-12,Sodegaura-shi,"Domeki Koen (Dōmeki Kōen) is a named parks location in Sodegaura-shi, Chiba, Japan.",Natural spots,Parks,Public park or protected area,Drivable,35.38077,140.0326,14,280,No,Spring; Summer; Autumn,images/JP-GN-11137812,,,
JP-GN-10916020,Funabashi Kaihin Koen,Japan,JP,Chiba,JP-12,Funabashi-shi,"Funabashi Kaihin Koen (Funabashi Kaihin Kōen) is a named parks location in Funabashi-shi, Chiba, Japan.",Natural spots,Parks,Public park or protected area,Drivable,35.67201,139.96704,0,281,No,Spring; Summer; Autumn,images/JP-GN-10916020,,,
JP-GN-11078953,Futtsu Koen,Japan,JP,Chiba,JP-12,Futtsu Shi,"Futtsu Koen (Futtsu Kōen) is a named parks location in Futtsu Shi, Chiba, Japan.",Natural spots,Parks,Public park or protected area,Drivable,35.31183,139.79515,4,282,No,Spring; Summer; Autumn,images/JP-GN-11078953,,,
JP-GN-11078945,Futtsu Minato Koen,Japan,JP,Chiba,JP-12,Futtsu Shi,"Futtsu Minato Koen (Futtsu Minato Kōen) is a named parks location in Futtsu Shi, Chiba, Japan.",Natural spots,Parks,Public park or protected area,Drivable,35.32269,139.81884,4,283,No,Spring; Summer; Autumn,images/JP-GN-11078945,,,
JP-GN-10916352,Gyoda Koen,Japan,JP,Chiba,JP-12,Funabashi-shi,"Gyoda Koen (Gyōda Kōen) is a named parks location in Funabashi-shi, Chiba, Japan.",Natural spots,Parks,Public park or protected area,Drivable,35.71906,139.97477,22,284,No,Spring; Summer; Autumn,images/JP-GN-10916352,,,
JP-GN-10913425,Ichikawa Yacho no Rakuen,Japan,JP,Chiba,JP-12,Ichikawa Shi,"Ichikawa Yacho no Rakuen (Ichikawa Yachō no Rakuen) is a named parks location in Ichikawa Shi, Chiba, Japan.",Natural spots,Parks,Public park or protected area,Drivable,35.66894,139.91855,-1,285,No,Spring; Summer; Autumn,images/JP-GN-10913425,,,
JP-GN-11134534,Inetsuke Seki,Japan,JP,Chiba,JP-12,Shimootaki,"Inetsuke Seki (Inetsuke Seki) is a named parks location in Shimootaki, Chiba, Japan.",Natural spots,Parks,Public park or protected area,Drivable,35.30833,140.25915,41,286,No,Spring; Summer; Autumn,images/JP-GN-11134534,,,
JP-GN-10933928,Kashiwanoha Koen,Japan,JP,Chiba,JP-12,Kashiwa Shi,"Kashiwanoha Koen (Kashiwanoha Kōen) is a named parks location in Kashiwa Shi, Chiba, Japan.",Natural spots,Parks,Public park or protected area,Drivable,35.89517,139.9381,22,287,No,Spring; Summer; Autumn,images/JP-GN-10933928,,,
JP-GN-11133583,Lake Woods Himeharu no Sato,Japan,JP,Chiba,JP-12,Mobara Shi,"Lake Woods Himeharu no Sato (Lake Woods Himeharu no Sato) is a named parks location in Mobara Shi, Chiba, Japan.",Natural spots,Parks,Public park or protected area,Drivable,35.40152,140.29423,24,288,No,Spring; Summer; Autumn,images/JP-GN-11133583,,,
JP-GN-11132157,Mairazu Seki,Japan,JP,Chiba,JP-12,Misakicho-iwakuma,"Mairazu Seki (Mairazu Seki) is a named parks location in Misakicho-iwakuma, Chiba, Japan.",Natural spots,Parks,Public park or protected area,Drivable,35.33302,140.34191,37,289,No,Spring; Summer; Autumn,images/JP-GN-11132157,,,
JP-GN-11134291,Mobara Koen,Japan,JP,Chiba,JP-12,Mobara Shi,"Mobara Koen (Mobara Kōen) is a named parks location in Mobara Shi, Chiba, Japan.",Natural spots,Parks,Public park or protected area,Drivable,35.43058,140.28228,28,290,No,Spring; Summer; Autumn,images/JP-GN-11134291,,,
JP-GN-11132077,Nakahara Seki,Japan,JP,Chiba,JP-12,Misakicho-nakahara,"Nakahara Seki (Nakahara Seki) is a named parks location in Misakicho-nakahara, Chiba, Japan.",Natural spots,Parks,Public park or protected area,Drivable,35.32722,140.39184,12,291,No,Spring; Summer; Autumn,images/JP-GN-11132077,,,
JP-GN-10925696,Niju Isseiki no Mori to Hiroba,Japan,JP,Chiba,JP-12,Matsudo Shi,"Niju Isseiki no Mori to Hiroba (Nijū Isseiki no Mori to Hiroba) is a named parks location in Matsudo Shi, Chiba, Japan.",Natural spots,Parks,Public park or protected area,Drivable,35.80311,139.94117,23,292,No,Spring; Summer; Autumn,images/JP-GN-10925696,,,
JP-GN-10936775,Nodashi Sogo Koen,Japan,JP,Chiba,JP-12,Noda-shi,"Nodashi Sogo Koen (Nodashi Sōgō Kōen) is a named parks location in Noda-shi, Chiba, Japan.",Natural spots,Parks,Public park or protected area,Drivable,35.96297,139.85162,15,293,No,Spring; Summer; Autumn,images/JP-GN-10936775,,,
JP-GN-11139881,Nomigane Koen,Japan,JP,Chiba,JP-12,Chosei-gun,"Nomigane Koen (Nomigane Kōen) is a named parks location in Chosei-gun, Chiba, Japan.",Natural spots,Parks,Public park or protected area,Drivable,35.36762,140.20964,141,294,No,Spring; Summer; Autumn,images/JP-GN-11139881,,,
JP-GN-11132863,On'yano Seki,Japan,JP,Chiba,JP-12,Kawasugaya,"On'yano Seki (On’yano Seki) is a named parks location in Kawasugaya, Chiba, Japan.",Natural spots,Parks,Public park or protected area,Drivable,35.35802,140.35294,33,295,No,Spring; Summer; Autumn,images/JP-GN-11132863,,,
JP-GN-11141627,Otaki Kenmin no Mori,Japan,JP,Chiba,JP-12,Isumi-gun,"Otaki Kenmin no Mori (Ōtaki Kenmin no Mori) is a named parks location in Isumi-gun, Chiba, Japan.",Natural spots,Parks,Public park or protected area,Drivable,35.28535,140.23072,97,296,No,Spring; Summer; Autumn,images/JP-GN-11141627,,,
JP-GN-11132078,Shiigi Seki,Japan,JP,Chiba,JP-12,Misakicho-shiigi,"Shiigi Seki (Shiigi Seki) is a named parks location in Misakicho-shiigi, Chiba, Japan.",Natural spots,Parks,Public park or protected area,Drivable,35.32589,140.38463,9,297,No,Spring; Summer; Autumn,images/JP-GN-11132078,,,
JP-GN-11107586,Ai Kawa,Japan,JP,Chiba,JP-12,Uruzu,"Ai Kawa (Ai Kawa) is a named rivers location in Uruzu, Chiba, Japan.",Natural spots,Rivers,Watercourse,Drivable,35.21195,139.88192,17,298,No,Spring; Summer; Autumn,images/JP-GN-11107586,,,
JP-GN-11133445,Akame Kawa,Japan,JP,Chiba,JP-12,Kitahinata,"Akame Kawa (Akame Kawa) is a named rivers location in Kitahinata, Chiba, Japan.",Natural spots,Rivers,Watercourse,Drivable,35.47374,140.3701,4,299,No,Spring; Summer; Autumn,images/JP-GN-11133445,,,
JP-GN-11134293,Aku Gawa,Japan,JP,Chiba,JP-12,Hayano-shinden,"Aku Gawa (Aku Gawa) is a named rivers location in Hayano-shinden, Chiba, Japan.",Natural spots,Rivers,Watercourse,Drivable,35.4174,140.31013,7,300,No,Spring; Summer; Autumn,images/JP-GN-11134293,,,
JP-GN-11107875,Byakko Gawa,Japan,JP,Chiba,JP-12,Hagyu,"Byakko Gawa (Byakko Gawa) is a named rivers location in Hagyu, Chiba, Japan.",Natural spots,Rivers,Watercourse,Drivable,35.20841,139.8427,-9999,301,No,Spring; Summer; Autumn,images/JP-GN-11107875,,,
JP-GN-11134476,Chorakuji Gawa,Japan,JP,Chiba,JP-12,Mori,"Chorakuji Gawa (Chōrakuji Gawa) is a named rivers location in Mori, Chiba, Japan.",Natural spots,Rivers,Watercourse,Drivable,35.36744,140.31035,10,302,No,Spring; Summer; Autumn,images/JP-GN-11134476,,,
JP-GN-11132404,Ebado Gawa,Japan,JP,Chiba,JP-12,Misakicho-ebado,"Ebado Gawa (Ebado Gawa) is a named rivers location in Misakicho-ebado, Chiba, Japan.",Natural spots,Rivers,Watercourse,Drivable,35.29485,140.40409,1,303,No,Spring; Summer; Autumn,images/JP-GN-11132404,,,
JP-GN-10916336,Ebi Gawa,Japan,JP,Chiba,JP-12,Miyamoto,"Ebi Gawa (Ebi Gawa) is a named rivers location in Miyamoto, Chiba, Japan.",Natural spots,Rivers,Watercourse,Drivable,35.69345,139.98906,6,304,No,Spring; Summer; Autumn,images/JP-GN-10916336,,,
JP-GN-11132403,Ebi Gawa,Japan,JP,Chiba,JP-12,Misakicho-higashiodaka,"Ebi Gawa (Ebi Gawa) is a named rivers location in Misakicho-higashiodaka, Chiba, Japan.",Natural spots,Rivers,Watercourse,Drivable,35.28609,140.37276,6,305,No,Spring; Summer; Autumn,images/JP-GN-11132403,,,
JP-GN-11171627,Fukurogura Gawa,Japan,JP,Chiba,JP-12,Hamaogi,"Fukurogura Gawa (Fukurogura Gawa) is a named rivers location in Hamaogi, Chiba, Japan.",Natural spots,Rivers,Watercourse,Drivable,35.12298,140.15134,5,306,No,Spring; Summer; Autumn,images/JP-GN-11171627,,,
JP-GN-11171633,Futama Gawa,Japan,JP,Chiba,JP-12,Hamaogi,"Futama Gawa (Futama Gawa) is a named rivers location in Hamaogi, Chiba, Japan.",Natural spots,Rivers,Watercourse,Drivable,35.12042,140.1522,10,307,No,Spring; Summer; Autumn,images/JP-GN-11171633,,,
JP-GN-11134319,Habu Gawa,Japan,JP,Chiba,JP-12,Kawashima,"Habu Gawa (Habu Gawa) is a named rivers location in Kawashima, Chiba, Japan.",Natural spots,Rivers,Watercourse,Drivable,35.3854,140.33745,1,308,No,Spring; Summer; Autumn,images/JP-GN-11134319,,,
JP-GN-11078020,Hatazawa Gawa,Japan,JP,Chiba,JP-12,Kimitsudai,"Hatazawa Gawa (Hatazawa Gawa) is a named rivers location in Kimitsudai, Chiba, Japan.",Natural spots,Rivers,Watercourse,Drivable,35.34984,139.89707,-1,309,No,Spring; Summer; Autumn,images/JP-GN-11078020,,,
JP-GN-1862935,Heguri Gawa,Japan,JP,Chiba,JP-12,Yawata,"Heguri Gawa (Heguri Gawa) is a named rivers location in Yawata, Chiba, Japan.",Natural spots,Rivers,Watercourse,Drivable,35.01056,139.85782,-9999,310,No,Spring; Summer; Autumn,images/JP-GN-1862935,,,
JP-GN-11139563,Heizo Gawa,Japan,JP,Chiba,JP-12,Yata,"Heizo Gawa (Heizō Gawa) is a named rivers location in Yata, Chiba, Japan.",Natural spots,Rivers,Watercourse,Drivable,35.37728,140.15986,29,311,No,Spring; Summer; Autumn,images/JP-GN-11139563,,,
JP-GN-11171754,Hirasawa Gawa,Japan,JP,Chiba,JP-12,Kouchi,"Hirasawa Gawa (Hirasawa Gawa) is a named rivers location in Kouchi, Chiba, Japan.",Natural spots,Rivers,Watercourse,Drivable,35.24318,140.23001,56,312,No,Spring; Summer; Autumn,images/JP-GN-11171754,,,
JP-GN-11079470,Hota Gawa,Japan,JP,Chiba,JP-12,Yoshihama,"Hota Gawa (Hota Gawa) is a named rivers location in Yoshihama, Chiba, Japan.",Natural spots,Rivers,Watercourse,Drivable,35.1379,139.83659,-9999,313,No,Spring; Summer; Autumn,images/JP-GN-11079470,,,
JP-GN-2112657,Ichinomiya Gawa,Japan,JP,Chiba,JP-12,Arachi,"Ichinomiya Gawa (Ichinomiya Gawa) is a named rivers location in Arachi, Chiba, Japan.",Natural spots,Rivers,Watercourse,Drivable,35.39299,140.39188,1,314,No,Spring; Summer; Autumn,images/JP-GN-2112657,,,
JP-GN-11138955,Imazu Gawa,Japan,JP,Chiba,JP-12,Chigusa,"Imazu Gawa (Imazu Gawa) is a named rivers location in Chigusa, Chiba, Japan.",Natural spots,Rivers,Watercourse,Drivable,35.49654,140.0489,-1,315,No,Spring; Summer; Autumn,images/JP-GN-11138955,,,
JP-GN-2112558,Isumi Gawa,Japan,JP,Chiba,JP-12,Misakicho-ebado,"Isumi Gawa (Isumi Gawa) is a named rivers location in Misakicho-ebado, Chiba, Japan.",Natural spots,Rivers,Watercourse,Drivable,35.29526,140.40936,1,316,No,Spring; Summer; Autumn,images/JP-GN-2112558,,,
JP-GN-11171760,Itaya Gawa,Japan,JP,Chiba,JP-12,Sanjo,"Itaya Gawa (Itaya Gawa) is a named rivers location in Sanjo, Chiba, Japan.",Natural spots,Rivers,Watercourse,Drivable,35.24749,140.20881,81,317,No,Spring; Summer; Autumn,images/JP-GN-11171760,,,
JP-GN-11079867,Iwai Gawa,Japan,JP,Chiba,JP-12,Takasaki,"Iwai Gawa (Iwai Gawa) is a named rivers location in Takasaki, Chiba, Japan.",Natural spots,Rivers,Watercourse,Drivable,35.08615,139.8424,-9999,318,No,Spring; Summer; Autumn,images/JP-GN-11079867,,,
JP-GN-11106735,Iwase Gawa,Japan,JP,Chiba,JP-12,Iwase,"Iwase Gawa (Iwase Gawa) is a named rivers location in Iwase, Chiba, Japan.",Natural spots,Rivers,Watercourse,Drivable,35.28248,139.8536,-2,319,No,Spring; Summer; Autumn,images/JP-GN-11106735,,,
JP-GN-2113148,Ajiro Wan,Japan,JP,Chiba,JP-12,Shinmachi,"Ajiro Wan (Ajiro Wan) is a named seas and coastal areas location in Shinmachi, Chiba, Japan.",Beach spots,Seas and coastal areas,Coastal feature,Drivable,35.17151,140.35657,-9999,320,No,Spring; Summer; Autumn,images/JP-GN-2113148,,,
JP-GN-1863712,Futtsu Misaki,Japan,JP,Chiba,JP-12,Futtsu Shi,"Futtsu Misaki (Futtsu Misaki) is a named seas and coastal areas location in Futtsu Shi, Chiba, Japan.",Beach spots,Seas and coastal areas,Coastal feature,Drivable,35.31286,139.78385,-9999,321,No,Spring; Summer; Autumn,images/JP-GN-1863712,,,
JP-GN-2112607,Inubo Saki,Japan,JP,Chiba,JP-12,Choshi Shi,"Inubo Saki (Inubō Saki) is a named seas and coastal areas location in Choshi Shi, Chiba, Japan.",Beach spots,Seas and coastal areas,Coastal feature,Drivable,35.70818,140.86981,1,322,No,Spring; Summer; Autumn,images/JP-GN-2112607,,,
JP-GN-2112385,Kamogawa Wan,Japan,JP,Chiba,JP-12,Hamaogi,"Kamogawa Wan (Kamogawa Wan) is a named seas and coastal areas location in Hamaogi, Chiba, Japan.",Beach spots,Seas and coastal areas,Coastal feature,Drivable,35.1,140.13333,-9999,323,No,Spring; Summer; Autumn,images/JP-GN-2112385,,,
JP-GN-2112307,Katsuura Wan,Japan,JP,Chiba,JP-12,Matsube,"Katsuura Wan (Katsuura Wan) is a named seas and coastal areas location in Matsube, Chiba, Japan.",Beach spots,Seas and coastal areas,Coastal feature,Drivable,35.14268,140.30173,-9999,324,No,Spring; Summer; Autumn,images/JP-GN-2112307,,,
JP-GN-11171631,Kuzuga Saki,Japan,JP,Chiba,JP-12,Kamogawa-shi,"Kuzuga Saki (Kuzuga Saki) is a named seas and coastal areas location in Kamogawa-shi, Chiba, Japan.",Beach spots,Seas and coastal areas,Coastal feature,Drivable,35.11701,140.14988,8,325,No,Spring; Summer; Autumn,images/JP-GN-11171631,,,
JP-GN-1855317,Nishiga Saki,Japan,JP,Chiba,JP-12,Awa-gun,"Nishiga Saki (Nishiga Saki) is a named seas and coastal areas location in Awa-gun, Chiba, Japan.",Beach spots,Seas and coastal areas,Coastal feature,Drivable,35.1016,139.82525,1,326,No,Spring; Summer; Autumn,images/JP-GN-1855317,,,
JP-GN-11112146,Sunakono Ura,Japan,JP,Chiba,JP-12,Yoshio,"Sunakono Ura (Sunakono Ura) is a named seas and coastal areas location in Yoshio, Chiba, Japan.",Beach spots,Seas and coastal areas,Coastal feature,Drivable,35.13965,140.29073,20,327,No,Spring; Summer; Autumn,images/JP-GN-11112146,,,
JP-GN-1851406,Suno-saki,Japan,JP,Chiba,JP-12,Tateyama Shi,"Suno-saki (Suno-saki) is a named seas and coastal areas location in Tateyama Shi, Chiba, Japan.",Beach spots,Seas and coastal areas,Coastal feature,Drivable,34.97808,139.75419,-9999,328,No,Spring; Summer; Autumn,images/JP-GN-1851406,,,
JP-GN-1851253,Taibusa Misaki,Japan,JP,Chiba,JP-12,Minamiboso Shi,"Taibusa Misaki (Taibusa Misaki) is a named seas and coastal areas location in Minamiboso Shi, Chiba, Japan.",Beach spots,Seas and coastal areas,Coastal feature,Drivable,35.03893,139.81497,73,329,No,Spring; Summer; Autumn,images/JP-GN-1851253,,,
JP-GN-2110921,Taino Ura,Japan,JP,Chiba,JP-12,Kominato,"Taino Ura (Taino Ura) is a named seas and coastal areas location in Kominato, Chiba, Japan.",Beach spots,Seas and coastal areas,Coastal feature,Drivable,35.11602,140.19391,-9999,330,No,Spring; Summer; Autumn,images/JP-GN-2110921,,,
JP-GN-2110913,Taito Zaki,Japan,JP,Chiba,JP-12,Isumi Shi,"Taito Zaki (Taitō Zaki) is a named seas and coastal areas location in Isumi Shi, Chiba, Japan.",Beach spots,Seas and coastal areas,Coastal feature,Drivable,35.30558,140.41435,23,331,No,Spring; Summer; Autumn,images/JP-GN-2110913,,,
JP-GN-1850519,Tateyama Wan,Japan,JP,Chiba,JP-12,Funakata,"Tateyama Wan (Tateyama Wan) is a named seas and coastal areas location in Funakata, Chiba, Japan.",Beach spots,Seas and coastal areas,Coastal feature,Drivable,35.01028,139.83472,-9999,332,No,Spring; Summer; Autumn,images/JP-GN-1850519,,,
JP-GN-1850076,Tomiura Wan,Japan,JP,Chiba,JP-12,Tomiuracho-toyo'oka,"Tomiura Wan (Tomiura Wan) is a named seas and coastal areas location in Tomiuracho-toyo'oka, Chiba, Japan.",Beach spots,Seas and coastal areas,Coastal feature,Drivable,35.05064,139.82214,-9999,333,No,Spring; Summer; Autumn,images/JP-GN-1850076,,,
JP-GN-2110655,Uchiura Wan,Japan,JP,Chiba,JP-12,Uchiura,"Uchiura Wan (Uchiura Wan) is a named seas and coastal areas location in Uchiura, Chiba, Japan.",Beach spots,Seas and coastal areas,Coastal feature,Drivable,35.12117,140.19022,1,334,No,Spring; Summer; Autumn,images/JP-GN-2110655,,,
JP-GN-1865371,Amagiri Yama,Japan,JP,Ehime,JP-38,Kita-gun,"Amagiri Yama (Amagiri Yama) is a named mountains location in Kita-gun, Ehime, Japan.",Adventure spots|Natural spots,Mountains,Natural landform,Drivable,33.55,132.86667,1086,335,No,Late spring; Summer; Autumn,images/JP-GN-1865371,,,
JP-GN-1896627,Chikami-yama,Japan,JP,Ehime,JP-38,Imabari-shi,"Chikami-yama (Chikami-yama) is a named mountains location in Imabari-shi, Ehime, Japan.",Adventure spots|Natural spots,Mountains,Natural landform,Drivable,34.08458,132.97096,206,336,No,Late spring; Summer; Autumn,images/JP-GN-1896627,,,
JP-GN-1863566,Gongen-yama,Japan,JP,Ehime,JP-38,Uwajima-shi,"Gongen-yama (Gongen-yama) is a named mountains location in Uwajima-shi, Ehime, Japan.",Adventure spots|Natural spots,Mountains,Natural landform,Drivable,33.15,132.46667,205,337,No,Late spring; Summer; Autumn,images/JP-GN-1863566,,,
JP-GN-1863567,Gongen-yama,Japan,JP,Ehime,JP-38,Minamiuwa-gun,"Gongen-yama (Gongen-yama) is a named mountains location in Minamiuwa-gun, Ehime, Japan.",Adventure spots|Natural spots,Mountains,Natural landform,Drivable,32.9265,132.48568,434,338,No,Late spring; Summer; Autumn,images/JP-GN-1863567,,,
JP-GN-1862745,Higashi-sampoga-mori,Japan,JP,Ehime,JP-38,Toon-shi,"Higashi-sampoga-mori (Higashi-sampōga-mori) is a named mountains location in Toon-shi, Ehime, Japan.",Adventure spots|Natural spots,Mountains,Natural landform,Drivable,33.9,132.95,845,339,No,Late spring; Summer; Autumn,images/JP-GN-1862745,,,
JP-GN-6417059,Hoko San,Japan,JP,Ehime,JP-38,Imabari-shi,"Hoko San (Hoko San) is a named mountains location in Imabari-shi, Ehime, Japan.",Adventure spots|Natural spots,Mountains,Natural landform,Drivable,34.21277,133.0873,304,340,No,Late spring; Summer; Autumn,images/JP-GN-6417059,,,
JP-GN-8626924,Hora Yama,Japan,JP,Ehime,JP-38,Sekizen-okamura,"Hora Yama (Hora Yama) is a named mountains location in Sekizen-okamura, Ehime, Japan.",Adventure spots|Natural spots,Mountains,Natural landform,Drivable,34.37425,132.78572,533,341,No,Late spring; Summer; Autumn,images/JP-GN-8626924,,,
JP-GN-6416771,Ichinose-yama,Japan,JP,Ehime,JP-38,Imabari-shi,"Ichinose-yama (Ichinose-yama) is a named mountains location in Imabari-shi, Ehime, Japan.",Adventure spots|Natural spots,Mountains,Natural landform,Drivable,34.15278,132.99667,177,342,No,Late spring; Summer; Autumn,images/JP-GN-6416771,,,
JP-GN-1861554,Inubijo-yama,Japan,JP,Ehime,JP-38,Uwajima-shi,"Inubijo-yama (Inubijō-yama) is a named mountains location in Uwajima-shi, Ehime, Japan.",Adventure spots|Natural spots,Mountains,Natural landform,Drivable,33.26871,132.53582,99,343,No,Late spring; Summer; Autumn,images/JP-GN-1861554,,,
JP-GN-1861348,Ishizuchi-san,Japan,JP,Ehime,JP-38,Saijo Shi,"Ishizuchi-san (Ishizuchi-san) is a named mountains location in Saijo Shi, Ehime, Japan.",Adventure spots|Natural spots,Mountains,Natural landform,Drivable,33.76667,133.11667,1982,344,No,Late spring; Summer; Autumn,images/JP-GN-1861348,,,
JP-GN-1861346,Ishizumi-yama,Japan,JP,Ehime,JP-38,Kamiukena-gun,"Ishizumi-yama (Ishizumi-yama) is a named mountains location in Kamiukena-gun, Ehime, Japan.",Adventure spots|Natural spots,Mountains,Natural landform,Drivable,33.73333,132.98333,1400,345,No,Late spring; Summer; Autumn,images/JP-GN-1861346,,,
JP-GN-1861230,Iwaguro-yama,Japan,JP,Ehime,JP-38,Kamiukena-gun,"Iwaguro-yama (Iwaguro-yama) is a named mountains location in Kamiukena-gun, Ehime, Japan.",Adventure spots|Natural spots,Mountains,Natural landform,Drivable,33.75,133.15,1436,346,No,Late spring; Summer; Autumn,images/JP-GN-1861230,,,
JP-GN-6416624,Iwataki-yama,Japan,JP,Ehime,JP-38,Imabari-shi,"Iwataki-yama (Iwataki-yama) is a named mountains location in Imabari-shi, Ehime, Japan.",Adventure spots|Natural spots,Mountains,Natural landform,Drivable,34.14056,133.025,154,347,No,Late spring; Summer; Autumn,images/JP-GN-6416624,,,
JP-GN-1861069,Izushi-yama,Japan,JP,Ehime,JP-38,Yawatahama-shi,"Izushi-yama (Izushi-yama) is a named mountains location in Yawatahama-shi, Ehime, Japan.",Adventure spots|Natural spots,Mountains,Natural landform,Drivable,33.53333,132.46667,709,348,No,Late spring; Summer; Autumn,images/JP-GN-1861069,,,
JP-GN-1860861,Kagamashi Yama,Japan,JP,Ehime,JP-38,Shikoku-chuo Shi,"Kagamashi Yama (Kagamashi Yama) is a named mountains location in Shikoku-chuo Shi, Ehime, Japan.",Adventure spots|Natural spots,Mountains,Natural landform,Drivable,33.88022,133.60339,1339,349,No,Late spring; Summer; Autumn,images/JP-GN-1860861,,,
JP-GN-6417152,Kagami Yama,Japan,JP,Ehime,JP-38,Imabari-shi,"Kagami Yama (Kagami Yama) is a named mountains location in Imabari-shi, Ehime, Japan.",Adventure spots|Natural spots,Mountains,Natural landform,Drivable,34.26355,132.97161,212,350,No,Late spring; Summer; Autumn,images/JP-GN-6417152,,,
JP-GN-1860173,Kannan-zan,Japan,JP,Ehime,JP-38,Ozu-shi,"Kannan-zan (Kannan-zan) is a named mountains location in Ozu-shi, Ehime, Japan.",Adventure spots|Natural spots,Mountains,Natural landform,Drivable,33.51667,132.63333,691,351,No,Late spring; Summer; Autumn,images/JP-GN-1860173,,,
JP-GN-1860170,Kannon-dake,Japan,JP,Ehime,JP-38,Minamiuwa-gun,"Kannon-dake (Kannon-dake) is a named mountains location in Minamiuwa-gun, Ehime, Japan.",Adventure spots|Natural spots,Mountains,Natural landform,Drivable,33.03333,132.53333,737,352,No,Late spring; Summer; Autumn,images/JP-GN-1860170,,,
JP-GN-1860166,Kannon-mori,Japan,JP,Ehime,JP-38,Minamiuwa-gun,"Kannon-mori (Kannon-mori) is a named mountains location in Minamiuwa-gun, Ehime, Japan.",Adventure spots|Natural spots,Mountains,Natural landform,Drivable,33.01667,132.61667,584,353,No,Late spring; Summer; Autumn,images/JP-GN-1860166,,,
JP-GN-1896583,Kasamatsu-yama,Japan,JP,Ehime,JP-38,Imabari-shi,"Kasamatsu-yama (Kasamatsu-yama) is a named mountains location in Imabari-shi, Ehime, Japan.",Adventure spots|Natural spots,Mountains,Natural landform,Drivable,33.97917,133.03889,304,354,No,Late spring; Summer; Autumn,images/JP-GN-1896583,,,
JP-GN-6416228,Asa Kawa,Japan,JP,Ehime,JP-38,Oshinden,"Asa Kawa (Asa Kawa) is a named rivers location in Oshinden, Ehime, Japan.",Natural spots,Rivers,Watercourse,Drivable,34.07972,132.99667,9,355,No,Spring; Summer; Autumn,images/JP-GN-6416228,,,
JP-GN-8626981,Kikuma Gawa,Japan,JP,Ehime,JP-38,Kikuma,"Kikuma Gawa (Kikuma Gawa) is a named rivers location in Kikuma, Ehime, Japan.",Natural spots,Rivers,Watercourse,Drivable,34.04009,132.84116,2,356,No,Spring; Summer; Autumn,images/JP-GN-8626981,,,
JP-GN-8626979,Tonda Gawa,Japan,JP,Ehime,JP-38,Kitamura,"Tonda Gawa (Tonda Gawa) is a named rivers location in Kitamura, Ehime, Japan.",Natural spots,Rivers,Watercourse,Drivable,34.03851,133.03669,1,357,No,Spring; Summer; Autumn,images/JP-GN-8626979,,,
JP-GN-6417081,Agono-hana,Japan,JP,Ehime,JP-38,Imabari-shi,"Agono-hana (Agono-hana) is a named seas and coastal areas location in Imabari-shi, Ehime, Japan.",Beach spots,Seas and coastal areas,Coastal feature,Drivable,34.18248,132.93234,5,358,No,Spring; Summer; Autumn,images/JP-GN-6417081,,,
JP-GN-8626419,Funaori Seto,Japan,JP,Ehime,JP-38,Arozu,"Funaori Seto (Funaori Seto) is a named seas and coastal areas location in Arozu, Ehime, Japan.",Beach spots,Seas and coastal areas,Coastal feature,Drivable,34.19327,133.08524,1,359,No,Spring; Summer; Autumn,images/JP-GN-8626419,,,
JP-GN-6417151,Gobori-hana,Japan,JP,Ehime,JP-38,Imabari-shi,"Gobori-hana (Gōbori-hana) is a named seas and coastal areas location in Imabari-shi, Ehime, Japan.",Beach spots,Seas and coastal areas,Coastal feature,Drivable,34.29038,132.98417,20,360,No,Spring; Summer; Autumn,images/JP-GN-6417151,,,
JP-GN-1863468,Habu-saki,Japan,JP,Ehime,JP-38,Niihama Shi,"Habu-saki (Habu-saki) is a named seas and coastal areas location in Niihama Shi, Ehime, Japan.",Beach spots,Seas and coastal areas,Coastal feature,Drivable,33.9908,133.32392,55,361,No,Spring; Summer; Autumn,images/JP-GN-1863468,,,
JP-GN-1863242,Hanaguri Seto,Japan,JP,Ehime,JP-38,Ikata,"Hanaguri Seto (Hanaguri Seto) is a named seas and coastal areas location in Ikata, Ehime, Japan.",Beach spots,Seas and coastal areas,Coastal feature,Drivable,34.21892,133.06129,-9999,362,No,Spring; Summer; Autumn,images/JP-GN-1863242,,,
JP-GN-1863092,Hashihama-wan,Japan,JP,Ehime,JP-38,Namikata,"Hashihama-wan (Hashihama-wan) is a named seas and coastal areas location in Namikata, Ehime, Japan.",Beach spots,Seas and coastal areas,Coastal feature,Drivable,34.11474,132.97027,-9999,363,No,Spring; Summer; Autumn,images/JP-GN-1863092,,,
JP-GN-1860850,Kagami Zaki,Japan,JP,Ehime,JP-38,Higai,"Kagami Zaki (Kagami Zaki) is a named seas and coastal areas location in Higai, Ehime, Japan.",Beach spots,Seas and coastal areas,Coastal feature,Drivable,34.2641,132.96436,-9999,364,No,Spring; Summer; Autumn,images/JP-GN-1860850,,,
JP-GN-1860162,Kannon-saki,Japan,JP,Ehime,JP-38,Minamiuwa-gun,"Kannon-saki (Kannon-saki) is a named seas and coastal areas location in Minamiuwa-gun, Ehime, Japan.",Beach spots,Seas and coastal areas,Coastal feature,Drivable,32.94307,132.43658,24,365,No,Spring; Summer; Autumn,images/JP-GN-1860162,,,
JP-GN-1858855,Komo-saki,Japan,JP,Ehime,JP-38,Minamiuwa-gun,"Komo-saki (Kōmo-saki) is a named seas and coastal areas location in Minamiuwa-gun, Ehime, Japan.",Beach spots,Seas and coastal areas,Coastal feature,Drivable,32.90712,132.47332,-9999,366,No,Spring; Summer; Autumn,images/JP-GN-1858855,,,
JP-GN-1858180,Kurosaki Bana,Japan,JP,Ehime,JP-38,Minamiuwa-gun,"Kurosaki Bana (Kurosaki Bana) is a named seas and coastal areas location in Minamiuwa-gun, Ehime, Japan.",Beach spots,Seas and coastal areas,Coastal feature,Drivable,32.91335,132.5982,18,367,No,Spring; Summer; Autumn,images/JP-GN-1858180,,,
JP-GN-6417108,Matsuga Hana,Japan,JP,Ehime,JP-38,Ochi-gun,"Matsuga Hana (Matsuga Hana) is a named seas and coastal areas location in Ochi-gun, Ehime, Japan.",Beach spots,Seas and coastal areas,Coastal feature,Drivable,34.24958,133.21929,-9999,368,No,Spring; Summer; Autumn,images/JP-GN-6417108,,,
JP-GN-6417124,Nagae Seto,Japan,JP,Ehime,JP-38,Iwagi,"Nagae Seto (Nagae Seto) is a named seas and coastal areas location in Iwagi, Ehime, Japan.",Beach spots,Seas and coastal areas,Coastal feature,Drivable,34.26057,133.16838,-9999,369,No,Spring; Summer; Autumn,images/JP-GN-6417124,,,
JP-GN-1896625,Obe-wan,Japan,JP,Ehime,JP-38,Namikatacho-obe,"Obe-wan (Obe-wan) is a named seas and coastal areas location in Namikatacho-obe, Ehime, Japan.",Beach spots,Seas and coastal areas,Coastal feature,Drivable,34.0918,132.92773,-9999,370,No,Spring; Summer; Autumn,images/JP-GN-1896625,,,
JP-GN-1854660,Oge-seto,Japan,JP,Ehime,JP-38,Sekizen-okamura,"Oge-seto (Ōge-seto) is a named seas and coastal areas location in Sekizen-okamura, Ehime, Japan.",Beach spots,Seas and coastal areas,Coastal feature,Drivable,34.1905,132.91339,-9999,371,No,Spring; Summer; Autumn,images/JP-GN-1854660,,,
JP-GN-6417110,Otakeno-hana,Japan,JP,Ehime,JP-38,Ochi-gun,"Otakeno-hana (Ōtakeno-hana) is a named seas and coastal areas location in Ochi-gun, Ehime, Japan.",Beach spots,Seas and coastal areas,Coastal feature,Drivable,34.28072,133.23761,9,372,No,Spring; Summer; Autumn,images/JP-GN-6417110,,,
JP-GN-6417142,Tatara Misaki,Japan,JP,Ehime,JP-38,Imabari-shi,"Tatara Misaki (Tatara Misaki) is a named seas and coastal areas location in Imabari-shi, Ehime, Japan.",Beach spots,Seas and coastal areas,Coastal feature,Drivable,34.25716,133.05467,38,373,No,Spring; Summer; Autumn,images/JP-GN-6417142,,,
JP-GN-11352309,Tena Hana,Japan,JP,Ehime,JP-38,Imabari-shi,"Tena Hana (Tena Hana) is a named seas and coastal areas location in Imabari-shi, Ehime, Japan.",Beach spots,Seas and coastal areas,Coastal feature,Drivable,34.18394,132.92272,23,374,No,Spring; Summer; Autumn,images/JP-GN-11352309,,,
JP-GN-1849765,Tsubute-zaki,Japan,JP,Ehime,JP-38,Minamiuwa-gun,"Tsubute-zaki (Tsubute-zaki) is a named seas and coastal areas location in Minamiuwa-gun, Ehime, Japan.",Beach spots,Seas and coastal areas,Coastal feature,Drivable,32.9695,132.4704,4,375,No,Spring; Summer; Autumn,images/JP-GN-1849765,,,
JP-GN-9865039,Bushuga Ike,Japan,JP,Fukui,JP-18,Amagatanicho,"Bushuga Ike (Bushūga Ike) is a named lakes location in Amagatanicho, Fukui, Japan.",Natural spots,Lakes,Inland water body,Drivable,36.01375,136.02184,284,376,No,Spring; Summer; Autumn,images/JP-GN-9865039,,,
JP-GN-6697545,Akausagi-yama,Japan,JP,Fukui,JP-18,Ono Shi,"Akausagi-yama (Akausagi-yama) is a named mountains location in Ono Shi, Fukui, Japan.",Adventure spots|Natural spots,Mountains,Natural landform,Drivable,36.06742,136.66211,1628,377,No,Late spring; Summer; Autumn,images/JP-GN-6697545,,,
JP-GN-6415295,Amagoze-yama,Japan,JP,Fukui,JP-18,Nanjo-gun,"Amagoze-yama (Amagoze-yama) is a named mountains location in Nanjo-gun, Fukui, Japan.",Adventure spots|Natural spots,Mountains,Natural landform,Drivable,35.80814,136.0873,400,378,No,Late spring; Summer; Autumn,images/JP-GN-6415295,,,
JP-GN-1865270,Aoba-yama,Japan,JP,Fukui,JP-18,Oi-gun,"Aoba-yama (Aoba-yama) is a named mountains location in Oi-gun, Fukui, Japan.",Adventure spots|Natural spots,Mountains,Natural landform,Drivable,35.50519,135.48348,669,379,No,Late spring; Summer; Autumn,images/JP-GN-1865270,,,
JP-GN-6697502,Arashima-dake,Japan,JP,Fukui,JP-18,Ono Shi,"Arashima-dake (Arashima-dake) is a named mountains location in Ono Shi, Fukui, Japan.",Adventure spots|Natural spots,Mountains,Natural landform,Drivable,35.93424,136.60126,1523,380,No,Late spring; Summer; Autumn,images/JP-GN-6697502,,,
JP-GN-6697517,Asuwa-yama,Japan,JP,Fukui,JP-18,Fukui-shi,"Asuwa-yama (Asuwa-yama) is a named mountains location in Fukui-shi, Fukui, Japan.",Adventure spots|Natural spots,Mountains,Natural landform,Drivable,36.0508,136.20043,116,381,No,Late spring; Summer; Autumn,images/JP-GN-6697517,,,
JP-GN-1864804,Banjo-dake,Japan,JP,Fukui,JP-18,Mikatakaminaka-gun,"Banjo-dake (Banjō-dake) is a named mountains location in Mikatakaminaka-gun, Fukui, Japan.",Adventure spots|Natural spots,Mountains,Natural landform,Drivable,35.60114,135.86861,400,382,No,Late spring; Summer; Autumn,images/JP-GN-1864804,,,
JP-GN-9865321,Daibutsuji San,Japan,JP,Fukui,JP-18,Yoshida Gun,"Daibutsuji San (Daibutsuji San) is a named mountains location in Yoshida Gun, Fukui, Japan.",Adventure spots|Natural spots,Mountains,Natural landform,Drivable,36.05147,136.37672,776,383,No,Late spring; Summer; Autumn,images/JP-GN-9865321,,,
JP-GN-1864471,Daicho-zan,Japan,JP,Fukui,JP-18,Katsuyama Shi,"Daicho-zan (Daicho-zan) is a named mountains location in Katsuyama Shi, Fukui, Japan.",Adventure spots|Natural spots,Mountains,Natural landform,Drivable,36.09059,136.65138,1671,384,No,Late spring; Summer; Autumn,images/JP-GN-1864471,,,
JP-GN-1863900,Funagabora-yama,Japan,JP,Fukui,JP-18,Nanjo-gun,"Funagabora-yama (Funagabora-yama) is a named mountains location in Nanjo-gun, Fukui, Japan.",Adventure spots|Natural spots,Mountains,Natural landform,Drivable,35.7114,136.2109,795,385,No,Late spring; Summer; Autumn,images/JP-GN-1863900,,,
JP-GN-6931116,Garagara-yama,Japan,JP,Fukui,JP-18,Fukui-shi,"Garagara-yama (Garagara-yama) is a named mountains location in Fukui-shi, Fukui, Japan.",Adventure spots|Natural spots,Mountains,Natural landform,Drivable,36.0044,135.99169,407,386,No,Late spring; Summer; Autumn,images/JP-GN-6931116,,,
JP-GN-6697555,Gemanpo,Japan,JP,Fukui,JP-18,Ono Shi,"Gemanpo (Gemanpo) is a named mountains location in Ono Shi, Fukui, Japan.",Adventure spots|Natural spots,Mountains,Natural landform,Drivable,35.88682,136.46461,1440,387,No,Late spring; Summer; Autumn,images/JP-GN-6697555,,,
JP-GN-1863460,Hachiga-mine,Japan,JP,Fukui,JP-18,Oi-gun,"Hachiga-mine (Hachiga-mine) is a named mountains location in Oi-gun, Fukui, Japan.",Adventure spots|Natural spots,Mountains,Natural landform,Drivable,35.35728,135.66811,775,388,No,Late spring; Summer; Autumn,images/JP-GN-1863460,,,
JP-GN-6697521,Hatibuse-yama,Japan,JP,Fukui,JP-18,Tsuruga Shi,"Hatibuse-yama (Hatibuse-yama) is a named mountains location in Tsuruga Shi, Fukui, Japan.",Adventure spots|Natural spots,Mountains,Natural landform,Drivable,35.72143,136.13391,761,389,No,Late spring; Summer; Autumn,images/JP-GN-6697521,,,
JP-GN-1862923,Heikega-dake,Japan,JP,Fukui,JP-18,Ono Shi,"Heikega-dake (Heikega-dake) is a named mountains location in Ono Shi, Fukui, Japan.",Adventure spots|Natural spots,Mountains,Natural landform,Drivable,35.80974,136.71867,1442,390,No,Late spring; Summer; Autumn,images/JP-GN-1862923,,,
JP-GN-6697529,Heko-san,Japan,JP,Fukui,JP-18,Imadate-gun,"Heko-san (Heko-san) is a named mountains location in Imadate-gun, Fukui, Japan.",Adventure spots|Natural spots,Mountains,Natural landform,Drivable,35.88585,136.43887,1464,391,No,Late spring; Summer; Autumn,images/JP-GN-6697529,,,
JP-GN-6697503,Hino-san,Japan,JP,Fukui,JP-18,Nanjo-gun,"Hino-san (Hino-san) is a named mountains location in Nanjo-gun, Fukui, Japan.",Adventure spots|Natural spots,Mountains,Natural landform,Drivable,35.85907,136.20729,794,392,No,Late spring; Summer; Autumn,images/JP-GN-6697503,,,
JP-GN-9864780,Hitomoshi Yama,Japan,JP,Fukui,JP-18,Sakai-shi,"Hitomoshi Yama (Hitomoshi Yama) is a named mountains location in Sakai-shi, Fukui, Japan.",Adventure spots|Natural spots,Mountains,Natural landform,Drivable,36.1651,136.35798,777,393,No,Late spring; Summer; Autumn,images/JP-GN-9864780,,,
JP-GN-6940994,Honoke-yama,Japan,JP,Fukui,JP-18,Nanjo-gun,"Honoke-yama (Honoke-yama) is a named mountains location in Nanjo-gun, Fukui, Japan.",Adventure spots|Natural spots,Mountains,Natural landform,Drivable,35.79895,136.13983,720,394,No,Late spring; Summer; Autumn,images/JP-GN-6940994,,,
JP-GN-8661913,Hoonji Yama,Japan,JP,Fukui,JP-18,Katsuyama Shi,"Hoonji Yama (Hōonji Yama) is a named mountains location in Katsuyama Shi, Fukui, Japan.",Adventure spots|Natural spots,Mountains,Natural landform,Drivable,36.06322,136.59763,1342,395,No,Late spring; Summer; Autumn,images/JP-GN-8661913,,,
JP-GN-6697548,Houonji-san,Japan,JP,Fukui,JP-18,Katsuyama Shi,"Houonji-san (Houonji-san) is a named mountains location in Katsuyama Shi, Fukui, Japan.",Adventure spots|Natural spots,Mountains,Natural landform,Drivable,36.06325,136.59748,1356,396,No,Late spring; Summer; Autumn,images/JP-GN-6697548,,,
JP-GN-8661264,Asamutsu Gawa,Japan,JP,Fukui,JP-18,Fuchi,"Asamutsu Gawa (Asamutsu Gawa) is a named rivers location in Fuchi, Fukui, Japan.",Natural spots,Rivers,Watercourse,Drivable,36.03417,136.18319,4,397,No,Spring; Summer; Autumn,images/JP-GN-8661264,,,
JP-GN-9865242,Ashimi Gawa,Japan,JP,Fukui,JP-18,Shinagasecho,"Ashimi Gawa (Ashimi Gawa) is a named rivers location in Shinagasecho, Fukui, Japan.",Natural spots,Rivers,Watercourse,Drivable,36.01729,136.3555,65,398,No,Spring; Summer; Autumn,images/JP-GN-9865242,,,
JP-GN-8661349,Hyogo Gawa,Japan,JP,Fukui,JP-18,Mikunicho-fujisawa,"Hyogo Gawa (Hyōgo Gawa) is a named rivers location in Mikunicho-fujisawa, Fukui, Japan.",Natural spots,Rivers,Watercourse,Drivable,36.20612,136.16521,1,399,No,Spring; Summer; Autumn,images/JP-GN-8661349,,,
JP-GN-8661761,Iburibashi Gawa,Japan,JP,Fukui,JP-18,Uneichinono,"Iburibashi Gawa (Iburibashi Gawa) is a named rivers location in Uneichinono, Fukui, Japan.",Natural spots,Rivers,Watercourse,Drivable,36.34587,136.38634,1,400,No,Spring; Summer; Autumn,images/JP-GN-8661761,,,
JP-GN-8661351,Isobe Gawa,Japan,JP,Fukui,JP-18,Haruecho-ishizuka,"Isobe Gawa (Isobe Gawa) is a named rivers location in Haruecho-ishizuka, Fukui, Japan.",Natural spots,Rivers,Watercourse,Drivable,36.13861,136.17756,0,401,No,Spring; Summer; Autumn,images/JP-GN-8661351,,,
JP-GN-8661691,Iwaya Gawa,Japan,JP,Fukui,JP-18,Kitagocho-bandojima,"Iwaya Gawa (Iwaya Gawa) is a named rivers location in Kitagocho-bandojima, Fukui, Japan.",Natural spots,Rivers,Watercourse,Drivable,36.08426,136.40504,66,402,No,Spring; Summer; Autumn,images/JP-GN-8661691,,,
JP-GN-8661262,Kitsune Gawa,Japan,JP,Fukui,JP-18,Shimoichicho,"Kitsune Gawa (Kitsune Gawa) is a named rivers location in Shimoichicho, Fukui, Japan.",Natural spots,Rivers,Watercourse,Drivable,36.07109,136.17283,3,403,No,Spring; Summer; Autumn,images/JP-GN-8661262,,,
JP-GN-9864998,Nimaida Gawa,Japan,JP,Fukui,JP-18,Minocho,"Nimaida Gawa (Nimaida Gawa) is a named rivers location in Minocho, Fukui, Japan.",Natural spots,Rivers,Watercourse,Drivable,36.12846,136.05704,7,404,No,Spring; Summer; Autumn,images/JP-GN-9864998,,,
JP-GN-6415323,Ochiai-kawa,Japan,JP,Fukui,JP-18,Takenami,"Ochiai-kawa (Ochiai-kawa) is a named rivers location in Takenami, Fukui, Japan.",Natural spots,Rivers,Watercourse,Drivable,35.69833,135.97556,4,405,No,Spring; Summer; Autumn,images/JP-GN-6415323,,,
JP-GN-8661261,Shizu Gawa,Japan,JP,Fukui,JP-18,Higashi-shimonocho,"Shizu Gawa (Shizu Gawa) is a named rivers location in Higashi-shimonocho, Fukui, Japan.",Natural spots,Rivers,Watercourse,Drivable,36.05952,136.16421,5,406,No,Spring; Summer; Autumn,images/JP-GN-8661261,,,
JP-GN-1857893,Shono Gawa,Japan,JP,Fukui,JP-18,Horaicho,"Shono Gawa (Shono Gawa) is a named rivers location in Horaicho, Fukui, Japan.",Natural spots,Rivers,Watercourse,Drivable,35.65889,136.06667,3,407,No,Spring; Summer; Autumn,images/JP-GN-1857893,,,
JP-GN-8661949,Sugiyama Gawa,Japan,JP,Fukui,JP-18,Kitarokuroshi,"Sugiyama Gawa (Sugiyama Gawa) is a named rivers location in Kitarokuroshi, Fukui, Japan.",Natural spots,Rivers,Watercourse,Drivable,36.09786,136.53851,253,408,No,Spring; Summer; Autumn,images/JP-GN-8661949,,,
JP-GN-1865277,Antou-saki,Japan,JP,Fukui,JP-18,Sakai-shi,"Antou-saki (Antou-saki) is a named seas and coastal areas location in Sakai-shi, Fukui, Japan.",Beach spots,Seas and coastal areas,Coastal feature,Drivable,36.24953,136.12327,-9999,409,No,Spring; Summer; Autumn,images/JP-GN-1865277,,,
JP-GN-1864250,Echizen-misaki,Japan,JP,Fukui,JP-18,Nyu-gun,"Echizen-misaki (Echizen-misaki) is a named seas and coastal areas location in Nyu-gun, Fukui, Japan.",Beach spots,Seas and coastal areas,Coastal feature,Drivable,35.98169,135.95787,-9999,410,No,Spring; Summer; Autumn,images/JP-GN-1864250,,,
JP-GN-1858650,Kotte-saki,Japan,JP,Fukui,JP-18,Mikata-gun,"Kotte-saki (Kotte-saki) is a named seas and coastal areas location in Mikata-gun, Fukui, Japan.",Beach spots,Seas and coastal areas,Coastal feature,Drivable,35.72167,135.955,41,411,No,Spring; Summer; Autumn,images/JP-GN-1858650,,,
JP-GN-1858173,Kuro-saki,Japan,JP,Fukui,JP-18,Mikata-gun,"Kuro-saki (Kuro-saki) is a named seas and coastal areas location in Mikata-gun, Fukui, Japan.",Beach spots,Seas and coastal areas,Coastal feature,Drivable,35.634,135.95435,-9999,412,No,Spring; Summer; Autumn,images/JP-GN-1858173,,,
JP-GN-1857537,Matsuga-saki,Japan,JP,Fukui,JP-18,Tsuruga Shi,"Matsuga-saki (Matsuga-saki) is a named seas and coastal areas location in Tsuruga Shi, Fukui, Japan.",Beach spots,Seas and coastal areas,Coastal feature,Drivable,35.70425,136.07935,-9999,413,No,Spring; Summer; Autumn,images/JP-GN-1857537,,,
JP-GN-1856178,Naga-saki,Japan,JP,Fukui,JP-18,Obama-shi,"Naga-saki (Naga-saki) is a named seas and coastal areas location in Obama-shi, Fukui, Japan.",Beach spots,Seas and coastal areas,Coastal feature,Drivable,35.56667,135.71667,159,414,No,Spring; Summer; Autumn,images/JP-GN-1856178,,,
JP-GN-1854842,Obama-wan,Japan,JP,Fukui,JP-18,Katsumi,"Obama-wan (Obama-wan) is a named seas and coastal areas location in Katsumi, Fukui, Japan.",Beach spots,Seas and coastal areas,Coastal feature,Drivable,35.5106,135.68931,-9999,415,No,Spring; Summer; Autumn,images/JP-GN-1854842,,,
JP-GN-1852566,Shichija Bana,Japan,JP,Fukui,JP-18,Katsumi,"Shichija Bana (Shichija Bana) is a named seas and coastal areas location in Katsumi, Fukui, Japan.",Beach spots,Seas and coastal areas,Coastal feature,Drivable,35.56667,135.75,-9999,416,No,Spring; Summer; Autumn,images/JP-GN-1852566,,,
JP-GN-1851683,Shomen-zaki,Japan,JP,Fukui,JP-18,Oi-gun,"Shomen-zaki (Shōmen-zaki) is a named seas and coastal areas location in Oi-gun, Fukui, Japan.",Beach spots,Seas and coastal areas,Coastal feature,Drivable,35.55765,135.48623,38,417,No,Spring; Summer; Autumn,images/JP-GN-1851683,,,
JP-GN-6415244,Tai-saki,Japan,JP,Fukui,JP-18,Mariyama,"Tai-saki (Tai-saki) is a named seas and coastal areas location in Mariyama, Fukui, Japan.",Beach spots,Seas and coastal areas,Coastal feature,Drivable,35.68031,136.0734,-9999,418,No,Spring; Summer; Autumn,images/JP-GN-6415244,,,
JP-GN-1851145,Takahama-wan,Japan,JP,Fukui,JP-18,Takahama,"Takahama-wan (Takahama-wan) is a named seas and coastal areas location in Takahama, Fukui, Japan.",Beach spots,Seas and coastal areas,Coastal feature,Drivable,35.51235,135.54957,-9999,419,No,Spring; Summer; Autumn,images/JP-GN-1851145,,,
JP-GN-1850543,Tateishi-misaki,Japan,JP,Fukui,JP-18,Tsuruga Shi,"Tateishi-misaki (Tateishi-misaki) is a named seas and coastal areas location in Tsuruga Shi, Fukui, Japan.",Beach spots,Seas and coastal areas,Coastal feature,Drivable,35.76365,136.01778,17,420,No,Spring; Summer; Autumn,images/JP-GN-1850543,,,
JP-GN-1849624,Tsunegami-saki,Japan,JP,Fukui,JP-18,Mikata-gun,"Tsunegami-saki (Tsunegami-saki) is a named seas and coastal areas location in Mikata-gun, Fukui, Japan.",Beach spots,Seas and coastal areas,Coastal feature,Drivable,35.64195,135.81505,26,421,No,Spring; Summer; Autumn,images/JP-GN-1849624,,,
JP-GN-1849585,Tsuruga-wan,Japan,JP,Fukui,JP-18,Tsuruga Shi,"Tsuruga-wan (Tsuruga-wan) is a named seas and coastal areas location in Tsuruga Shi, Fukui, Japan.",Beach spots,Seas and coastal areas,Coastal feature,Drivable,35.71569,136.06427,-9999,422,No,Spring; Summer; Autumn,images/JP-GN-1849585,,,
JP-GN-1848493,Yashiro-wan,Japan,JP,Fukui,JP-18,Tagarasu,"Yashiro-wan (Yashiro-wan) is a named seas and coastal areas location in Tagarasu, Fukui, Japan.",Beach spots,Seas and coastal areas,Coastal feature,Drivable,35.54596,135.80847,-9999,423,No,Spring; Summer; Autumn,images/JP-GN-1848493,,,
JP-GN-1865266,Ao-hama,Japan,JP,Fukuoka,JP-40,Kitakyushu-shi,"Ao-hama (Ao-hama) is a named beaches location in Kitakyushu-shi, Fukuoka, Japan.",Beach spots,Beaches,Coastal recreation area,Drivable,33.95,131.01667,30,424,No,Summer,images/JP-GN-1865266,,,
JP-GN-10310806,Ashiya Kaigan,Japan,JP,Fukuoka,JP-40,Onga-gun,"Ashiya Kaigan (Ashiya Kaigan) is a named beaches location in Onga-gun, Fukuoka, Japan.",Beach spots,Beaches,Coastal recreation area,Drivable,33.88837,130.64418,-9999,425,No,Summer,images/JP-GN-10310806,,,
JP-GN-12514068,Fukuhama Beach,Japan,JP,Fukuoka,JP-40,Fukuoka-shi,"Fukuhama Beach (Fukuhama Beach) is a named beaches location in Fukuoka-shi, Fukuoka, Japan.",Beach spots,Beaches,Coastal recreation area,Drivable,33.60075,130.36694,-9999,426,No,Summer,images/JP-GN-12514068,,,
JP-GN-9888164,Katsuura Hama,Japan,JP,Fukuoka,JP-40,Fukutsu Shi,"Katsuura Hama (Katsuura Hama) is a named beaches location in Fukutsu Shi, Fukuoka, Japan.",Beach spots,Beaches,Coastal recreation area,Drivable,33.83655,130.48064,6,427,No,Summer,images/JP-GN-9888164,,,
JP-GN-1855702,Namaitaga-hama,Japan,JP,Fukuoka,JP-40,Matsubara,"Namaitaga-hama (Namaitaga-hama) is a named beaches location in Matsubara, Fukuoka, Japan.",Beach spots,Beaches,Coastal recreation area,Drivable,33.9,130.91667,-9999,428,No,Summer,images/JP-GN-1855702,,,
JP-GN-10310913,Natsuiga Hama,Japan,JP,Fukuoka,JP-40,Onga-gun,"Natsuiga Hama (Natsuiga Hama) is a named beaches location in Onga-gun, Fukuoka, Japan.",Beach spots,Beaches,Coastal recreation area,Drivable,33.91518,130.66774,6,429,No,Summer,images/JP-GN-10310913,,,
JP-GN-9888189,Shingu Hama,Japan,JP,Fukuoka,JP-40,Kasuya-gun,"Shingu Hama (Shingū Hama) is a named beaches location in Kasuya-gun, Fukuoka, Japan.",Beach spots,Beaches,Coastal recreation area,Drivable,33.71953,130.43868,5,430,No,Summer,images/JP-GN-9888189,,,
JP-GN-10317549,Fudo Do,Japan,JP,Fukuoka,JP-40,Yukuhashi Shi,"Fudo Do (Fudō Dō) is a named caves location in Yukuhashi Shi, Fukuoka, Japan.",Natural spots,Caves,Natural cave,Drivable,33.75158,130.90312,259,431,No,Spring; Summer; Autumn,images/JP-GN-10317549,,,
JP-GN-10353183,Hikarimizu Shonyudo,Japan,JP,Fukuoka,JP-40,Kitakyushu-shi,"Hikarimizu Shonyudo (Hikarimizu Shōnyūdō) is a named caves location in Kitakyushu-shi, Fukuoka, Japan.",Natural spots,Caves,Natural cave,Drivable,33.74463,130.89061,394,432,No,Spring; Summer; Autumn,images/JP-GN-10353183,,,
JP-GN-10317548,Mejiro Do,Japan,JP,Fukuoka,JP-40,Kitakyushu-shi,"Mejiro Do (Mejiro Dō) is a named caves location in Kitakyushu-shi, Fukuoka, Japan.",Natural spots,Caves,Natural cave,Drivable,33.76135,130.90694,432,433,No,Spring; Summer; Autumn,images/JP-GN-10317548,,,
JP-GN-10317546,Ojika Shonyudo,Japan,JP,Fukuoka,JP-40,Kitakyushu-shi,"Ojika Shonyudo (Ojika Shōnyūdō) is a named caves location in Kitakyushu-shi, Fukuoka, Japan.",Natural spots,Caves,Natural cave,Drivable,33.75492,130.89597,359,434,No,Spring; Summer; Autumn,images/JP-GN-10317546,,,
JP-GN-10317550,Seiryu Kutsu,Japan,JP,Fukuoka,JP-40,Kitakyushu-shi,"Seiryu Kutsu (Seiryū Kutsu) is a named caves location in Kitakyushu-shi, Fukuoka, Japan.",Natural spots,Caves,Natural cave,Drivable,33.76669,130.91526,442,435,No,Spring; Summer; Autumn,images/JP-GN-10317550,,,
JP-GN-10317547,Senbutsu Shonyudo,Japan,JP,Fukuoka,JP-40,Kitakyushu-shi,"Senbutsu Shonyudo (Senbutsu Shōnyūdō) is a named caves location in Kitakyushu-shi, Fukuoka, Japan.",Natural spots,Caves,Natural cave,Drivable,33.75489,130.90538,329,436,No,Spring; Summer; Autumn,images/JP-GN-10317547,,,
JP-GN-10259628,Kinukakeno Mori,Japan,JP,Fukuoka,JP-40,Umi,"Kinukakeno Mori (Kinukakeno Mori) is a named forests location in Umi, Fukuoka, Japan.",Natural spots,Forests,Forest area,Drivable,33.5706,130.50902,39,437,No,Spring; Summer; Autumn,images/JP-GN-10259628,,,
JP-GN-10269664,Kyushu Daigaku Kasuya Enshurin,Japan,JP,Fukuoka,JP-40,Tsubakuro,"Kyushu Daigaku Kasuya Enshurin (Kyūshū Daigaku Kasuya Enshūrin) is a named forests location in Tsubakuro, Fukuoka, Japan.",Natural spots,Forests,Forest area,Drivable,33.63624,130.51148,54,438,No,Spring; Summer; Autumn,images/JP-GN-10269664,,,
JP-GN-10310147,Sanri Matsubara,Japan,JP,Fukuoka,JP-40,Yoshiki,"Sanri Matsubara (Sanri Matsubara) is a named forests location in Yoshiki, Fukuoka, Japan.",Natural spots,Forests,Forest area,Drivable,33.87669,130.60583,13,439,No,Spring; Summer; Autumn,images/JP-GN-10310147,,,
JP-GN-10309507,Satsuki Matsubara,Japan,JP,Fukuoka,JP-40,Eguchi,"Satsuki Matsubara (Satsuki Matsubara) is a named forests location in Eguchi, Fukuoka, Japan.",Natural spots,Forests,Forest area,Drivable,33.85785,130.51521,13,440,No,Spring; Summer; Autumn,images/JP-GN-10309507,,,
JP-GN-10259629,Yubutano Mori,Japan,JP,Fukuoka,JP-40,Umi,"Yubutano Mori (Yubutano Mori) is a named forests location in Umi, Fukuoka, Japan.",Natural spots,Forests,Forest area,Drivable,33.56995,130.50833,40,441,No,Spring; Summer; Autumn,images/JP-GN-10259629,,,
JP-GN-12719748,Daijo-ji Ruins,Japan,JP,Fukuoka,JP-40,Fukuoka-shi,"Daijo-ji Ruins (Daijō-ji Ruins) is a named monuments location in Fukuoka-shi, Fukuoka, Japan.",Historical spots,Monuments,Public historic site or monument,Drivable,33.59389,130.40972,2,442,No,Year-round,images/JP-GN-12719748,,,
JP-GN-12719762,Daijo-ji Ruins Anchor Stone,Japan,JP,Fukuoka,JP-40,Fukuoka-shi,"Daijo-ji Ruins Anchor Stone (Daijō-ji Ruins Anchor Stone) is a named monuments location in Fukuoka-shi, Fukuoka, Japan.",Historical spots,Monuments,Public historic site or monument,Drivable,33.5941,130.40959,2,443,No,Year-round,images/JP-GN-12719762,,,
JP-GN-12680290,Donation Stela to Kawakami Otojiro,Japan,JP,Fukuoka,JP-40,Fukuoka-shi,"Donation Stela to Kawakami Otojiro (Donation Stela to Kawakami Otojirō) is a named monuments location in Fukuoka-shi, Fukuoka, Japan.",Historical spots,Monuments,Public historic site or monument,Drivable,33.59307,130.41031,2,444,No,Year-round,images/JP-GN-12680290,,,
JP-GN-13580141,European Dream,Japan,JP,Fukuoka,JP-40,Fukuoka-shi,"European Dream (European Dream) is a named monuments location in Fukuoka-shi, Fukuoka, Japan.",Historical spots,Monuments,Public historic site or monument,Drivable,33.59151,130.39905,7,445,No,Year-round,images/JP-GN-13580141,,,
JP-GN-13607889,Former Daimyo Elementary School Flagstaff Foundation Stone,Japan,JP,Fukuoka,JP-40,Fukuoka-shi,"Former Daimyo Elementary School Flagstaff Foundation Stone (Former Daimyō Elementary School Flagstaff Foundation Stone) is a named monuments location in Fukuoka-shi, Fukuoka, Japan.",Historical spots,Monuments,Public historic site or monument,Drivable,33.5888,130.39458,7,446,No,Year-round,images/JP-GN-13607889,,,
JP-GN-12808947,Hakata Large Clock,Japan,JP,Fukuoka,JP-40,Fukuoka-shi,"Hakata Large Clock (Hakata Large Clock) is a named monuments location in Fukuoka-shi, Fukuoka, Japan.",Historical spots,Monuments,Public historic site or monument,Drivable,33.59025,130.41967,7,447,No,Year-round,images/JP-GN-12808947,,,
JP-GN-12572072,Hirao Hut,Japan,JP,Fukuoka,JP-40,Fukuoka-shi,"Hirao Hut (Hirao Hut) is a named monuments location in Fukuoka-shi, Fukuoka, Japan.",Historical spots,Monuments,Public historic site or monument,Drivable,33.57181,130.39769,30,448,No,Year-round,images/JP-GN-12572072,,,
JP-GN-13191965,Jizo Bosatsuzo Iatabi,Japan,JP,Fukuoka,JP-40,Fukuoka-shi,"Jizo Bosatsuzo Iatabi (Jizō Bosatsuzō Iatabi) is a named monuments location in Fukuoka-shi, Fukuoka, Japan.",Historical spots,Monuments,Public historic site or monument,Drivable,33.59411,130.4096,2,449,No,Year-round,images/JP-GN-13191965,,,
JP-GN-13192139,Kankyo Joka no To,Japan,JP,Fukuoka,JP-40,Fukuoka-shi,"Kankyo Joka no To (Kankyō Jōka no Tō) is a named monuments location in Fukuoka-shi, Fukuoka, Japan.",Historical spots,Monuments,Public historic site or monument,Drivable,33.59303,130.40432,2,450,No,Year-round,images/JP-GN-13192139,,,
JP-GN-12640071,Kazariyama in the precinct of Kushida Shrine,Japan,JP,Fukuoka,JP-40,Fukuoka-shi,"Kazariyama in the precinct of Kushida Shrine (Kazariyama in the precinct of Kushida Shrine) is a named monuments location in Fukuoka-shi, Fukuoka, Japan.",Historical spots,Monuments,Public historic site or monument,Drivable,33.59283,130.41056,2,451,No,Year-round,images/JP-GN-12640071,,,
JP-GN-10316646,Kokurajo Ato,Japan,JP,Fukuoka,JP-40,Kitakyushu-shi,"Kokurajo Ato (Kokurajō Ato) is a named monuments location in Kitakyushu-shi, Fukuoka, Japan.",Historical spots,Monuments,Public historic site or monument,Drivable,33.88447,130.87425,11,452,No,Year-round,images/JP-GN-10316646,,,
JP-GN-12719673,Kushida's First Anchor Stone,Japan,JP,Fukuoka,JP-40,Fukuoka-shi,"Kushida's First Anchor Stone (Kushida's First Anchor Stone) is a named monuments location in Fukuoka-shi, Fukuoka, Japan.",Historical spots,Monuments,Public historic site or monument,Drivable,33.59311,130.41117,2,453,No,Year-round,images/JP-GN-12719673,,,
JP-GN-12719711,Kushida's Second Anchor Stone,Japan,JP,Fukuoka,JP-40,Fukuoka-shi,"Kushida's Second Anchor Stone (Kushida's Second Anchor Stone) is a named monuments location in Fukuoka-shi, Fukuoka, Japan.",Historical spots,Monuments,Public historic site or monument,Drivable,33.59303,130.41122,2,454,No,Year-round,images/JP-GN-12719711,,,
JP-GN-13192007,O-Pump-sama,Japan,JP,Fukuoka,JP-40,Fukuoka-shi,"O-Pump-sama (O-Pump-sama) is a named monuments location in Fukuoka-shi, Fukuoka, Japan.",Historical spots,Monuments,Public historic site or monument,Drivable,33.59633,130.41122,2,455,No,Year-round,images/JP-GN-13192007,,,
JP-GN-12574146,Sanskrit Engraved Stone Monument with the year of 1366,Japan,JP,Fukuoka,JP-40,Fukuoka-shi,"Sanskrit Engraved Stone Monument with the year of 1366 (Sanskrit Engraved Stone Monument with the year of 1366) is a named monuments location in Fukuoka-shi, Fukuoka, Japan.",Historical spots,Monuments,Public historic site or monument,Drivable,33.62662,130.43324,1,456,No,Year-round,images/JP-GN-12574146,,,
JP-GN-12954007,Shofuku-ji Precinct,Japan,JP,Fukuoka,JP-40,Fukuoka-shi,"Shofuku-ji Precinct (Shōfuku-ji Precinct) is a named monuments location in Fukuoka-shi, Fukuoka, Japan.",Historical spots,Monuments,Public historic site or monument,Drivable,33.59747,130.41464,2,457,No,Year-round,images/JP-GN-12954007,,,
JP-GN-13157301,Stela at the site of Yanangaike-jinja,Japan,JP,Fukuoka,JP-40,Fukuoka-shi,"Stela at the site of Yanangaike-jinja (Stela at the site of Yanangaike-jinja) is a named monuments location in Fukuoka-shi, Fukuoka, Japan.",Historical spots,Monuments,Public historic site or monument,Drivable,33.59711,130.40897,2,458,No,Year-round,images/JP-GN-13157301,,,
JP-GN-13236412,Stela for former Akamamachi,Japan,JP,Fukuoka,JP-40,Fukuoka-shi,"Stela for former Akamamachi (Stela for former Akamamachi) is a named monuments location in Fukuoka-shi, Fukuoka, Japan.",Historical spots,Monuments,Public historic site or monument,Drivable,33.59542,130.41144,2,459,No,Year-round,images/JP-GN-13236412,,,
JP-GN-13275282,Stela for former Kata-doimachi,Japan,JP,Fukuoka,JP-40,Fukuoka-shi,"Stela for former Kata-doimachi (Stela for former Kata-doimachi) is a named monuments location in Fukuoka-shi, Fukuoka, Japan.",Historical spots,Monuments,Public historic site or monument,Drivable,33.59569,130.40694,2,460,No,Year-round,images/JP-GN-13275282,,,
JP-GN-12902616,Stela for former Kawaramachi,Japan,JP,Fukuoka,JP-40,Fukuoka-shi,"Stela for former Kawaramachi (Stela for former Kawaramachi) is a named monuments location in Fukuoka-shi, Fukuoka, Japan.",Historical spots,Monuments,Public historic site or monument,Drivable,33.5909,130.41198,5,461,No,Year-round,images/JP-GN-12902616,,,
JP-GN-13284777,Stela for former Koyamachi,Japan,JP,Fukuoka,JP-40,Fukuoka-shi,"Stela for former Koyamachi (Stela for former Kōyamachi) is a named monuments location in Fukuoka-shi, Fukuoka, Japan.",Historical spots,Monuments,Public historic site or monument,Drivable,33.58772,130.39507,7,462,No,Year-round,images/JP-GN-13284777,,,
JP-GN-12902699,Stela for former Narayaban,Japan,JP,Fukuoka,JP-40,Fukuoka-shi,"Stela for former Narayaban (Stela for former Narayaban) is a named monuments location in Fukuoka-shi, Fukuoka, Japan.",Historical spots,Monuments,Public historic site or monument,Drivable,33.5987,130.40634,2,463,No,Year-round,images/JP-GN-12902699,,,
JP-GN-12902655,Stela for former Saihojimaemachi,Japan,JP,Fukuoka,JP-40,Fukuoka-shi,"Stela for former Saihojimaemachi (Stela for former Saihōjimaemachi) is a named monuments location in Fukuoka-shi, Fukuoka, Japan.",Historical spots,Monuments,Public historic site or monument,Drivable,33.59861,130.40448,2,464,No,Year-round,images/JP-GN-12902655,,,
JP-GN-13631567,Stela for former Shimotatecho,Japan,JP,Fukuoka,JP-40,Fukuoka-shi,"Stela for former Shimotatecho (Stela for former Shimotatechō) is a named monuments location in Fukuoka-shi, Fukuoka, Japan.",Historical spots,Monuments,Public historic site or monument,Drivable,33.60191,130.40836,1,465,No,Year-round,images/JP-GN-13631567,,,
JP-GN-12750314,Stela for the birthplace of Kyushu Railway,Japan,JP,Fukuoka,JP-40,Fukuoka-shi,"Stela for the birthplace of Kyushu Railway (Stela for the birthplace of Kyūshū Railway) is a named monuments location in Fukuoka-shi, Fukuoka, Japan.",Historical spots,Monuments,Public historic site or monument,Drivable,33.59328,130.41703,3,466,No,Year-round,images/JP-GN-12750314,,,
JP-GN-12902860,"Stele for ""Gosoku no kutsu""",Japan,JP,Fukuoka,JP-40,Fukuoka-shi,"Stele for ""Gosoku no kutsu"" (Stele for ""Gosoku no kutsu"") is a named monuments location in Fukuoka-shi, Fukuoka, Japan.",Historical spots,Monuments,Public historic site or monument,Drivable,33.59318,130.40794,2,467,No,Year-round,images/JP-GN-12902860,,,
JP-GN-12572622,Sun Yat-Sen Monument,Japan,JP,Fukuoka,JP-40,Fukuoka-shi,"Sun Yat-Sen Monument (Sun Yat-Sen Monument) is a named monuments location in Fukuoka-shi, Fukuoka, Japan.",Historical spots,Monuments,Public historic site or monument,Drivable,33.57498,130.38853,18,468,No,Year-round,images/JP-GN-12572622,,,
JP-GN-12648410,War Memorial Cenotaph on Reisen Park,Japan,JP,Fukuoka,JP-40,Fukuoka-shi,"War Memorial Cenotaph on Reisen Park (War Memorial Cenotaph on Reisen Park) is a named monuments location in Fukuoka-shi, Fukuoka, Japan.",Historical spots,Monuments,Public historic site or monument,Drivable,33.59443,130.40883,2,469,No,Year-round,images/JP-GN-12648410,,,
JP-GN-12746850,stela for former Higashimachi,Japan,JP,Fukuoka,JP-40,Fukuoka-shi,"stela for former Higashimachi (stela for former Higashimachi) is a named monuments location in Fukuoka-shi, Fukuoka, Japan.",Historical spots,Monuments,Public historic site or monument,Drivable,33.59872,130.41022,2,470,No,Year-round,images/JP-GN-12746850,,,
JP-GN-12902569,stela for former Kami-oyamamachi,Japan,JP,Fukuoka,JP-40,Fukuoka-shi,"stela for former Kami-oyamamachi (stela for former Kami-oyamamachi) is a named monuments location in Fukuoka-shi, Fukuoka, Japan.",Historical spots,Monuments,Public historic site or monument,Drivable,33.59452,130.41346,2,471,No,Year-round,images/JP-GN-12902569,,,
JP-GN-12746809,stela for former Saimonmachi,Japan,JP,Fukuoka,JP-40,Fukuoka-shi,"stela for former Saimonmachi (stela for former Saimonmachi) is a named monuments location in Fukuoka-shi, Fukuoka, Japan.",Historical spots,Monuments,Public historic site or monument,Drivable,33.59953,130.41328,2,472,No,Year-round,images/JP-GN-12746809,,,
JP-GN-13157455,stela for former Takewakaban,Japan,JP,Fukuoka,JP-40,Fukuoka-shi,"stela for former Takewakaban (stela for former Takewakaban) is a named monuments location in Fukuoka-shi, Fukuoka, Japan.",Historical spots,Monuments,Public historic site or monument,Drivable,33.59503,130.41106,2,473,No,Year-round,images/JP-GN-13157455,,,
JP-GN-12746773,stela for former Uonomachi,Japan,JP,Fukuoka,JP-40,Fukuoka-shi,"stela for former Uonomachi (stela for former Uonomachi) is a named monuments location in Fukuoka-shi, Fukuoka, Japan.",Historical spots,Monuments,Public historic site or monument,Drivable,33.59783,130.41139,2,474,No,Year-round,images/JP-GN-12746773,,,
JP-GN-12909275,tela for former Okunodo,Japan,JP,Fukuoka,JP-40,Fukuoka-shi,"tela for former Okunodo (tela for former Okunodō) is a named monuments location in Fukuoka-shi, Fukuoka, Japan.",Historical spots,Monuments,Public historic site or monument,Drivable,33.59589,130.41286,2,475,No,Year-round,images/JP-GN-12909275,,,
JP-GN-9888304,Abura Yama,Japan,JP,Fukuoka,JP-40,Fukuoka-shi,"Abura Yama (Abura Yama) is a named mountains location in Fukuoka-shi, Fukuoka, Japan.",Adventure spots|Natural spots,Mountains,Natural landform,Drivable,33.51204,130.36449,597,476,No,Late spring; Summer; Autumn,images/JP-GN-9888304,,,
JP-GN-10316520,Adachi Yama,Japan,JP,Fukuoka,JP-40,Kitakyushu-shi,"Adachi Yama (Adachi Yama) is a named mountains location in Kitakyushu-shi, Fukuoka, Japan.",Adventure spots|Natural spots,Mountains,Natural landform,Drivable,33.85948,130.91726,570,477,No,Late spring; Summer; Autumn,images/JP-GN-10316520,,,
JP-GN-10267014,Amanobo,Japan,JP,Fukuoka,JP-40,Miyawaka Shi,"Amanobo (Amanobō) is a named mountains location in Miyawaka Shi, Fukuoka, Japan.",Adventure spots|Natural spots,Mountains,Natural landform,Drivable,33.73819,130.58983,249,478,No,Late spring; Summer; Autumn,images/JP-GN-10267014,,,
JP-GN-10311326,Aragoro San,Japan,JP,Fukuoka,JP-40,Kuraten-gun,"Aragoro San (Aragorō San) is a named mountains location in Kuraten-gun, Fukuoka, Japan.",Adventure spots|Natural spots,Mountains,Natural landform,Drivable,33.80543,130.66353,61,479,No,Late spring; Summer; Autumn,images/JP-GN-10311326,,,
JP-GN-10351839,Asahi Dake,Japan,JP,Fukuoka,JP-40,Tagawa-gun,"Asahi Dake (Asahi Dake) is a named mountains location in Tagawa-gun, Fukuoka, Japan.",Adventure spots|Natural spots,Mountains,Natural landform,Drivable,33.50966,130.83719,576,480,No,Late spring; Summer; Autumn,images/JP-GN-10351839,,,
JP-GN-9915523,Bishamon Yama,Japan,JP,Fukuoka,JP-40,Fukuoka-shi,"Bishamon Yama (Bishamon Yama) is a named mountains location in Fukuoka-shi, Fukuoka, Japan.",Adventure spots|Natural spots,Mountains,Natural landform,Drivable,33.61051,130.26654,89,481,No,Late spring; Summer; Autumn,images/JP-GN-9915523,,,
JP-GN-10311180,Buzenbo Zan,Japan,JP,Fukuoka,JP-40,Onga-gun,"Buzenbo Zan (Buzenbō Zan) is a named mountains location in Onga-gun, Fukuoka, Japan.",Adventure spots|Natural spots,Mountains,Natural landform,Drivable,33.86201,130.68471,46,482,No,Late spring; Summer; Autumn,images/JP-GN-10311180,,,
JP-GN-11338582,Daima Yama,Japan,JP,Fukuoka,JP-40,Omuta Shi,"Daima Yama (Daima Yama) is a named mountains location in Omuta Shi, Fukuoka, Japan.",Adventure spots|Natural spots,Mountains,Natural landform,Drivable,33.04844,130.49361,204,483,No,Late spring; Summer; Autumn,images/JP-GN-11338582,,,
JP-GN-10319181,Dohaku San,Japan,JP,Fukuoka,JP-40,Kitakyushu-shi,"Dohaku San (Dōhaku San) is a named mountains location in Kitakyushu-shi, Fukuoka, Japan.",Adventure spots|Natural spots,Mountains,Natural landform,Drivable,33.87005,130.77317,46,484,No,Late spring; Summer; Autumn,images/JP-GN-10319181,,,
JP-GN-1864144,Fudetate Yama,Japan,JP,Fukuoka,JP-40,Kitakyushu-shi,"Fudetate Yama (Fudetate Yama) is a named mountains location in Kitakyushu-shi, Fukuoka, Japan.",Adventure spots|Natural spots,Mountains,Natural landform,Drivable,33.95297,130.97035,66,485,No,Late spring; Summer; Autumn,images/JP-GN-1864144,,,
JP-GN-9015300,Fukuchi Yama,Japan,JP,Fukuoka,JP-40,Kitakyushu-shi,"Fukuchi Yama (Fukuchi Yama) is a named mountains location in Kitakyushu-shi, Fukuoka, Japan.",Adventure spots|Natural spots,Mountains,Natural landform,Drivable,33.7425,130.80395,879,486,No,Late spring; Summer; Autumn,images/JP-GN-9015300,,,
JP-GN-10311810,Funao Yama,Japan,JP,Fukuoka,JP-40,Kitakyushu-shi,"Funao Yama (Funao Yama) is a named mountains location in Kitakyushu-shi, Fukuoka, Japan.",Adventure spots|Natural spots,Mountains,Natural landform,Drivable,33.89254,130.70811,52,487,No,Late spring; Summer; Autumn,images/JP-GN-10311810,,,
JP-GN-10352637,Funao Yama,Japan,JP,Fukuoka,JP-40,Tagawa Shi,"Funao Yama (Funao Yama) is a named mountains location in Tagawa Shi, Fukuoka, Japan.",Adventure spots|Natural spots,Mountains,Natural landform,Drivable,33.62262,130.76818,206,488,No,Late spring; Summer; Autumn,images/JP-GN-10352637,,,
JP-GN-10353193,Futazaki Yama,Japan,JP,Fukuoka,JP-40,Miyako-gun,"Futazaki Yama (Futazaki Yama) is a named mountains location in Miyako-gun, Fukuoka, Japan.",Adventure spots|Natural spots,Mountains,Natural landform,Drivable,33.74697,130.98991,117,489,No,Late spring; Summer; Autumn,images/JP-GN-10353193,,,
JP-GN-10351882,Ganjaku San,Japan,JP,Fukuoka,JP-40,Tagawa-gun,"Ganjaku San (Ganjaku San) is a named mountains location in Tagawa-gun, Fukuoka, Japan.",Adventure spots|Natural spots,Mountains,Natural landform,Drivable,33.57751,130.8716,445,490,No,Late spring; Summer; Autumn,images/JP-GN-10351882,,,
JP-GN-10310108,Gongen Yama,Japan,JP,Fukuoka,JP-40,Miyawaka Shi,"Gongen Yama (Gongen Yama) is a named mountains location in Miyawaka Shi, Fukuoka, Japan.",Adventure spots|Natural spots,Mountains,Natural landform,Drivable,33.78125,130.6223,311,491,No,Late spring; Summer; Autumn,images/JP-GN-10310108,,,
JP-GN-1929112,Gongen Yama,Japan,JP,Fukuoka,JP-40,Kitakyushu-shi,"Gongen Yama (Gongen Yama) is a named mountains location in Kitakyushu-shi, Fukuoka, Japan.",Adventure spots|Natural spots,Mountains,Natural landform,Drivable,33.84002,130.7902,614,492,No,Late spring; Summer; Autumn,images/JP-GN-1929112,,,
JP-GN-9888384,Gongen Yama,Japan,JP,Fukuoka,JP-40,Nakagawa,"Gongen Yama (Gongen Yama) is a named mountains location in Nakagawa, Fukuoka, Japan.",Adventure spots|Natural spots,Mountains,Natural landform,Drivable,33.42927,130.46069,611,493,No,Late spring; Summer; Autumn,images/JP-GN-9888384,,,
JP-GN-10351277,Goshoga Take,Japan,JP,Fukuoka,JP-40,Yukuhashi Shi,"Goshoga Take (Goshoga Take) is a named mountains location in Yukuhashi Shi, Fukuoka, Japan.",Adventure spots|Natural spots,Mountains,Natural landform,Drivable,33.6733,130.93594,227,494,No,Late spring; Summer; Autumn,images/JP-GN-10351277,,,
JP-GN-10319260,Goto Yama,Japan,JP,Fukuoka,JP-40,Kitakyushu-shi,"Goto Yama (Gōtō Yama) is a named mountains location in Kitakyushu-shi, Fukuoka, Japan.",Adventure spots|Natural spots,Mountains,Natural landform,Drivable,33.85346,130.77703,195,495,No,Late spring; Summer; Autumn,images/JP-GN-10319260,,,
JP-GN-10261732,Aburada Tameike,Japan,JP,Fukuoka,JP-40,Yasutsune,"Aburada Tameike (Aburada Tameike) is a named parks location in Yasutsune, Fukuoka, Japan.",Natural spots,Parks,Public park or protected area,Drivable,33.61444,130.65451,48,496,No,Spring; Summer; Autumn,images/JP-GN-10261732,,,
JP-GN-12625896,Aoba Park,Japan,JP,Fukuoka,JP-40,Fukuoka-shi,"Aoba Park (Aoba Park) is a named parks location in Fukuoka-shi, Fukuoka, Japan.",Natural spots,Parks,Public park or protected area,Drivable,33.64843,130.46222,39,497,No,Spring; Summer; Autumn,images/JP-GN-12625896,,,
JP-GN-12557946,Aratsu Park,Japan,JP,Fukuoka,JP-40,Fukuoka-shi,"Aratsu Park (Aratsu Park) is a named parks location in Fukuoka-shi, Fukuoka, Japan.",Natural spots,Parks,Public park or protected area,Drivable,33.59964,130.37639,-9999,498,No,Spring; Summer; Autumn,images/JP-GN-12557946,,,
JP-GN-12572224,Arita higashi Park,Japan,JP,Fukuoka,JP-40,Fukuoka-shi,"Arita higashi Park (Arita higashi Park) is a named parks location in Fukuoka-shi, Fukuoka, Japan.",Natural spots,Parks,Public park or protected area,Drivable,33.5642,130.33661,12,499,No,Spring; Summer; Autumn,images/JP-GN-12572224,,,
JP-GN-10310807,Ashiya Kaihin Koen,Japan,JP,Fukuoka,JP-40,Onga-gun,"Ashiya Kaihin Koen (Ashiya Kaihin Kōen) is a named parks location in Onga-gun, Fukuoka, Japan.",Natural spots,Parks,Public park or protected area,Drivable,33.8929,130.65469,5,500,No,Spring; Summer; Autumn,images/JP-GN-10310807,,,
JP-GN-12534361,Baikoen Greenway,Japan,JP,Fukuoka,JP-40,Fukuoka-shi,"Baikoen Greenway (Baikōen Greenway) is a named parks location in Fukuoka-shi, Fukuoka, Japan.",Natural spots,Parks,Public park or protected area,Drivable,33.57168,130.37867,9,501,No,Spring; Summer; Autumn,images/JP-GN-12534361,,,
JP-GN-10317606,Bunka Kinen Koen,Japan,JP,Fukuoka,JP-40,Kitakyushu-shi,"Bunka Kinen Koen (Bunka Kinen Kōen) is a named parks location in Kitakyushu-shi, Fukuoka, Japan.",Natural spots,Parks,Public park or protected area,Drivable,33.82016,130.92757,13,502,No,Spring; Summer; Autumn,images/JP-GN-10317606,,,
JP-GN-10311579,Buzenbo Ike,Japan,JP,Fukuoka,JP-40,Kusubashi-shimokata,"Buzenbo Ike (Buzenbō Ike) is a named parks location in Kusubashi-shimokata, Fukuoka, Japan.",Natural spots,Parks,Public park or protected area,Drivable,33.79292,130.72458,10,503,No,Spring; Summer; Autumn,images/JP-GN-10311579,,,
JP-GN-12625777,Chihaya Chuo Park,Japan,JP,Fukuoka,JP-40,Fukuoka-shi,"Chihaya Chuo Park (Chihaya Chūō Park) is a named parks location in Fukuoka-shi, Fukuoka, Japan.",Natural spots,Parks,Public park or protected area,Drivable,33.64692,130.43656,10,504,No,Spring; Summer; Autumn,images/JP-GN-12625777,,,
JP-GN-12625548,Chihaya Namiki Square Park,Japan,JP,Fukuoka,JP-40,Fukuoka-shi,"Chihaya Namiki Square Park (Chihaya Namiki Square Park) is a named parks location in Fukuoka-shi, Fukuoka, Japan.",Natural spots,Parks,Public park or protected area,Drivable,33.65006,130.43836,-9999,505,No,Spring; Summer; Autumn,images/JP-GN-12625548,,,
JP-GN-10262750,Chikuho Ryokuchi,Japan,JP,Fukuoka,JP-40,Iizuka Shi,"Chikuho Ryokuchi (Chikuhō Ryokuchi) is a named parks location in Iizuka Shi, Fukuoka, Japan.",Natural spots,Parks,Public park or protected area,Drivable,33.65807,130.74625,71,506,No,Spring; Summer; Autumn,images/JP-GN-10262750,,,
JP-GN-10351255,Choyo Ike,Japan,JP,Fukuoka,JP-40,Sosha,"Choyo Ike (Chōyō Ike) is a named parks location in Sosha, Fukuoka, Japan.",Natural spots,Parks,Public park or protected area,Drivable,33.68724,130.9749,24,507,No,Spring; Summer; Autumn,images/JP-GN-10351255,,,
JP-GN-10310866,Chuo Koen,Japan,JP,Fukuoka,JP-40,Onga-gun,"Chuo Koen (Chūō Kōen) is a named parks location in Onga-gun, Fukuoka, Japan.",Natural spots,Parks,Public park or protected area,Drivable,33.8916,130.668,2,508,No,Spring; Summer; Autumn,images/JP-GN-10310866,,,
JP-GN-10352587,Chuo Koen,Japan,JP,Fukuoka,JP-40,Tagawa Shi,"Chuo Koen (Chūō Kōen) is a named parks location in Tagawa Shi, Fukuoka, Japan.",Natural spots,Parks,Public park or protected area,Drivable,33.63181,130.81002,88,509,No,Spring; Summer; Autumn,images/JP-GN-10352587,,,
JP-GN-12639787,Dekimachi Park,Japan,JP,Fukuoka,JP-40,Fukuoka-shi,"Dekimachi Park (Dekimachi Park) is a named parks location in Fukuoka-shi, Fukuoka, Japan.",Natural spots,Parks,Public park or protected area,Drivable,33.59361,130.41714,3,510,No,Spring; Summer; Autumn,images/JP-GN-12639787,,,
JP-GN-13697318,Donguri Koen,Japan,JP,Fukuoka,JP-40,Fukuoka-shi,"Donguri Koen (Donguri Kōen) is a named parks location in Fukuoka-shi, Fukuoka, Japan.",Natural spots,Parks,Public park or protected area,Drivable,33.58636,130.37417,2,511,No,Spring; Summer; Autumn,images/JP-GN-13697318,,,
JP-GN-13494452,Fukuoka City Hall West Side Fureai Plaza,Japan,JP,Fukuoka,JP-40,Fukuoka-shi,"Fukuoka City Hall West Side Fureai Plaza (Fukuoka City Hall West Side Fureai Plaza) is a named parks location in Fukuoka-shi, Fukuoka, Japan.",Natural spots,Parks,Public park or protected area,Drivable,33.59,130.40111,5,512,No,Spring; Summer; Autumn,images/JP-GN-13494452,,,
JP-GN-12518801,Fukuoka Prefectural Higashi Park,Japan,JP,Fukuoka,JP-40,Fukuoka-shi,"Fukuoka Prefectural Higashi Park (Fukuoka Prefectural Higashi Park) is a named parks location in Fukuoka-shi, Fukuoka, Japan.",Natural spots,Parks,Public park or protected area,Drivable,33.60547,130.41947,7,513,No,Spring; Summer; Autumn,images/JP-GN-12518801,,,
JP-GN-10353191,Furuyashiki Ike,Japan,JP,Fukuoka,JP-40,Kuzugawa,"Furuyashiki Ike (Furuyashiki Ike) is a named parks location in Kuzugawa, Fukuoka, Japan.",Natural spots,Parks,Public park or protected area,Drivable,33.74743,130.94949,19,514,No,Spring; Summer; Autumn,images/JP-GN-10353191,,,
JP-GN-10311227,Fushu Ike,Japan,JP,Fukuoka,JP-40,Mushozu-minami,"Fushu Ike (Fushū Ike) is a named parks location in Mushozu-minami, Fukuoka, Japan.",Natural spots,Parks,Public park or protected area,Drivable,33.82048,130.67353,-2,515,No,Spring; Summer; Autumn,images/JP-GN-10311227,,,
JP-GN-10267230,Gokuraku Ike,Japan,JP,Fukuoka,JP-40,Tsubakuro,"Gokuraku Ike (Gokuraku Ike) is a named parks location in Tsubakuro, Fukuoka, Japan.",Natural spots,Parks,Public park or protected area,Drivable,33.63545,130.52256,52,516,No,Spring; Summer; Autumn,images/JP-GN-10267230,,,
JP-GN-12547460,100 metre Waterway,Japan,JP,Fukuoka,JP-40,Shirohama-danchi,"100 metre Waterway (100 metre Waterway) is a named rivers location in Shirohama-danchi, Fukuoka, Japan.",Natural spots,Rivers,Watercourse,Drivable,33.65957,130.42183,-9999,517,No,Spring; Summer; Autumn,images/JP-GN-12547460,,,
JP-GN-10261814,Aida Gawa,Japan,JP,Fukuoka,JP-40,Igisu,"Aida Gawa (Aida Gawa) is a named rivers location in Igisu, Fukuoka, Japan.",Natural spots,Rivers,Watercourse,Drivable,33.65367,130.66297,23,518,No,Spring; Summer; Autumn,images/JP-GN-10261814,,,
JP-GN-10266423,Akutada Gawa,Japan,JP,Fukuoka,JP-40,Nishinogo,"Akutada Gawa (Akutada Gawa) is a named rivers location in Nishinogo, Fukuoka, Japan.",Natural spots,Rivers,Watercourse,Drivable,33.55826,130.72386,34,519,No,Spring; Summer; Autumn,images/JP-GN-10266423,,,
JP-GN-10351907,Arako Gawa,Japan,JP,Fukuoka,JP-40,Aka,"Arako Gawa (Arako Gawa) is a named rivers location in Aka, Fukuoka, Japan.",Natural spots,Rivers,Watercourse,Drivable,33.5716,130.8866,120,520,No,Spring; Summer; Autumn,images/JP-GN-10351907,,,
JP-GN-10309754,Asamachi Gawa,Japan,JP,Fukuoka,JP-40,Togo,"Asamachi Gawa (Asamachi Gawa) is a named rivers location in Togo, Fukuoka, Japan.",Natural spots,Rivers,Watercourse,Drivable,33.80698,130.54896,5,521,No,Spring; Summer; Autumn,images/JP-GN-10309754,,,
JP-GN-10352199,Ataka Gawa,Japan,JP,Fukuoka,JP-40,Kawasaki,"Ataka Gawa (Ataka Gawa) is a named rivers location in Kawasaki, Fukuoka, Japan.",Natural spots,Rivers,Watercourse,Drivable,33.57446,130.81252,68,522,No,Spring; Summer; Autumn,images/JP-GN-10352199,,,
JP-GN-10319183,Bachi Gawa,Japan,JP,Fukuoka,JP-40,Minamifutajima,"Bachi Gawa (Bachi Gawa) is a named rivers location in Minamifutajima, Fukuoka, Japan.",Natural spots,Rivers,Watercourse,Drivable,33.87673,130.76208,1,523,No,Spring; Summer; Autumn,images/JP-GN-10319183,,,
JP-GN-9016442,Chikuma Gawa,Japan,JP,Fukuoka,JP-40,Shinsone,"Chikuma Gawa (Chikuma Gawa) is a named rivers location in Shinsone, Fukuoka, Japan.",Natural spots,Rivers,Watercourse,Drivable,33.83847,130.9602,1,524,No,Spring; Summer; Autumn,images/JP-GN-9016442,,,
JP-GN-1864493,Chuganji Gawa,Japan,JP,Fukuoka,JP-40,Akaike,"Chuganji Gawa (Chūganji Gawa) is a named rivers location in Akaike, Fukuoka, Japan.",Natural spots,Rivers,Watercourse,Drivable,33.69258,130.77387,9,525,No,Spring; Summer; Autumn,images/JP-GN-1864493,,,
JP-GN-10261043,Daibu Gawa,Japan,JP,Fukuoka,JP-40,Kitakoga,"Daibu Gawa (Daibu Gawa) is a named rivers location in Kitakoga, Fukuoka, Japan.",Natural spots,Rivers,Watercourse,Drivable,33.58343,130.64571,37,526,No,Spring; Summer; Autumn,images/JP-GN-10261043,,,
JP-GN-10311821,E Gawa,Japan,JP,Fukuoka,JP-40,Dohokumachi,"E Gawa (E Gawa) is a named rivers location in Dohokumachi, Fukuoka, Japan.",Natural spots,Rivers,Watercourse,Drivable,33.87904,130.74934,3,527,No,Spring; Summer; Autumn,images/JP-GN-10311821,,,
JP-GN-10351888,Fudo Gawa,Japan,JP,Fukuoka,JP-40,Daigyoji,"Fudo Gawa (Fudō Gawa) is a named rivers location in Daigyoji, Fukuoka, Japan.",Natural spots,Rivers,Watercourse,Drivable,33.58897,130.85173,49,528,No,Spring; Summer; Autumn,images/JP-GN-10351888,,,
JP-GN-9017526,Fukakura Gawa,Japan,JP,Fukuoka,JP-40,Chuganji,"Fukakura Gawa (Fukakura Gawa) is a named rivers location in Chuganji, Fukuoka, Japan.",Natural spots,Rivers,Watercourse,Drivable,33.49723,130.86924,192,529,No,Spring; Summer; Autumn,images/JP-GN-9017526,,,
JP-GN-10352823,Fukuchi Gawa,Japan,JP,Fukuoka,JP-40,Akaike,"Fukuchi Gawa (Fukuchi Gawa) is a named rivers location in Akaike, Fukuoka, Japan.",Natural spots,Rivers,Watercourse,Drivable,33.69895,130.77214,8,530,No,Spring; Summer; Autumn,images/JP-GN-10352823,,,
JP-GN-10266724,Fukuji Gawa,Japan,JP,Fukuoka,JP-40,Shimozakai,"Fukuji Gawa (Fukuji Gawa) is a named rivers location in Shimozakai, Fukuoka, Japan.",Natural spots,Rivers,Watercourse,Drivable,33.72696,130.74005,6,531,No,Spring; Summer; Autumn,images/JP-GN-10266724,,,
JP-GN-10262780,Gongendani Gawa,Japan,JP,Fukuoka,JP-40,Tsutsuno,"Gongendani Gawa (Gongendani Gawa) is a named rivers location in Tsutsuno, Fukuoka, Japan.",Natural spots,Rivers,Watercourse,Drivable,33.60862,130.74292,59,532,No,Spring; Summer; Autumn,images/JP-GN-10262780,,,
JP-GN-10352257,Gotoku Gawa,Japan,JP,Fukuoka,JP-40,Natsuyoshi,"Gotoku Gawa (Gotoku Gawa) is a named rivers location in Natsuyoshi, Fukuoka, Japan.",Natural spots,Rivers,Watercourse,Drivable,33.66848,130.82293,18,533,No,Spring; Summer; Autumn,images/JP-GN-10352257,,,
JP-GN-12522699,Hakata Gawa,Japan,JP,Fukuoka,JP-40,Fukuoka-shi,"Hakata Gawa (Hakata Gawa) is a named rivers location in Fukuoka-shi, Fukuoka, Japan.",Natural spots,Rivers,Watercourse,Drivable,33.59644,130.40131,2,534,No,Spring; Summer; Autumn,images/JP-GN-12522699,,,
JP-GN-9888188,Hanazuru Gawa,Japan,JP,Fukuoka,JP-40,Tenjin,"Hanazuru Gawa (Hanazuru Gawa) is a named rivers location in Tenjin, Fukuoka, Japan.",Natural spots,Rivers,Watercourse,Drivable,33.73585,130.4575,1,535,No,Spring; Summer; Autumn,images/JP-GN-9888188,,,
JP-GN-9016634,Harai Gawa,Japan,JP,Fukuoka,JP-40,Imai,"Harai Gawa (Harai Gawa) is a named rivers location in Imai, Fukuoka, Japan.",Natural spots,Rivers,Watercourse,Drivable,33.73153,131.01315,2,536,No,Spring; Summer; Autumn,images/JP-GN-9016634,,,
JP-GN-10311366,Hase Gawa,Japan,JP,Fukuoka,JP-40,Nigita,"Hase Gawa (Hase Gawa) is a named rivers location in Nigita, Fukuoka, Japan.",Natural spots,Rivers,Watercourse,Drivable,33.78291,130.67029,1,537,No,Spring; Summer; Autumn,images/JP-GN-10311366,,,
JP-GN-10351899,Hatatani Gawa,Japan,JP,Fukuoka,JP-40,Soeda,"Hatatani Gawa (Hatatani Gawa) is a named rivers location in Soeda, Fukuoka, Japan.",Natural spots,Rivers,Watercourse,Drivable,33.56352,130.85364,84,538,No,Spring; Summer; Autumn,images/JP-GN-10351899,,,
JP-GN-1864352,Dokai Wan,Japan,JP,Fukuoka,JP-40,Kawashiro,"Dokai Wan (Dōkai Wan) is a named seas and coastal areas location in Kawashiro, Fukuoka, Japan.",Beach spots,Seas and coastal areas,Coastal feature,Drivable,33.90944,130.81889,1,539,No,Spring; Summer; Autumn,images/JP-GN-1864352,,,
JP-GN-1863954,Fukuoka Wan,Japan,JP,Fukuoka,JP-40,Otake,"Fukuoka Wan (Fukuoka Wan) is a named seas and coastal areas location in Otake, Fukuoka, Japan.",Beach spots,Seas and coastal areas,Coastal feature,Drivable,33.63333,130.33333,-9999,540,No,Spring; Summer; Autumn,images/JP-GN-1863954,,,
JP-GN-1863881,Funakoshi Wan,Japan,JP,Fukuoka,JP-40,Shima-funakoshi,"Funakoshi Wan (Funakoshi Wan) is a named seas and coastal areas location in Shima-funakoshi, Fukuoka, Japan.",Beach spots,Seas and coastal areas,Coastal feature,Drivable,33.54894,130.13036,-9999,541,No,Spring; Summer; Autumn,images/JP-GN-1863881,,,
JP-GN-1863365,Hakata Wan,Japan,JP,Fukuoka,JP-40,Otake,"Hakata Wan (Hakata Wan) is a named seas and coastal areas location in Otake, Fukuoka, Japan.",Beach spots,Seas and coastal areas,Coastal feature,Drivable,33.63202,130.37344,-9999,542,No,Spring; Summer; Autumn,images/JP-GN-1863365,,,
JP-GN-1852388,Hikitsu Wan,Japan,JP,Fukuoka,JP-40,Shima-funakoshi,"Hikitsu Wan (Hikitsu Wan) is a named seas and coastal areas location in Shima-funakoshi, Fukuoka, Japan.",Beach spots,Seas and coastal areas,Coastal feature,Drivable,33.56534,130.11951,-9999,543,No,Spring; Summer; Autumn,images/JP-GN-1852388,,,
JP-GN-1862079,Hotoke Zaki,Japan,JP,Fukuoka,JP-40,Itoshima-shi,"Hotoke Zaki (Hotoke Zaki) is a named seas and coastal areas location in Itoshima-shi, Fukuoka, Japan.",Beach spots,Seas and coastal areas,Coastal feature,Drivable,33.58067,130.08832,68,544,No,Spring; Summer; Autumn,images/JP-GN-1862079,,,
JP-GN-1858802,Konominato-ura,Japan,JP,Fukuoka,JP-40,Munakata-shi,"Konominato-ura (Kōnominato-ura) is a named seas and coastal areas location in Munakata-shi, Fukuoka, Japan.",Beach spots,Seas and coastal areas,Coastal feature,Drivable,33.86577,130.50528,-9999,545,No,Spring; Summer; Autumn,images/JP-GN-1858802,,,
JP-GN-1857950,Ku Zaki,Japan,JP,Fukuoka,JP-40,Munakata-shi,"Ku Zaki (Ku Zaki) is a named seas and coastal areas location in Munakata-shi, Fukuoka, Japan.",Beach spots,Seas and coastal areas,Coastal feature,Drivable,33.85757,130.47927,6,546,No,Spring; Summer; Autumn,images/JP-GN-1857950,,,
JP-GN-1857457,Matsuyamano-hana,Japan,JP,Fukuoka,JP-40,Miyako-gun,"Matsuyamano-hana (Matsuyamano-hana) is a named seas and coastal areas location in Miyako-gun, Fukuoka, Japan.",Beach spots,Seas and coastal areas,Coastal feature,Drivable,33.8,130.98333,7,547,No,Spring; Summer; Autumn,images/JP-GN-1857457,,,
JP-GN-1856856,Mitsuze-misaki,Japan,JP,Fukuoka,JP-40,Itoshima-shi,"Mitsuze-misaki (Mitsuze-misaki) is a named seas and coastal areas location in Itoshima-shi, Fukuoka, Japan.",Beach spots,Seas and coastal areas,Coastal feature,Drivable,33.63019,130.16025,8,548,No,Spring; Summer; Autumn,images/JP-GN-1856856,,,
JP-GN-1856051,Nagoya-zaki,Japan,JP,Fukuoka,JP-40,Kitakyushu-shi,"Nagoya-zaki (Nagoya-zaki) is a named seas and coastal areas location in Kitakyushu-shi, Fukuoka, Japan.",Beach spots,Seas and coastal areas,Coastal feature,Drivable,33.91667,130.83333,6,549,No,Spring; Summer; Autumn,images/JP-GN-1856051,,,
JP-GN-1855140,Nishiura Zaki,Japan,JP,Fukuoka,JP-40,Fukuoka-shi,"Nishiura Zaki (Nishiura Zaki) is a named seas and coastal areas location in Fukuoka-shi, Fukuoka, Japan.",Beach spots,Seas and coastal areas,Coastal feature,Drivable,33.66696,130.21024,32,550,No,Spring; Summer; Autumn,images/JP-GN-1855140,,,
JP-GN-2112252,Kikuta-ura,Japan,JP,Fukushima,JP-07,Kubota,"Kikuta-ura (Kikuta-ura) is a named beaches location in Kubota, Fukushima, Japan.",Beach spots,Beaches,Coastal recreation area,Drivable,36.88333,140.8,-9999,551,No,Summer,images/JP-GN-2112252,,,
JP-GN-2113127,Akimoto Ko,Japan,JP,Fukushima,JP-07,Akimoto,"Akimoto Ko (Akimoto Ko) is a named lakes location in Akimoto, Fukushima, Japan.",Natural spots,Lakes,Inland water body,Drivable,37.65636,140.12864,732,552,No,Spring; Summer; Autumn,images/JP-GN-2113127,,,
JP-GN-2112774,Hibara Ko,Japan,JP,Fukushima,JP-07,Kitashiobara,"Hibara Ko (Hibara Ko) is a named lakes location in Kitashiobara, Fukushima, Japan.",Natural spots,Lakes,Inland water body,Drivable,37.6929,140.05612,818,553,No,Spring; Summer; Autumn,images/JP-GN-2112774,,,
JP-GN-2112614,Inawashiro Ko,Japan,JP,Fukushima,JP-07,Katada,"Inawashiro Ko (Inawashiro Ko) is a named lakes location in Katada, Fukushima, Japan.",Natural spots,Lakes,Inland water body,Drivable,37.48333,140.1,512,554,No,Spring; Summer; Autumn,images/JP-GN-2112614,,,
JP-GN-2111973,Matsukawa Ura,Japan,JP,Fukushima,JP-07,Matsukawa,"Matsukawa Ura (Matsukawa Ura) is a named lakes location in Matsukawa, Fukushima, Japan.",Natural spots,Lakes,Inland water body,Drivable,37.80428,140.9757,-9999,555,No,Spring; Summer; Autumn,images/JP-GN-2111973,,,
JP-GN-1854903,Numazawa Ko,Japan,JP,Fukushima,JP-07,Numazawa,"Numazawa Ko (Numazawa Ko) is a named lakes location in Numazawa, Fukushima, Japan.",Natural spots,Lakes,Inland water body,Drivable,37.4554,139.57279,468,556,No,Spring; Summer; Autumn,images/JP-GN-1854903,,,
JP-GN-8994173,Oguni Numa,Japan,JP,Fukushima,JP-07,Oshio,"Oguni Numa (Oguni Numa) is a named lakes location in Oshio, Fukushima, Japan.",Natural spots,Lakes,Inland water body,Drivable,37.62054,140.00297,1085,557,No,Spring; Summer; Autumn,images/JP-GN-8994173,,,
JP-GN-2111378,Onogawa Ko,Japan,JP,Fukushima,JP-07,Akimoto,"Onogawa Ko (Onogawa Ko) is a named lakes location in Akimoto, Fukushima, Japan.",Natural spots,Lakes,Inland water body,Drivable,37.67218,140.09761,798,558,No,Spring; Summer; Autumn,images/JP-GN-2111378,,,
JP-GN-2113157,Adatara-yama,Japan,JP,Fukushima,JP-07,Nihonmatsu Shi,"Adatara-yama (Adatara-yama) is a named mountains location in Nihonmatsu Shi, Fukushima, Japan.",Adventure spots|Natural spots,Mountains,Natural landform,Drivable,37.6213,140.2888,1718,559,No,Late spring; Summer; Autumn,images/JP-GN-2113157,,,
JP-GN-8751318,Aizu-asahi Dake,Japan,JP,Fukushima,JP-07,Minamiaizu-gun,"Aizu-asahi Dake (Aizu-asahi Dake) is a named mountains location in Minamiaizu-gun, Fukushima, Japan.",Adventure spots|Natural spots,Mountains,Natural landform,Drivable,37.22226,139.33891,1532,560,No,Late spring; Summer; Autumn,images/JP-GN-8751318,,,
JP-GN-8992079,Aizu-nunobiki Yama,Japan,JP,Fukushima,JP-07,Iwase-gun,"Aizu-nunobiki Yama (Aizu-nunobiki Yama) is a named mountains location in Iwase-gun, Fukushima, Japan.",Adventure spots|Natural spots,Mountains,Natural landform,Drivable,37.3335,140.0403,1071,561,No,Late spring; Summer; Autumn,images/JP-GN-8992079,,,
JP-GN-1865599,Akabane San,Japan,JP,Fukushima,JP-07,Yama-gun,"Akabane San (Akabane San) is a named mountains location in Yama-gun, Fukushima, Japan.",Adventure spots|Natural spots,Mountains,Natural landform,Drivable,37.53426,139.64416,632,562,No,Late spring; Summer; Autumn,images/JP-GN-1865599,,,
JP-GN-8751042,Akaiwataka Yama,Japan,JP,Fukushima,JP-07,Minamiaizu-gun,"Akaiwataka Yama (Akaiwataka Yama) is a named mountains location in Minamiaizu-gun, Fukushima, Japan.",Adventure spots|Natural spots,Mountains,Natural landform,Drivable,37.03051,139.27171,1420,563,No,Late spring; Summer; Autumn,images/JP-GN-8751042,,,
JP-GN-1865198,Arakai San,Japan,JP,Fukushima,JP-07,Minamiaizu-gun,"Arakai San (Arakai San) is a named mountains location in Minamiaizu-gun, Fukushima, Japan.",Adventure spots|Natural spots,Mountains,Natural landform,Drivable,37.03611,139.64407,1540,564,No,Late spring; Summer; Autumn,images/JP-GN-1865198,,,
JP-GN-8991971,Asahi Dake,Japan,JP,Fukushima,JP-07,Minamiaizu-gun,"Asahi Dake (Asahi Dake) is a named mountains location in Minamiaizu-gun, Fukushima, Japan.",Adventure spots|Natural spots,Mountains,Natural landform,Drivable,37.18036,139.95985,1793,565,No,Late spring; Summer; Autumn,images/JP-GN-8991971,,,
JP-GN-2113071,Asahi-yama,Japan,JP,Fukushima,JP-07,Higashishirakawa-gun,"Asahi-yama (Asahi-yama) is a named mountains location in Higashishirakawa-gun, Fukushima, Japan.",Adventure spots|Natural spots,Mountains,Natural landform,Drivable,36.96079,140.58323,793,566,No,Late spring; Summer; Autumn,images/JP-GN-2113071,,,
JP-GN-2113042,Azuma-kofuji,Japan,JP,Fukushima,JP-07,Fukushima Shi,"Azuma-kofuji (Azuma-kofuji) is a named mountains location in Fukushima Shi, Fukushima, Japan.",Adventure spots|Natural spots,Mountains,Natural landform,Drivable,37.72194,140.26685,1705,567,No,Late spring; Summer; Autumn,images/JP-GN-2113042,,,
JP-GN-2113034,Bandai San,Japan,JP,Fukushima,JP-07,Yama-gun,"Bandai San (Bandai San) is a named mountains location in Yama-gun, Fukushima, Japan.",Adventure spots|Natural spots,Mountains,Natural landform,Drivable,37.60079,140.07181,1819,568,No,Late spring; Summer; Autumn,images/JP-GN-2113034,,,
JP-GN-8995908,Bara Yama,Japan,JP,Fukushima,JP-07,Kawanuma-gun,"Bara Yama (Bara Yama) is a named mountains location in Kawanuma-gun, Fukushima, Japan.",Adventure spots|Natural spots,Mountains,Natural landform,Drivable,37.3557,139.66619,913,569,No,Late spring; Summer; Autumn,images/JP-GN-8995908,,,
JP-GN-8751034,Bonten Dake,Japan,JP,Fukushima,JP-07,Minamiaizu-gun,"Bonten Dake (Bonten Dake) is a named mountains location in Minamiaizu-gun, Fukushima, Japan.",Adventure spots|Natural spots,Mountains,Natural landform,Drivable,37.15506,139.33339,1754,570,No,Late spring; Summer; Autumn,images/JP-GN-8751034,,,
JP-GN-8991902,Botchiishi Yama,Japan,JP,Fukushima,JP-07,Higashishirakawa-gun,"Botchiishi Yama (Botchiishi Yama) is a named mountains location in Higashishirakawa-gun, Fukushima, Japan.",Adventure spots|Natural spots,Mountains,Natural landform,Drivable,37.0774,140.46577,576,571,No,Late spring; Summer; Autumn,images/JP-GN-8991902,,,
JP-GN-8992596,Budozawa San,Japan,JP,Fukushima,JP-07,Fukushima Shi,"Budozawa San (Budōzawa San) is a named mountains location in Fukushima Shi, Fukushima, Japan.",Adventure spots|Natural spots,Mountains,Natural landform,Drivable,37.83186,140.28776,954,572,No,Late spring; Summer; Autumn,images/JP-GN-8992596,,,
JP-GN-8751044,Chumon Dake,Japan,JP,Fukushima,JP-07,Minamiaizu-gun,"Chumon Dake (Chūmon Dake) is a named mountains location in Minamiaizu-gun, Fukushima, Japan.",Adventure spots|Natural spots,Mountains,Natural landform,Drivable,37.05947,139.34636,2044,573,No,Late spring; Summer; Autumn,images/JP-GN-8751044,,,
JP-GN-2112986,Daimaru-yama,Japan,JP,Fukushima,JP-07,Iwaki-shi,"Daimaru-yama (Daimaru-yama) is a named mountains location in Iwaki-shi, Fukushima, Japan.",Adventure spots|Natural spots,Mountains,Natural landform,Drivable,36.90085,140.65647,662,574,No,Late spring; Summer; Autumn,images/JP-GN-2112986,,,
JP-GN-8994179,Daizuka Yama,Japan,JP,Fukushima,JP-07,Yama-gun,"Daizuka Yama (Daizuka Yama) is a named mountains location in Yama-gun, Fukushima, Japan.",Adventure spots|Natural spots,Mountains,Natural landform,Drivable,37.79104,139.7455,1220,575,No,Late spring; Summer; Autumn,images/JP-GN-8994179,,,
JP-GN-8996434,Dogan Zan,Japan,JP,Fukushima,JP-07,Onuma-gun,"Dogan Zan (Dōgan Zan) is a named mountains location in Onuma-gun, Fukushima, Japan.",Adventure spots|Natural spots,Mountains,Natural landform,Drivable,37.43696,139.61428,977,576,No,Late spring; Summer; Autumn,images/JP-GN-8996434,,,
JP-GN-8992605,Eboshiga Take,Japan,JP,Fukushima,JP-07,Fukushima Shi,"Eboshiga Take (Eboshiga Take) is a named mountains location in Fukushima Shi, Fukushima, Japan.",Adventure spots|Natural spots,Mountains,Natural landform,Drivable,37.80571,140.37788,409,577,No,Late spring; Summer; Autumn,images/JP-GN-8992605,,,
JP-GN-8751247,Erakubo Yama,Japan,JP,Fukushima,JP-07,Minamiaizu-gun,"Erakubo Yama (Erakubo Yama) is a named mountains location in Minamiaizu-gun, Fukushima, Japan.",Adventure spots|Natural spots,Mountains,Natural landform,Drivable,37.17937,139.42798,1402,578,No,Late spring; Summer; Autumn,images/JP-GN-8751247,,,
JP-GN-8751284,Tagokura Ko,Japan,JP,Fukushima,JP-07,Tagokura,"Tagokura Ko (Tagokura Ko) is a named parks location in Tagokura, Fukushima, Japan.",Natural spots,Parks,Public park or protected area,Drivable,37.30051,139.27707,483,579,No,Spring; Summer; Autumn,images/JP-GN-8751284,,,
JP-GN-8994044,Amado Gawa,Japan,JP,Fukushima,JP-07,Sasakino,"Amado Gawa (Amado Gawa) is a named rivers location in Sasakino, Fukushima, Japan.",Natural spots,Rivers,Watercourse,Drivable,37.75591,140.39814,104,580,No,Spring; Summer; Autumn,images/JP-GN-8994044,,,
JP-GN-8992902,Ara Kawa,Japan,JP,Fukushima,JP-07,Fukushima,"Ara Kawa (Ara Kawa) is a named rivers location in Fukushima, Fukushima, Japan.",Natural spots,Rivers,Watercourse,Drivable,37.74497,140.46571,60,581,No,Spring; Summer; Autumn,images/JP-GN-8992902,,,
JP-GN-8996505,Arakai Gawa,Japan,JP,Fukushima,JP-07,Takinohara,"Arakai Gawa (Arakai Gawa) is a named rivers location in Takinohara, Fukushima, Japan.",Natural spots,Rivers,Watercourse,Drivable,37.11229,139.7186,674,582,No,Spring; Summer; Autumn,images/JP-GN-8996505,,,
JP-GN-2113066,Asami Gawa,Japan,JP,Fukushima,JP-07,Oyauchi,"Asami Gawa (Asami Gawa) is a named rivers location in Oyauchi, Fukushima, Japan.",Natural spots,Rivers,Watercourse,Drivable,37.20863,141.005,4,583,No,Spring; Summer; Autumn,images/JP-GN-2113066,,,
JP-GN-8992099,Atago Gawa,Japan,JP,Fukushima,JP-07,Konanmachi-yokozawa,"Atago Gawa (Atago Gawa) is a named rivers location in Konanmachi-yokozawa, Fukushima, Japan.",Natural spots,Rivers,Watercourse,Drivable,37.4263,140.13624,512,584,No,Spring; Summer; Autumn,images/JP-GN-8992099,,,
JP-GN-8992515,Denpi Gawa,Japan,JP,Fukushima,JP-07,Yanagawamachi-saiwaicho,"Denpi Gawa (Denpi Gawa) is a named rivers location in Yanagawamachi-saiwaicho, Fukushima, Japan.",Natural spots,Rivers,Watercourse,Drivable,37.86015,140.60007,40,585,No,Spring; Summer; Autumn,images/JP-GN-8992515,,,
JP-GN-8992056,Ebana Gawa,Japan,JP,Fukushima,JP-07,Kasaishi,"Ebana Gawa (Ebana Gawa) is a named rivers location in Kasaishi, Fukushima, Japan.",Natural spots,Rivers,Watercourse,Drivable,37.25179,140.32685,249,586,No,Spring; Summer; Autumn,images/JP-GN-8992056,,,
JP-GN-2112947,Fudo Sawa,Japan,JP,Fukushima,JP-07,Akimoto,"Fudo Sawa (Fudō Sawa) is a named rivers location in Akimoto, Fukushima, Japan.",Natural spots,Rivers,Watercourse,Drivable,37.69089,140.12366,935,587,No,Spring; Summer; Autumn,images/JP-GN-2112947,,,
JP-GN-2112938,Fujiwara-gawa,Japan,JP,Fukushima,JP-07,Izumi,"Fujiwara-gawa (Fujiwara-gawa) is a named rivers location in Izumi, Fukushima, Japan.",Natural spots,Rivers,Watercourse,Drivable,36.93256,140.87477,-9999,588,No,Spring; Summer; Autumn,images/JP-GN-2112938,,,
JP-GN-2112894,Furumichi Gawa,Japan,JP,Fukushima,JP-07,Miyakojimachi-furumichi,"Furumichi Gawa (Furumichi Gawa) is a named rivers location in Miyakojimachi-furumichi, Fukushima, Japan.",Natural spots,Rivers,Watercourse,Drivable,37.44078,140.80851,356,589,No,Spring; Summer; Autumn,images/JP-GN-2112894,,,
JP-GN-8751304,Gamo Gawa,Japan,JP,Fukushima,JP-07,Kanozu,"Gamo Gawa (Gamō Gawa) is a named rivers location in Kanozu, Fukushima, Japan.",Natural spots,Rivers,Watercourse,Drivable,37.37755,139.33975,355,590,No,Spring; Summer; Autumn,images/JP-GN-8751304,,,
JP-GN-8992124,Gohyaku Gawa,Japan,JP,Fukushima,JP-07,Motomiya,"Gohyaku Gawa (Gohyaku Gawa) is a named rivers location in Motomiya, Fukushima, Japan.",Natural spots,Rivers,Watercourse,Drivable,37.48941,140.40574,210,591,No,Spring; Summer; Autumn,images/JP-GN-8992124,,,
JP-GN-8992512,Hirose Gawa,Japan,JP,Fukushima,JP-07,Yanagawamachi-saiwaicho,"Hirose Gawa (Hirose Gawa) is a named rivers location in Yanagawamachi-saiwaicho, Fukushima, Japan.",Natural spots,Rivers,Watercourse,Drivable,37.86781,140.60728,39,592,No,Spring; Summer; Autumn,images/JP-GN-8992512,,,
JP-GN-2112711,Hiruta-gawa,Japan,JP,Fukushima,JP-07,Ueda,"Hiruta-gawa (Hiruta-gawa) is a named rivers location in Ueda, Fukushima, Japan.",Natural spots,Rivers,Watercourse,Drivable,36.89242,140.80003,1,593,No,Spring; Summer; Autumn,images/JP-GN-2112711,,,
JP-GN-8996516,Hizawa Gawa,Japan,JP,Fukushima,JP-07,Tajima,"Hizawa Gawa (Hizawa Gawa) is a named rivers location in Tajima, Fukushima, Japan.",Natural spots,Rivers,Watercourse,Drivable,37.20726,139.76277,545,594,No,Spring; Summer; Autumn,images/JP-GN-8996516,,,
JP-GN-1861931,Ichinoto Gawa,Japan,JP,Fukushima,JP-07,Yamatomachi-mitsuai,"Ichinoto Gawa (Ichinoto Gawa) is a named rivers location in Yamatomachi-mitsuai, Fukushima, Japan.",Natural spots,Rivers,Watercourse,Drivable,37.63858,139.77188,168,595,No,Spring; Summer; Autumn,images/JP-GN-1861931,,,
JP-GN-2112653,Ide Gawa,Japan,JP,Fukushima,JP-07,Kido,"Ide Gawa (Ide Gawa) is a named rivers location in Kido, Fukushima, Japan.",Natural spots,Rivers,Watercourse,Drivable,37.27536,141.01775,3,596,No,Spring; Summer; Autumn,images/JP-GN-2112653,,,
JP-GN-1861636,Ina Gawa,Japan,JP,Fukushima,JP-07,Tadami,"Ina Gawa (Ina Gawa) is a named rivers location in Tadami, Fukushima, Japan.",Natural spots,Rivers,Watercourse,Drivable,37.34617,139.3236,363,597,No,Spring; Summer; Autumn,images/JP-GN-1861636,,,
JP-GN-2112597,Iritono Gawa,Japan,JP,Fukushima,JP-07,Katonomachi,"Iritono Gawa (Iritōno Gawa) is a named rivers location in Katonomachi, Fukushima, Japan.",Natural spots,Rivers,Watercourse,Drivable,37.00347,140.71886,97,598,No,Spring; Summer; Autumn,images/JP-GN-2112597,,,
JP-GN-8992029,Izumi Gawa,Japan,JP,Fukushima,JP-07,Wagu,"Izumi Gawa (Izumi Gawa) is a named rivers location in Wagu, Fukushima, Japan.",Natural spots,Rivers,Watercourse,Drivable,37.15923,140.3885,269,599,No,Spring; Summer; Autumn,images/JP-GN-8992029,,,
JP-GN-8994046,Kajiya Gawa,Japan,JP,Fukushima,JP-07,Zainiwasaka,"Kajiya Gawa (Kajiya Gawa) is a named rivers location in Zainiwasaka, Fukushima, Japan.",Natural spots,Rivers,Watercourse,Drivable,37.74889,140.38696,123,600,No,Spring; Summer; Autumn,images/JP-GN-8994046,,,
JP-GN-8751289,Kanozu Gawa,Japan,JP,Fukushima,JP-07,Kanozu,"Kanozu Gawa (Kanōzu Gawa) is a named rivers location in Kanozu, Fukushima, Japan.",Natural spots,Rivers,Watercourse,Drivable,37.37085,139.3219,363,601,No,Spring; Summer; Autumn,images/JP-GN-8751289,,,
JP-GN-2112789,Hatsu-saki,Japan,JP,Fukushima,JP-07,Iwaki-shi,"Hatsu-saki (Hatsu-saki) is a named seas and coastal areas location in Iwaki-shi, Fukushima, Japan.",Beach spots,Seas and coastal areas,Coastal feature,Drivable,36.91876,140.86238,8,602,No,Spring; Summer; Autumn,images/JP-GN-2112789,,,
JP-GN-2111907,Mi-saki,Japan,JP,Fukushima,JP-07,Iwaki-shi,"Mi-saki (Mi-saki) is a named seas and coastal areas location in Iwaki-shi, Fukushima, Japan.",Beach spots,Seas and coastal areas,Coastal feature,Drivable,36.93577,140.92012,22,603,No,Spring; Summer; Autumn,images/JP-GN-2111907,,,
JP-GN-2111394,Onahama-wan,Japan,JP,Fukushima,JP-07,Onahama,"Onahama-wan (Onahama-wan) is a named seas and coastal areas location in Onahama, Fukushima, Japan.",Beach spots,Seas and coastal areas,Coastal feature,Drivable,36.91667,140.9,-9999,604,No,Spring; Summer; Autumn,images/JP-GN-2111394,,,
JP-GN-2111039,Shioya Zaki,Japan,JP,Fukushima,JP-07,Iwaki-shi,"Shioya Zaki (Shioya Zaki) is a named seas and coastal areas location in Iwaki-shi, Fukushima, Japan.",Beach spots,Seas and coastal areas,Coastal feature,Drivable,36.99544,140.98212,14,605,No,Spring; Summer; Autumn,images/JP-GN-2111039,,,
JP-GN-2110734,Tonogami Saki,Japan,JP,Fukushima,JP-07,Iwaki-shi,"Tonogami Saki (Tonogami Saki) is a named seas and coastal areas location in Iwaki-shi, Fukushima, Japan.",Beach spots,Seas and coastal areas,Coastal feature,Drivable,37.14555,141.00464,1,606,No,Spring; Summer; Autumn,images/JP-GN-2110734,,,
JP-GN-8675699,Gomihara Ko,Japan,JP,Gifu,JP-21,Nyugawacho-oshikiji,"Gomihara Ko (Gomihara Ko) is a named lakes location in Nyugawacho-oshikiji, Gifu, Japan.",Natural spots,Lakes,Inland water body,Drivable,36.21797,137.37529,850,607,No,Spring; Summer; Autumn,images/JP-GN-8675699,,,
JP-GN-1865367,Amagoi-yama,Japan,JP,Gifu,JP-21,Mizunami Shi,"Amagoi-yama (Amagoi-yama) is a named mountains location in Mizunami Shi, Gifu, Japan.",Adventure spots|Natural spots,Mountains,Natural landform,Drivable,35.45813,137.20442,485,608,No,Late spring; Summer; Autumn,images/JP-GN-1865367,,,
JP-GN-1865361,Amakoidana Yama,Japan,JP,Gifu,JP-21,Nakatsugawa Shi,"Amakoidana Yama (Amakoidana Yama) is a named mountains location in Nakatsugawa Shi, Gifu, Japan.",Adventure spots|Natural spots,Mountains,Natural landform,Drivable,35.67409,137.46608,1306,609,No,Late spring; Summer; Autumn,images/JP-GN-1865361,,,
JP-GN-8675684,Anbo San,Japan,JP,Gifu,JP-21,Takayama Shi,"Anbo San (Anbō San) is a named mountains location in Takayama Shi, Gifu, Japan.",Adventure spots|Natural spots,Mountains,Natural landform,Drivable,36.25062,137.21316,1031,610,No,Late spring; Summer; Autumn,images/JP-GN-8675684,,,
JP-GN-8677478,Ashikura Yama,Japan,JP,Gifu,JP-21,Gujo Shi,"Ashikura Yama (Ashikura Yama) is a named mountains location in Gujo Shi, Gifu, Japan.",Adventure spots|Natural spots,Mountains,Natural landform,Drivable,36.03146,136.79724,1697,611,No,Late spring; Summer; Autumn,images/JP-GN-8677478,,,
JP-GN-1864735,Betsu-zan,Japan,JP,Gifu,JP-21,Ono Gun,"Betsu-zan (Betsu-zan) is a named mountains location in Ono Gun, Gifu, Japan.",Adventure spots|Natural spots,Mountains,Natural landform,Drivable,36.10543,136.76579,2375,612,No,Late spring; Summer; Autumn,images/JP-GN-1864735,,,
JP-GN-1864713,Bishamon-dake,Japan,JP,Gifu,JP-21,Gujo Shi,"Bishamon-dake (Bishamon-dake) is a named mountains location in Gujo Shi, Gifu, Japan.",Adventure spots|Natural spots,Mountains,Natural landform,Drivable,35.94032,136.79268,1350,613,No,Late spring; Summer; Autumn,images/JP-GN-1864713,,,
JP-GN-1864498,Choshiga-mine,Japan,JP,Gifu,JP-21,Gujo Shi,"Choshiga-mine (Choshiga-mine) is a named mountains location in Gujo Shi, Gifu, Japan.",Adventure spots|Natural spots,Mountains,Natural landform,Drivable,36.06173,136.76545,1810,614,No,Late spring; Summer; Autumn,images/JP-GN-1864498,,,
JP-GN-1864439,Dainichiga-dake,Japan,JP,Gifu,JP-21,Gujo Shi,"Dainichiga-dake (Dainichiga-dake) is a named mountains location in Gujo Shi, Gifu, Japan.",Adventure spots|Natural spots,Mountains,Natural landform,Drivable,36.00148,136.83764,1692,615,No,Late spring; Summer; Autumn,images/JP-GN-1864439,,,
JP-GN-8675436,Ebisu Dake,Japan,JP,Gifu,JP-21,Takayama Shi,"Ebisu Dake (Ebisu Dake) is a named mountains location in Takayama Shi, Gifu, Japan.",Adventure spots|Natural spots,Mountains,Natural landform,Drivable,36.12911,137.55051,2718,616,No,Late spring; Summer; Autumn,images/JP-GN-8675436,,,
JP-GN-1864268,Eboshi-yama,Japan,JP,Gifu,JP-21,Ibi-gun,"Eboshi-yama (Eboshi-yama) is a named mountains location in Ibi-gun, Gifu, Japan.",Adventure spots|Natural spots,Mountains,Natural landform,Drivable,35.67682,136.33776,1210,617,No,Late spring; Summer; Autumn,images/JP-GN-1864268,,,
JP-GN-1864206,Ena-san,Japan,JP,Gifu,JP-21,Nakatsugawa Shi,"Ena-san (Ena-san) is a named mountains location in Nakatsugawa Shi, Gifu, Japan.",Adventure spots|Natural spots,Mountains,Natural landform,Drivable,35.44333,137.59655,2191,618,No,Late spring; Summer; Autumn,images/JP-GN-1864206,,,
JP-GN-8675783,Funa Yama,Japan,JP,Gifu,JP-21,Takayama Shi,"Funa Yama (Funa Yama) is a named mountains location in Takayama Shi, Gifu, Japan.",Adventure spots|Natural spots,Mountains,Natural landform,Drivable,36.0234,137.23981,1457,619,No,Late spring; Summer; Autumn,images/JP-GN-8675783,,,
JP-GN-1863659,Genji Dake,Japan,JP,Gifu,JP-21,Takayama Shi,"Genji Dake (Genji Dake) is a named mountains location in Takayama Shi, Gifu, Japan.",Adventure spots|Natural spots,Mountains,Natural landform,Drivable,36.10841,137.19958,1031,620,No,Late spring; Summer; Autumn,images/JP-GN-1863659,,,
JP-GN-1863563,Gongen-yama,Japan,JP,Gifu,JP-21,Gifu Shi,"Gongen-yama (Gongen-yama) is a named mountains location in Gifu Shi, Gifu, Japan.",Adventure spots|Natural spots,Mountains,Natural landform,Drivable,35.44529,136.86768,283,621,No,Late spring; Summer; Autumn,images/JP-GN-1863563,,,
JP-GN-8677662,Gozen Dake,Japan,JP,Gifu,JP-21,Takayama Shi,"Gozen Dake (Gozen Dake) is a named mountains location in Takayama Shi, Gifu, Japan.",Adventure spots|Natural spots,Mountains,Natural landform,Drivable,36.19782,136.95976,1780,622,No,Late spring; Summer; Autumn,images/JP-GN-8677662,,,
JP-GN-1863507,Gozen-yama,Japan,JP,Gifu,JP-21,Gero-shi,"Gozen-yama (Gozen-yama) is a named mountains location in Gero-shi, Gifu, Japan.",Adventure spots|Natural spots,Mountains,Natural landform,Drivable,35.87681,137.27314,1637,623,No,Late spring; Summer; Autumn,images/JP-GN-1863507,,,
JP-GN-1862327,Hi Yama,Japan,JP,Gifu,JP-21,Takayama Shi,"Hi Yama (Hi Yama) is a named mountains location in Takayama Shi, Gifu, Japan.",Adventure spots|Natural spots,Mountains,Natural landform,Drivable,36.04399,137.04838,1374,624,No,Late spring; Summer; Autumn,images/JP-GN-1862327,,,
JP-GN-8675704,Hikagedaira Yama,Japan,JP,Gifu,JP-21,Takayama Shi,"Hikagedaira Yama (Hikagedaira Yama) is a named mountains location in Takayama Shi, Gifu, Japan.",Adventure spots|Natural spots,Mountains,Natural landform,Drivable,36.14418,137.44893,1553,625,No,Late spring; Summer; Autumn,images/JP-GN-8675704,,,
JP-GN-8675719,Hinomiga Take,Japan,JP,Gifu,JP-21,Takayama Shi,"Hinomiga Take (Hinomiga Take) is a named mountains location in Takayama Shi, Gifu, Japan.",Adventure spots|Natural spots,Mountains,Natural landform,Drivable,36.08219,137.31242,1080,626,No,Late spring; Summer; Autumn,images/JP-GN-8675719,,,
JP-GN-8677151,Ibuse Yama,Japan,JP,Gifu,JP-21,Takayama Shi,"Ibuse Yama (Ibuse Yama) is a named mountains location in Takayama Shi, Gifu, Japan.",Adventure spots|Natural spots,Mountains,Natural landform,Drivable,36.18974,137.11333,1500,627,No,Late spring; Summer; Autumn,images/JP-GN-8677151,,,
JP-GN-8675725,Asahi Chosuichi,Japan,JP,Gifu,JP-21,Asahicho-terazuki,"Asahi Chosuichi (Asahi Chosuichi) is a named parks location in Asahicho-terazuki, Gifu, Japan.",Natural spots,Parks,Public park or protected area,Drivable,36.07523,137.42105,845,628,No,Spring; Summer; Autumn,images/JP-GN-8675725,,,
JP-GN-1863334,Hakusan-kokuritsukoen,Japan,JP,Gifu,JP-21,Ono Gun,"Hakusan-kokuritsukoen (Hakusan-kokuritsukōen) is a named parks location in Ono Gun, Gifu, Japan.",Natural spots,Parks,Public park or protected area,Drivable,36.2,136.83333,1228,629,No,Spring; Summer; Autumn,images/JP-GN-1863334,,,
JP-GN-8677461,Miboro Ko,Japan,JP,Gifu,JP-21,Maki,"Miboro Ko (Miboro Ko) is a named parks location in Maki, Gifu, Japan.",Natural spots,Parks,Public park or protected area,Drivable,36.11376,136.92872,722,630,No,Spring; Summer; Autumn,images/JP-GN-8677461,,,
JP-GN-8675425,Takane-norikura Ko,Japan,JP,Gifu,JP-21,Takanemachi-kamigahora,"Takane-norikura Ko (Takane-norikura Ko) is a named parks location in Takanemachi-kamigahora, Gifu, Japan.",Natural spots,Parks,Public park or protected area,Drivable,36.02484,137.49422,1053,631,No,Spring; Summer; Autumn,images/JP-GN-8675425,,,
JP-GN-8675507,Aka Tani,Japan,JP,Gifu,JP-21,Kanjikine,"Aka Tani (Aka Tani) is a named rivers location in Kanjikine, Gifu, Japan.",Natural spots,Rivers,Watercourse,Drivable,36.25805,137.45303,647,632,No,Spring; Summer; Autumn,images/JP-GN-8675507,,,
JP-GN-8675723,Akigami Gawa,Japan,JP,Gifu,JP-21,Asahicho-kurokawa,"Akigami Gawa (Akigami Gawa) is a named rivers location in Asahicho-kurokawa, Gifu, Japan.",Natural spots,Rivers,Watercourse,Drivable,36.0774,137.38241,768,633,No,Spring; Summer; Autumn,images/JP-GN-8675723,,,
JP-GN-8677672,Ara Tani,Japan,JP,Gifu,JP-21,Hokiwaki,"Ara Tani (Ara Tani) is a named rivers location in Hokiwaki, Gifu, Japan.",Natural spots,Rivers,Watercourse,Drivable,36.22857,136.88161,548,634,No,Spring; Summer; Autumn,images/JP-GN-8677672,,,
JP-GN-1865221,Arada-gawa,Japan,JP,Gifu,JP-21,Sunomata,"Arada-gawa (Arada-gawa) is a named rivers location in Sunomata, Gifu, Japan.",Natural spots,Rivers,Watercourse,Drivable,35.3738,136.69894,2,635,No,Spring; Summer; Autumn,images/JP-GN-1865221,,,
JP-GN-8675687,Araki Gawa,Japan,JP,Gifu,JP-21,Furukawa,"Araki Gawa (Araki Gawa) is a named rivers location in Furukawa, Gifu, Japan.",Natural spots,Rivers,Watercourse,Drivable,36.23363,137.18395,495,636,No,Spring; Summer; Autumn,images/JP-GN-8675687,,,
JP-GN-1864930,Atotsu Gawa,Japan,JP,Gifu,JP-21,Kamiokacho-maki,"Atotsu Gawa (Atotsu Gawa) is a named rivers location in Kamiokacho-maki, Gifu, Japan.",Natural spots,Rivers,Watercourse,Drivable,36.40831,137.29571,287,637,No,Spring; Summer; Autumn,images/JP-GN-1864930,,,
JP-GN-1854593,Daihachiga Gawa,Japan,JP,Gifu,JP-21,Fuyuto,"Daihachiga Gawa (Daihachiga Gawa) is a named rivers location in Fuyuto, Gifu, Japan.",Natural spots,Rivers,Watercourse,Drivable,36.15841,137.25546,563,638,No,Spring; Summer; Autumn,images/JP-GN-1854593,,,
JP-GN-8675736,Futamata Gawa,Japan,JP,Gifu,JP-21,Kuzo,"Futamata Gawa (Futamata Gawa) is a named rivers location in Kuzo, Gifu, Japan.",Natural spots,Rivers,Watercourse,Drivable,36.09398,137.39643,841,639,No,Spring; Summer; Autumn,images/JP-GN-8675736,,,
JP-GN-8677851,Futatsuya Dani,Japan,JP,Gifu,JP-21,Kawaicho-tsunogawa,"Futatsuya Dani (Futatsuya Dani) is a named rivers location in Kawaicho-tsunogawa, Gifu, Japan.",Natural spots,Rivers,Watercourse,Drivable,36.30765,137.0921,468,640,No,Spring; Summer; Autumn,images/JP-GN-8677851,,,
JP-GN-1862877,Hida-gawa,Japan,JP,Gifu,JP-21,Kami-kobi,"Hida-gawa (Hida-gawa) is a named rivers location in Kami-kobi, Gifu, Japan.",Natural spots,Rivers,Watercourse,Drivable,35.44584,137.05435,73,641,No,Spring; Summer; Autumn,images/JP-GN-1862877,,,
JP-GN-8677154,Hiko Tani,Japan,JP,Gifu,JP-21,Kiyomicho-natsumaya,"Hiko Tani (Hiko Tani) is a named rivers location in Kiyomicho-natsumaya, Gifu, Japan.",Natural spots,Rivers,Watercourse,Drivable,36.13966,137.09184,879,642,No,Spring; Summer; Autumn,images/JP-GN-8677154,,,
JP-GN-8675757,Iwai Tani,Japan,JP,Gifu,JP-21,Kuzo,"Iwai Tani (Iwai Tani) is a named rivers location in Kuzo, Gifu, Japan.",Natural spots,Rivers,Watercourse,Drivable,36.11924,137.42203,1009,643,No,Spring; Summer; Autumn,images/JP-GN-8675757,,,
JP-GN-1860686,Kamada Gawa,Japan,JP,Gifu,JP-21,Okuhida-onsengo-imami,"Kamada Gawa (Kamada Gawa) is a named rivers location in Okuhida-onsengo-imami, Gifu, Japan.",Natural spots,Rivers,Watercourse,Drivable,36.24674,137.50786,770,644,No,Spring; Summer; Autumn,images/JP-GN-1860686,,,
JP-GN-1859704,Kaore Gawa,Japan,JP,Gifu,JP-21,Fuyuto,"Kaore Gawa (Kaore Gawa) is a named rivers location in Fuyuto, Gifu, Japan.",Natural spots,Rivers,Watercourse,Drivable,36.17132,137.24583,543,645,No,Spring; Summer; Autumn,images/JP-GN-1859704,,,
JP-GN-8675506,Kasa Dani,Japan,JP,Gifu,JP-21,Kanjikine,"Kasa Dani (Kasa Dani) is a named rivers location in Kanjikine, Gifu, Japan.",Natural spots,Rivers,Watercourse,Drivable,36.25774,137.46006,665,646,No,Spring; Summer; Autumn,images/JP-GN-8675506,,,
JP-GN-8675706,Kute Gawa,Japan,JP,Gifu,JP-21,Nyukawacho-hatahoko,"Kute Gawa (Kute Gawa) is a named rivers location in Nyukawacho-hatahoko, Gifu, Japan.",Natural spots,Rivers,Watercourse,Drivable,36.17586,137.46023,945,647,No,Spring; Summer; Autumn,images/JP-GN-8675706,,,
JP-GN-8675737,Kuzo Hontani,Japan,JP,Gifu,JP-21,Asahicho-terazuki,"Kuzo Hontani (Kuzō Hontani) is a named rivers location in Asahicho-terazuki, Gifu, Japan.",Natural spots,Rivers,Watercourse,Drivable,36.09947,137.42832,1046,648,No,Spring; Summer; Autumn,images/JP-GN-8675737,,,
JP-GN-8675735,Kyuzo Gawa,Japan,JP,Gifu,JP-21,Kuzo,"Kyuzo Gawa (Kyūzō Gawa) is a named rivers location in Kuzo, Gifu, Japan.",Natural spots,Rivers,Watercourse,Drivable,36.09381,137.39662,841,649,No,Spring; Summer; Autumn,images/JP-GN-8675735,,,
JP-GN-1857437,Maze-gawa,Japan,JP,Gifu,JP-21,Kanayama,"Maze-gawa (Maze-gawa) is a named rivers location in Kanayama, Gifu, Japan.",Natural spots,Rivers,Watercourse,Drivable,35.65,137.15,415,650,No,Spring; Summer; Autumn,images/JP-GN-1857437,,,
JP-GN-8675445,Migimata Dani,Japan,JP,Gifu,JP-21,Nakasaki,"Migimata Dani (Migimata Dani) is a named rivers location in Nakasaki, Gifu, Japan.",Natural spots,Rivers,Watercourse,Drivable,36.28539,137.57471,1100,651,No,Spring; Summer; Autumn,images/JP-GN-8675445,,,
JP-GN-8677549,Morishige Gawa,Japan,JP,Gifu,JP-21,Maki,"Morishige Gawa (Morishige Gawa) is a named rivers location in Maki, Gifu, Japan.",Natural spots,Rivers,Watercourse,Drivable,36.1316,136.94798,741,652,No,Spring; Summer; Autumn,images/JP-GN-8677549,,,
JP-GN-1856484,Mugi-kawa,Japan,JP,Gifu,JP-21,Takano,"Mugi-kawa (Mugi-kawa) is a named rivers location in Takano, Gifu, Japan.",Natural spots,Rivers,Watercourse,Drivable,35.48718,136.8423,32,653,No,Spring; Summer; Autumn,images/JP-GN-1856484,,,
JP-GN-1863118,Haruna Ko,Japan,JP,Gunma,JP-10,Misatomachi-nakano,"Haruna Ko (Haruna Ko) is a named lakes location in Misatomachi-nakano, Gunma, Japan.",Natural spots,Lakes,Inland water body,Drivable,36.4756,138.86667,1081,654,No,Spring; Summer; Autumn,images/JP-GN-1863118,,,
JP-GN-9182532,Narusawa Ko,Japan,JP,Gunma,JP-10,Minowa,"Narusawa Ko (Narusawa Ko) is a named lakes location in Minowa, Gunma, Japan.",Natural spots,Lakes,Inland water body,Drivable,36.39028,138.94544,195,655,No,Spring; Summer; Autumn,images/JP-GN-9182532,,,
JP-GN-1853967,O Numa,Japan,JP,Gunma,JP-10,Tonemachi-komatsu,"O Numa (Ō Numa) is a named lakes location in Tonemachi-komatsu, Gunma, Japan.",Natural spots,Lakes,Inland water body,Drivable,36.55392,139.17854,1340,656,No,Spring; Summer; Autumn,images/JP-GN-1853967,,,
JP-GN-9186058,Oshio Ko,Japan,JP,Gunma,JP-10,Iwasome,"Oshio Ko (Ōshio Ko) is a named lakes location in Iwasome, Gunma, Japan.",Natural spots,Lakes,Inland water body,Drivable,36.22307,138.87691,248,657,No,Spring; Summer; Autumn,images/JP-GN-9186058,,,
JP-GN-1850573,Tashiro Ko,Japan,JP,Gunma,JP-10,Tashiro,"Tashiro Ko (Tashiro Ko) is a named lakes location in Tashiro, Gunma, Japan.",Natural spots,Lakes,Inland water body,Drivable,36.49155,138.47132,1114,658,No,Spring; Summer; Autumn,images/JP-GN-1850573,,,
JP-GN-1850564,Tatara Numa,Japan,JP,Gunma,JP-10,Akabori,"Tatara Numa (Tatara Numa) is a named lakes location in Akabori, Gunma, Japan.",Natural spots,Lakes,Inland water body,Drivable,36.25778,139.49682,17,659,No,Spring; Summer; Autumn,images/JP-GN-1850564,,,
JP-GN-8628974,Akagi Komagatake,Japan,JP,Gunma,JP-10,Kiryu Shi,"Akagi Komagatake (Akagi Komagatake) is a named mountains location in Kiryu Shi, Gunma, Japan.",Adventure spots|Natural spots,Mountains,Natural landform,Drivable,36.5516,139.1939,1685,660,No,Late spring; Summer; Autumn,images/JP-GN-8628974,,,
JP-GN-1865586,Akagi San,Japan,JP,Gunma,JP-10,Miyosawamachi,"Akagi San (Akagi San) is a named mountains location in Miyosawamachi, Gunma, Japan.",Adventure spots|Natural spots,Mountains,Natural landform,Drivable,36.55,139.18333,1828,661,No,Late spring; Summer; Autumn,images/JP-GN-1865586,,,
JP-GN-1865585,Akaguna Yama,Japan,JP,Gunma,JP-10,Tano-gun,"Akaguna Yama (Akaguna Yama) is a named mountains location in Tano-gun, Gunma, Japan.",Adventure spots|Natural spots,Mountains,Natural landform,Drivable,36.14391,138.84358,1516,662,No,Late spring; Summer; Autumn,images/JP-GN-1865585,,,
JP-GN-9124650,Akazawa Yama,Japan,JP,Gunma,JP-10,Agatsuma-gun,"Akazawa Yama (Akazawa Yama) is a named mountains location in Agatsuma-gun, Gunma, Japan.",Adventure spots|Natural spots,Mountains,Natural landform,Drivable,36.71855,138.80299,1433,663,No,Late spring; Summer; Autumn,images/JP-GN-9124650,,,
JP-GN-9124666,Amagahage Yama,Japan,JP,Gunma,JP-10,Numata Shi,"Amagahage Yama (Amagahage Yama) is a named mountains location in Numata Shi, Gunma, Japan.",Adventure spots|Natural spots,Mountains,Natural landform,Drivable,36.78272,139.04498,1426,664,No,Late spring; Summer; Autumn,images/JP-GN-9124666,,,
JP-GN-9127234,Amagoi Yama,Japan,JP,Gunma,JP-10,Numata Shi,"Amagoi Yama (Amagoi Yama) is a named mountains location in Numata Shi, Gunma, Japan.",Adventure spots|Natural spots,Mountains,Natural landform,Drivable,36.68684,139.14418,1051,665,No,Late spring; Summer; Autumn,images/JP-GN-9127234,,,
JP-GN-1865218,Arafune Yama,Japan,JP,Gunma,JP-10,Kanra-gun,"Arafune Yama (Arafune Yama) is a named mountains location in Kanra-gun, Gunma, Japan.",Adventure spots|Natural spots,Mountains,Natural landform,Drivable,36.20344,138.6384,1344,666,No,Late spring; Summer; Autumn,images/JP-GN-1865218,,,
JP-GN-9181201,Arikawa Dake,Japan,JP,Gunma,JP-10,Agatsuma-gun,"Arikawa Dake (Arikawa Dake) is a named mountains location in Agatsuma-gun, Gunma, Japan.",Adventure spots|Natural spots,Mountains,Natural landform,Drivable,36.63296,138.85194,823,667,No,Late spring; Summer; Autumn,images/JP-GN-9181201,,,
JP-GN-9181604,Asama Yama,Japan,JP,Gunma,JP-10,Ikahomachi-mizusawa,"Asama Yama (Asama Yama) is a named mountains location in Ikahomachi-mizusawa, Gunma, Japan.",Adventure spots|Natural spots,Mountains,Natural landform,Drivable,36.48169,138.93,1095,668,No,Late spring; Summer; Autumn,images/JP-GN-9181604,,,
JP-GN-1865044,Asamakakushi Yama,Japan,JP,Gunma,JP-10,Agatsuma-gun,"Asamakakushi Yama (Asamakakushi Yama) is a named mountains location in Agatsuma-gun, Gunma, Japan.",Adventure spots|Natural spots,Mountains,Natural landform,Drivable,36.45385,138.65212,1714,669,No,Late spring; Summer; Autumn,images/JP-GN-1865044,,,
JP-GN-9183509,Atago Yama,Japan,JP,Gunma,JP-10,Annaka Shi,"Atago Yama (Atago Yama) is a named mountains location in Annaka Shi, Gunma, Japan.",Adventure spots|Natural spots,Mountains,Natural landform,Drivable,36.30074,138.65839,1161,670,No,Late spring; Summer; Autumn,images/JP-GN-9183509,,,
JP-GN-9189088,Azuma Yama,Japan,JP,Gunma,JP-10,Kiryu Shi,"Azuma Yama (Azuma Yama) is a named mountains location in Kiryu Shi, Gunma, Japan.",Adventure spots|Natural spots,Mountains,Natural landform,Drivable,36.43103,139.33084,460,671,No,Late spring; Summer; Autumn,images/JP-GN-9189088,,,
JP-GN-1864839,Azumaya San,Japan,JP,Gunma,JP-10,Agatsuma-gun,"Azumaya San (Azumaya San) is a named mountains location in Agatsuma-gun, Gunma, Japan.",Adventure spots|Natural spots,Mountains,Natural landform,Drivable,36.5426,138.41547,3254,672,No,Late spring; Summer; Autumn,images/JP-GN-1864839,,,
JP-GN-9181601,Bingushi Yama,Japan,JP,Gunma,JP-10,Ikahomachi-ikaho,"Bingushi Yama (Bingushi Yama) is a named mountains location in Ikahomachi-ikaho, Gunma, Japan.",Adventure spots|Natural spots,Mountains,Natural landform,Drivable,36.4881,138.86291,1291,673,No,Late spring; Summer; Autumn,images/JP-GN-9181601,,,
JP-GN-9185496,Budo Dake,Japan,JP,Gunma,JP-10,Tano-gun,"Budo Dake (Budō Dake) is a named mountains location in Tano-gun, Gunma, Japan.",Adventure spots|Natural spots,Mountains,Natural landform,Drivable,36.06844,138.64282,1592,674,No,Late spring; Summer; Autumn,images/JP-GN-9185496,,,
JP-GN-1864499,Choshichiro-zan,Japan,JP,Gunma,JP-10,Maebashi Shi,"Choshichiro-zan (Chōshichirō-zan) is a named mountains location in Maebashi Shi, Gunma, Japan.",Adventure spots|Natural spots,Mountains,Natural landform,Drivable,36.53143,139.19008,1529,675,No,Late spring; Summer; Autumn,images/JP-GN-1864499,,,
JP-GN-1864290,Eboshi Dake,Japan,JP,Gunma,JP-10,Kanra-gun,"Eboshi Dake (Eboshi Dake) is a named mountains location in Kanra-gun, Gunma, Japan.",Adventure spots|Natural spots,Mountains,Natural landform,Drivable,36.12957,138.69704,1040,676,No,Late spring; Summer; Autumn,images/JP-GN-1864290,,,
JP-GN-9181602,Eboshiga Dake,Japan,JP,Gunma,JP-10,Ikahomachi-ikaho,"Eboshiga Dake (Eboshiga Dake) is a named mountains location in Ikahomachi-ikaho, Gunma, Japan.",Adventure spots|Natural spots,Mountains,Natural landform,Drivable,36.48922,138.87456,1318,677,No,Late spring; Summer; Autumn,images/JP-GN-9181602,,,
JP-GN-9185495,Funasaka Yama,Japan,JP,Gunma,JP-10,Tano-gun,"Funasaka Yama (Funasaka Yama) is a named mountains location in Tano-gun, Gunma, Japan.",Adventure spots|Natural spots,Mountains,Natural landform,Drivable,36.05984,138.65847,1423,678,No,Late spring; Summer; Autumn,images/JP-GN-9185495,,,
JP-GN-9181603,Futatsu Dake,Japan,JP,Gunma,JP-10,Ikahomachi-ikaho,"Futatsu Dake (Futatsu Dake) is a named mountains location in Ikahomachi-ikaho, Gunma, Japan.",Adventure spots|Natural spots,Mountains,Natural landform,Drivable,36.48153,138.90403,1280,679,No,Late spring; Summer; Autumn,images/JP-GN-9181603,,,
JP-GN-9189442,Kusagi Ko,Japan,JP,Gunma,JP-10,Azumacho-kusagi,"Kusagi Ko (Kusagi Ko) is a named parks location in Azumacho-kusagi, Gunma, Japan.",Natural spots,Parks,Public park or protected area,Drivable,36.55786,139.37788,430,680,No,Spring; Summer; Autumn,images/JP-GN-9189442,,,
JP-GN-9124675,Naramata Ko,Japan,JP,Gunma,JP-10,Takarakawa,"Naramata Ko (Naramata Ko) is a named parks location in Takarakawa, Gunma, Japan.",Natural spots,Parks,Public park or protected area,Drivable,36.89184,139.09102,880,681,No,Spring; Summer; Autumn,images/JP-GN-9124675,,,
JP-GN-9127198,Otaki Choseichi,Japan,JP,Gunma,JP-10,Kamada,"Otaki Choseichi (Ōtaki Chōseichi) is a named parks location in Kamada, Gunma, Japan.",Natural spots,Parks,Public park or protected area,Drivable,36.7743,139.22821,790,682,No,Spring; Summer; Autumn,images/JP-GN-9127198,,,
JP-GN-9124667,Tamahara Ko,Japan,JP,Gunma,JP-10,Fujiwara,"Tamahara Ko (Tamahara Ko) is a named parks location in Fujiwara, Gunma, Japan.",Natural spots,Parks,Public park or protected area,Drivable,36.77848,139.06109,1171,683,No,Spring; Summer; Autumn,images/JP-GN-9124667,,,
JP-GN-9189091,Umeda Ko,Japan,JP,Gunma,JP-10,Umedacho,"Umeda Ko (Umeda Ko) is a named parks location in Umedacho, Gunma, Japan.",Natural spots,Parks,Public park or protected area,Drivable,36.47865,139.4126,256,684,No,Spring; Summer; Autumn,images/JP-GN-9189091,,,
JP-GN-1865729,Agatsuma Gawa,Japan,JP,Gunma,JP-10,Akutsu,"Agatsuma Gawa (Agatsuma Gawa) is a named rivers location in Akutsu, Gunma, Japan.",Natural spots,Rivers,Watercourse,Drivable,36.50034,139.01539,171,685,No,Spring; Summer; Autumn,images/JP-GN-1865729,,,
JP-GN-9182363,Aima Gawa,Japan,JP,Gunma,JP-10,Kurabuchimachi-iwakori,"Aima Gawa (Aima Gawa) is a named rivers location in Kurabuchimachi-iwakori, Gunma, Japan.",Natural spots,Rivers,Watercourse,Drivable,36.42605,138.78877,412,686,No,Spring; Summer; Autumn,images/JP-GN-9182363,,,
JP-GN-1865462,Akaya Gawa,Japan,JP,Gunma,JP-10,Gokan,"Akaya Gawa (Akaya Gawa) is a named rivers location in Gokan, Gunma, Japan.",Natural spots,Rivers,Watercourse,Drivable,36.67562,138.99626,357,687,No,Spring; Summer; Autumn,images/JP-GN-1865462,,,
JP-GN-1865691,Ayu Kawa,Japan,JP,Gunma,JP-10,Kamikurisu,"Ayu Kawa (Ayu Kawa) is a named rivers location in Kamikurisu, Gunma, Japan.",Natural spots,Rivers,Watercourse,Drivable,36.27289,139.05068,74,688,No,Spring; Summer; Autumn,images/JP-GN-1865691,,,
JP-GN-9186930,Fuji Kawa,Japan,JP,Gunma,JP-10,Kawai,"Fuji Kawa (Fuji Kawa) is a named rivers location in Kawai, Gunma, Japan.",Natural spots,Rivers,Watercourse,Drivable,36.3066,139.1485,58,689,No,Spring; Summer; Autumn,images/JP-GN-9186930,,,
JP-GN-9187717,Hake Gawa,Japan,JP,Gunma,JP-10,Saida,"Hake Gawa (Hake Gawa) is a named rivers location in Saida, Gunma, Japan.",Natural spots,Rivers,Watercourse,Drivable,36.31674,139.1102,64,690,No,Spring; Summer; Autumn,images/JP-GN-9187717,,,
JP-GN-9127227,Hira Kawa,Japan,JP,Gunma,JP-10,Tonemachi-okkai,"Hira Kawa (Hira Kawa) is a named rivers location in Tonemachi-okkai, Gunma, Japan.",Natural spots,Rivers,Watercourse,Drivable,36.71055,139.21009,655,691,No,Spring; Summer; Autumn,images/JP-GN-9127227,,,
JP-GN-1862420,Hirose Gawa,Japan,JP,Gunma,JP-10,Otachicho,"Hirose Gawa (Hirose Gawa) is a named rivers location in Otachicho, Gunma, Japan.",Natural spots,Rivers,Watercourse,Drivable,36.25048,139.27305,33,692,No,Spring; Summer; Autumn,images/JP-GN-1862420,,,
JP-GN-9127228,Hotchi Gawa,Japan,JP,Gunma,JP-10,Okayamachi,"Hotchi Gawa (Hotchi Gawa) is a named rivers location in Okayamachi, Gunma, Japan.",Natural spots,Rivers,Watercourse,Drivable,36.6628,139.07217,458,693,No,Spring; Summer; Autumn,images/JP-GN-9127228,,,
JP-GN-1861581,Ino Gawa,Japan,JP,Gunma,JP-10,Iwahanamachi,"Ino Gawa (Ino Gawa) is a named rivers location in Iwahanamachi, Gunma, Japan.",Natural spots,Rivers,Watercourse,Drivable,36.29157,139.08962,62,694,No,Spring; Summer; Autumn,images/JP-GN-1861581,,,
JP-GN-9188107,Ishida Gawa,Japan,JP,Gunma,JP-10,Hosoyacho,"Ishida Gawa (Ishida Gawa) is a named rivers location in Hosoyacho, Gunma, Japan.",Natural spots,Rivers,Watercourse,Drivable,36.24106,139.37946,21,695,No,Spring; Summer; Autumn,images/JP-GN-9188107,,,
JP-GN-9184413,Izumi Sawa,Japan,JP,Gunma,JP-10,Azumaiokozan,"Izumi Sawa (Izumi Sawa) is a named rivers location in Azumaiokozan, Gunma, Japan.",Natural spots,Rivers,Watercourse,Drivable,36.50506,138.50173,917,696,No,Spring; Summer; Autumn,images/JP-GN-9184413,,,
JP-GN-9184270,Jizo Gawa,Japan,JP,Gunma,JP-10,Okuwa,"Jizo Gawa (Jizō Gawa) is a named rivers location in Okuwa, Gunma, Japan.",Natural spots,Rivers,Watercourse,Drivable,36.50864,138.60307,875,697,No,Spring; Summer; Autumn,images/JP-GN-9184270,,,
JP-GN-1860915,Kabura Gawa,Japan,JP,Gunma,JP-10,Iwahanamachi,"Kabura Gawa (Kabura Gawa) is a named rivers location in Iwahanamachi, Gunma, Japan.",Natural spots,Rivers,Watercourse,Drivable,36.29009,139.06688,66,698,No,Spring; Summer; Autumn,images/JP-GN-1860915,,,
JP-GN-1859830,Katashina Gawa,Japan,JP,Gunma,JP-10,Morishita,"Katashina Gawa (Katashina Gawa) is a named rivers location in Morishita, Gunma, Japan.",Natural spots,Rivers,Watercourse,Drivable,36.61721,139.04231,298,699,No,Spring; Summer; Autumn,images/JP-GN-1859830,,,
JP-GN-9127197,Kawakami Gawa,Japan,JP,Gunma,JP-10,Tokura,"Kawakami Gawa (Kawakami Gawa) is a named rivers location in Tokura, Gunma, Japan.",Natural spots,Rivers,Watercourse,Drivable,36.91961,139.20066,1408,700,No,Spring; Summer; Autumn,images/JP-GN-9127197,,,
JP-GN-9124674,Kinone Sawa,Japan,JP,Gunma,JP-10,Takarakawa,"Kinone Sawa (Kinone Sawa) is a named rivers location in Takarakawa, Gunma, Japan.",Natural spots,Rivers,Watercourse,Drivable,36.87606,139.07565,765,701,No,Spring; Summer; Autumn,images/JP-GN-9124674,,,
JP-GN-9184392,Kuma Gawa,Japan,JP,Gunma,JP-10,Naganohara,"Kuma Gawa (Kuma Gawa) is a named rivers location in Naganohara, Gunma, Japan.",Natural spots,Rivers,Watercourse,Drivable,36.55011,138.62249,630,702,No,Spring; Summer; Autumn,images/JP-GN-9184392,,,
JP-GN-9184398,Manza Gawa,Japan,JP,Gunma,JP-10,Saikubo,"Manza Gawa (Manza Gawa) is a named rivers location in Saikubo, Gunma, Japan.",Natural spots,Rivers,Watercourse,Drivable,36.52629,138.54317,811,703,No,Spring; Summer; Autumn,images/JP-GN-9184398,,,
JP-GN-9127194,Minaga Sawa,Japan,JP,Gunma,JP-10,Takarakawa,"Minaga Sawa (Minaga Sawa) is a named rivers location in Takarakawa, Gunma, Japan.",Natural spots,Rivers,Watercourse,Drivable,36.96184,139.10487,858,704,No,Spring; Summer; Autumn,images/JP-GN-9127194,,,
JP-GN-9126363,Nakura Zawa,Japan,JP,Gunma,JP-10,Fujiwara,"Nakura Zawa (Nakura Zawa) is a named rivers location in Fujiwara, Gunma, Japan.",Natural spots,Rivers,Watercourse,Drivable,36.83532,139.04975,641,705,No,Spring; Summer; Autumn,images/JP-GN-9126363,,,
JP-GN-9181207,Nakuta Gawa,Japan,JP,Gunma,JP-10,Isemachi,"Nakuta Gawa (Nakuta Gawa) is a named rivers location in Isemachi, Gunma, Japan.",Natural spots,Rivers,Watercourse,Drivable,36.58132,138.86561,308,706,No,Spring; Summer; Autumn,images/JP-GN-9181207,,,
JP-GN-1851358,Suya Ura,Japan,JP,Hiroshima,JP-34,Hatsukaichi-shi,"Suya Ura (Suya Ura) is a named beaches location in Hatsukaichi-shi, Hiroshima, Japan.",Beach spots,Beaches,Coastal recreation area,Drivable,34.25535,132.26498,22,707,No,Summer,images/JP-GN-1851358,,,
JP-GN-11978842,Shishi-iwa Observation Deck,Japan,JP,Hiroshima,JP-34,Hatsukaichi-shi,"Shishi-iwa Observation Deck (Shishi-iwa Observation Deck) is a named monuments location in Hatsukaichi-shi, Hiroshima, Japan.",Historical spots,Monuments,Public historic site or monument,Drivable,34.27888,132.32479,426,708,No,Year-round,images/JP-GN-11978842,,,
JP-GN-1865755,Abu-san,Japan,JP,Hiroshima,JP-34,Hiroshima-shi,"Abu-san (Abu-san) is a named mountains location in Hiroshima-shi, Hiroshima, Japan.",Adventure spots|Natural spots,Mountains,Natural landform,Drivable,34.48333,132.48333,190,709,No,Late spring; Summer; Autumn,images/JP-GN-1865755,,,
JP-GN-10283874,Aokageyama,Japan,JP,Hiroshima,JP-34,Onomichi-shi,"Aokageyama (Aokageyama) is a named mountains location in Onomichi-shi, Hiroshima, Japan.",Adventure spots|Natural spots,Mountains,Natural landform,Drivable,34.31172,133.16717,275,710,No,Late spring; Summer; Autumn,images/JP-GN-10283874,,,
JP-GN-1865024,Asa Yama,Japan,JP,Hiroshima,JP-34,Yamagata-gun,"Asa Yama (Asa Yama) is a named mountains location in Yamagata-gun, Hiroshima, Japan.",Adventure spots|Natural spots,Mountains,Natural landform,Drivable,34.78539,132.38251,1170,711,No,Late spring; Summer; Autumn,images/JP-GN-1865024,,,
JP-GN-1864712,Bishamon-yama,Japan,JP,Hiroshima,JP-34,Kure-shi,"Bishamon-yama (Bishamon-yama) is a named mountains location in Kure-shi, Hiroshima, Japan.",Adventure spots|Natural spots,Mountains,Natural landform,Drivable,34.16667,132.5,72,712,No,Late spring; Summer; Autumn,images/JP-GN-1864712,,,
JP-GN-1864700,Bizembo-zan,Japan,JP,Hiroshima,JP-34,Hiroshima-shi,"Bizembo-zan (Bizembō-zan) is a named mountains location in Hiroshima-shi, Hiroshima, Japan.",Adventure spots|Natural spots,Mountains,Natural landform,Drivable,34.58333,132.53333,602,713,No,Late spring; Summer; Autumn,images/JP-GN-1864700,,,
JP-GN-6417254,Chausu-yama,Japan,JP,Hiroshima,JP-34,Onomichi-shi,"Chausu-yama (Chausu-yama) is a named mountains location in Onomichi-shi, Hiroshima, Japan.",Adventure spots|Natural spots,Mountains,Natural landform,Drivable,34.3,133.1,236,714,No,Late spring; Summer; Autumn,images/JP-GN-6417254,,,
JP-GN-8624802,Dogo Yama,Japan,JP,Hiroshima,JP-34,Shobara-shi,"Dogo Yama (Dōgo Yama) is a named mountains location in Shobara-shi, Hiroshima, Japan.",Adventure spots|Natural spots,Mountains,Natural landform,Drivable,35.07011,133.23546,1268,715,No,Late spring; Summer; Autumn,images/JP-GN-8624802,,,
JP-GN-1864270,Eboshi Yama,Japan,JP,Hiroshima,JP-34,Shimoshakuta,"Eboshi Yama (Eboshi Yama) is a named mountains location in Shimoshakuta, Hiroshima, Japan.",Adventure spots|Natural spots,Mountains,Natural landform,Drivable,35.0743,133.05475,1115,716,No,Late spring; Summer; Autumn,images/JP-GN-1864270,,,
JP-GN-6417298,Fudekage-yama,Japan,JP,Hiroshima,JP-34,Mihara Shi,"Fudekage-yama (Fudekage-yama) is a named mountains location in Mihara Shi, Hiroshima, Japan.",Adventure spots|Natural spots,Mountains,Natural landform,Drivable,34.37667,133.08167,94,717,No,Late spring; Summer; Autumn,images/JP-GN-6417298,,,
JP-GN-1863826,Furukannon Yama,Japan,JP,Hiroshima,JP-34,Kure-shi,"Furukannon Yama (Furukannon Yama) is a named mountains location in Kure-shi, Hiroshima, Japan.",Adventure spots|Natural spots,Mountains,Natural landform,Drivable,34.18333,132.51667,170,718,No,Late spring; Summer; Autumn,images/JP-GN-1863826,,,
JP-GN-1863776,Futaba-yama,Japan,JP,Hiroshima,JP-34,Hiroshima-shi,"Futaba-yama (Futaba-yama) is a named mountains location in Hiroshima-shi, Hiroshima, Japan.",Adventure spots|Natural spots,Mountains,Natural landform,Drivable,34.4,132.46667,11,719,No,Late spring; Summer; Autumn,images/JP-GN-1863776,,,
JP-GN-1863675,Garyu San,Japan,JP,Hiroshima,JP-34,Yamagata-gun,"Garyu San (Garyū San) is a named mountains location in Yamagata-gun, Hiroshima, Japan.",Adventure spots|Natural spots,Mountains,Natural landform,Drivable,34.68824,132.19162,1178,720,No,Late spring; Summer; Autumn,images/JP-GN-1863675,,,
JP-GN-6417222,Hachiga-mine,Japan,JP,Hiroshima,JP-34,Mihara Shi,"Hachiga-mine (Hachiga-mine) is a named mountains location in Mihara Shi, Hiroshima, Japan.",Adventure spots|Natural spots,Mountains,Natural landform,Drivable,34.39167,133.12833,430,721,No,Late spring; Summer; Autumn,images/JP-GN-6417222,,,
JP-GN-1862676,Hiji-yama,Japan,JP,Hiroshima,JP-34,Hiroshima-shi,"Hiji-yama (Hiji-yama) is a named mountains location in Hiroshima-shi, Hiroshima, Japan.",Adventure spots|Natural spots,Mountains,Natural landform,Drivable,34.36667,132.46667,7,722,No,Late spring; Summer; Autumn,images/JP-GN-1862676,,,
JP-GN-8626040,Hodai Yama,Japan,JP,Hiroshima,JP-34,Etajima-shi,"Hodai Yama (Hōdai Yama) is a named mountains location in Etajima-shi, Hiroshima, Japan.",Adventure spots|Natural spots,Mountains,Natural landform,Drivable,34.24406,132.39989,329,723,No,Late spring; Summer; Autumn,images/JP-GN-8626040,,,
JP-GN-8624900,Hoshinoko Yama,Japan,JP,Hiroshima,JP-34,Jinseki-gun,"Hoshinoko Yama (Hoshinoko Yama) is a named mountains location in Jinseki-gun, Hiroshima, Japan.",Adventure spots|Natural spots,Mountains,Natural landform,Drivable,34.75482,133.25578,501,724,No,Late spring; Summer; Autumn,images/JP-GN-8624900,,,
JP-GN-1861551,Inubushi Yama,Japan,JP,Hiroshima,JP-34,Aki-takata Shi,"Inubushi Yama (Inubushi Yama) is a named mountains location in Aki-takata Shi, Hiroshima, Japan.",Adventure spots|Natural spots,Mountains,Natural landform,Drivable,34.80672,132.61179,775,725,No,Late spring; Summer; Autumn,images/JP-GN-1861551,,,
JP-GN-1861306,Itanabe Yama,Japan,JP,Hiroshima,JP-34,Higashihiroshima Shi,"Itanabe Yama (Itanabe Yama) is a named mountains location in Higashihiroshima Shi, Hiroshima, Japan.",Adventure spots|Natural spots,Mountains,Natural landform,Drivable,34.55,132.83333,632,726,No,Late spring; Summer; Autumn,images/JP-GN-1861306,,,
JP-GN-1861016,Jippo Zan,Japan,JP,Hiroshima,JP-34,Hatsukaichi-shi,"Jippo Zan (Jippō Zan) is a named mountains location in Hatsukaichi-shi, Hiroshima, Japan.",Adventure spots|Natural spots,Mountains,Natural landform,Drivable,34.56298,132.14223,1312,727,No,Late spring; Summer; Autumn,images/JP-GN-1861016,,,
JP-GN-10286481,Kakiyama,Japan,JP,Hiroshima,JP-34,Onomichi-shi,"Kakiyama (Kakiyama) is a named mountains location in Onomichi-shi, Hiroshima, Japan.",Adventure spots|Natural spots,Mountains,Natural landform,Drivable,34.29396,133.13119,408,728,No,Late spring; Summer; Autumn,images/JP-GN-10286481,,,
JP-GN-11978840,Momijidani park,Japan,JP,Hiroshima,JP-34,Hatsukaichi-shi,"Momijidani park (Momijidani park) is a named parks location in Hatsukaichi-shi, Hiroshima, Japan.",Natural spots,Parks,Public park or protected area,Drivable,34.29421,132.32422,48,729,No,Spring; Summer; Autumn,images/JP-GN-11978840,,,
JP-GN-1865015,Ashida Gawa,Japan,JP,Hiroshima,JP-34,Tajiri,"Ashida Gawa (Ashida Gawa) is a named rivers location in Tajiri, Hiroshima, Japan.",Natural spots,Rivers,Watercourse,Drivable,34.44026,133.40174,0,730,No,Spring; Summer; Autumn,images/JP-GN-1865015,,,
JP-GN-1864781,Basen Gawa,Japan,JP,Hiroshima,JP-34,Tokaichi,"Basen Gawa (Basen Gawa) is a named rivers location in Tokaichi, Hiroshima, Japan.",Natural spots,Rivers,Watercourse,Drivable,34.80593,132.84166,144,731,No,Spring; Summer; Autumn,images/JP-GN-1864781,,,
JP-GN-1861789,Ikeda Gawa,Japan,JP,Hiroshima,JP-34,Hige,"Ikeda Gawa (Ikeda Gawa) is a named rivers location in Hige, Hiroshima, Japan.",Natural spots,Rivers,Watercourse,Drivable,34.80706,132.77233,134,732,No,Spring; Summer; Autumn,images/JP-GN-1861789,,,
JP-GN-1857425,Megumi-kawa,Japan,JP,Hiroshima,JP-34,Kuba,"Megumi-kawa (Megumi-kawa) is a named rivers location in Kuba, Hiroshima, Japan.",Natural spots,Rivers,Watercourse,Drivable,34.25217,132.23003,7,733,No,Spring; Summer; Autumn,images/JP-GN-1857425,,,
JP-GN-8626935,Mihara Gawa,Japan,JP,Hiroshima,JP-34,Shiomachi,"Mihara Gawa (Mihara Gawa) is a named rivers location in Shiomachi, Hiroshima, Japan.",Natural spots,Rivers,Watercourse,Drivable,34.77919,132.9134,161,734,No,Spring; Summer; Autumn,images/JP-GN-8626935,,,
JP-GN-8626927,Mukunashi Gawa,Japan,JP,Hiroshima,JP-34,Waki,"Mukunashi Gawa (Mukunashi Gawa) is a named rivers location in Waki, Hiroshima, Japan.",Natural spots,Rivers,Watercourse,Drivable,34.50584,132.90498,260,735,No,Spring; Summer; Autumn,images/JP-GN-8626927,,,
JP-GN-1855390,Niko Gawa,Japan,JP,Hiroshima,JP-34,Kure,"Niko Gawa (Nikō Gawa) is a named rivers location in Kure, Hiroshima, Japan.",Natural spots,Rivers,Watercourse,Drivable,34.2416,132.54856,7,736,No,Spring; Summer; Autumn,images/JP-GN-1855390,,,
JP-GN-1854886,Nuta Gawa,Japan,JP,Hiroshima,JP-34,Kainocho,"Nuta Gawa (Nuta Gawa) is a named rivers location in Kainocho, Hiroshima, Japan.",Natural spots,Rivers,Watercourse,Drivable,34.38503,133.09054,1,737,No,Spring; Summer; Autumn,images/JP-GN-1854886,,,
JP-GN-8626925,Nyuno Gawa,Japan,JP,Hiroshima,JP-34,Naka-kochi,"Nyuno Gawa (Nyūno Gawa) is a named rivers location in Naka-kochi, Hiroshima, Japan.",Natural spots,Rivers,Watercourse,Drivable,34.47301,132.8733,105,738,No,Spring; Summer; Autumn,images/JP-GN-8626925,,,
JP-GN-8627055,Oda Gawa,Japan,JP,Hiroshima,JP-34,Kannabecho-yahiro,"Oda Gawa (Oda Gawa) is a named rivers location in Kannabecho-yahiro, Hiroshima, Japan.",Natural spots,Rivers,Watercourse,Drivable,34.63172,133.43425,64,739,No,Spring; Summer; Autumn,images/JP-GN-8627055,,,
JP-GN-1853637,Otani Gawa,Japan,JP,Hiroshima,JP-34,Aga-chuo,"Otani Gawa (Ōtani Gawa) is a named rivers location in Aga-chuo, Hiroshima, Japan.",Natural spots,Rivers,Watercourse,Drivable,34.23105,132.59611,4,740,No,Spring; Summer; Autumn,images/JP-GN-1853637,,,
JP-GN-1853241,Saijo Gawa,Japan,JP,Hiroshima,JP-34,Tokaichi,"Saijo Gawa (Saijō Gawa) is a named rivers location in Tokaichi, Hiroshima, Japan.",Natural spots,Rivers,Watercourse,Drivable,34.80824,132.84873,155,741,No,Spring; Summer; Autumn,images/JP-GN-1853241,,,
JP-GN-1853183,Sakai Gawa,Japan,JP,Hiroshima,JP-34,Kure,"Sakai Gawa (Sakai Gawa) is a named rivers location in Kure, Hiroshima, Japan.",Natural spots,Rivers,Watercourse,Drivable,34.23959,132.5563,-9999,742,No,Spring; Summer; Autumn,images/JP-GN-1853183,,,
JP-GN-8626936,Sakamoto Gawa,Japan,JP,Hiroshima,JP-34,Yokkaichi,"Sakamoto Gawa (Sakamoto Gawa) is a named rivers location in Yokkaichi, Hiroshima, Japan.",Natural spots,Rivers,Watercourse,Drivable,34.81215,133.43186,128,743,No,Spring; Summer; Autumn,images/JP-GN-8626936,,,
JP-GN-1852713,Seno Gawa,Japan,JP,Hiroshima,JP-34,Kaitaichi,"Seno Gawa (Seno Gawa) is a named rivers location in Kaitaichi, Hiroshima, Japan.",Natural spots,Rivers,Watercourse,Drivable,34.36216,132.51825,1,744,No,Spring; Summer; Autumn,images/JP-GN-1852713,,,
JP-GN-8624899,Taishaku Gawa,Japan,JP,Hiroshima,JP-34,Yuki,"Taishaku Gawa (Taishaku Gawa) is a named rivers location in Yuki, Hiroshima, Japan.",Natural spots,Rivers,Watercourse,Drivable,34.82422,133.2855,240,745,No,Spring; Summer; Autumn,images/JP-GN-8624899,,,
JP-GN-1848529,Yano Gawa,Japan,JP,Hiroshima,JP-34,Yano,"Yano Gawa (Yano Gawa) is a named rivers location in Yano, Hiroshima, Japan.",Natural spots,Rivers,Watercourse,Drivable,34.35591,132.52841,6,746,No,Spring; Summer; Autumn,images/JP-GN-1848529,,,
JP-GN-1848431,Yawata Gawa,Japan,JP,Hiroshima,JP-34,Itsukaichi,"Yawata Gawa (Yawata Gawa) is a named rivers location in Itsukaichi, Hiroshima, Japan.",Natural spots,Rivers,Watercourse,Drivable,34.3609,132.37811,1,747,No,Spring; Summer; Autumn,images/JP-GN-1848431,,,
JP-GN-6417701,Abutono Seto,Japan,JP,Hiroshima,JP-34,Tomo,"Abutono Seto (Abutono Seto) is a named seas and coastal areas location in Tomo, Hiroshima, Japan.",Beach spots,Seas and coastal areas,Coastal feature,Drivable,34.36494,133.34338,1,748,No,Spring; Summer; Autumn,images/JP-GN-6417701,,,
JP-GN-6417287,Aoki-hana,Japan,JP,Hiroshima,JP-34,Mihara Shi,"Aoki-hana (Aoki-hana) is a named seas and coastal areas location in Mihara Shi, Hiroshima, Japan.",Beach spots,Seas and coastal areas,Coastal feature,Drivable,34.34528,133.07667,35,749,No,Spring; Summer; Autumn,images/JP-GN-6417287,,,
JP-GN-1864167,Etajima Wan,Japan,JP,Hiroshima,JP-34,Mukaigawa,"Etajima Wan (Etajima Wan) is a named seas and coastal areas location in Mukaigawa, Hiroshima, Japan.",Beach spots,Seas and coastal areas,Coastal feature,Drivable,34.23792,132.45511,-9999,750,No,Spring; Summer; Autumn,images/JP-GN-1864167,,,
JP-GN-1862979,Hayase Seto,Japan,JP,Hiroshima,JP-34,Ondocho-hayase,"Hayase Seto (Hayase Seto) is a named seas and coastal areas location in Ondocho-hayase, Hiroshima, Japan.",Beach spots,Seas and coastal areas,Coastal feature,Drivable,34.16105,132.4907,1,751,No,Spring; Summer; Autumn,images/JP-GN-1862979,,,
JP-GN-1862678,Hijiri Zaki,Japan,JP,Hiroshima,JP-34,Hatsukaichi-shi,"Hijiri Zaki (Hijiri Zaki) is a named seas and coastal areas location in Hatsukaichi-shi, Hiroshima, Japan.",Beach spots,Seas and coastal areas,Coastal feature,Drivable,34.31076,132.33265,7,752,No,Spring; Summer; Autumn,images/JP-GN-1862678,,,
JP-GN-6417234,Homa-hana,Japan,JP,Hiroshima,JP-34,Onomichi-shi,"Homa-hana (Hōma-hana) is a named seas and coastal areas location in Onomichi-shi, Hiroshima, Japan.",Beach spots,Seas and coastal areas,Coastal feature,Drivable,34.39167,133.24556,29,753,No,Spring; Summer; Autumn,images/JP-GN-6417234,,,
JP-GN-1861553,Inubono-hana,Japan,JP,Hiroshima,JP-34,Mihara Shi,"Inubono-hana (Inubōno-hana) is a named seas and coastal areas location in Mihara Shi, Hiroshima, Japan.",Beach spots,Seas and coastal areas,Coastal feature,Drivable,34.38333,133.08333,2,754,No,Spring; Summer; Autumn,images/JP-GN-1861553,,,
JP-GN-1857596,Massakino-hana,Japan,JP,Hiroshima,JP-34,Miyoshi Shi,"Massakino-hana (Massakino-hana) is a named seas and coastal areas location in Miyoshi Shi, Hiroshima, Japan.",Beach spots,Seas and coastal areas,Coastal feature,Drivable,34.78333,132.91667,165,755,No,Spring; Summer; Autumn,images/JP-GN-1857596,,,
JP-GN-1857510,Matsunaga Wan,Japan,JP,Hiroshima,JP-34,Nishimachi,"Matsunaga Wan (Matsunaga Wan) is a named seas and coastal areas location in Nishimachi, Hiroshima, Japan.",Beach spots,Seas and coastal areas,Coastal feature,Drivable,34.41667,133.25,-9999,756,No,Spring; Summer; Autumn,images/JP-GN-1857510,,,
JP-GN-1857410,Mekari-seto,Japan,JP,Hiroshima,JP-34,Enoura,"Mekari-seto (Mekari-seto) is a named seas and coastal areas location in Enoura, Hiroshima, Japan.",Beach spots,Seas and coastal areas,Coastal feature,Drivable,34.34876,133.19363,-9999,757,No,Spring; Summer; Autumn,images/JP-GN-1857410,,,
JP-GN-1856857,Mitsu Wan,Japan,JP,Hiroshima,JP-34,Akitsucho-mitsu,"Mitsu Wan (Mitsu Wan) is a named seas and coastal areas location in Akitsucho-mitsu, Hiroshima, Japan.",Beach spots,Seas and coastal areas,Coastal feature,Drivable,34.3,132.81667,-9999,758,No,Spring; Summer; Autumn,images/JP-GN-1856857,,,
JP-GN-1856888,Mitsuguchi Wan,Japan,JP,Hiroshima,JP-34,Mitsuguchi,"Mitsuguchi Wan (Mitsuguchi Wan) is a named seas and coastal areas location in Mitsuguchi, Hiroshima, Japan.",Beach spots,Seas and coastal areas,Coastal feature,Drivable,34.27128,132.76873,-9999,759,No,Spring; Summer; Autumn,images/JP-GN-1856888,,,
JP-GN-1854064,Ondono Seto,Japan,JP,Hiroshima,JP-34,Ondocho-takasu,"Ondono Seto (Ondono Seto) is a named seas and coastal areas location in Ondocho-takasu, Hiroshima, Japan.",Beach spots,Seas and coastal areas,Coastal feature,Drivable,34.19595,132.53769,0,760,No,Spring; Summer; Autumn,images/JP-GN-1854064,,,
JP-GN-1853981,Ono Seto,Japan,JP,Hiroshima,JP-34,Ono-hara,"Ono Seto (Ōno Seto) is a named seas and coastal areas location in Ono-hara, Hiroshima, Japan.",Beach spots,Seas and coastal areas,Coastal feature,Drivable,34.28333,132.28333,1,761,No,Spring; Summer; Autumn,images/JP-GN-1853981,,,
JP-GN-6417300,Oshiyose Hana,Japan,JP,Hiroshima,JP-34,Onomichi-shi,"Oshiyose Hana (Oshiyose Hana) is a named seas and coastal areas location in Onomichi-shi, Hiroshima, Japan.",Beach spots,Seas and coastal areas,Coastal feature,Drivable,34.33416,133.0768,-9999,762,No,Spring; Summer; Autumn,images/JP-GN-6417300,,,
JP-GN-1853495,Oyakyu-bana,Japan,JP,Hiroshima,JP-34,Etajima-shi,"Oyakyu-bana (Oyakyū-bana) is a named seas and coastal areas location in Etajima-shi, Hiroshima, Japan.",Beach spots,Seas and coastal areas,Coastal feature,Drivable,34.12894,132.43,12,763,No,Spring; Summer; Autumn,images/JP-GN-1853495,,,
JP-GN-1851235,Taino-uchi,Japan,JP,Hiroshima,JP-34,Muroo,"Taino-uchi (Taino-uchi) is a named seas and coastal areas location in Muroo, Hiroshima, Japan.",Beach spots,Seas and coastal areas,Coastal feature,Drivable,34.12236,132.55021,-9999,764,No,Spring; Summer; Autumn,images/JP-GN-1851235,,,
JP-GN-1849653,Tsukumo Seto,Japan,JP,Hiroshima,JP-34,Etajimacho-tsukumo,"Tsukumo Seto (Tsukumo Seto) is a named seas and coastal areas location in Etajimacho-tsukumo, Hiroshima, Japan.",Beach spots,Seas and coastal areas,Coastal feature,Drivable,34.24926,132.43106,37,765,No,Spring; Summer; Autumn,images/JP-GN-1849653,,,
JP-GN-11446449,Bentenga Hama,Japan,JP,Hokkaido,JP-01,Kushiro Shi,"Bentenga Hama (Bentenga Hama) is a named beaches location in Kushiro Shi, Hokkaido, Japan.",Beach spots,Beaches,Coastal recreation area,Drivable,42.96955,144.38391,2,766,No,Summer,images/JP-GN-11446449,,,
JP-GN-11558801,Chobushi Hama,Japan,JP,Hokkaido,JP-01,Nakagawa-gun,"Chobushi Hama (Chōbushi Hama) is a named beaches location in Nakagawa-gun, Hokkaido, Japan.",Beach spots,Beaches,Coastal recreation area,Drivable,42.65762,143.61671,2,767,No,Summer,images/JP-GN-11558801,,,
JP-GN-11762745,Goishi Hama,Japan,JP,Hokkaido,JP-01,Kawakami-gun,"Goishi Hama (Goishi Hama) is a named beaches location in Kawakami-gun, Hokkaido, Japan.",Beach spots,Beaches,Coastal recreation area,Drivable,43.67403,144.39271,129,768,No,Summer,images/JP-GN-11762745,,,
JP-GN-11796085,Gorotano Hama,Japan,JP,Hokkaido,JP-01,Rebun Gun,"Gorotano Hama (Gorotano Hama) is a named beaches location in Rebun Gun, Hokkaido, Japan.",Beach spots,Beaches,Coastal recreation area,Drivable,45.4298,140.99111,6,769,No,Summer,images/JP-GN-11796085,,,
JP-GN-2129971,Hyakunin Hama,Japan,JP,Hokkaido,JP-01,Horoizumi-gun,"Hyakunin Hama (Hyakunin Hama) is a named beaches location in Horoizumi-gun, Hokkaido, Japan.",Beach spots,Beaches,Coastal recreation area,Drivable,41.98333,143.25,1,770,No,Summer,images/JP-GN-2129971,,,
JP-GN-11473528,Jari Hama,Japan,JP,Hokkaido,JP-01,Akkeshi-gun,"Jari Hama (Jari Hama) is a named beaches location in Akkeshi-gun, Hokkaido, Japan.",Beach spots,Beaches,Coastal recreation area,Drivable,42.9826,144.97063,29,771,No,Summer,images/JP-GN-11473528,,,
JP-GN-11473525,Kojari Hama,Japan,JP,Hokkaido,JP-01,Akkeshi-gun,"Kojari Hama (Kojari Hama) is a named beaches location in Akkeshi-gun, Hokkaido, Japan.",Beach spots,Beaches,Coastal recreation area,Drivable,42.9819,144.96561,13,772,No,Summer,images/JP-GN-11473525,,,
JP-GN-11473523,Maruichi Hama,Japan,JP,Hokkaido,JP-01,Akkeshi-gun,"Maruichi Hama (Maruichi Hama) is a named beaches location in Akkeshi-gun, Hokkaido, Japan.",Beach spots,Beaches,Coastal recreation area,Drivable,42.98548,144.95539,23,773,No,Summer,images/JP-GN-11473523,,,
JP-GN-11796153,Menou Hama,Japan,JP,Hokkaido,JP-01,Rebun Gun,"Menou Hama (Menou Hama) is a named beaches location in Rebun Gun, Hokkaido, Japan.",Beach spots,Beaches,Coastal recreation area,Drivable,45.31025,141.02253,2,774,No,Summer,images/JP-GN-11796153,,,
JP-GN-2038741,Naga Hama,Japan,JP,Hokkaido,JP-01,Akaishi,"Naga Hama (Naga Hama) is a named beaches location in Akaishi, Hokkaido, Japan.",Beach spots,Beaches,Coastal recreation area,Drivable,42.11713,139.51146,5,775,No,Summer,images/JP-GN-2038741,,,
JP-GN-11828084,Oanzai Hama,Japan,JP,Hokkaido,JP-01,Hiyama-gun,"Oanzai Hama (Ōanzai Hama) is a named beaches location in Hiyama-gun, Hokkaido, Japan.",Beach spots,Beaches,Coastal recreation area,Drivable,41.78704,140.07395,-9999,776,No,Summer,images/JP-GN-11828084,,,
JP-GN-11796148,Obata Hama,Japan,JP,Hokkaido,JP-01,Rebun Gun,"Obata Hama (Obata Hama) is a named beaches location in Rebun Gun, Hokkaido, Japan.",Beach spots,Beaches,Coastal recreation area,Drivable,45.3274,141.00476,15,777,No,Summer,images/JP-GN-11796148,,,
JP-GN-11865219,Omori Hama,Japan,JP,Hokkaido,JP-01,Shinonomecho,"Omori Hama (Ōmori Hama) is a named beaches location in Shinonomecho, Hokkaido, Japan.",Beach spots,Beaches,Coastal recreation area,Drivable,41.76598,140.73246,5,778,No,Summer,images/JP-GN-11865219,,,
JP-GN-11828023,Orito Kaigan,Japan,JP,Hokkaido,JP-01,Matsumae-gun,"Orito Kaigan (Orito Kaigan) is a named beaches location in Matsumae-gun, Hokkaido, Japan.",Beach spots,Beaches,Coastal recreation area,Drivable,41.43129,140.07047,24,779,No,Summer,images/JP-GN-11828023,,,
JP-GN-11473685,Riruran,Japan,JP,Hokkaido,JP-01,Akkeshi-gun,"Riruran (Riruran) is a named beaches location in Akkeshi-gun, Hokkaido, Japan.",Beach spots,Beaches,Coastal recreation area,Drivable,42.98866,144.98226,20,780,No,Summer,images/JP-GN-11473685,,,
JP-GN-11468734,Sanri Hama,Japan,JP,Hokkaido,JP-01,Nemuro-shi,"Sanri Hama (Sanri Hama) is a named beaches location in Nemuro-shi, Hokkaido, Japan.",Beach spots,Beaches,Coastal recreation area,Drivable,43.1891,145.4683,15,781,No,Summer,images/JP-GN-11468734,,,
JP-GN-2045405,Senjo Hama,Japan,JP,Hokkaido,JP-01,Okushiri-gun,"Senjo Hama (Senjō Hama) is a named beaches location in Okushiri-gun, Hokkaido, Japan.",Beach spots,Beaches,Coastal recreation area,Drivable,42.09214,139.42517,3,782,No,Summer,images/JP-GN-2045405,,,
JP-GN-11468720,Soto Hama,Japan,JP,Hokkaido,JP-01,Nemuro-shi,"Soto Hama (Soto Hama) is a named beaches location in Nemuro-shi, Hokkaido, Japan.",Beach spots,Beaches,Coastal recreation area,Drivable,43.17736,145.50083,4,783,No,Summer,images/JP-GN-11468720,,,
JP-GN-11827843,Torikarasuno Hama,Japan,JP,Hokkaido,JP-01,Matsumae-gun,"Torikarasuno Hama (Torikarasuno Hama) is a named beaches location in Matsumae-gun, Hokkaido, Japan.",Beach spots,Beaches,Coastal recreation area,Drivable,41.50724,139.38189,20,784,No,Summer,images/JP-GN-11827843,,,
JP-GN-11828247,Uchigo Hama,Japan,JP,Hokkaido,JP-01,Hiyama-gun,"Uchigo Hama (Uchigō Hama) is a named beaches location in Hiyama-gun, Hokkaido, Japan.",Beach spots,Beaches,Coastal recreation area,Drivable,41.81379,140.11789,-9999,785,No,Summer,images/JP-GN-11828247,,,
JP-GN-11709099,Yobito Ura,Japan,JP,Hokkaido,JP-01,Abashiri Shi,"Yobito Ura (Yobito Ura) is a named beaches location in Abashiri Shi, Hokkaido, Japan.",Beach spots,Beaches,Coastal recreation area,Drivable,43.99573,144.22345,1,786,No,Summer,images/JP-GN-11709099,,,
JP-GN-11558805,Yudo Hama,Japan,JP,Hokkaido,JP-01,Nakagawa-gun,"Yudo Hama (Yūdō Hama) is a named beaches location in Nakagawa-gun, Hokkaido, Japan.",Beach spots,Beaches,Coastal recreation area,Drivable,42.59026,143.54075,4,787,No,Summer,images/JP-GN-11558805,,,
JP-GN-11615170,Benkei Do,Japan,JP,Hokkaido,JP-01,Nakagawa-gun,"Benkei Do (Benkei Dō) is a named caves location in Nakagawa-gun, Hokkaido, Japan.",Natural spots,Caves,Natural cave,Drivable,43.13428,143.63023,245,788,No,Spring; Summer; Autumn,images/JP-GN-11615170,,,
JP-GN-11827839,Benten Dokutsu,Japan,JP,Hokkaido,JP-01,Matsumae-gun,"Benten Dokutsu (Benten Dōkutsu) is a named caves location in Matsumae-gun, Hokkaido, Japan.",Natural spots,Caves,Natural cave,Drivable,41.4982,139.35076,19,789,No,Spring; Summer; Autumn,images/JP-GN-11827839,,,
JP-GN-11827901,Futatsu Mori,Japan,JP,Hokkaido,JP-01,Araya,"Futatsu Mori (Futatsu Mori) is a named forests location in Araya, Hokkaido, Japan.",Natural spots,Forests,Forest area,Drivable,41.43494,140.16812,268,790,No,Spring; Summer; Autumn,images/JP-GN-11827901,,,
JP-GN-11617995,Gingano Mori,Japan,JP,Hokkaido,JP-01,Uenbetsu,"Gingano Mori (Gingano Mori) is a named forests location in Uenbetsu, Hokkaido, Japan.",Natural spots,Forests,Forest area,Drivable,43.45438,143.75806,252,791,No,Spring; Summer; Autumn,images/JP-GN-11617995,,,
JP-GN-11468759,Kitsune Mori,Japan,JP,Hokkaido,JP-01,Rakuyo,"Kitsune Mori (Kitsune Mori) is a named forests location in Rakuyo, Hokkaido, Japan.",Natural spots,Forests,Forest area,Drivable,43.28648,145.41328,2,792,No,Spring; Summer; Autumn,images/JP-GN-11468759,,,
JP-GN-11999173,Maruyama Genshirin,Japan,JP,Hokkaido,JP-01,Miyagaoka,"Maruyama Genshirin (Maruyama Genshirin) is a named forests location in Miyagaoka, Hokkaido, Japan.",Natural spots,Forests,Forest area,Drivable,43.05003,141.31255,146,793,No,Spring; Summer; Autumn,images/JP-GN-11999173,,,
JP-GN-11474730,Tanneushi,Japan,JP,Hokkaido,JP-01,Arekinai,"Tanneushi (Tanneushi) is a named forests location in Arekinai, Hokkaido, Japan.",Natural spots,Forests,Forest area,Drivable,43.14576,144.5566,13,794,No,Spring; Summer; Autumn,images/JP-GN-11474730,,,
JP-GN-11671618,Tokoroiseki no Mori,Japan,JP,Hokkaido,JP-01,Tokorocho-sakaeura,"Tokoroiseki no Mori (Tokoroiseki no Mori) is a named forests location in Tokorocho-sakaeura, Hokkaido, Japan.",Natural spots,Forests,Forest area,Drivable,44.12501,143.97598,20,795,No,Spring; Summer; Autumn,images/JP-GN-11671618,,,
JP-GN-2130738,Abashiri Ko,Japan,JP,Hokkaido,JP-01,Futamigaoka,"Abashiri Ko (Abashiri Ko) is a named lakes location in Futamigaoka, Hokkaido, Japan.",Natural spots,Lakes,Inland water body,Drivable,43.97167,144.175,-2,796,No,Spring; Summer; Autumn,images/JP-GN-2130738,,,
JP-GN-2130685,Akan Ko,Japan,JP,Hokkaido,JP-01,Akancho-akanko-onsen,"Akan Ko (Akan Ko) is a named lakes location in Akancho-akanko-onsen, Hokkaido, Japan.",Natural spots,Lakes,Inland water body,Drivable,43.45348,144.10218,418,797,No,Spring; Summer; Autumn,images/JP-GN-2130685,,,
JP-GN-2130545,Benten Numa,Japan,JP,Hokkaido,JP-01,Shizukawa,"Benten Numa (Benten Numa) is a named lakes location in Shizukawa, Hokkaido, Japan.",Natural spots,Lakes,Inland water body,Drivable,42.64586,141.76382,0,798,No,Spring; Summer; Autumn,images/JP-GN-2130545,,,
JP-GN-11469695,Bokko Numa,Japan,JP,Hokkaido,JP-01,Notsuke,"Bokko Numa (Bokko Numa) is a named lakes location in Notsuke, Hokkaido, Japan.",Natural spots,Lakes,Inland water body,Drivable,43.56449,145.32432,-9999,799,No,Spring; Summer; Autumn,images/JP-GN-11469695,,,
JP-GN-2130468,Chimikeppu Ko,Japan,JP,Hokkaido,JP-01,Futamata,"Chimikeppu Ko (Chimikeppu Ko) is a named lakes location in Futamata, Hokkaido, Japan.",Natural spots,Lakes,Inland water body,Drivable,43.63658,143.8757,288,800,No,Spring; Summer; Autumn,images/JP-GN-2130468,,,
JP-GN-11760911,Chinishibetsu Ko,Japan,JP,Hokkaido,JP-01,Yagihamacho,"Chinishibetsu Ko (Chinishibetsu Ko) is a named lakes location in Yagihamacho, Hokkaido, Japan.",Natural spots,Lakes,Inland water body,Drivable,43.99917,145.11757,229,801,No,Spring; Summer; Autumn,images/JP-GN-11760911,,,
JP-GN-11468708,Choboshi Ko,Japan,JP,Hokkaido,JP-01,Choboshi,"Choboshi Ko (Chōboshi Ko) is a named lakes location in Choboshi, Hokkaido, Japan.",Natural spots,Lakes,Inland water body,Drivable,43.24556,145.54853,1,802,No,Spring; Summer; Autumn,images/JP-GN-11468708,,,
JP-GN-11468707,Choboshi Konuma,Japan,JP,Hokkaido,JP-01,Choboshi,"Choboshi Konuma (Chōboshi Konuma) is a named lakes location in Choboshi, Hokkaido, Japan.",Natural spots,Lakes,Inland water body,Drivable,43.25625,145.55419,2,803,No,Spring; Summer; Autumn,images/JP-GN-11468707,,,
JP-GN-2130445,Chobushi Ko,Japan,JP,Hokkaido,JP-01,Otsu,"Chobushi Ko (Chōbushi Ko) is a named lakes location in Otsu, Hokkaido, Japan.",Natural spots,Lakes,Inland water body,Drivable,42.65937,143.6114,4,804,No,Spring; Summer; Autumn,images/JP-GN-2130445,,,
JP-GN-2130295,Fuuren-ko,Japan,JP,Hokkaido,JP-01,Yarimukashi,"Fuuren-ko (Fuuren-ko) is a named lakes location in Yarimukashi, Hokkaido, Japan.",Natural spots,Lakes,Inland water body,Drivable,43.29667,145.35917,-9999,805,No,Spring; Summer; Autumn,images/JP-GN-2130295,,,
JP-GN-11760814,Go Ko,Japan,JP,Hokkaido,JP-01,Onnebetsumura,"Go Ko (Go Ko) is a named lakes location in Onnebetsumura, Hokkaido, Japan.",Natural spots,Lakes,Inland water body,Drivable,44.12586,145.08633,252,806,No,Spring; Summer; Autumn,images/JP-GN-11760814,,,
JP-GN-2130117,Hichirippu Numa,Japan,JP,Hokkaido,JP-01,Maruyama-chirippu,"Hichirippu Numa (Hichirippu Numa) is a named lakes location in Maruyama-chirippu, Hokkaido, Japan.",Natural spots,Lakes,Inland water body,Drivable,43.04824,145.01091,-9999,807,No,Spring; Summer; Autumn,images/JP-GN-2130117,,,
JP-GN-11468639,Hikiusu To,Japan,JP,Hokkaido,JP-01,Hikiusu,"Hikiusu To (Hikiusu Tō) is a named lakes location in Hikiusu, Hokkaido, Japan.",Natural spots,Lakes,Inland water body,Drivable,43.33991,145.7166,2,808,No,Spring; Summer; Autumn,images/JP-GN-11468639,,,
JP-GN-11760810,I Kko,Japan,JP,Hokkaido,JP-01,Onnebetsumura,"I Kko (I Kko) is a named lakes location in Onnebetsumura, Hokkaido, Japan.",Natural spots,Lakes,Inland water body,Drivable,44.12435,145.07783,246,809,No,Spring; Summer; Autumn,images/JP-GN-11760810,,,
JP-GN-11450572,Jiro Ko,Japan,JP,Hokkaido,JP-01,Akancho-akanko-onsen,"Jiro Ko (Jirō Ko) is a named lakes location in Akancho-akanko-onsen, Hokkaido, Japan.",Natural spots,Lakes,Inland water body,Drivable,43.43589,144.13989,433,810,No,Spring; Summer; Autumn,images/JP-GN-11450572,,,
JP-GN-2129827,Junsai Numa,Japan,JP,Hokkaido,JP-01,Nishionuma,"Junsai Numa (Junsai Numa) is a named lakes location in Nishionuma, Hokkaido, Japan.",Natural spots,Lakes,Inland water body,Drivable,41.98629,140.63114,155,811,No,Spring; Summer; Autumn,images/JP-GN-2129827,,,
JP-GN-2129810,Kabuto Numa,Japan,JP,Hokkaido,JP-01,Kabutonuma,"Kabuto Numa (Kabuto Numa) is a named lakes location in Kabutonuma, Hokkaido, Japan.",Natural spots,Lakes,Inland water body,Drivable,45.21417,141.69722,2,812,No,Spring; Summer; Autumn,images/JP-GN-2129810,,,
JP-GN-2129454,Ko Numa,Japan,JP,Hokkaido,JP-01,Yamagaru,"Ko Numa (Ko Numa) is a named lakes location in Yamagaru, Hokkaido, Japan.",Natural spots,Lakes,Inland water body,Drivable,45.15,142.28333,24,813,No,Spring; Summer; Autumn,images/JP-GN-2129454,,,
JP-GN-2129455,Ko Numa,Japan,JP,Hokkaido,JP-01,Onumacho,"Ko Numa (Ko Numa) is a named lakes location in Onumacho, Hokkaido, Japan.",Natural spots,Lakes,Inland water body,Drivable,41.97671,140.65849,128,814,No,Spring; Summer; Autumn,images/JP-GN-2129455,,,
JP-GN-2129368,Kushu Ko,Japan,JP,Hokkaido,JP-01,Funadomari,"Kushu Ko (Kushu Ko) is a named lakes location in Funadomari, Hokkaido, Japan.",Natural spots,Lakes,Inland water body,Drivable,45.43131,141.03709,3,815,No,Spring; Summer; Autumn,images/JP-GN-2129368,,,
JP-GN-2129367,Kussharo Ko,Japan,JP,Hokkaido,JP-01,Entokomappu,"Kussharo Ko (Kussharo Ko) is a named lakes location in Entokomappu, Hokkaido, Japan.",Natural spots,Lakes,Inland water body,Drivable,43.62002,144.31638,119,816,No,Spring; Summer; Autumn,images/JP-GN-2129367,,,
JP-GN-2129362,Kutcharo Ko,Japan,JP,Hokkaido,JP-01,Yamagaru,"Kutcharo Ko (Kutcharo Ko) is a named lakes location in Yamagaru, Hokkaido, Japan.",Natural spots,Lakes,Inland water body,Drivable,45.15333,142.30667,2,817,No,Spring; Summer; Autumn,images/JP-GN-2129362,,,
JP-GN-2129357,Kuttara-ko,Japan,JP,Hokkaido,JP-01,Noboribetsu,"Kuttara-ko (Kuttara-ko) is a named lakes location in Noboribetsu, Hokkaido, Japan.",Natural spots,Lakes,Inland water body,Drivable,42.49983,141.18186,257,818,No,Spring; Summer; Autumn,images/JP-GN-2129357,,,
JP-GN-7842524,Lake Shumarinai,Japan,JP,Hokkaido,JP-01,Shumarinai,"Lake Shumarinai (Lake Shumarinai) is a named lakes location in Shumarinai, Hokkaido, Japan.",Natural spots,Lakes,Inland water body,Drivable,44.3268,142.2084,274,819,No,Spring; Summer; Autumn,images/JP-GN-7842524,,,
JP-GN-2129296,Mashu Ko,Japan,JP,Hokkaido,JP-01,Kawayu-ekimae,"Mashu Ko (Mashū Ko) is a named lakes location in Kawayu-ekimae, Hokkaido, Japan.",Natural spots,Lakes,Inland water body,Drivable,43.585,144.54083,347,820,No,Spring; Summer; Autumn,images/JP-GN-2129296,,,
JP-GN-11477044,Mochirippu Numa,Japan,JP,Hokkaido,JP-01,Mochirippu,"Mochirippu Numa (Mochirippu Numa) is a named lakes location in Mochirippu, Hokkaido, Japan.",Natural spots,Lakes,Inland water body,Drivable,43.01938,145.01211,1,821,No,Spring; Summer; Autumn,images/JP-GN-11477044,,,
JP-GN-11760811,Ni Ko,Japan,JP,Hokkaido,JP-01,Onnebetsumura,"Ni Ko (Ni Ko) is a named lakes location in Onnebetsumura, Hokkaido, Japan.",Natural spots,Lakes,Inland water body,Drivable,44.12604,145.08118,241,822,No,Spring; Summer; Autumn,images/JP-GN-11760811,,,
JP-GN-2128862,Notoro Ko,Japan,JP,Hokkaido,JP-01,Misaki,"Notoro Ko (Notoro Ko) is a named lakes location in Misaki, Hokkaido, Japan.",Natural spots,Lakes,Inland water body,Drivable,44.06083,144.15278,1,823,No,Spring; Summer; Autumn,images/JP-GN-2128862,,,
JP-GN-2128635,O Numa,Japan,JP,Hokkaido,JP-01,Koetoi,"O Numa (Ō Numa) is a named lakes location in Koetoi, Hokkaido, Japan.",Natural spots,Lakes,Inland water body,Drivable,45.37967,141.75773,-2,824,No,Spring; Summer; Autumn,images/JP-GN-2128635,,,
JP-GN-2128636,O Numa,Japan,JP,Hokkaido,JP-01,Yamagaru,"O Numa (Ō Numa) is a named lakes location in Yamagaru, Hokkaido, Japan.",Natural spots,Lakes,Inland water body,Drivable,45.13333,142.33333,0,825,No,Spring; Summer; Autumn,images/JP-GN-2128636,,,
JP-GN-2128637,O Numa,Japan,JP,Hokkaido,JP-01,Ikusagawa,"O Numa (Ō Numa) is a named lakes location in Ikusagawa, Hokkaido, Japan.",Natural spots,Lakes,Inland water body,Drivable,41.99861,140.6925,128,826,No,Spring; Summer; Autumn,images/JP-GN-2128637,,,
JP-GN-2128747,Oikamanai Numa,Japan,JP,Hokkaido,JP-01,Bansei,"Oikamanai Numa (Oikamanai Numa) is a named lakes location in Bansei, Hokkaido, Japan.",Natural spots,Lakes,Inland water body,Drivable,42.55681,143.49174,-1,827,No,Spring; Summer; Autumn,images/JP-GN-2128747,,,
JP-GN-11468641,Okinebe To,Japan,JP,Hokkaido,JP-01,Hikiusu,"Okinebe To (Okinebe Tō) is a named lakes location in Hikiusu, Hokkaido, Japan.",Natural spots,Lakes,Inland water body,Drivable,43.33663,145.70382,4,828,No,Spring; Summer; Autumn,images/JP-GN-11468641,,,
JP-GN-2128650,Onne To,Japan,JP,Hokkaido,JP-01,Onneto,"Onne To (Onne Tō) is a named lakes location in Onneto, Hokkaido, Japan.",Natural spots,Lakes,Inland water body,Drivable,43.25,145.51443,-9999,829,No,Spring; Summer; Autumn,images/JP-GN-2128650,,,
JP-GN-2128649,Onne-numa,Japan,JP,Hokkaido,JP-01,Makinouchi,"Onne-numa (Onne-numa) is a named lakes location in Makinouchi, Hokkaido, Japan.",Natural spots,Lakes,Inland water body,Drivable,43.33011,145.63726,1,830,No,Spring; Summer; Autumn,images/JP-GN-2128649,,,
JP-GN-2128609,Osatsu-numa,Japan,JP,Hokkaido,JP-01,Izumisato,"Osatsu-numa (Osatsu-numa) is a named lakes location in Izumisato, Hokkaido, Japan.",Natural spots,Lakes,Inland water body,Drivable,42.8975,141.68361,7,831,No,Spring; Summer; Autumn,images/JP-GN-2128609,,,
JP-GN-2128521,Panke Numa,Japan,JP,Hokkaido,JP-01,Shimonuma,"Panke Numa (Panke Numa) is a named lakes location in Shimonuma, Hokkaido, Japan.",Natural spots,Lakes,Inland water body,Drivable,45.03139,141.72222,-3,832,No,Spring; Summer; Autumn,images/JP-GN-2128521,,,
JP-GN-2128032,Panketo,Japan,JP,Hokkaido,JP-01,Akancho-akanko-onsen,"Panketo (Panketō) is a named lakes location in Akancho-akanko-onsen, Hokkaido, Japan.",Natural spots,Lakes,Inland water body,Drivable,43.4828,144.17962,452,833,No,Spring; Summer; Autumn,images/JP-GN-2128032,,,
JP-GN-2128515,Pashikuru Numa,Japan,JP,Hokkaido,JP-01,Pashikuru,"Pashikuru Numa (Pashikuru Numa) is a named lakes location in Pashikuru, Hokkaido, Japan.",Natural spots,Lakes,Inland water body,Drivable,42.92586,143.99632,9,834,No,Spring; Summer; Autumn,images/JP-GN-2128515,,,
JP-GN-2128508,Penke Numa,Japan,JP,Hokkaido,JP-01,Mizuguchibokujo,"Penke Numa (Penke Numa) is a named lakes location in Mizuguchibokujo, Hokkaido, Japan.",Natural spots,Lakes,Inland water body,Drivable,45.06667,141.7,-2,835,No,Spring; Summer; Autumn,images/JP-GN-2128508,,,
JP-GN-11450820,Penketo,Japan,JP,Hokkaido,JP-01,Akancho-akanko-onsen,"Penketo (Penketō) is a named lakes location in Akancho-akanko-onsen, Hokkaido, Japan.",Natural spots,Lakes,Inland water body,Drivable,43.46142,144.20028,510,836,No,Spring; Summer; Autumn,images/JP-GN-11450820,,,
JP-GN-11477896,Poroto Numa,Japan,JP,Hokkaido,JP-01,Poroto,"Poroto Numa (Poroto Numa) is a named lakes location in Poroto, Hokkaido, Japan.",Natural spots,Lakes,Inland water body,Drivable,43.14892,145.14399,-6,837,No,Spring; Summer; Autumn,images/JP-GN-11477896,,,
JP-GN-11760910,Rausu Ko,Japan,JP,Hokkaido,JP-01,Onnebetsumura,"Rausu Ko (Rausu Ko) is a named lakes location in Onnebetsumura, Hokkaido, Japan.",Natural spots,Lakes,Inland water body,Drivable,44.02815,145.07989,729,838,No,Spring; Summer; Autumn,images/JP-GN-11760910,,,
JP-GN-11709803,Riyaushi Ko,Japan,JP,Hokkaido,JP-01,Futamigaoka,"Riyaushi Ko (Riyaushi Ko) is a named lakes location in Futamigaoka, Hokkaido, Japan.",Natural spots,Lakes,Inland water body,Drivable,43.99638,144.15839,1,839,No,Spring; Summer; Autumn,images/JP-GN-11709803,,,
JP-GN-11760812,San Ko,Japan,JP,Hokkaido,JP-01,Onnebetsumura,"San Ko (San Ko) is a named lakes location in Onnebetsumura, Hokkaido, Japan.",Natural spots,Lakes,Inland water body,Drivable,44.12841,145.08075,239,840,No,Spring; Summer; Autumn,images/JP-GN-11760812,,,
JP-GN-2128281,Saroma Ko,Japan,JP,Hokkaido,JP-01,Naniwa,"Saroma Ko (Saroma Ko) is a named lakes location in Naniwa, Hokkaido, Japan.",Natural spots,Lakes,Inland water body,Drivable,44.13333,143.83333,1,841,No,Spring; Summer; Autumn,images/JP-GN-2128281,,,
JP-GN-2128195,Shibunotsunai Ko,Japan,JP,Hokkaido,JP-01,Numanoue,"Shibunotsunai Ko (Shibunotsunai Ko) is a named lakes location in Numanoue, Hokkaido, Japan.",Natural spots,Lakes,Inland water body,Drivable,44.24517,143.54994,2,842,No,Spring; Summer; Autumn,images/JP-GN-2128195,,,
JP-GN-2128174,Shikaribetsu Ko,Japan,JP,Hokkaido,JP-01,Nitta-daiichi,"Shikaribetsu Ko (Shikaribetsu Ko) is a named lakes location in Nitta-daiichi, Hokkaido, Japan.",Natural spots,Lakes,Inland water body,Drivable,43.27563,143.11636,801,843,No,Spring; Summer; Autumn,images/JP-GN-2128174,,,
JP-GN-2128170,Shikotsu-ko,Japan,JP,Hokkaido,JP-01,Kohan,"Shikotsu-ko (Shikotsu-ko) is a named lakes location in Kohan, Hokkaido, Japan.",Natural spots,Lakes,Inland water body,Drivable,42.75639,141.33167,252,844,No,Spring; Summer; Autumn,images/JP-GN-2128170,,,
JP-GN-11760809,Shiretoko Goko,Japan,JP,Hokkaido,JP-01,Onnebetsumura,"Shiretoko Goko (Shiretoko Goko) is a named lakes location in Onnebetsumura, Hokkaido, Japan.",Natural spots,Lakes,Inland water body,Drivable,44.12678,145.08393,252,845,No,Spring; Summer; Autumn,images/JP-GN-11760809,,,
JP-GN-11449277,Shunkushitakara Ko,Japan,JP,Hokkaido,JP-01,Takinoue,"Shunkushitakara Ko (Shunkushitakara Ko) is a named lakes location in Takinoue, Hokkaido, Japan.",Natural spots,Lakes,Inland water body,Drivable,43.25585,143.97982,444,846,No,Spring; Summer; Autumn,images/JP-GN-11449277,,,
JP-GN-2127881,Takkobu Ko,Japan,JP,Hokkaido,JP-01,Takkobu,"Takkobu Ko (Takkobu Ko) is a named lakes location in Takkobu, Hokkaido, Japan.",Natural spots,Lakes,Inland water body,Drivable,43.10491,144.48521,1,847,No,Spring; Summer; Autumn,images/JP-GN-2127881,,,
JP-GN-11450571,Taro Ko,Japan,JP,Hokkaido,JP-01,Akancho-akanko-onsen,"Taro Ko (Tarō Ko) is a named lakes location in Akancho-akanko-onsen, Hokkaido, Japan.",Natural spots,Lakes,Inland water body,Drivable,43.43302,144.14057,421,848,No,Spring; Summer; Autumn,images/JP-GN-11450571,,,
JP-GN-11558239,Toitokki Numa,Japan,JP,Hokkaido,JP-01,Asahi,"Toitokki Numa (Toitokki Numa) is a named lakes location in Asahi, Hokkaido, Japan.",Natural spots,Lakes,Inland water body,Drivable,42.70715,143.6669,-1,849,No,Spring; Summer; Autumn,images/JP-GN-11558239,,,
JP-GN-2127692,Toro Ko,Japan,JP,Hokkaido,JP-01,Toro,"Toro Ko (Tōro Ko) is a named lakes location in Toro, Hokkaido, Japan.",Natural spots,Lakes,Inland water body,Drivable,43.14444,144.54028,5,850,No,Spring; Summer; Autumn,images/JP-GN-2127692,,,
JP-GN-11468632,Tosamuporo Numa,Japan,JP,Hokkaido,JP-01,Pononemoto,"Tosamuporo Numa (Tōsamuporo Numa) is a named lakes location in Pononemoto, Hokkaido, Japan.",Natural spots,Lakes,Inland water body,Drivable,43.38419,145.74952,10,851,No,Spring; Summer; Autumn,images/JP-GN-11468632,,,
JP-GN-2127778,Toufutsu-ko,Japan,JP,Hokkaido,JP-01,Onnenai,"Toufutsu-ko (Toufutsu-ko) is a named lakes location in Onnenai, Hokkaido, Japan.",Natural spots,Lakes,Inland water body,Drivable,43.93351,144.39434,1,852,No,Spring; Summer; Autumn,images/JP-GN-2127778,,,
JP-GN-11827881,Fukuyama Jo,Japan,JP,Hokkaido,JP-01,Matsumae-gun,"Fukuyama Jo (Fukuyama Jō) is a named monuments location in Matsumae-gun, Hokkaido, Japan.",Historical spots,Monuments,Public historic site or monument,Drivable,41.43021,140.1077,29,853,No,Year-round,images/JP-GN-11827881,,,
JP-GN-11796282,Hyosetsuno Mon,Japan,JP,Hokkaido,JP-01,Wakkanai Shi,"Hyosetsuno Mon (Hyōsetsuno Mon) is a named monuments location in Wakkanai Shi, Hokkaido, Japan.",Historical spots,Monuments,Public historic site or monument,Drivable,45.42157,141.66735,90,854,No,Year-round,images/JP-GN-11796282,,,
JP-GN-11828111,Kaminokuni Hanazawatate Ato,Japan,JP,Hokkaido,JP-01,Hiyama-gun,"Kaminokuni Hanazawatate Ato (Kaminokuni Hanazawatate Ato) is a named monuments location in Hiyama-gun, Hokkaido, Japan.",Historical spots,Monuments,Public historic site or monument,Drivable,41.79928,140.11278,30,855,No,Year-round,images/JP-GN-11828111,,,
JP-GN-11828110,Kaminokuni Katsuyamadate Ato,Japan,JP,Hokkaido,JP-01,Hiyama-gun,"Kaminokuni Katsuyamadate Ato (Kaminokuni Katsuyamadate Ato) is a named monuments location in Hiyama-gun, Hokkaido, Japan.",Historical spots,Monuments,Public historic site or monument,Drivable,41.80053,140.09884,106,856,No,Year-round,images/JP-GN-11828110,,,
JP-GN-11796554,Mamiya Rinzo Zo,Japan,JP,Hokkaido,JP-01,Wakkanai Shi,"Mamiya Rinzo Zo (Mamiya Rinzō Zō) is a named monuments location in Wakkanai Shi, Hokkaido, Japan.",Historical spots,Monuments,Public historic site or monument,Drivable,45.5226,141.93626,3,857,No,Year-round,images/JP-GN-11796554,,,
JP-GN-11827885,Odate Ato,Japan,JP,Hokkaido,JP-01,Matsumae-gun,"Odate Ato (Ōdate Ato) is a named monuments location in Matsumae-gun, Hokkaido, Japan.",Historical spots,Monuments,Public historic site or monument,Drivable,41.43497,140.10954,44,858,No,Year-round,images/JP-GN-11827885,,,
JP-GN-11557273,Otafunbechashi Ato,Japan,JP,Hokkaido,JP-01,Tokachi-gun,"Otafunbechashi Ato (Otafunbechashi Ato) is a named monuments location in Tokachi-gun, Hokkaido, Japan.",Historical spots,Monuments,Public historic site or monument,Drivable,42.82542,143.8426,18,859,No,Year-round,images/JP-GN-11557273,,,
JP-GN-11865074,Shiryokaku,Japan,JP,Hokkaido,JP-01,Kamiyamacho,"Shiryokaku (Shiryōkaku) is a named monuments location in Kamiyamacho, Hokkaido, Japan.",Historical spots,Monuments,Public historic site or monument,Drivable,41.8257,140.77038,94,860,No,Year-round,images/JP-GN-11865074,,,
JP-GN-11618126,Ahoro Dake,Japan,JP,Hokkaido,JP-01,Abashiri-gun,"Ahoro Dake (Ahoro Dake) is a named mountains location in Abashiri-gun, Hokkaido, Japan.",Adventure spots|Natural spots,Mountains,Natural landform,Drivable,43.51714,144.07091,977,861,No,Late spring; Summer; Autumn,images/JP-GN-11618126,,,
JP-GN-2038809,Aidomari-yama,Japan,JP,Hokkaido,JP-01,Kudo-gun,"Aidomari-yama (Aidomari-yama) is a named mountains location in Kudo-gun, Hokkaido, Japan.",Adventure spots|Natural spots,Mountains,Natural landform,Drivable,42.26732,139.80669,514,862,No,Late spring; Summer; Autumn,images/JP-GN-2038809,,,
JP-GN-2130703,Aka Dake,Japan,JP,Hokkaido,JP-01,Hiyama-gun,"Aka Dake (Aka Dake) is a named mountains location in Hiyama-gun, Hokkaido, Japan.",Adventure spots|Natural spots,Mountains,Natural landform,Drivable,41.70286,140.16184,711,863,No,Late spring; Summer; Autumn,images/JP-GN-2130703,,,
JP-GN-2130701,Akagami-yama,Japan,JP,Hokkaido,JP-01,Matsumae-gun,"Akagami-yama (Akagami-yama) is a named mountains location in Matsumae-gun, Hokkaido, Japan.",Adventure spots|Natural spots,Mountains,Natural landform,Drivable,41.48333,140.05,138,864,No,Late spring; Summer; Autumn,images/JP-GN-2130701,,,
JP-GN-2130690,Akaiwa-yama,Japan,JP,Hokkaido,JP-01,Otaru Shi,"Akaiwa-yama (Akaiwa-yama) is a named mountains location in Otaru Shi, Hokkaido, Japan.",Adventure spots|Natural spots,Mountains,Natural landform,Drivable,43.23333,140.98333,357,865,No,Late spring; Summer; Autumn,images/JP-GN-2130690,,,
JP-GN-2130687,Akan Fuji,Japan,JP,Hokkaido,JP-01,Ashoro-gun,"Akan Fuji (Akan Fuji) is a named mountains location in Ashoro-gun, Hokkaido, Japan.",Adventure spots|Natural spots,Mountains,Natural landform,Drivable,43.37413,144.00639,1454,866,No,Late spring; Summer; Autumn,images/JP-GN-2130687,,,
JP-GN-11911859,Akasu Yama,Japan,JP,Hokkaido,JP-01,Hachibanchi,"Akasu Yama (Akasu Yama) is a named mountains location in Hachibanchi, Hokkaido, Japan.",Adventure spots|Natural spots,Mountains,Natural landform,Drivable,45.21488,148.25067,227,867,No,Late spring; Summer; Autumn,images/JP-GN-11911859,,,
JP-GN-2130682,Akasuke-yama,Japan,JP,Hokkaido,JP-01,Hakodate Shi,"Akasuke-yama (Akasuke-yama) is a named mountains location in Hakodate Shi, Hokkaido, Japan.",Adventure spots|Natural spots,Mountains,Natural landform,Drivable,41.91667,140.93333,331,868,No,Late spring; Summer; Autumn,images/JP-GN-2130682,,,
JP-GN-2127384,Amagiri Yama,Japan,JP,Hokkaido,JP-01,Yubari-gun,"Amagiri Yama (Amagiri Yama) is a named mountains location in Yubari-gun, Hokkaido, Japan.",Adventure spots|Natural spots,Mountains,Natural landform,Drivable,42.96488,141.95263,479,869,No,Late spring; Summer; Autumn,images/JP-GN-2127384,,,
JP-GN-2130670,Amemasu-dake,Japan,JP,Hokkaido,JP-01,Yoichi-gun,"Amemasu-dake (Amemasu-dake) is a named mountains location in Yoichi-gun, Hokkaido, Japan.",Adventure spots|Natural spots,Mountains,Natural landform,Drivable,43.03333,140.93333,921,870,No,Late spring; Summer; Autumn,images/JP-GN-2130670,,,
JP-GN-2130659,Antaro-yama,Japan,JP,Hokkaido,JP-01,Kamikawa-gun (Ishikari),"Antaro-yama (Antaro-yama) is a named mountains location in Kamikawa-gun (Ishikari), Hokkaido, Japan.",Adventure spots|Natural spots,Mountains,Natural landform,Drivable,43.77952,142.70142,851,871,No,Late spring; Summer; Autumn,images/JP-GN-2130659,,,
JP-GN-2130652,Apoi Dake,Japan,JP,Hokkaido,JP-01,Samani-gun,"Apoi Dake (Apoi Dake) is a named mountains location in Samani-gun, Hokkaido, Japan.",Adventure spots|Natural spots,Mountains,Natural landform,Drivable,42.1078,143.02562,810,872,No,Late spring; Summer; Autumn,images/JP-GN-2130652,,,
JP-GN-11999191,Arai Yama,Japan,JP,Hokkaido,JP-01,Sapporo-shi,"Arai Yama (Arai Yama) is a named mountains location in Sapporo-shi, Hokkaido, Japan.",Adventure spots|Natural spots,Mountains,Natural landform,Drivable,43.05166,141.29293,166,873,No,Late spring; Summer; Autumn,images/JP-GN-11999191,,,
JP-GN-11673024,Ariake Yama,Japan,JP,Hokkaido,JP-01,Monbetsu Gun,"Ariake Yama (Ariake Yama) is a named mountains location in Monbetsu Gun, Hokkaido, Japan.",Adventure spots|Natural spots,Mountains,Natural landform,Drivable,43.81256,143.04667,1624,874,No,Late spring; Summer; Autumn,images/JP-GN-11673024,,,
JP-GN-2130632,Asahi-dake,Japan,JP,Hokkaido,JP-01,Kamikawa-gun (Ishikari),"Asahi-dake (Asahi-dake) is a named mountains location in Kamikawa-gun (Ishikari), Hokkaido, Japan.",Adventure spots|Natural spots,Mountains,Natural landform,Drivable,43.6639,142.85454,2290,875,No,Late spring; Summer; Autumn,images/JP-GN-2130632,,,
JP-GN-2130633,Asahi-dake,Japan,JP,Hokkaido,JP-01,Furano Shi,"Asahi-dake (Asahi-dake) is a named mountains location in Furano Shi, Hokkaido, Japan.",Adventure spots|Natural spots,Mountains,Natural landform,Drivable,43.26667,142.46667,356,876,No,Late spring; Summer; Autumn,images/JP-GN-2130633,,,
JP-GN-2130624,Asahi-yama,Japan,JP,Hokkaido,JP-01,Asahikawa-shi,"Asahi-yama (Asahi-yama) is a named mountains location in Asahikawa-shi, Hokkaido, Japan.",Adventure spots|Natural spots,Mountains,Natural landform,Drivable,43.7644,142.4889,283,877,No,Late spring; Summer; Autumn,images/JP-GN-2130624,,,
JP-GN-2130611,Ashibetsu-dake,Japan,JP,Hokkaido,JP-01,Sorachi-gun,"Ashibetsu-dake (Ashibetsu-dake) is a named mountains location in Sorachi-gun, Hokkaido, Japan.",Adventure spots|Natural spots,Mountains,Natural landform,Drivable,43.23333,142.28333,1726,878,No,Late spring; Summer; Autumn,images/JP-GN-2130611,,,
JP-GN-2130599,Asoiwa-yama,Japan,JP,Hokkaido,JP-01,Ishikari-gun,"Asoiwa-yama (Asoiwa-yama) is a named mountains location in Ishikari-gun, Hokkaido, Japan.",Adventure spots|Natural spots,Mountains,Natural landform,Drivable,43.3,141.51667,256,879,No,Late spring; Summer; Autumn,images/JP-GN-2130599,,,
JP-GN-2130596,Atosanupuri,Japan,JP,Hokkaido,JP-01,Kawakami-gun,"Atosanupuri (Atosanupuri) is a named mountains location in Kawakami-gun, Hokkaido, Japan.",Adventure spots|Natural spots,Mountains,Natural landform,Drivable,43.61034,144.43846,508,880,No,Late spring; Summer; Autumn,images/JP-GN-2130596,,,
JP-GN-2130737,Abashiri Prefectural Park,Japan,JP,Hokkaido,JP-01,Kitami Shi,"Abashiri Prefectural Park (Abashiri Prefectural Park) is a named parks location in Kitami Shi, Hokkaido, Japan.",Natural spots,Parks,Public park or protected area,Drivable,44.16667,143.83333,-9999,881,No,Spring; Summer; Autumn,images/JP-GN-2130737,,,
JP-GN-11238448,Akan National Park,Japan,JP,Hokkaido,JP-01,Kawakami-gun,"Akan National Park (Akan National Park) is a named parks location in Kawakami-gun, Hokkaido, Japan.",Natural spots,Parks,Public park or protected area,Drivable,43.56795,144.40224,162,882,No,Spring; Summer; Autumn,images/JP-GN-11238448,,,
JP-GN-11559457,Akenogaoka Koen,Japan,JP,Hokkaido,JP-01,Nakagawa-gun,"Akenogaoka Koen (Akenogaoka Kōen) is a named parks location in Nakagawa-gun, Hokkaido, Japan.",Natural spots,Parks,Public park or protected area,Drivable,42.89472,143.36999,98,883,No,Spring; Summer; Autumn,images/JP-GN-11559457,,,
JP-GN-11526834,Apoi Sanroku Shizen Koen,Japan,JP,Hokkaido,JP-01,Samani-gun,"Apoi Sanroku Shizen Koen (Apoi Sanroku Shizen Kōen) is a named parks location in Samani-gun, Hokkaido, Japan.",Natural spots,Parks,Public park or protected area,Drivable,42.11368,142.99067,86,884,No,Spring; Summer; Autumn,images/JP-GN-11526834,,,
JP-GN-11672385,Asahi Koen,Japan,JP,Hokkaido,JP-01,Kitami Shi,"Asahi Koen (Asahi Kōen) is a named parks location in Kitami Shi, Hokkaido, Japan.",Natural spots,Parks,Public park or protected area,Drivable,43.77554,143.61238,205,885,No,Spring; Summer; Autumn,images/JP-GN-11672385,,,
JP-GN-11618332,Asahigaoka Koen,Japan,JP,Hokkaido,JP-01,Abashiri-gun,"Asahigaoka Koen (Asahigaoka Kōen) is a named parks location in Abashiri-gun, Hokkaido, Japan.",Natural spots,Parks,Public park or protected area,Drivable,43.90867,144.21528,89,886,No,Spring; Summer; Autumn,images/JP-GN-11618332,,,
JP-GN-11999168,Asahiyama Kinen Koen,Japan,JP,Hokkaido,JP-01,Sapporo-shi,"Asahiyama Kinen Koen (Asahiyama Kinen Kōen) is a named parks location in Sapporo-shi, Hokkaido, Japan.",Natural spots,Parks,Public park or protected area,Drivable,43.0393,141.31418,128,887,No,Spring; Summer; Autumn,images/JP-GN-11999168,,,
JP-GN-11828270,Asunaro Ko,Japan,JP,Hokkaido,JP-01,Katsuraoka,"Asunaro Ko (Asunaro Ko) is a named parks location in Katsuraoka, Hokkaido, Japan.",Natural spots,Parks,Public park or protected area,Drivable,41.80078,140.18673,81,888,No,Spring; Summer; Autumn,images/JP-GN-11828270,,,
JP-GN-11999180,Bankei Shimin no Mori,Japan,JP,Hokkaido,JP-01,Sapporo-shi,"Bankei Shimin no Mori (Bankei Shimin no Mori) is a named parks location in Sapporo-shi, Hokkaido, Japan.",Natural spots,Parks,Public park or protected area,Drivable,43.02126,141.27688,384,889,No,Spring; Summer; Autumn,images/JP-GN-11999180,,,
JP-GN-11473999,Beppo Koen,Japan,JP,Hokkaido,JP-01,Kushiro-gun,"Beppo Koen (Beppo Kōen) is a named parks location in Kushiro-gun, Hokkaido, Japan.",Natural spots,Parks,Public park or protected area,Drivable,42.99418,144.45901,6,890,No,Spring; Summer; Autumn,images/JP-GN-11473999,,,
JP-GN-11823730,Bifuka Island,Japan,JP,Hokkaido,JP-01,Nakagawa Gun,"Bifuka Island (Bifuka Island) is a named parks location in Nakagawa Gun, Hokkaido, Japan.",Natural spots,Parks,Public park or protected area,Drivable,44.55922,142.32591,62,891,No,Spring; Summer; Autumn,images/JP-GN-11823730,,,
JP-GN-11618230,Bihoro Onsui Tameike,Japan,JP,Hokkaido,JP-01,Fukuzumi,"Bihoro Onsui Tameike (Bihoro Onsui Tameike) is a named parks location in Fukuzumi, Hokkaido, Japan.",Natural spots,Parks,Public park or protected area,Drivable,43.78508,144.16363,34,892,No,Spring; Summer; Autumn,images/JP-GN-11618230,,,
JP-GN-11618195,Chimikeppu Yacho Koen,Japan,JP,Hokkaido,JP-01,Abashiri-gun,"Chimikeppu Yacho Koen (Chimikeppu Yachō Kōen) is a named parks location in Abashiri-gun, Hokkaido, Japan.",Natural spots,Parks,Public park or protected area,Drivable,43.6437,143.8647,300,893,No,Spring; Summer; Autumn,images/JP-GN-11618195,,,
JP-GN-11865314,Chiyogadai Koen,Japan,JP,Hokkaido,JP-01,Chiyogadaicho,"Chiyogadai Koen (Chiyogadai Kōen) is a named parks location in Chiyogadaicho, Hokkaido, Japan.",Natural spots,Parks,Public park or protected area,Drivable,41.78544,140.74707,14,894,No,Spring; Summer; Autumn,images/JP-GN-11865314,,,
JP-GN-11835145,Chusei Shiseki Koen,Japan,JP,Hokkaido,JP-01,Hiyama-gun,"Chusei Shiseki Koen (Chūsei Shiseki Kōen) is a named parks location in Hiyama-gun, Hokkaido, Japan.",Natural spots,Parks,Public park or protected area,Drivable,41.79862,140.09446,123,895,No,Spring; Summer; Autumn,images/JP-GN-11835145,,,
JP-GN-11526007,Daimaruyama Shinrin Koen,Japan,JP,Hokkaido,JP-01,Hiroo-gun,"Daimaruyama Shinrin Koen (Daimaruyama Shinrin Kōen) is a named parks location in Hiroo-gun, Hokkaido, Japan.",Natural spots,Parks,Public park or protected area,Drivable,42.30234,143.30077,79,896,No,Spring; Summer; Autumn,images/JP-GN-11526007,,,
JP-GN-12626196,Daisetsuzan National Park,Japan,JP,Hokkaido,JP-01,Kamikawa-gun (Tokachi),"Daisetsuzan National Park (Daisetsuzan National Park) is a named parks location in Kamikawa-gun (Tokachi), Hokkaido, Japan.",Natural spots,Parks,Public park or protected area,Drivable,43.50812,142.98265,867,897,No,Spring; Summer; Autumn,images/JP-GN-12626196,,,
JP-GN-11865450,Donan Shikinomori Koen,Japan,JP,Hokkaido,JP-01,Kameda-nakanocho,"Donan Shikinomori Koen (Dōnan Shikinomori Kōen) is a named parks location in Kameda-nakanocho, Hokkaido, Japan.",Natural spots,Parks,Public park or protected area,Drivable,41.84842,140.77003,150,898,No,Spring; Summer; Autumn,images/JP-GN-11865450,,,
JP-GN-11560811,Donguri Koen,Japan,JP,Hokkaido,JP-01,Kasai-gun,"Donguri Koen (Donguri Kōen) is a named parks location in Kasai-gun, Hokkaido, Japan.",Natural spots,Parks,Public park or protected area,Drivable,42.63726,143.20447,194,899,No,Spring; Summer; Autumn,images/JP-GN-11560811,,,
JP-GN-11671490,Flower Paradise,Japan,JP,Hokkaido,JP-01,Kitami Shi,"Flower Paradise (Flower Paradise) is a named parks location in Kitami Shi, Hokkaido, Japan.",Natural spots,Parks,Public park or protected area,Drivable,43.79151,143.92867,141,900,No,Spring; Summer; Autumn,images/JP-GN-11671490,,,
JP-GN-11618337,Fureai Park,Japan,JP,Hokkaido,JP-01,Abashiri-gun,"Fureai Park (Fureai Park) is a named parks location in Abashiri-gun, Hokkaido, Japan.",Natural spots,Parks,Public park or protected area,Drivable,43.83854,144.28746,54,901,No,Spring; Summer; Autumn,images/JP-GN-11618337,,,
JP-GN-11525849,Aatsu Gawa,Japan,JP,Hokkaido,JP-01,Shoya,"Aatsu Gawa (Aatsu Gawa) is a named rivers location in Shoya, Hokkaido, Japan.",Natural spots,Rivers,Watercourse,Drivable,42.01842,143.27112,10,902,No,Spring; Summer; Autumn,images/JP-GN-11525849,,,
JP-GN-2130733,Abeshinai Gawa,Japan,JP,Hokkaido,JP-01,Saku,"Abeshinai Gawa (Abeshinai Gawa) is a named rivers location in Saku, Hokkaido, Japan.",Natural spots,Rivers,Watercourse,Drivable,44.73984,142.04184,16,903,No,Spring; Summer; Autumn,images/JP-GN-2130733,,,
JP-GN-9095791,Abetsu Gawa,Japan,JP,Hokkaido,JP-01,Kobira,"Abetsu Gawa (Abetsu Gawa) is a named rivers location in Kobira, Hokkaido, Japan.",Natural spots,Rivers,Watercourse,Drivable,42.58884,142.14345,22,904,No,Spring; Summer; Autumn,images/JP-GN-9095791,,,
JP-GN-11525879,Abeyaki Gawa,Japan,JP,Hokkaido,JP-01,Yamato,"Abeyaki Gawa (Abeyaki Gawa) is a named rivers location in Yamato, Hokkaido, Japan.",Natural spots,Rivers,Watercourse,Drivable,42.03509,143.11898,1,905,No,Spring; Summer; Autumn,images/JP-GN-11525879,,,
JP-GN-2130731,Abira Gawa,Japan,JP,Hokkaido,JP-01,Yufutsu,"Abira Gawa (Abira Gawa) is a named rivers location in Yufutsu, Hokkaido, Japan.",Natural spots,Rivers,Watercourse,Drivable,42.63301,141.74101,1,906,No,Spring; Summer; Autumn,images/JP-GN-2130731,,,
JP-GN-9083632,Aiboshima Gawa,Japan,JP,Hokkaido,JP-01,Aiboshima,"Aiboshima Gawa (Aiboshima Gawa) is a named rivers location in Aiboshima, Hokkaido, Japan.",Natural spots,Rivers,Watercourse,Drivable,42.47693,143.43448,2,907,No,Spring; Summer; Autumn,images/JP-GN-9083632,,,
JP-GN-11760837,Aidomari Gawa,Japan,JP,Hokkaido,JP-01,Aidomari,"Aidomari Gawa (Aidomari Gawa) is a named rivers location in Aidomari, Hokkaido, Japan.",Natural spots,Rivers,Watercourse,Drivable,44.19027,145.32522,3,908,No,Spring; Summer; Autumn,images/JP-GN-11760837,,,
JP-GN-11863793,Aidomari Gawa,Japan,JP,Hokkaido,JP-01,Furubecho,"Aidomari Gawa (Aidomari Gawa) is a named rivers location in Furubecho, Hokkaido, Japan.",Natural spots,Rivers,Watercourse,Drivable,41.8667,141.11681,-9999,909,No,Spring; Summer; Autumn,images/JP-GN-11863793,,,
JP-GN-11710375,Aino Kawa,Japan,JP,Hokkaido,JP-01,Sakaino,"Aino Kawa (Aino Kawa) is a named rivers location in Sakaino, Hokkaido, Japan.",Natural spots,Rivers,Watercourse,Drivable,43.70919,143.6542,174,910,No,Spring; Summer; Autumn,images/JP-GN-11710375,,,
JP-GN-11671412,Ainonai Gawa,Japan,JP,Hokkaido,JP-01,Misono,"Ainonai Gawa (Ainonai Gawa) is a named rivers location in Misono, Hokkaido, Japan.",Natural spots,Rivers,Watercourse,Drivable,43.79192,143.77756,122,911,No,Spring; Summer; Autumn,images/JP-GN-11671412,,,
JP-GN-11823544,Ainu Gawa,Japan,JP,Hokkaido,JP-01,Kamisatsukuru,"Ainu Gawa (Ainu Gawa) is a named rivers location in Kamisatsukuru, Hokkaido, Japan.",Natural spots,Rivers,Watercourse,Drivable,44.23499,142.92569,301,912,No,Spring; Summer; Autumn,images/JP-GN-11823544,,,
JP-GN-11526923,Aka Gawa,Japan,JP,Hokkaido,JP-01,Shiroizumi,"Aka Gawa (Aka Gawa) is a named rivers location in Shiroizumi, Hokkaido, Japan.",Natural spots,Rivers,Watercourse,Drivable,42.14057,142.82465,4,913,No,Spring; Summer; Autumn,images/JP-GN-11526923,,,
JP-GN-11527121,Aka Gawa,Japan,JP,Hokkaido,JP-01,Toei,"Aka Gawa (Aka Gawa) is a named rivers location in Toei, Hokkaido, Japan.",Natural spots,Rivers,Watercourse,Drivable,42.1998,142.69004,3,914,No,Spring; Summer; Autumn,images/JP-GN-11527121,,,
JP-GN-2045407,Aka Gawa,Japan,JP,Hokkaido,JP-01,Hatsumatsumae,"Aka Gawa (Aka Gawa) is a named rivers location in Hatsumatsumae, Hokkaido, Japan.",Natural spots,Rivers,Watercourse,Drivable,42.07055,139.46408,3,915,No,Spring; Summer; Autumn,images/JP-GN-2045407,,,
JP-GN-11709937,Akabannosawa Gawa,Japan,JP,Hokkaido,JP-01,Rubeshibecho-fujimi,"Akabannosawa Gawa (Akabannosawa Gawa) is a named rivers location in Rubeshibecho-fujimi, Hokkaido, Japan.",Natural spots,Rivers,Watercourse,Drivable,43.59265,143.28476,577,916,No,Spring; Summer; Autumn,images/JP-GN-11709937,,,
JP-GN-11709966,Akadorono Sawa,Japan,JP,Hokkaido,JP-01,Tsunemoto,"Akadorono Sawa (Akadorono Sawa) is a named rivers location in Tsunemoto, Hokkaido, Japan.",Natural spots,Rivers,Watercourse,Drivable,43.64016,143.4072,512,917,No,Spring; Summer; Autumn,images/JP-GN-11709966,,,
JP-GN-11828014,Akagami Gawa,Japan,JP,Hokkaido,JP-01,O Iwa,"Akagami Gawa (Akagami Gawa) is a named rivers location in O Iwa, Hokkaido, Japan.",Natural spots,Rivers,Watercourse,Drivable,41.48043,140.02547,5,918,No,Spring; Summer; Autumn,images/JP-GN-11828014,,,
JP-GN-11449262,Akahori Gawa,Japan,JP,Hokkaido,JP-01,Akancho-fubushinai-shin,"Akahori Gawa (Akahori Gawa) is a named rivers location in Akancho-fubushinai-shin, Hokkaido, Japan.",Natural spots,Rivers,Watercourse,Drivable,43.17835,144.04982,96,919,No,Spring; Summer; Autumn,images/JP-GN-11449262,,,
JP-GN-11752988,Akai Gawa,Japan,JP,Hokkaido,JP-01,Onnebetsumura,"Akai Gawa (Akai Gawa) is a named rivers location in Onnebetsumura, Hokkaido, Japan.",Natural spots,Rivers,Watercourse,Drivable,44.10215,145.05256,36,920,No,Spring; Summer; Autumn,images/JP-GN-11752988,,,
JP-GN-11828182,Akai Gawa,Japan,JP,Hokkaido,JP-01,Hayakawa,"Akai Gawa (Akai Gawa) is a named rivers location in Hayakawa, Hokkaido, Japan.",Natural spots,Rivers,Watercourse,Drivable,41.64006,140.07287,117,921,No,Spring; Summer; Autumn,images/JP-GN-11828182,,,
JP-GN-11864173,Akai Gawa,Japan,JP,Hokkaido,JP-01,Kameda-nakanocho,"Akai Gawa (Akai Gawa) is a named rivers location in Kameda-nakanocho, Hokkaido, Japan.",Natural spots,Rivers,Watercourse,Drivable,41.88108,140.7914,332,922,No,Spring; Summer; Autumn,images/JP-GN-11864173,,,
JP-GN-2045418,Akaishi Gawa,Japan,JP,Hokkaido,JP-01,Akaishi,"Akaishi Gawa (Akaishi Gawa) is a named rivers location in Akaishi, Hokkaido, Japan.",Natural spots,Rivers,Watercourse,Drivable,42.14543,139.51959,3,923,No,Spring; Summer; Autumn,images/JP-GN-2045418,,,
JP-GN-11760405,Aburako Wan,Japan,JP,Hokkaido,JP-01,Poromoi,"Aburako Wan (Aburako Wan) is a named seas and coastal areas location in Poromoi, Hokkaido, Japan.",Beach spots,Seas and coastal areas,Coastal feature,Drivable,44.34409,145.32856,-9999,924,No,Spring; Summer; Autumn,images/JP-GN-11760405,,,
JP-GN-11827837,Aidomari Misaki,Japan,JP,Hokkaido,JP-01,Matsumae-gun,"Aidomari Misaki (Aidomari Misaki) is a named seas and coastal areas location in Matsumae-gun, Hokkaido, Japan.",Beach spots,Seas and coastal areas,Coastal feature,Drivable,41.49562,139.34647,30,925,No,Spring; Summer; Autumn,images/JP-GN-11827837,,,
JP-GN-2038807,Akaishi Misaki,Japan,JP,Hokkaido,JP-01,Okushiri-gun,"Akaishi Misaki (Akaishi Misaki) is a named seas and coastal areas location in Okushiri-gun, Hokkaido, Japan.",Beach spots,Seas and coastal areas,Coastal feature,Drivable,42.15424,139.52251,4,926,No,Spring; Summer; Autumn,images/JP-GN-2038807,,,
JP-GN-2130691,Akaiwa Saki,Japan,JP,Hokkaido,JP-01,Tomamae Gun,"Akaiwa Saki (Akaiwa Saki) is a named seas and coastal areas location in Tomamae Gun, Hokkaido, Japan.",Beach spots,Seas and coastal areas,Coastal feature,Drivable,44.41497,141.29436,119,927,No,Spring; Summer; Autumn,images/JP-GN-2130691,,,
JP-GN-2130675,Akkeshi Ko,Japan,JP,Hokkaido,JP-01,Ponto,"Akkeshi Ko (Akkeshi Ko) is a named seas and coastal areas location in Ponto, Hokkaido, Japan.",Beach spots,Seas and coastal areas,Coastal feature,Drivable,43.05173,144.88859,-9999,928,No,Spring; Summer; Autumn,images/JP-GN-2130675,,,
JP-GN-2130674,Akkeshi Wan,Japan,JP,Hokkaido,JP-01,Aikappu,"Akkeshi Wan (Akkeshi Wan) is a named seas and coastal areas location in Aikappu, Hokkaido, Japan.",Beach spots,Seas and coastal areas,Coastal feature,Drivable,43,144.8,-9999,929,No,Spring; Summer; Autumn,images/JP-GN-2130674,,,
JP-GN-2045457,Anama Misaki,Japan,JP,Hokkaido,JP-01,Okushiri-gun,"Anama Misaki (Anama Misaki) is a named seas and coastal areas location in Okushiri-gun, Hokkaido, Japan.",Beach spots,Seas and coastal areas,Coastal feature,Drivable,42.18249,139.41007,0,930,No,Spring; Summer; Autumn,images/JP-GN-2045457,,,
JP-GN-2130668,Anama-saki,Japan,JP,Hokkaido,JP-01,Hakodate Shi,"Anama-saki (Anama-saki) is a named seas and coastal areas location in Hakodate Shi, Hokkaido, Japan.",Beach spots,Seas and coastal areas,Coastal feature,Drivable,41.75379,140.69401,26,931,No,Spring; Summer; Autumn,images/JP-GN-2130668,,,
JP-GN-2038804,Aonae Wan,Japan,JP,Hokkaido,JP-01,Aonae,"Aonae Wan (Aonae Wan) is a named seas and coastal areas location in Aonae, Hokkaido, Japan.",Beach spots,Seas and coastal areas,Coastal feature,Drivable,42.06056,139.46139,1,932,No,Spring; Summer; Autumn,images/JP-GN-2038804,,,
JP-GN-11760413,Aunmoi,Japan,JP,Hokkaido,JP-01,Poromoi,"Aunmoi (Aunmoi) is a named seas and coastal areas location in Poromoi, Hokkaido, Japan.",Beach spots,Seas and coastal areas,Coastal feature,Drivable,44.29927,145.28681,136,933,No,Spring; Summer; Autumn,images/JP-GN-11760413,,,
JP-GN-11827840,Benten Misaki,Japan,JP,Hokkaido,JP-01,Matsumae-gun,"Benten Misaki (Benten Misaki) is a named seas and coastal areas location in Matsumae-gun, Hokkaido, Japan.",Beach spots,Seas and coastal areas,Coastal feature,Drivable,41.49945,139.35436,18,934,No,Spring; Summer; Autumn,images/JP-GN-11827840,,,
JP-GN-11864394,Benten Misaki,Japan,JP,Hokkaido,JP-01,Usujiricho,"Benten Misaki (Benten Misaki) is a named seas and coastal areas location in Usujiricho, Hokkaido, Japan.",Beach spots,Seas and coastal areas,Coastal feature,Drivable,41.93635,140.95017,-9999,935,No,Spring; Summer; Autumn,images/JP-GN-11864394,,,
JP-GN-2045433,Benten Misaki,Japan,JP,Hokkaido,JP-01,Okushiri-gun,"Benten Misaki (Benten Misaki) is a named seas and coastal areas location in Okushiri-gun, Hokkaido, Japan.",Beach spots,Seas and coastal areas,Coastal feature,Drivable,42.21037,139.55044,1,936,No,Spring; Summer; Autumn,images/JP-GN-2045433,,,
JP-GN-11752963,Benzai Saki,Japan,JP,Hokkaido,JP-01,Shari-gun,"Benzai Saki (Benzai Saki) is a named seas and coastal areas location in Shari-gun, Hokkaido, Japan.",Beach spots,Seas and coastal areas,Coastal feature,Drivable,44.05436,144.96102,25,937,No,Spring; Summer; Autumn,images/JP-GN-11752963,,,
JP-GN-2130511,Biwase Wan,Japan,JP,Hokkaido,JP-01,Shinkawa-higashi,"Biwase Wan (Biwase Wan) is a named seas and coastal areas location in Shinkawa-higashi, Hokkaido, Japan.",Beach spots,Seas and coastal areas,Coastal feature,Drivable,43.06645,145.10757,-9999,938,No,Spring; Summer; Autumn,images/JP-GN-2130511,,,
JP-GN-2130509,Biyano-misaki,Japan,JP,Hokkaido,JP-01,Shakotan-gun,"Biyano-misaki (Biyano-misaki) is a named seas and coastal areas location in Shakotan-gun, Hokkaido, Japan.",Beach spots,Seas and coastal areas,Coastal feature,Drivable,43.3,140.6,6,939,No,Spring; Summer; Autumn,images/JP-GN-2130509,,,
JP-GN-2130508,Biyano-saki,Japan,JP,Hokkaido,JP-01,Suttsu-gun,"Biyano-saki (Biyano-saki) is a named seas and coastal areas location in Suttsu-gun, Hokkaido, Japan.",Beach spots,Seas and coastal areas,Coastal feature,Drivable,42.81282,140.30662,61,940,No,Spring; Summer; Autumn,images/JP-GN-2130508,,,
JP-GN-11760407,Bunkichi Wan,Japan,JP,Hokkaido,JP-01,Poromoi,"Bunkichi Wan (Bunkichi Wan) is a named seas and coastal areas location in Poromoi, Hokkaido, Japan.",Beach spots,Seas and coastal areas,Coastal feature,Drivable,44.33685,145.31698,-9999,941,No,Spring; Summer; Autumn,images/JP-GN-11760407,,,
JP-GN-9290575,Tojo Ko,Japan,JP,Hyogo,JP-28,Kurodani,"Tojo Ko (Tōjō Ko) is a named lakes location in Kurodani, Hyogo, Japan.",Natural spots,Lakes,Inland water body,Drivable,34.93114,135.06964,137,942,No,Spring; Summer; Autumn,images/JP-GN-9290575,,,
JP-GN-9291067,Anaguchi Yama,Japan,JP,Hyogo,JP-28,Sanda Shi,"Anaguchi Yama (Anaguchi Yama) is a named mountains location in Sanda Shi, Hyogo, Japan.",Adventure spots|Natural spots,Mountains,Natural landform,Drivable,34.96053,135.16114,281,943,No,Late spring; Summer; Autumn,images/JP-GN-9291067,,,
JP-GN-9290305,Auga Yama,Japan,JP,Hyogo,JP-28,Kobe Shi,"Auga Yama (Auga Yama) is a named mountains location in Kobe Shi, Hyogo, Japan.",Adventure spots|Natural spots,Mountains,Natural landform,Drivable,34.78317,135.22905,704,944,No,Late spring; Summer; Autumn,images/JP-GN-9290305,,,
JP-GN-9290257,Chigogabaka San,Japan,JP,Hyogo,JP-28,Kobe Shi,"Chigogabaka San (Chigogabaka San) is a named mountains location in Kobe Shi, Hyogo, Japan.",Adventure spots|Natural spots,Mountains,Natural landform,Drivable,34.78359,135.13953,596,945,No,Late spring; Summer; Autumn,images/JP-GN-9290257,,,
JP-GN-1864398,Daruga-mine,Japan,JP,Hyogo,JP-28,Asago Shi,"Daruga-mine (Daruga-mine) is a named mountains location in Asago Shi, Hyogo, Japan.",Adventure spots|Natural spots,Mountains,Natural landform,Drivable,35.1903,134.72732,1083,946,No,Late spring; Summer; Autumn,images/JP-GN-1864398,,,
JP-GN-9197138,Funa Iwa,Japan,JP,Hyogo,JP-28,Ako-gun,"Funa Iwa (Funa Iwa) is a named mountains location in Ako-gun, Hyogo, Japan.",Adventure spots|Natural spots,Mountains,Natural landform,Drivable,34.92795,134.32618,497,947,No,Late spring; Summer; Autumn,images/JP-GN-9197138,,,
JP-GN-9289959,Gorogoro Dake,Japan,JP,Hyogo,JP-28,Ashiya Shi,"Gorogoro Dake (Gorogoro Dake) is a named mountains location in Ashiya Shi, Hyogo, Japan.",Adventure spots|Natural spots,Mountains,Natural landform,Drivable,34.76776,135.29907,549,948,No,Late spring; Summer; Autumn,images/JP-GN-9289959,,,
JP-GN-9290173,Hachibuse Yama,Japan,JP,Hyogo,JP-28,Kobe Shi,"Hachibuse Yama (Hachibuse Yama) is a named mountains location in Kobe Shi, Hyogo, Japan.",Adventure spots|Natural spots,Mountains,Natural landform,Drivable,34.64184,135.09805,166,949,No,Late spring; Summer; Autumn,images/JP-GN-9290173,,,
JP-GN-1863464,Hachibuse-yama,Japan,JP,Hyogo,JP-28,Mikata-gun,"Hachibuse-yama (Hachibuse-yama) is a named mountains location in Mikata-gun, Hyogo, Japan.",Adventure spots|Natural spots,Mountains,Natural landform,Drivable,35.39552,134.53572,1208,950,No,Late spring; Summer; Autumn,images/JP-GN-1863464,,,
JP-GN-1863459,Hachiganaru,Japan,JP,Hyogo,JP-28,Toyooka Shi,"Hachiganaru (Hachiganaru) is a named mountains location in Toyooka Shi, Hyogo, Japan.",Adventure spots|Natural spots,Mountains,Natural landform,Drivable,35.65,134.85,183,951,No,Late spring; Summer; Autumn,images/JP-GN-1863459,,,
JP-GN-1863458,Hachigao-yama,Japan,JP,Hyogo,JP-28,Tanba-Sasayama-shi,"Hachigao-yama (Hachigao-yama) is a named mountains location in Tanba-Sasayama-shi, Hyogo, Japan.",Adventure spots|Natural spots,Mountains,Natural landform,Drivable,35.13333,135.31667,597,952,No,Late spring; Summer; Autumn,images/JP-GN-1863458,,,
JP-GN-1863033,Hata Yama,Japan,JP,Hyogo,JP-28,Nishinomiya Shi,"Hata Yama (Hata Yama) is a named mountains location in Nishinomiya Shi, Hyogo, Japan.",Adventure spots|Natural spots,Mountains,Natural landform,Drivable,34.82715,135.26429,494,953,No,Late spring; Summer; Autumn,images/JP-GN-1863033,,,
JP-GN-9197283,Higashiryuo Zan,Japan,JP,Hyogo,JP-28,Anaga,"Higashiryuo Zan (Higashiryūō Zan) is a named mountains location in Anaga, Hyogo, Japan.",Adventure spots|Natural spots,Mountains,Natural landform,Drivable,34.02097,134.44465,374,954,No,Late spring; Summer; Autumn,images/JP-GN-9197283,,,
JP-GN-1862042,Hyono-sen,Japan,JP,Hyogo,JP-28,Yabu-shi,"Hyono-sen (Hyōno-sen) is a named mountains location in Yabu-shi, Hyogo, Japan.",Adventure spots|Natural spots,Mountains,Natural landform,Drivable,35.35411,134.51351,1510,955,No,Late spring; Summer; Autumn,images/JP-GN-1862042,,,
JP-GN-9290631,Iimori Yama,Japan,JP,Hyogo,JP-28,Sanda Shi,"Iimori Yama (Iimori Yama) is a named mountains location in Sanda Shi, Hyogo, Japan.",Adventure spots|Natural spots,Mountains,Natural landform,Drivable,34.94545,135.23091,304,956,No,Late spring; Summer; Autumn,images/JP-GN-9290631,,,
JP-GN-9290398,Ishigami Yama,Japan,JP,Hyogo,JP-28,Miki Shi,"Ishigami Yama (Ishigami Yama) is a named mountains location in Miki Shi, Hyogo, Japan.",Adventure spots|Natural spots,Mountains,Natural landform,Drivable,34.84045,135.05008,171,957,No,Late spring; Summer; Autumn,images/JP-GN-9290398,,,
JP-GN-9290004,Ishikiri Yama,Japan,JP,Hyogo,JP-28,Takarazuka Shi,"Ishikiri Yama (Ishikiri Yama) is a named mountains location in Takarazuka Shi, Hyogo, Japan.",Adventure spots|Natural spots,Mountains,Natural landform,Drivable,34.84077,135.40645,167,958,No,Late spring; Summer; Autumn,images/JP-GN-9290004,,,
JP-GN-9289996,Iwakura Yama,Japan,JP,Hyogo,JP-28,Takarazuka Shi,"Iwakura Yama (Iwakura Yama) is a named mountains location in Takarazuka Shi, Hyogo, Japan.",Adventure spots|Natural spots,Mountains,Natural landform,Drivable,34.80136,135.32087,488,959,No,Late spring; Summer; Autumn,images/JP-GN-9289996,,,
JP-GN-1860960,Joryuji San,Japan,JP,Hyogo,JP-28,Awaji Shi,"Joryuji San (Jōryūji San) is a named mountains location in Awaji Shi, Hyogo, Japan.",Adventure spots|Natural spots,Mountains,Natural landform,Drivable,34.50583,134.93497,438,960,No,Late spring; Summer; Autumn,images/JP-GN-1860960,,,
JP-GN-1860891,Kabuto Yama,Japan,JP,Hyogo,JP-28,Nishinomiya Shi,"Kabuto Yama (Kabuto Yama) is a named mountains location in Nishinomiya Shi, Hyogo, Japan.",Adventure spots|Natural spots,Mountains,Natural landform,Drivable,34.77536,135.32914,309,961,No,Late spring; Summer; Autumn,images/JP-GN-1860891,,,
JP-GN-9289960,Kannon Yama,Japan,JP,Hyogo,JP-28,Nishinomiya Shi,"Kannon Yama (Kannon Yama) is a named mountains location in Nishinomiya Shi, Hyogo, Japan.",Adventure spots|Natural spots,Mountains,Natural landform,Drivable,34.77547,135.30415,483,962,No,Late spring; Summer; Autumn,images/JP-GN-9289960,,,
JP-GN-9290055,Chimyo Ko,Japan,JP,Hyogo,JP-28,Sasabe,"Chimyo Ko (Chimyō Ko) is a named parks location in Sasabe, Hyogo, Japan.",Natural spots,Parks,Public park or protected area,Drivable,34.90966,135.41656,143,963,No,Spring; Summer; Autumn,images/JP-GN-9290055,,,
JP-GN-9197162,Gongen Ike,Japan,JP,Hyogo,JP-28,Kamisocho-midoro,"Gongen Ike (Gongen Ike) is a named parks location in Kamisocho-midoro, Hyogo, Japan.",Natural spots,Parks,Public park or protected area,Drivable,34.82566,134.87482,45,964,No,Spring; Summer; Autumn,images/JP-GN-9197162,,,
JP-GN-1862041,Hyonosen-Ushiroyama-Nagisan-kokutei-koen,Japan,JP,Hyogo,JP-28,Dodani,"Hyonosen-Ushiroyama-Nagisan-kokutei-koen (Hyōnosen-Ushiroyama-Nagisan-kokutei-kōen) is a named parks location in Dodani, Hyogo, Japan.",Natural spots,Parks,Public park or protected area,Drivable,35.33333,134.5,1298,965,No,Spring; Summer; Autumn,images/JP-GN-1862041,,,
JP-GN-1860069,Karasuhara Chosuichi,Japan,JP,Hyogo,JP-28,Minatogawacho,"Karasuhara Chosuichi (Karasuhara Chosuichi) is a named parks location in Minatogawacho, Hyogo, Japan.",Natural spots,Parks,Public park or protected area,Drivable,34.6908,135.15741,89,966,No,Spring; Summer; Autumn,images/JP-GN-1860069,,,
JP-GN-1864599,Kobe Suido Chikari Suigenchi,Japan,JP,Hyogo,JP-28,Hazu,"Kobe Suido Chikari Suigenchi (Kōbe Suidō Chikari Suigenchi) is a named parks location in Hazu, Hyogo, Japan.",Natural spots,Parks,Public park or protected area,Drivable,34.89398,135.27935,178,967,No,Spring; Summer; Autumn,images/JP-GN-1864599,,,
JP-GN-9197175,Nonoike Chosuichi,Japan,JP,Hyogo,JP-28,Kanigasaka,"Nonoike Chosuichi (Nonoike Chosuichi) is a named parks location in Kanigasaka, Hyogo, Japan.",Natural spots,Parks,Public park or protected area,Drivable,34.67715,134.96835,26,968,No,Spring; Summer; Autumn,images/JP-GN-9197175,,,
JP-GN-1854897,Nunobiki Chosuichi,Japan,JP,Hyogo,JP-28,Fukiaicho,"Nunobiki Chosuichi (Nunobiki Chosuichi) is a named parks location in Fukiaicho, Hyogo, Japan.",Natural spots,Parks,Public park or protected area,Drivable,34.71142,135.18815,221,969,No,Spring; Summer; Autumn,images/JP-GN-1854897,,,
JP-GN-9290103,Okuyama Chosuichi,Japan,JP,Hyogo,JP-28,Okuikecho,"Okuyama Chosuichi (Okuyama Chosuichi) is a named parks location in Okuikecho, Hyogo, Japan.",Natural spots,Parks,Public park or protected area,Drivable,34.77359,135.29025,497,970,No,Spring; Summer; Autumn,images/JP-GN-9290103,,,
JP-GN-9197151,Sakurayama Chosuichi,Japan,JP,Hyogo,JP-28,Ota,"Sakurayama Chosuichi (Sakurayama Chosuichi) is a named parks location in Ota, Hyogo, Japan.",Natural spots,Parks,Public park or protected area,Drivable,34.8531,134.61931,58,971,No,Spring; Summer; Autumn,images/JP-GN-9197151,,,
JP-GN-9290630,Senjoji Ko,Japan,JP,Hyogo,JP-28,Sanda,"Senjoji Ko (Senjōji Ko) is a named parks location in Sanda, Hyogo, Japan.",Natural spots,Parks,Public park or protected area,Drivable,34.93533,135.20998,178,972,No,Spring; Summer; Autumn,images/JP-GN-9290630,,,
JP-GN-9197172,Tenma Oike,Japan,JP,Hyogo,JP-28,Inami,"Tenma Oike (Tenma Ōike) is a named parks location in Inami, Hyogo, Japan.",Natural spots,Parks,Public park or protected area,Drivable,34.73293,134.90732,33,973,No,Spring; Summer; Autumn,images/JP-GN-9197172,,,
JP-GN-9290262,Tsukuhara Ko,Japan,JP,Hyogo,JP-28,Yamadacho-tsukuhara,"Tsukuhara Ko (Tsukuhara Ko) is a named parks location in Yamadacho-tsukuhara, Hyogo, Japan.",Natural spots,Parks,Public park or protected area,Drivable,34.77061,135.08648,144,974,No,Spring; Summer; Autumn,images/JP-GN-9290262,,,
JP-GN-1865484,Akashi Gawa,Japan,JP,Hyogo,JP-28,Hayashi,"Akashi Gawa (Akashi Gawa) is a named rivers location in Hayashi, Hyogo, Japan.",Natural spots,Rivers,Watercourse,Drivable,34.64312,134.97731,-3,975,No,Spring; Summer; Autumn,images/JP-GN-1865484,,,
JP-GN-9197136,Amuro Gawa,Japan,JP,Hyogo,JP-28,Une-hara,"Amuro Gawa (Amuro Gawa) is a named rivers location in Une-hara, Hyogo, Japan.",Natural spots,Rivers,Watercourse,Drivable,34.84923,134.37833,20,976,No,Spring; Summer; Autumn,images/JP-GN-9197136,,,
JP-GN-9290345,Asagiri Gawa,Japan,JP,Hyogo,JP-28,Asagiricho,"Asagiri Gawa (Asagiri Gawa) is a named rivers location in Asagiricho, Hyogo, Japan.",Natural spots,Rivers,Watercourse,Drivable,34.64363,135.01121,5,977,No,Spring; Summer; Autumn,images/JP-GN-9290345,,,
JP-GN-1864984,Ashiya Gawa,Japan,JP,Hyogo,JP-28,Ashiya,"Ashiya Gawa (Ashiya Gawa) is a named rivers location in Ashiya, Hyogo, Japan.",Natural spots,Rivers,Watercourse,Drivable,34.71881,135.30495,5,978,No,Spring; Summer; Autumn,images/JP-GN-1864984,,,
JP-GN-9197173,Befu Gawa,Japan,JP,Hyogo,JP-28,Befucho-minatomachi,"Befu Gawa (Befu Gawa) is a named rivers location in Befucho-minatomachi, Hyogo, Japan.",Natural spots,Rivers,Watercourse,Drivable,34.71739,134.84713,2,979,No,Spring; Summer; Autumn,images/JP-GN-9197173,,,
JP-GN-1864576,Chikusa Gawa,Japan,JP,Hyogo,JP-28,Nakahiro,"Chikusa Gawa (Chikusa Gawa) is a named rivers location in Nakahiro, Hyogo, Japan.",Natural spots,Rivers,Watercourse,Drivable,34.73045,134.38955,-9999,980,No,Spring; Summer; Autumn,images/JP-GN-1864576,,,
JP-GN-9290221,Fukuda Gawa,Japan,JP,Hyogo,JP-28,Tarumi,"Fukuda Gawa (Fukuda Gawa) is a named rivers location in Tarumi, Hyogo, Japan.",Natural spots,Rivers,Watercourse,Drivable,34.62782,135.05794,2,981,No,Spring; Summer; Autumn,images/JP-GN-9290221,,,
JP-GN-9291035,Hatsuka Gawa,Japan,JP,Hyogo,JP-28,Kuwabara,"Hatsuka Gawa (Hatsuka Gawa) is a named rivers location in Kuwabara, Hyogo, Japan.",Natural spots,Rivers,Watercourse,Drivable,34.86765,135.26774,137,982,No,Spring; Summer; Autumn,images/JP-GN-9291035,,,
JP-GN-9197150,Hayashida Gawa,Japan,JP,Hyogo,JP-28,Yobeku-kamiyobe,"Hayashida Gawa (Hayashida Gawa) is a named rivers location in Yobeku-kamiyobe, Hyogo, Japan.",Natural spots,Rivers,Watercourse,Drivable,34.80933,134.55773,5,983,No,Spring; Summer; Autumn,images/JP-GN-9197150,,,
JP-GN-9290014,Hazu Gawa,Japan,JP,Hyogo,JP-28,Hazu,"Hazu Gawa (Hazu Gawa) is a named rivers location in Hazu, Hyogo, Japan.",Natural spots,Rivers,Watercourse,Drivable,34.90907,135.28925,178,984,No,Spring; Summer; Autumn,images/JP-GN-9290014,,,
JP-GN-1862654,Hikihara-gawa,Japan,JP,Hyogo,JP-28,Magari,"Hikihara-gawa (Hikihara-gawa) is a named rivers location in Magari, Hyogo, Japan.",Natural spots,Rivers,Watercourse,Drivable,35.10371,134.58067,163,985,No,Spring; Summer; Autumn,images/JP-GN-1862654,,,
JP-GN-9197249,Honjo Gawa,Japan,JP,Hyogo,JP-28,Ama-higashimachi,"Honjo Gawa (Honjō Gawa) is a named rivers location in Ama-higashimachi, Hyogo, Japan.",Natural spots,Rivers,Watercourse,Drivable,34.21283,134.7245,2,986,No,Spring; Summer; Autumn,images/JP-GN-9197249,,,
JP-GN-1862023,Ibo Gawa,Japan,JP,Hyogo,JP-28,Aboshiku-hamada,"Ibo Gawa (Ibo Gawa) is a named rivers location in Aboshiku-hamada, Hyogo, Japan.",Natural spots,Rivers,Watercourse,Drivable,34.76905,134.58576,8,987,No,Spring; Summer; Autumn,images/JP-GN-1862023,,,
JP-GN-1861967,Ichi Kawa,Japan,JP,Hyogo,JP-28,Shikamaku-miya,"Ichi Kawa (Ichi Kawa) is a named rivers location in Shikamaku-miya, Hyogo, Japan.",Natural spots,Rivers,Watercourse,Drivable,34.77563,134.67542,-9999,988,No,Spring; Summer; Autumn,images/JP-GN-1861967,,,
JP-GN-1861727,Ikuta Gawa,Japan,JP,Hyogo,JP-28,Onohamacho,"Ikuta Gawa (Ikuta Gawa) is a named rivers location in Onohamacho, Hyogo, Japan.",Natural spots,Rivers,Watercourse,Drivable,34.6923,135.20486,0,989,No,Spring; Summer; Autumn,images/JP-GN-1861727,,,
JP-GN-1861071,Izushi-gawa,Japan,JP,Hyogo,JP-28,Toyooka,"Izushi-gawa (Izushi-gawa) is a named rivers location in Toyooka, Hyogo, Japan.",Natural spots,Rivers,Watercourse,Drivable,35.51667,134.81667,5,990,No,Spring; Summer; Autumn,images/JP-GN-1861071,,,
JP-GN-1860703,Kako Gawa,Japan,JP,Hyogo,JP-28,Takasagocho-takasemachi,"Kako Gawa (Kako Gawa) is a named rivers location in Takasagocho-takasemachi, Hyogo, Japan.",Natural spots,Rivers,Watercourse,Drivable,34.7323,134.80869,-9999,991,No,Spring; Summer; Autumn,images/JP-GN-1860703,,,
JP-GN-1857620,Maruyama-gawa,Japan,JP,Hyogo,JP-28,Tsuiyama,"Maruyama-gawa (Maruyama-gawa) is a named rivers location in Tsuiyama, Hyogo, Japan.",Natural spots,Rivers,Watercourse,Drivable,35.63907,134.83957,4,992,No,Spring; Summer; Autumn,images/JP-GN-1857620,,,
JP-GN-9197253,Mihara Gawa,Japan,JP,Hyogo,JP-28,Minato,"Mihara Gawa (Mihara Gawa) is a named rivers location in Minato, Hyogo, Japan.",Natural spots,Rivers,Watercourse,Drivable,34.33165,134.72892,-9999,993,No,Spring; Summer; Autumn,images/JP-GN-9197253,,,
JP-GN-1857292,Mikata-gawa,Japan,JP,Hyogo,JP-28,Magari,"Mikata-gawa (Mikata-gawa) is a named rivers location in Magari, Hyogo, Japan.",Natural spots,Rivers,Watercourse,Drivable,35.1,134.58333,165,994,No,Spring; Summer; Autumn,images/JP-GN-1857292,,,
JP-GN-9290040,Mo Gawa,Japan,JP,Hyogo,JP-28,Kanzaki,"Mo Gawa (Mo Gawa) is a named rivers location in Kanzaki, Hyogo, Japan.",Natural spots,Rivers,Watercourse,Drivable,34.74227,135.45487,0,995,No,Spring; Summer; Autumn,images/JP-GN-9290040,,,
JP-GN-1856455,Muko Gawa,Japan,JP,Hyogo,JP-28,Naruohama,"Muko Gawa (Muko Gawa) is a named rivers location in Naruohama, Hyogo, Japan.",Natural spots,Rivers,Watercourse,Drivable,34.68624,135.36645,-9999,996,No,Spring; Summer; Autumn,images/JP-GN-1856455,,,
JP-GN-1865653,Aioi Wan,Japan,JP,Hyogo,JP-28,Sakoshi,"Aioi Wan (Aioi Wan) is a named seas and coastal areas location in Sakoshi, Hyogo, Japan.",Beach spots,Seas and coastal areas,Coastal feature,Drivable,34.76667,134.46667,-9999,997,No,Spring; Summer; Autumn,images/JP-GN-1865653,,,
JP-GN-1865482,Akashi Kaikyo,Japan,JP,Hyogo,JP-28,Asagiricho,"Akashi Kaikyo (Akashi Kaikyō) is a named seas and coastal areas location in Asagiricho, Hyogo, Japan.",Beach spots,Seas and coastal areas,Coastal feature,Drivable,34.62488,135.0079,-9999,998,No,Spring; Summer; Autumn,images/JP-GN-1865482,,,
JP-GN-1864176,E Saki,Japan,JP,Hyogo,JP-28,Awaji Shi,"E Saki (E Saki) is a named seas and coastal areas location in Awaji Shi, Hyogo, Japan.",Beach spots,Seas and coastal areas,Coastal feature,Drivable,34.60701,134.99234,10,999,No,Spring; Summer; Autumn,images/JP-GN-1864176,,,
JP-GN-1864219,Ei Zaki,Japan,JP,Hyogo,JP-28,Awaji Shi,"Ei Zaki (Ei Zaki) is a named seas and coastal areas location in Awaji Shi, Hyogo, Japan.",Beach spots,Seas and coastal areas,Coastal feature,Drivable,34.46859,134.81918,22,1000,No,Spring; Summer; Autumn,images/JP-GN-1864219,,,
JP-GN-1862078,Hotoke Zaki,Japan,JP,Hyogo,JP-28,Sumoto Shi,"Hotoke Zaki (Hotoke Zaki) is a named seas and coastal areas location in Sumoto Shi, Hyogo, Japan.",Beach spots,Seas and coastal areas,Coastal feature,Drivable,34.38502,134.75537,14,1001,No,Spring; Summer; Autumn,images/JP-GN-1862078,,,
JP-GN-1860076,Karasaki-hana,Japan,JP,Hyogo,JP-28,Kobe Shi,"Karasaki-hana (Karasaki-hana) is a named seas and coastal areas location in Kobe Shi, Hyogo, Japan.",Beach spots,Seas and coastal areas,Coastal feature,Drivable,34.63333,135.03333,8,1002,No,Spring; Summer; Autumn,images/JP-GN-1860076,,,
JP-GN-1859650,Kawa-saki,Japan,JP,Hyogo,JP-28,Kobe Shi,"Kawa-saki (Kawa-saki) is a named seas and coastal areas location in Kobe Shi, Hyogo, Japan.",Beach spots,Seas and coastal areas,Coastal feature,Drivable,34.67172,135.18853,0,1003,No,Spring; Summer; Autumn,images/JP-GN-1859650,,,
JP-GN-1857611,Maruyama-saki,Japan,JP,Hyogo,JP-28,Mikata-gun,"Maruyama-saki (Maruyama-saki) is a named seas and coastal areas location in Mikata-gun, Hyogo, Japan.",Beach spots,Seas and coastal areas,Coastal feature,Drivable,35.61368,134.3715,69,1004,No,Spring; Summer; Autumn,images/JP-GN-1857611,,,
JP-GN-1857612,Maruyama-saki,Japan,JP,Hyogo,JP-28,Minamiawaji Shi,"Maruyama-saki (Maruyama-saki) is a named seas and coastal areas location in Minamiawaji Shi, Hyogo, Japan.",Beach spots,Seas and coastal areas,Coastal feature,Drivable,34.29385,134.65578,17,1005,No,Spring; Summer; Autumn,images/JP-GN-1857612,,,
JP-GN-12041524,Matsuho Saki,Japan,JP,Hyogo,JP-28,Awaji Shi,"Matsuho Saki (Matsuho Saki) is a named seas and coastal areas location in Awaji Shi, Hyogo, Japan.",Beach spots,Seas and coastal areas,Coastal feature,Drivable,34.60909,135.00219,-9999,1006,No,Spring; Summer; Autumn,images/JP-GN-12041524,,,
JP-GN-1854494,Oishino Hana,Japan,JP,Hyogo,JP-28,Sumoto Shi,"Oishino Hana (Oishino Hana) is a named seas and coastal areas location in Sumoto Shi, Hyogo, Japan.",Beach spots,Seas and coastal areas,Coastal feature,Drivable,34.26709,134.95139,40,1007,No,Spring; Summer; Autumn,images/JP-GN-1854494,,,
JP-GN-1853082,Sakoshi Wan,Japan,JP,Hyogo,JP-28,Sakoshi,"Sakoshi Wan (Sakoshi Wan) is a named seas and coastal areas location in Sakoshi, Hyogo, Japan.",Beach spots,Seas and coastal areas,Coastal feature,Drivable,34.75768,134.441,-9999,1008,No,Spring; Summer; Autumn,images/JP-GN-1853082,,,
JP-GN-1851954,Shio Zaki,Japan,JP,Hyogo,JP-28,Minamiawaji Shi,"Shio Zaki (Shio Zaki) is a named seas and coastal areas location in Minamiawaji Shi, Hyogo, Japan.",Beach spots,Seas and coastal areas,Coastal feature,Drivable,34.1897,134.72991,21,1009,No,Spring; Summer; Autumn,images/JP-GN-1851954,,,
JP-GN-1849163,U Zaki,Japan,JP,Hyogo,JP-28,Awaji Shi,"U Zaki (U Zaki) is a named seas and coastal areas location in Awaji Shi, Hyogo, Japan.",Beach spots,Seas and coastal areas,Coastal feature,Drivable,34.57714,135.02369,14,1010,No,Spring; Summer; Autumn,images/JP-GN-1849163,,,
JP-GN-1849000,Wada Misaki,Japan,JP,Hyogo,JP-28,Kobe Shi,"Wada Misaki (Wada Misaki) is a named seas and coastal areas location in Kobe Shi, Hyogo, Japan.",Beach spots,Seas and coastal areas,Coastal feature,Drivable,34.65265,135.18654,7,1011,No,Spring; Summer; Autumn,images/JP-GN-1849000,,,
JP-GN-2112332,Kashima-ura,Japan,JP,Ibaraki,JP-08,Kamisu-shi,"Kashima-ura (Kashima-ura) is a named beaches location in Kamisu-shi, Ibaraki, Japan.",Beach spots,Beaches,Coastal recreation area,Drivable,35.75,140.83333,7,1012,No,Summer,images/JP-GN-2112332,,,
JP-GN-2112738,Hi-numa,Japan,JP,Ibaraki,JP-08,Nagasu,"Hi-numa (Hi-numa) is a named lakes location in Nagasu, Ibaraki, Japan.",Natural spots,Lakes,Inland water body,Drivable,36.27615,140.50515,-4,1013,No,Spring; Summer; Autumn,images/JP-GN-2112738,,,
JP-GN-2112327,Kasumiga-ura,Japan,JP,Ibaraki,JP-08,Tabuse,"Kasumiga-ura (Kasumiga-ura) is a named lakes location in Tabuse, Ibaraki, Japan.",Natural spots,Lakes,Inland water body,Drivable,36.03736,140.39586,0,1014,No,Spring; Summer; Autumn,images/JP-GN-2112327,,,
JP-GN-2112204,Kita-ura,Japan,JP,Ibaraki,JP-08,Narage,"Kita-ura (Kita-ura) is a named lakes location in Narage, Ibaraki, Japan.",Natural spots,Lakes,Inland water body,Drivable,36.00447,140.57796,0,1015,No,Spring; Summer; Autumn,images/JP-GN-2112204,,,
JP-GN-2112145,Kono-ike,Japan,JP,Ibaraki,JP-08,Kamisu,"Kono-ike (Kōno-ike) is a named lakes location in Kamisu, Ibaraki, Japan.",Natural spots,Lakes,Inland water body,Drivable,35.88961,140.67009,0,1016,No,Spring; Summer; Autumn,images/JP-GN-2112145,,,
JP-GN-2111675,Nasakaura,Japan,JP,Ibaraki,JP-08,Itako,"Nasakaura (Nasakaura) is a named lakes location in Itako, Ibaraki, Japan.",Natural spots,Lakes,Inland water body,Drivable,35.93333,140.56667,3,1017,No,Spring; Summer; Autumn,images/JP-GN-2111675,,,
JP-GN-2110628,Ushiku-numa,Japan,JP,Ibaraki,JP-08,Ushiku,"Ushiku-numa (Ushiku-numa) is a named lakes location in Ushiku, Ibaraki, Japan.",Natural spots,Lakes,Inland water body,Drivable,35.94779,140.12838,1,1018,No,Spring; Summer; Autumn,images/JP-GN-2110628,,,
JP-GN-2113059,Ashio-san,Japan,JP,Ibaraki,JP-08,Ishioka Shi,"Ashio-san (Ashio-san) is a named mountains location in Ishioka Shi, Ibaraki, Japan.",Adventure spots|Natural spots,Mountains,Natural landform,Drivable,36.2797,140.14774,599,1019,No,Late spring; Summer; Autumn,images/JP-GN-2113059,,,
JP-GN-2112816,Hanazono-san,Japan,JP,Ibaraki,JP-08,Kitaibaraki Shi,"Hanazono-san (Hanazono-san) is a named mountains location in Kitaibaraki Shi, Ibaraki, Japan.",Adventure spots|Natural spots,Mountains,Natural landform,Drivable,36.8614,140.60973,844,1020,No,Late spring; Summer; Autumn,images/JP-GN-2112816,,,
JP-GN-2112481,Kaba-san,Japan,JP,Ibaraki,JP-08,Ishioka Shi,"Kaba-san (Kaba-san) is a named mountains location in Ishioka Shi, Ibaraki, Japan.",Adventure spots|Natural spots,Mountains,Natural landform,Drivable,36.3,140.15,709,1021,No,Late spring; Summer; Autumn,images/JP-GN-2112481,,,
JP-GN-2111789,Nabeashi-zan,Japan,JP,Ibaraki,JP-08,Hitachi-ota Shi,"Nabeashi-zan (Nabeashi-zan) is a named mountains location in Hitachi-ota Shi, Ibaraki, Japan.",Adventure spots|Natural spots,Mountains,Natural landform,Drivable,36.74611,140.46685,499,1022,No,Late spring; Summer; Autumn,images/JP-GN-2111789,,,
JP-GN-2111693,Nantai-zan,Japan,JP,Ibaraki,JP-08,Kuji-gun,"Nantai-zan (Nantai-zan) is a named mountains location in Kuji-gun, Ibaraki, Japan.",Adventure spots|Natural spots,Mountains,Natural landform,Drivable,36.72398,140.41985,625,1023,No,Late spring; Summer; Autumn,images/JP-GN-2111693,,,
JP-GN-2111341,Osho-yama,Japan,JP,Ibaraki,JP-08,Kitaibaraki Shi,"Osho-yama (Oshō-yama) is a named mountains location in Kitaibaraki Shi, Ibaraki, Japan.",Adventure spots|Natural spots,Mountains,Natural landform,Drivable,36.91102,140.59024,791,1024,No,Late spring; Summer; Autumn,images/JP-GN-2111341,,,
JP-GN-2111136,Shakujo-yama,Japan,JP,Ibaraki,JP-08,Hitachi-omiya Shi,"Shakujo-yama (Shakujō-yama) is a named mountains location in Hitachi-omiya Shi, Ibaraki, Japan.",Adventure spots|Natural spots,Mountains,Natural landform,Drivable,36.71253,140.29227,493,1025,No,Late spring; Summer; Autumn,images/JP-GN-2111136,,,
JP-GN-2110861,Takasuzu-yama,Japan,JP,Ibaraki,JP-08,Hitachi-ota Shi,"Takasuzu-yama (Takasuzu-yama) is a named mountains location in Hitachi-ota Shi, Ibaraki, Japan.",Adventure spots|Natural spots,Mountains,Natural landform,Drivable,36.6208,140.58765,620,1026,No,Late spring; Summer; Autumn,images/JP-GN-2110861,,,
JP-GN-2110801,Tatsuware-san,Japan,JP,Ibaraki,JP-08,Hitachi Shi,"Tatsuware-san (Tatsuware-san) is a named mountains location in Hitachi Shi, Ibaraki, Japan.",Adventure spots|Natural spots,Mountains,Natural landform,Drivable,36.71102,140.56113,639,1027,No,Late spring; Summer; Autumn,images/JP-GN-2110801,,,
JP-GN-2110794,Tempi-san,Japan,JP,Ibaraki,JP-08,Kitaibaraki Shi,"Tempi-san (Tempi-san) is a named mountains location in Kitaibaraki Shi, Ibaraki, Japan.",Adventure spots|Natural spots,Mountains,Natural landform,Drivable,36.8,140.75,30,1028,No,Late spring; Summer; Autumn,images/JP-GN-2110794,,,
JP-GN-2110680,Tsukuba-san,Japan,JP,Ibaraki,JP-08,Tsukuba Shi,"Tsukuba-san (Tsukuba-san) is a named mountains location in Tsukuba Shi, Ibaraki, Japan.",Adventure spots|Natural spots,Mountains,Natural landform,Drivable,36.22705,140.10242,877,1029,No,Late spring; Summer; Autumn,images/JP-GN-2110680,,,
JP-GN-2110543,Yamizo-sammyaku,Japan,JP,Ibaraki,JP-08,Takatorikozan,"Yamizo-sammyaku (Yamizo-sammyaku) is a named mountains location in Takatorikozan, Ibaraki, Japan.",Adventure spots|Natural spots,Mountains,Natural landform,Drivable,36.5,140.25,193,1030,No,Late spring; Summer; Autumn,images/JP-GN-2110543,,,
JP-GN-12952957,Otsu Port,Japan,JP,Ibaraki,JP-08,Kitaibaraki Shi,"Otsu Port (Otsu Port) is a named parks location in Kitaibaraki Shi, Ibaraki, Japan.",Natural spots,Parks,Public park or protected area,Drivable,36.82559,140.78507,1,1031,No,Spring; Summer; Autumn,images/JP-GN-12952957,,,
JP-GN-2112945,Fujii-gawa,Japan,JP,Ibaraki,JP-08,Iwane,"Fujii-gawa (Fujii-gawa) is a named rivers location in Iwane, Ibaraki, Japan.",Natural spots,Rivers,Watercourse,Drivable,36.44221,140.41333,5,1032,No,Spring; Summer; Autumn,images/JP-GN-2112945,,,
JP-GN-2112820,Hananuki-gawa,Japan,JP,Ibaraki,JP-08,Takado,"Hananuki-gawa (Hananuki-gawa) is a named rivers location in Takado, Ibaraki, Japan.",Natural spots,Rivers,Watercourse,Drivable,36.69697,140.71792,0,1033,No,Spring; Summer; Autumn,images/JP-GN-2112820,,,
JP-GN-2112737,Hinuma-gawa,Japan,JP,Ibaraki,JP-08,Minato-chuo,"Hinuma-gawa (Hinuma-gawa) is a named rivers location in Minato-chuo, Ibaraki, Japan.",Natural spots,Rivers,Watercourse,Drivable,36.33606,140.58492,-2,1034,No,Spring; Summer; Autumn,images/JP-GN-2112737,,,
JP-GN-8577683,Hitachi-tone Gawa,Japan,JP,Ibaraki,JP-08,Nikkawahama,"Hitachi-tone Gawa (Hitachi-tone Gawa) is a named rivers location in Nikkawahama, Ibaraki, Japan.",Natural spots,Rivers,Watercourse,Drivable,35.83879,140.70984,0,1035,No,Spring; Summer; Autumn,images/JP-GN-8577683,,,
JP-GN-10989281,Iinuma Gawa,Japan,JP,Ibaraki,JP-08,Oki,"Iinuma Gawa (Iinuma Gawa) is a named rivers location in Oki, Ibaraki, Japan.",Natural spots,Rivers,Watercourse,Drivable,35.96632,139.92404,4,1036,No,Spring; Summer; Autumn,images/JP-GN-10989281,,,
JP-GN-2112173,Koise-gawa,Japan,JP,Ibaraki,JP-08,Takahama,"Koise-gawa (Koise-gawa) is a named rivers location in Takahama, Ibaraki, Japan.",Natural spots,Rivers,Watercourse,Drivable,36.15994,140.3079,0,1037,No,Spring; Summer; Autumn,images/JP-GN-2112173,,,
JP-GN-2112167,Kokai-gawa,Japan,JP,Ibaraki,JP-08,Fukawa,"Kokai-gawa (Kokai-gawa) is a named rivers location in Fukawa, Ibaraki, Japan.",Natural spots,Rivers,Watercourse,Drivable,35.86667,140.13333,4,1038,No,Spring; Summer; Autumn,images/JP-GN-2112167,,,
JP-GN-2112116,Kuji-gawa,Japan,JP,Ibaraki,JP-08,Kujicho,"Kuji-gawa (Kuji-gawa) is a named rivers location in Kujicho, Ibaraki, Japan.",Natural spots,Rivers,Watercourse,Drivable,36.48161,140.61569,1,1039,No,Spring; Summer; Autumn,images/JP-GN-2112116,,,
JP-GN-2111745,Naka-gawa,Japan,JP,Ibaraki,JP-08,Minato-chuo,"Naka-gawa (Naka-gawa) is a named rivers location in Minato-chuo, Ibaraki, Japan.",Natural spots,Rivers,Watercourse,Drivable,36.33613,140.59451,0,1040,No,Spring; Summer; Autumn,images/JP-GN-2111745,,,
JP-GN-2111455,Okita-gawa,Japan,JP,Ibaraki,JP-08,Kitaibaraki,"Okita-gawa (Ōkita-gawa) is a named rivers location in Kitaibaraki, Ibaraki, Japan.",Natural spots,Rivers,Watercourse,Drivable,36.79471,140.75638,8,1041,No,Spring; Summer; Autumn,images/JP-GN-2111455,,,
JP-GN-2111219,Sakura-gawa,Japan,JP,Ibaraki,JP-08,Tsuchiura,"Sakura-gawa (Sakura-gawa) is a named rivers location in Tsuchiura, Ibaraki, Japan.",Natural spots,Rivers,Watercourse,Drivable,36.07544,140.21846,0,1042,No,Spring; Summer; Autumn,images/JP-GN-2111219,,,
JP-GN-2111179,Sato-gawa,Japan,JP,Ibaraki,JP-08,Okada,"Sato-gawa (Sato-gawa) is a named rivers location in Okada, Ibaraki, Japan.",Natural spots,Rivers,Watercourse,Drivable,36.50183,140.5553,0,1043,No,Spring; Summer; Autumn,images/JP-GN-2111179,,,
JP-GN-2111055,Shin-tone-gawa,Japan,JP,Ibaraki,JP-08,Ushibori,"Shin-tone-gawa (Shin-tone-gawa) is a named rivers location in Ushibori, Ibaraki, Japan.",Natural spots,Rivers,Watercourse,Drivable,35.9586,140.46959,2,1044,No,Spring; Summer; Autumn,images/JP-GN-2111055,,,
JP-GN-1851270,Ta-gawa,Japan,JP,Ibaraki,JP-08,Yuki,"Ta-gawa (Ta-gawa) is a named rivers location in Yuki, Ibaraki, Japan.",Natural spots,Rivers,Watercourse,Drivable,36.28105,139.90723,21,1045,No,Spring; Summer; Autumn,images/JP-GN-1851270,,,
JP-GN-2110594,Wani-gawa,Japan,JP,Ibaraki,JP-08,Ofunatsu,"Wani-gawa (Wani-gawa) is a named rivers location in Ofunatsu, Ibaraki, Japan.",Natural spots,Rivers,Watercourse,Drivable,35.93333,140.61667,0,1046,No,Spring; Summer; Autumn,images/JP-GN-2110594,,,
JP-GN-1848871,Watarase-gawa,Japan,JP,Ibaraki,JP-08,Koga,"Watarase-gawa (Watarase-gawa) is a named rivers location in Koga, Ibaraki, Japan.",Natural spots,Rivers,Watercourse,Drivable,36.15353,139.69796,10,1047,No,Spring; Summer; Autumn,images/JP-GN-1848871,,,
JP-GN-2112291,Kawajiri-saki,Japan,JP,Ibaraki,JP-08,Kawajiri,"Kawajiri-saki (Kawajiri-saki) is a named seas and coastal areas location in Kawajiri, Ibaraki, Japan.",Beach spots,Seas and coastal areas,Coastal feature,Drivable,36.66233,140.71665,0,1048,No,Spring; Summer; Autumn,images/JP-GN-2112291,,,
JP-GN-2111306,Otsu-hana,Japan,JP,Ibaraki,JP-08,Otsu,"Otsu-hana (Ōtsu-hana) is a named seas and coastal areas location in Otsu, Ibaraki, Japan.",Beach spots,Seas and coastal areas,Coastal feature,Drivable,36.81667,140.81667,-9999,1049,No,Spring; Summer; Autumn,images/JP-GN-2111306,,,
JP-GN-1856000,Nakata Hama,Japan,JP,Ishikawa,JP-17,Suzu Shi,"Nakata Hama (Nakata Hama) is a named beaches location in Suzu Shi, Ishikawa, Japan.",Beach spots,Beaches,Coastal recreation area,Drivable,37.48302,137.10755,3,1050,No,Summer,images/JP-GN-1856000,,,
JP-GN-1865463,Akaura Gata,Japan,JP,Ishikawa,JP-17,Tsumugimachi,"Akaura Gata (Akaura Gata) is a named lakes location in Tsumugimachi, Ishikawa, Japan.",Natural spots,Lakes,Inland water body,Drivable,37.0603,136.93992,-2,1051,No,Spring; Summer; Autumn,images/JP-GN-1865463,,,
JP-GN-1860812,Kahoku Gata,Japan,JP,Ishikawa,JP-17,Onebu,"Kahoku Gata (Kahoku Gata) is a named lakes location in Onebu, Ishikawa, Japan.",Natural spots,Lakes,Inland water body,Drivable,36.65132,136.66889,-3,1052,No,Spring; Summer; Autumn,images/JP-GN-1860812,,,
JP-GN-1859528,Kiba Gata,Japan,JP,Ishikawa,JP-17,Kibamachi,"Kiba Gata (Kiba Gata) is a named lakes location in Kibamachi, Ishikawa, Japan.",Natural spots,Lakes,Inland water body,Drivable,36.36635,136.44469,-5,1053,No,Spring; Summer; Autumn,images/JP-GN-1859528,,,
JP-GN-1854783,Ochi Gata,Japan,JP,Ishikawa,JP-17,Chijimachi,"Ochi Gata (Ōchi Gata) is a named lakes location in Chijimachi, Ishikawa, Japan.",Natural spots,Lakes,Inland water body,Drivable,36.9238,136.81301,-3,1054,No,Spring; Summer; Autumn,images/JP-GN-1854783,,,
JP-GN-8663030,Agehara Yama,Japan,JP,Ishikawa,JP-17,Kanazawa-shi,"Agehara Yama (Agehara Yama) is a named mountains location in Kanazawa-shi, Ishikawa, Japan.",Adventure spots|Natural spots,Mountains,Natural landform,Drivable,36.42661,136.73595,879,1055,No,Late spring; Summer; Autumn,images/JP-GN-8663030,,,
JP-GN-8648716,Akakura Yama,Japan,JP,Ishikawa,JP-17,Nanao Shi,"Akakura Yama (Akakura Yama) is a named mountains location in Nanao Shi, Ishikawa, Japan.",Adventure spots|Natural spots,Mountains,Natural landform,Drivable,37.04516,136.86609,179,1056,No,Late spring; Summer; Autumn,images/JP-GN-8648716,,,
JP-GN-8662090,Arakura Dake,Japan,JP,Ishikawa,JP-17,Hakusan Shi,"Arakura Dake (Arakura Dake) is a named mountains location in Hakusan Shi, Ishikawa, Japan.",Adventure spots|Natural spots,Mountains,Natural landform,Drivable,36.27787,136.59553,737,1057,No,Late spring; Summer; Autumn,images/JP-GN-8662090,,,
JP-GN-8662084,Arigata Yama,Japan,JP,Ishikawa,JP-17,Hakusan Shi,"Arigata Yama (Arigata Yama) is a named mountains location in Hakusan Shi, Ishikawa, Japan.",Adventure spots|Natural spots,Mountains,Natural landform,Drivable,36.15093,136.6557,968,1058,No,Late spring; Summer; Autumn,images/JP-GN-8662084,,,
JP-GN-1864736,Bessho Dake,Japan,JP,Ishikawa,JP-17,Hosu Gun,"Bessho Dake (Bessho Dake) is a named mountains location in Hosu Gun, Ishikawa, Japan.",Adventure spots|Natural spots,Mountains,Natural landform,Drivable,37.19033,136.85118,334,1059,No,Late spring; Summer; Autumn,images/JP-GN-1864736,,,
JP-GN-1864443,Daimon San,Japan,JP,Ishikawa,JP-17,Kanazawa-shi,"Daimon San (Daimon San) is a named mountains location in Kanazawa-shi, Ishikawa, Japan.",Adventure spots|Natural spots,Mountains,Natural landform,Drivable,36.36509,136.80369,1543,1060,No,Late spring; Summer; Autumn,images/JP-GN-1864443,,,
JP-GN-1864437,Dainichi-zan,Japan,JP,Ishikawa,JP-17,Kaga Shi,"Dainichi-zan (Dainichi-zan) is a named mountains location in Kaga Shi, Ishikawa, Japan.",Adventure spots|Natural spots,Mountains,Natural landform,Drivable,36.15846,136.49165,1298,1061,No,Late spring; Summer; Autumn,images/JP-GN-1864437,,,
JP-GN-8662454,Eboshi Yama,Japan,JP,Ishikawa,JP-17,Hakusan Shi,"Eboshi Yama (Eboshi Yama) is a named mountains location in Hakusan Shi, Ishikawa, Japan.",Adventure spots|Natural spots,Mountains,Natural landform,Drivable,36.36769,136.6963,1103,1062,No,Late spring; Summer; Autumn,images/JP-GN-8662454,,,
JP-GN-1864090,Fujishaga-dake,Japan,JP,Ishikawa,JP-17,Kaga Shi,"Fujishaga-dake (Fujishaga-dake) is a named mountains location in Kaga Shi, Ishikawa, Japan.",Adventure spots|Natural spots,Mountains,Natural landform,Drivable,36.18874,136.36411,928,1063,No,Late spring; Summer; Autumn,images/JP-GN-1864090,,,
JP-GN-8662534,Fukube Yama,Japan,JP,Ishikawa,JP-17,Hakusan Shi,"Fukube Yama (Fukube Yama) is a named mountains location in Hakusan Shi, Ishikawa, Japan.",Adventure spots|Natural spots,Mountains,Natural landform,Drivable,36.26546,136.82775,1608,1064,No,Late spring; Summer; Autumn,images/JP-GN-8662534,,,
JP-GN-1863762,Futago Yama,Japan,JP,Ishikawa,JP-17,Hosu Gun,"Futago Yama (Futago Yama) is a named mountains location in Hosu Gun, Ishikawa, Japan.",Adventure spots|Natural spots,Mountains,Natural landform,Drivable,37.25089,137.02354,175,1065,No,Late spring; Summer; Autumn,images/JP-GN-1863762,,,
JP-GN-1863596,Goishiga Mine,Japan,JP,Ishikawa,JP-17,Hakui Shi,"Goishiga Mine (Goishiga Mine) is a named mountains location in Hakui Shi, Ishikawa, Japan.",Adventure spots|Natural spots,Mountains,Natural landform,Drivable,36.91375,136.88558,442,1066,No,Late spring; Summer; Autumn,images/JP-GN-1863596,,,
JP-GN-8647800,Hachibuse Yama,Japan,JP,Ishikawa,JP-17,Wajima Shi,"Hachibuse Yama (Hachibuse Yama) is a named mountains location in Wajima Shi, Ishikawa, Japan.",Adventure spots|Natural spots,Mountains,Natural landform,Drivable,37.37772,136.97085,532,1067,No,Late spring; Summer; Autumn,images/JP-GN-8647800,,,
JP-GN-8647796,Hachiman Yama,Japan,JP,Ishikawa,JP-17,Wajima Shi,"Hachiman Yama (Hachiman Yama) is a named mountains location in Wajima Shi, Ishikawa, Japan.",Adventure spots|Natural spots,Mountains,Natural landform,Drivable,37.34674,136.88728,270,1068,No,Late spring; Summer; Autumn,images/JP-GN-8647796,,,
JP-GN-1863337,Haku-san,Japan,JP,Ishikawa,JP-17,Hakusan Shi,"Haku-san (Haku-san) is a named mountains location in Hakusan Shi, Ishikawa, Japan.",Adventure spots|Natural spots,Mountains,Natural landform,Drivable,36.16435,136.76828,2702,1069,No,Late spring; Summer; Autumn,images/JP-GN-1863337,,,
JP-GN-1863333,Hakusan-Shakaga-dake,Japan,JP,Ishikawa,JP-17,Hakusan Shi,"Hakusan-Shakaga-dake (Hakusan-Shakaga-dake) is a named mountains location in Hakusan Shi, Ishikawa, Japan.",Adventure spots|Natural spots,Mountains,Natural landform,Drivable,36.15271,136.7355,2035,1070,No,Late spring; Summer; Autumn,images/JP-GN-1863333,,,
JP-GN-8648512,Hensho Dake,Japan,JP,Ishikawa,JP-17,Hakui Gun,"Hensho Dake (Henshō Dake) is a named mountains location in Hakui Gun, Ishikawa, Japan.",Adventure spots|Natural spots,Mountains,Natural landform,Drivable,37.07104,136.81323,153,1071,No,Late spring; Summer; Autumn,images/JP-GN-8648512,,,
JP-GN-1862307,Hodatsu Zan,Japan,JP,Ishikawa,JP-17,Hakui Gun,"Hodatsu Zan (Hōdatsu Zan) is a named mountains location in Hakui Gun, Ishikawa, Japan.",Adventure spots|Natural spots,Mountains,Natural landform,Drivable,36.78173,136.81213,635,1072,No,Late spring; Summer; Autumn,images/JP-GN-1862307,,,
JP-GN-1862135,Horyu Zan,Japan,JP,Ishikawa,JP-17,Wajima Shi,"Horyu Zan (Hōryū Zan) is a named mountains location in Wajima Shi, Ishikawa, Japan.",Adventure spots|Natural spots,Mountains,Natural landform,Drivable,37.42698,137.16679,449,1073,No,Late spring; Summer; Autumn,images/JP-GN-1862135,,,
JP-GN-1861821,Ikake yama,Japan,JP,Ishikawa,JP-17,Nanao Shi,"Ikake yama (Ikake yama) is a named mountains location in Nanao Shi, Ishikawa, Japan.",Adventure spots|Natural spots,Mountains,Natural landform,Drivable,37.05445,137.03739,237,1074,No,Late spring; Summer; Autumn,images/JP-GN-1861821,,,
JP-GN-8662539,Akadan Gawa,Japan,JP,Ishikawa,JP-17,Fukase,"Akadan Gawa (Akadan Gawa) is a named rivers location in Fukase, Ishikawa, Japan.",Natural spots,Rivers,Watercourse,Drivable,36.21099,136.61764,455,1075,No,Spring; Summer; Autumn,images/JP-GN-8662539,,,
JP-GN-1865036,Asano Gawa,Japan,JP,Ishikawa,JP-17,Mukai-awagasaki,"Asano Gawa (Asano Gawa) is a named rivers location in Mukai-awagasaki, Ishikawa, Japan.",Natural spots,Rivers,Watercourse,Drivable,36.63674,136.64659,3,1076,No,Spring; Summer; Autumn,images/JP-GN-1865036,,,
JP-GN-9864883,Dojiri Gawa,Japan,JP,Ishikawa,JP-17,Mikawa-hamamachi,"Dojiri Gawa (Dōjiri Gawa) is a named rivers location in Mikawa-hamamachi, Ishikawa, Japan.",Natural spots,Rivers,Watercourse,Drivable,36.50096,136.49311,1,1077,No,Spring; Summer; Autumn,images/JP-GN-9864883,,,
JP-GN-1863847,Funo'o Gawa,Japan,JP,Ishikawa,JP-17,Kawashirimachi,"Funo'o Gawa (Funo’o Gawa) is a named rivers location in Kawashirimachi, Ishikawa, Japan.",Natural spots,Rivers,Watercourse,Drivable,37.07733,136.90367,-9999,1078,No,Spring; Summer; Autumn,images/JP-GN-1863847,,,
JP-GN-1863363,Hakka Gawa,Japan,JP,Ishikawa,JP-17,Monzenmachi-kuroshimamachi,"Hakka Gawa (Hakka Gawa) is a named rivers location in Monzenmachi-kuroshimamachi, Ishikawa, Japan.",Natural spots,Rivers,Watercourse,Drivable,37.28695,136.7353,17,1079,No,Spring; Summer; Autumn,images/JP-GN-1863363,,,
JP-GN-9864811,Hatcho Gawa,Japan,JP,Ishikawa,JP-17,Hiraomotemachi,"Hatcho Gawa (Hatchō Gawa) is a named rivers location in Hiraomotemachi, Ishikawa, Japan.",Natural spots,Rivers,Watercourse,Drivable,36.41523,136.4649,1,1080,No,Spring; Summer; Autumn,images/JP-GN-9864811,,,
JP-GN-1848975,Kawarada Gawa,Japan,JP,Ishikawa,JP-17,Wajima,"Kawarada Gawa (Kawarada Gawa) is a named rivers location in Wajima, Ishikawa, Japan.",Natural spots,Rivers,Watercourse,Drivable,37.3991,136.90159,1,1081,No,Spring; Summer; Autumn,images/JP-GN-1848975,,,
JP-GN-1859625,Kawashiri Gawa,Japan,JP,Ishikawa,JP-17,Kawashirimachi,"Kawashiri Gawa (Kawashiri Gawa) is a named rivers location in Kawashirimachi, Ishikawa, Japan.",Natural spots,Rivers,Watercourse,Drivable,37.07354,136.89001,3,1082,No,Spring; Summer; Autumn,images/JP-GN-1859625,,,
JP-GN-1858423,Kumaki Gawa,Japan,JP,Ishikawa,JP-17,Nakajimamachi-fudesome,"Kumaki Gawa (Kumaki Gawa) is a named rivers location in Nakajimamachi-fudesome, Ishikawa, Japan.",Natural spots,Rivers,Watercourse,Drivable,37.10682,136.86282,1,1083,No,Spring; Summer; Autumn,images/JP-GN-1858423,,,
JP-GN-1857862,Machino Gawa,Japan,JP,Ishikawa,JP-17,Minato,"Machino Gawa (Machino Gawa) is a named rivers location in Minato, Ishikawa, Japan.",Natural spots,Rivers,Watercourse,Drivable,37.45282,137.06819,3,1084,No,Spring; Summer; Autumn,images/JP-GN-1857862,,,
JP-GN-1856967,Misogi Gawa,Japan,JP,Ishikawa,JP-17,Kojimamachi,"Misogi Gawa (Misogi Gawa) is a named rivers location in Kojimamachi, Ishikawa, Japan.",Natural spots,Rivers,Watercourse,Drivable,37.05129,136.96023,-2,1085,No,Spring; Summer; Autumn,images/JP-GN-1856967,,,
JP-GN-8662918,Morishita Gawa,Japan,JP,Ishikawa,JP-17,Saidamachi,"Morishita Gawa (Morishita Gawa) is a named rivers location in Saidamachi, Ishikawa, Japan.",Natural spots,Rivers,Watercourse,Drivable,36.64831,136.6866,1,1086,No,Spring; Summer; Autumn,images/JP-GN-8662918,,,
JP-GN-8662535,Nakano Kawa,Japan,JP,Ishikawa,JP-17,Ozo,"Nakano Kawa (Nakano Kawa) is a named rivers location in Ozo, Ishikawa, Japan.",Natural spots,Rivers,Watercourse,Drivable,36.25603,136.74229,557,1087,No,Spring; Summer; Autumn,images/JP-GN-8662535,,,
JP-GN-1854150,Omi Gawa,Japan,JP,Ishikawa,JP-17,Kitakawashiri,"Omi Gawa (Ōmi Gawa) is a named rivers location in Kitakawashiri, Ishikawa, Japan.",Natural spots,Rivers,Watercourse,Drivable,36.79655,136.72832,-9999,1088,No,Spring; Summer; Autumn,images/JP-GN-1854150,,,
JP-GN-1854010,Ono Gawa,Japan,JP,Ishikawa,JP-17,Kanaiwa,"Ono Gawa (Ōno Gawa) is a named rivers location in Kanaiwa, Ishikawa, Japan.",Natural spots,Rivers,Watercourse,Drivable,36.62065,136.60573,-9999,1089,No,Spring; Summer; Autumn,images/JP-GN-1854010,,,
JP-GN-1853699,Osugidani Gawa,Japan,JP,Ishikawa,JP-17,Esashimachi,"Osugidani Gawa (Ōsugidani Gawa) is a named rivers location in Esashimachi, Ishikawa, Japan.",Natural spots,Rivers,Watercourse,Drivable,36.36145,136.49469,30,1090,No,Spring; Summer; Autumn,images/JP-GN-1853699,,,
JP-GN-1853636,Otani Gawa,Japan,JP,Ishikawa,JP-17,Nanao,"Otani Gawa (Ōtani Gawa) is a named rivers location in Nanao, Ishikawa, Japan.",Natural spots,Rivers,Watercourse,Drivable,37.04977,136.98393,10,1091,No,Spring; Summer; Autumn,images/JP-GN-1853636,,,
JP-GN-8662536,Ozo Gawa,Japan,JP,Ishikawa,JP-17,Kawarayamamachi,"Ozo Gawa (Ozo Gawa) is a named rivers location in Kawarayamamachi, Ishikawa, Japan.",Natural spots,Rivers,Watercourse,Drivable,36.29827,136.63788,245,1092,No,Spring; Summer; Autumn,images/JP-GN-8662536,,,
JP-GN-1853255,Sai Gawa,Japan,JP,Ishikawa,JP-17,Kanaiwa,"Sai Gawa (Sai Gawa) is a named rivers location in Kanaiwa, Ishikawa, Japan.",Natural spots,Rivers,Watercourse,Drivable,36.60172,136.58658,4,1093,No,Spring; Summer; Autumn,images/JP-GN-1853255,,,
JP-GN-1853158,Sakami Gawa,Japan,JP,Ishikawa,JP-17,Saikai-kazanashi,"Sakami Gawa (Sakami Gawa) is a named rivers location in Saikai-kazanashi, Ishikawa, Japan.",Natural spots,Rivers,Watercourse,Drivable,37.14908,136.70056,3,1094,No,Spring; Summer; Autumn,images/JP-GN-1853158,,,
JP-GN-8646415,Takenaka Gawa,Japan,JP,Ishikawa,JP-17,Uedomachi-jisha,"Takenaka Gawa (Takenaka Gawa) is a named rivers location in Uedomachi-jisha, Ishikawa, Japan.",Natural spots,Rivers,Watercourse,Drivable,37.41741,137.24779,3,1095,No,Spring; Summer; Autumn,images/JP-GN-8646415,,,
JP-GN-1850462,Tedori Gawa,Japan,JP,Ishikawa,JP-17,Mikawa-minamimachi,"Tedori Gawa (Tedori Gawa) is a named rivers location in Mikawa-minamimachi, Ishikawa, Japan.",Natural spots,Rivers,Watercourse,Drivable,36.48889,136.47952,-9999,1096,No,Spring; Summer; Autumn,images/JP-GN-1850462,,,
JP-GN-1865515,Aka Saki,Japan,JP,Ishikawa,JP-17,Hosu Gun,"Aka Saki (Aka Saki) is a named seas and coastal areas location in Hosu Gun, Ishikawa, Japan.",Beach spots,Seas and coastal areas,Coastal feature,Drivable,37.35797,137.26624,-9999,1097,No,Spring; Summer; Autumn,images/JP-GN-1865515,,,
JP-GN-1865554,Akagami Zaki,Japan,JP,Ishikawa,JP-17,Wajima Shi,"Akagami Zaki (Akagami Zaki) is a named seas and coastal areas location in Wajima Shi, Ishikawa, Japan.",Beach spots,Seas and coastal areas,Coastal feature,Drivable,37.24745,136.70803,49,1098,No,Spring; Summer; Autumn,images/JP-GN-1865554,,,
JP-GN-1865311,Anamizu-iri,Japan,JP,Ishikawa,JP-17,Mugigaura,"Anamizu-iri (Anamizu-iri) is a named seas and coastal areas location in Mugigaura, Ishikawa, Japan.",Beach spots,Seas and coastal areas,Coastal feature,Drivable,37.22031,136.91585,1,1099,No,Spring; Summer; Autumn,images/JP-GN-1865311,,,
JP-GN-1864658,Byobu Seto,Japan,JP,Ishikawa,JP-17,Ishizakimachi,"Byobu Seto (Byōbu Seto) is a named seas and coastal areas location in Ishizakimachi, Ishikawa, Japan.",Beach spots,Seas and coastal areas,Coastal feature,Drivable,37.08855,136.94352,-9999,1100,No,Spring; Summer; Autumn,images/JP-GN-1864658,,,
JP-GN-1863358,Hakonano Irie,Japan,JP,Ishikawa,JP-17,notojima,"Hakonano Irie (Hakonano Irie) is a named seas and coastal areas location in notojima, Ishikawa, Japan.",Beach spots,Seas and coastal areas,Coastal feature,Drivable,37.14411,136.97272,-9999,1101,No,Spring; Summer; Autumn,images/JP-GN-1863358,,,
JP-GN-1862340,Hiuchi Zaki,Japan,JP,Ishikawa,JP-17,Hosu Gun,"Hiuchi Zaki (Hiuchi Zaki) is a named seas and coastal areas location in Hosu Gun, Ishikawa, Japan.",Beach spots,Seas and coastal areas,Coastal feature,Drivable,37.18816,137.02582,12,1102,No,Spring; Summer; Autumn,images/JP-GN-1862340,,,
JP-GN-1860984,Joga Saki,Japan,JP,Ishikawa,JP-17,Hosu Gun,"Joga Saki (Jōga Saki) is a named seas and coastal areas location in Hosu Gun, Ishikawa, Japan.",Beach spots,Seas and coastal areas,Coastal feature,Drivable,37.34068,137.26504,7,1103,No,Spring; Summer; Autumn,images/JP-GN-1860984,,,
JP-GN-1860075,Karashima,Japan,JP,Ishikawa,JP-17,Nanao Shi,"Karashima (Karashima) is a named seas and coastal areas location in Nanao Shi, Ishikawa, Japan.",Beach spots,Seas and coastal areas,Coastal feature,Drivable,37.08768,136.87121,7,1104,No,Spring; Summer; Autumn,images/JP-GN-1860075,,,
JP-GN-1859252,Kitawaki Zaki,Japan,JP,Ishikawa,JP-17,Hakui Gun,"Kitawaki Zaki (Kitawaki Zaki) is a named seas and coastal areas location in Hakui Gun, Ishikawa, Japan.",Beach spots,Seas and coastal areas,Coastal feature,Drivable,37.20477,136.67986,16,1105,No,Spring; Summer; Autumn,images/JP-GN-1859252,,,
JP-GN-1859108,Koda-wan,Japan,JP,Ishikawa,JP-17,Notojima-kodamachi,"Koda-wan (Kōda-wan) is a named seas and coastal areas location in Notojima-kodamachi, Ishikawa, Japan.",Beach spots,Seas and coastal areas,Coastal feature,Drivable,37.15,137,-9999,1106,No,Spring; Summer; Autumn,images/JP-GN-1859108,,,
JP-GN-1859019,Koizumi Saki,Japan,JP,Ishikawa,JP-17,Nanao Shi,"Koizumi Saki (Koizumi Saki) is a named seas and coastal areas location in Nanao Shi, Ishikawa, Japan.",Beach spots,Seas and coastal areas,Coastal feature,Drivable,37.11229,137.02217,39,1107,No,Spring; Summer; Autumn,images/JP-GN-1859019,,,
JP-GN-1858172,Kuro Saki,Japan,JP,Ishikawa,JP-17,Wajima Shi,"Kuro Saki (Kuro Saki) is a named seas and coastal areas location in Wajima Shi, Ishikawa, Japan.",Beach spots,Seas and coastal areas,Coastal feature,Drivable,37.22242,136.69669,26,1108,No,Spring; Summer; Autumn,images/JP-GN-1858172,,,
JP-GN-1857673,Man Zaki,Japan,JP,Ishikawa,JP-17,Nanao Shi,"Man Zaki (Man Zaki) is a named seas and coastal areas location in Nanao Shi, Ishikawa, Japan.",Beach spots,Seas and coastal areas,Coastal feature,Drivable,37.15014,136.98574,20,1109,No,Spring; Summer; Autumn,images/JP-GN-1857673,,,
JP-GN-1857083,Minazuki Wan,Japan,JP,Ishikawa,JP-17,Monzenmachi-igisu,"Minazuki Wan (Minazuki Wan) is a named seas and coastal areas location in Monzenmachi-igisu, Ishikawa, Japan.",Beach spots,Seas and coastal areas,Coastal feature,Drivable,37.34994,136.7486,-9999,1110,No,Spring; Summer; Autumn,images/JP-GN-1857083,,,
JP-GN-1856718,Miya Zaki,Japan,JP,Ishikawa,JP-17,Hosu Gun,"Miya Zaki (Miya Zaki) is a named seas and coastal areas location in Hosu Gun, Ishikawa, Japan.",Beach spots,Seas and coastal areas,Coastal feature,Drivable,37.32699,137.26234,13,1111,No,Spring; Summer; Autumn,images/JP-GN-1856718,,,
JP-GN-1856098,Nagate Zaki,Japan,JP,Ishikawa,JP-17,Suzu Shi,"Nagate Zaki (Nagate Zaki) is a named seas and coastal areas location in Suzu Shi, Ishikawa, Japan.",Beach spots,Seas and coastal areas,Coastal feature,Drivable,37.45202,137.35682,24,1112,No,Spring; Summer; Autumn,images/JP-GN-1856098,,,
JP-GN-1855668,Nanao Hokuwan,Japan,JP,Ishikawa,JP-17,Notojima-neyamachi,"Nanao Hokuwan (Nanao Hokuwan) is a named seas and coastal areas location in Notojima-neyamachi, Ishikawa, Japan.",Beach spots,Seas and coastal areas,Coastal feature,Drivable,37.16667,136.95,-9999,1113,No,Spring; Summer; Autumn,images/JP-GN-1855668,,,
JP-GN-1855666,Nanao Nanwan,Japan,JP,Ishikawa,JP-17,Notojima-susomachi,"Nanao Nanwan (Nanao Nanwan) is a named seas and coastal areas location in Notojima-susomachi, Ishikawa, Japan.",Beach spots,Seas and coastal areas,Coastal feature,Drivable,37.08143,136.9746,-9999,1114,No,Spring; Summer; Autumn,images/JP-GN-1855666,,,
JP-GN-8201780,Goishi Kaigan,Japan,JP,Iwate,JP-03,Ofunato-shi,"Goishi Kaigan (Goishi Kaigan) is a named beaches location in Ofunato-shi, Iwate, Japan.",Beach spots,Beaches,Coastal recreation area,Drivable,38.98741,141.74089,17,1115,No,Summer,images/JP-GN-8201780,,,
JP-GN-2127780,Tofuno-ura,Japan,JP,Iwate,JP-03,Noda,"Tofuno-ura (Tofuno-ura) is a named beaches location in Noda, Iwate, Japan.",Beach spots,Beaches,Coastal recreation area,Drivable,40.1,141.83333,3,1116,No,Summer,images/JP-GN-2127780,,,
JP-GN-8528769,Kunohe Jo Ato,Japan,JP,Iwate,JP-03,Ninohe Shi,"Kunohe Jo Ato (Kunohe Jō Ato) is a named monuments location in Ninohe Shi, Iwate, Japan.",Historical spots,Monuments,Public historic site or monument,Drivable,40.26762,141.30346,135,1117,No,Year-round,images/JP-GN-8528769,,,
JP-GN-2113165,Abetate-yama,Japan,JP,Iwate,JP-03,Shimohei-gun,"Abetate-yama (Abetate-yama) is a named mountains location in Shimohei-gun, Iwate, Japan.",Adventure spots|Natural spots,Mountains,Natural landform,Drivable,39.71667,141.4,1083,1118,No,Late spring; Summer; Autumn,images/JP-GN-2113165,,,
JP-GN-2113644,Aizen-yama,Japan,JP,Iwate,JP-03,Kesen-gun,"Aizen-yama (Aizen-yama) is a named mountains location in Kesen-gun, Iwate, Japan.",Adventure spots|Natural spots,Mountains,Natural landform,Drivable,39.21667,141.7,1154,1119,No,Late spring; Summer; Autumn,images/JP-GN-2113644,,,
JP-GN-8431096,Akabai Yama,Japan,JP,Iwate,JP-03,Hanamaki Shi,"Akabai Yama (Akabai Yama) is a named mountains location in Hanamaki Shi, Iwate, Japan.",Adventure spots|Natural spots,Mountains,Natural landform,Drivable,39.48476,141.20604,270,1120,No,Late spring; Summer; Autumn,images/JP-GN-8431096,,,
JP-GN-2130678,Akkamori,Japan,JP,Iwate,JP-03,Shimohei-gun,"Akkamori (Akkamori) is a named mountains location in Shimohei-gun, Iwate, Japan.",Adventure spots|Natural spots,Mountains,Natural landform,Drivable,40.03333,141.53333,1173,1121,No,Late spring; Summer; Autumn,images/JP-GN-2130678,,,
JP-GN-2113113,Anamega-dake,Japan,JP,Iwate,JP-03,Shimohei-gun,"Anamega-dake (Anamega-dake) is a named mountains location in Shimohei-gun, Iwate, Japan.",Adventure spots|Natural spots,Mountains,Natural landform,Drivable,39.93333,141.63333,924,1122,No,Late spring; Summer; Autumn,images/JP-GN-2113113,,,
JP-GN-2113615,Aomatsu-yama,Japan,JP,Iwate,JP-03,Shimohei-gun,"Aomatsu-yama (Aomatsu-yama) is a named mountains location in Shimohei-gun, Iwate, Japan.",Adventure spots|Natural spots,Mountains,Natural landform,Drivable,39.51667,141.96667,217,1123,No,Late spring; Summer; Autumn,images/JP-GN-2113615,,,
JP-GN-2113101,Aomatsuba-yama,Japan,JP,Iwate,JP-03,Shimohei-gun,"Aomatsuba-yama (Aomatsuba-yama) is a named mountains location in Shimohei-gun, Iwate, Japan.",Adventure spots|Natural spots,Mountains,Natural landform,Drivable,39.7,141.48333,1296,1124,No,Late spring; Summer; Autumn,images/JP-GN-2113101,,,
JP-GN-2113628,Aragane-yama,Japan,JP,Iwate,JP-03,Ofunato-shi,"Aragane-yama (Aragane-yama) is a named mountains location in Ofunato-shi, Iwate, Japan.",Adventure spots|Natural spots,Mountains,Natural landform,Drivable,39.16667,141.81667,422,1125,No,Late spring; Summer; Autumn,images/JP-GN-2113628,,,
JP-GN-9819599,Asahi Yama,Japan,JP,Iwate,JP-03,Hachimantai Shi,"Asahi Yama (Asahi Yama) is a named mountains location in Hachimantai Shi, Iwate, Japan.",Adventure spots|Natural spots,Mountains,Natural landform,Drivable,40.12219,140.92574,587,1126,No,Late spring; Summer; Autumn,images/JP-GN-9819599,,,
JP-GN-2113064,Asashima-yama,Japan,JP,Iwate,JP-03,Morioka Shi,"Asashima-yama (Asashima-yama) is a named mountains location in Morioka Shi, Iwate, Japan.",Adventure spots|Natural spots,Mountains,Natural landform,Drivable,39.63333,141.23333,398,1127,No,Late spring; Summer; Autumn,images/JP-GN-2113064,,,
JP-GN-2113039,Azumane Yama,Japan,JP,Iwate,JP-03,Shiwa-gun,"Azumane Yama (Azumane Yama) is a named mountains location in Shiwa-gun, Iwate, Japan.",Adventure spots|Natural spots,Mountains,Natural landform,Drivable,39.58741,141.06033,924,1128,No,Late spring; Summer; Autumn,images/JP-GN-2113039,,,
JP-GN-2113020,Budo-mori,Japan,JP,Iwate,JP-03,Shimohei-gun,"Budo-mori (Budō-mori) is a named mountains location in Shimohei-gun, Iwate, Japan.",Adventure spots|Natural spots,Mountains,Natural landform,Drivable,39.8,141.56667,747,1129,No,Late spring; Summer; Autumn,images/JP-GN-2113020,,,
JP-GN-2113017,Chausu Dake,Japan,JP,Iwate,JP-03,Hachimantai Shi,"Chausu Dake (Chausu Dake) is a named mountains location in Hachimantai Shi, Iwate, Japan.",Adventure spots|Natural spots,Mountains,Natural landform,Drivable,39.95,140.9,1515,1130,No,Late spring; Summer; Autumn,images/JP-GN-2113017,,,
JP-GN-2112981,Dai Yama,Japan,JP,Iwate,JP-03,Hanamaki Shi,"Dai Yama (Dai Yama) is a named mountains location in Hanamaki Shi, Iwate, Japan.",Adventure spots|Natural spots,Mountains,Natural landform,Drivable,39.50695,141.03129,631,1131,No,Late spring; Summer; Autumn,images/JP-GN-2112981,,,
JP-GN-2112983,Dairoku-san,Japan,JP,Iwate,JP-03,Ofunato-shi,"Dairoku-san (Dairoku-san) is a named mountains location in Ofunato-shi, Iwate, Japan.",Adventure spots|Natural spots,Mountains,Natural landform,Drivable,39.11667,141.85,333,1132,No,Late spring; Summer; Autumn,images/JP-GN-2112983,,,
JP-GN-8438393,Dogasawa Yama,Japan,JP,Iwate,JP-03,Hanamaki Shi,"Dogasawa Yama (Dōgasawa Yama) is a named mountains location in Hanamaki Shi, Iwate, Japan.",Adventure spots|Natural spots,Mountains,Natural landform,Drivable,39.45833,141.07275,360,1133,No,Late spring; Summer; Autumn,images/JP-GN-8438393,,,
JP-GN-8439061,Ezurikomori Yama,Japan,JP,Iwate,JP-03,Hanamaki Shi,"Ezurikomori Yama (Ezurikomori Yama) is a named mountains location in Hanamaki Shi, Iwate, Japan.",Adventure spots|Natural spots,Mountains,Natural landform,Drivable,39.41598,141.03797,360,1134,No,Late spring; Summer; Autumn,images/JP-GN-8439061,,,
JP-GN-8529096,Funakoshi Yama,Japan,JP,Iwate,JP-03,Ninohe Shi,"Funakoshi Yama (Funakoshi Yama) is a named mountains location in Ninohe Shi, Iwate, Japan.",Adventure spots|Natural spots,Mountains,Natural landform,Drivable,40.31465,141.29644,321,1135,No,Late spring; Summer; Autumn,images/JP-GN-8529096,,,
JP-GN-8528062,Futatsu Mori,Japan,JP,Iwate,JP-03,Ninohe-gun,"Futatsu Mori (Futatsu Mori) is a named mountains location in Ninohe-gun, Iwate, Japan.",Adventure spots|Natural spots,Mountains,Natural landform,Drivable,40.18211,141.35436,582,1136,No,Late spring; Summer; Autumn,images/JP-GN-8528062,,,
JP-GN-2112867,Gas-san,Japan,JP,Iwate,JP-03,Miyako Shi,"Gas-san (Gas-san) is a named mountains location in Miyako Shi, Iwate, Japan.",Adventure spots|Natural spots,Mountains,Natural landform,Drivable,39.61667,142.00833,234,1137,No,Late spring; Summer; Autumn,images/JP-GN-2112867,,,
JP-GN-8438366,Hanamaki Koiki Koen,Japan,JP,Iwate,JP-03,Hanamaki Shi,"Hanamaki Koiki Koen (Hanamaki Kōiki Kōen) is a named parks location in Hanamaki Shi, Iwate, Japan.",Natural spots,Parks,Public park or protected area,Drivable,39.43502,141.0572,170,1138,No,Spring; Summer; Autumn,images/JP-GN-8438366,,,
JP-GN-8437771,Hijono Undo Koen,Japan,JP,Iwate,JP-03,Hanamaki Shi,"Hijono Undo Koen (Hijōno Undō Kōen) is a named parks location in Hanamaki Shi, Iwate, Japan.",Natural spots,Parks,Public park or protected area,Drivable,39.40863,141.0977,108,1139,No,Spring; Summer; Autumn,images/JP-GN-8437771,,,
JP-GN-8431883,Saburo Zutsumi,Japan,JP,Iwate,JP-03,Komatsubara,"Saburo Zutsumi (Saburō Zutsumi) is a named parks location in Komatsubara, Iwate, Japan.",Natural spots,Parks,Public park or protected area,Drivable,39.40824,141.1911,97,1140,No,Spring; Summer; Autumn,images/JP-GN-8431883,,,
JP-GN-8437484,Shin Tsutsumi,Japan,JP,Iwate,JP-03,Nimaibashimachi-odori,"Shin Tsutsumi (Shin Tsutsumi) is a named parks location in Nimaibashimachi-odori, Iwate, Japan.",Natural spots,Parks,Public park or protected area,Drivable,39.44033,141.13369,94,1141,No,Spring; Summer; Autumn,images/JP-GN-8437484,,,
JP-GN-8202973,Takada-matsubara Koen,Japan,JP,Iwate,JP-03,Rikuzen-takata Shi,"Takada-matsubara Koen (Takada-matsubara Kōen) is a named parks location in Rikuzen-takata Shi, Iwate, Japan.",Natural spots,Parks,Public park or protected area,Drivable,39.00447,141.63112,12,1142,No,Spring; Summer; Autumn,images/JP-GN-8202973,,,
JP-GN-8554391,Akahira Sawa,Japan,JP,Iwate,JP-03,Yoshida,"Akahira Sawa (Akahira Sawa) is a named rivers location in Yoshida, Iwate, Japan.",Natural spots,Rivers,Watercourse,Drivable,40.18343,141.16212,195,1143,No,Spring; Summer; Autumn,images/JP-GN-8554391,,,
JP-GN-8554904,Akano Sawa,Japan,JP,Iwate,JP-03,Tatsunokuchi,"Akano Sawa (Akano Sawa) is a named rivers location in Tatsunokuchi, Iwate, Japan.",Natural spots,Rivers,Watercourse,Drivable,40.22968,141.06489,448,1144,No,Spring; Summer; Autumn,images/JP-GN-8554904,,,
JP-GN-8438440,Anano Sawa,Japan,JP,Iwate,JP-03,Ushikado,"Anano Sawa (Anano Sawa) is a named rivers location in Ushikado, Iwate, Japan.",Natural spots,Rivers,Watercourse,Drivable,39.43168,140.9863,263,1145,No,Spring; Summer; Autumn,images/JP-GN-8438440,,,
JP-GN-8431048,Aneichi Gawa,Japan,JP,Iwate,JP-03,Kamigo,"Aneichi Gawa (Aneichi Gawa) is a named rivers location in Kamigo, Iwate, Japan.",Natural spots,Rivers,Watercourse,Drivable,39.50563,141.16794,87,1146,No,Spring; Summer; Autumn,images/JP-GN-8431048,,,
JP-GN-9819603,Ani Kawa,Japan,JP,Iwate,JP-03,Tateichi,"Ani Kawa (Ani Kawa) is a named rivers location in Tateichi, Iwate, Japan.",Natural spots,Rivers,Watercourse,Drivable,40.11193,140.88762,259,1147,No,Spring; Summer; Autumn,images/JP-GN-9819603,,,
JP-GN-2130649,Appi Gawa,Japan,JP,Iwate,JP-03,Akutotaira,"Appi Gawa (Appi Gawa) is a named rivers location in Akutotaira, Iwate, Japan.",Natural spots,Rivers,Watercourse,Drivable,40.24574,141.26865,113,1148,No,Spring; Summer; Autumn,images/JP-GN-2130649,,,
JP-GN-8554315,Appinai Sawa,Japan,JP,Iwate,JP-03,Asuka,"Appinai Sawa (Appinai Sawa) is a named rivers location in Asuka, Iwate, Japan.",Natural spots,Rivers,Watercourse,Drivable,40.18827,141.16901,184,1149,No,Spring; Summer; Autumn,images/JP-GN-8554315,,,
JP-GN-8527651,Arata Gawa,Japan,JP,Iwate,JP-03,Minamida,"Arata Gawa (Arata Gawa) is a named rivers location in Minamida, Iwate, Japan.",Natural spots,Rivers,Watercourse,Drivable,40.22177,141.42492,263,1150,No,Spring; Summer; Autumn,images/JP-GN-8527651,,,
JP-GN-8554755,Ashina Zawa,Japan,JP,Iwate,JP-03,Kobune,"Ashina Zawa (Ashina Zawa) is a named rivers location in Kobune, Iwate, Japan.",Natural spots,Rivers,Watercourse,Drivable,40.1959,141.14027,229,1151,No,Spring; Summer; Autumn,images/JP-GN-8554755,,,
JP-GN-8438394,Dai Gawa,Japan,JP,Iwate,JP-03,Hanamaki Onsen,"Dai Gawa (Dai Gawa) is a named rivers location in Hanamaki Onsen, Iwate, Japan.",Natural spots,Rivers,Watercourse,Drivable,39.45786,141.06591,171,1152,No,Spring; Summer; Autumn,images/JP-GN-8438394,,,
JP-GN-8431864,Dokusawa Gawa,Japan,JP,Iwate,JP-03,Oki,"Dokusawa Gawa (Dokusawa Gawa) is a named rivers location in Oki, Iwate, Japan.",Natural spots,Rivers,Watercourse,Drivable,39.37585,141.22499,101,1153,No,Spring; Summer; Autumn,images/JP-GN-8431864,,,
JP-GN-8528457,Futatsuishi Gawa,Japan,JP,Iwate,JP-03,Nakasato,"Futatsuishi Gawa (Futatsuishi Gawa) is a named rivers location in Nakasato, Iwate, Japan.",Natural spots,Rivers,Watercourse,Drivable,40.19482,141.26438,224,1154,No,Spring; Summer; Autumn,images/JP-GN-8528457,,,
JP-GN-2112866,Geto Gawa,Japan,JP,Iwate,JP-03,Wagacho-iwasaki-shinden,"Geto Gawa (Getō Gawa) is a named rivers location in Wagacho-iwasaki-shinden, Iwate, Japan.",Natural spots,Rivers,Watercourse,Drivable,39.28786,141.05201,75,1155,No,Spring; Summer; Autumn,images/JP-GN-2112866,,,
JP-GN-8527687,Gosaka Gawa,Japan,JP,Iwate,JP-03,Kamioda,"Gosaka Gawa (Gōsaka Gawa) is a named rivers location in Kamioda, Iwate, Japan.",Natural spots,Rivers,Watercourse,Drivable,40.34904,141.4333,129,1156,No,Spring; Summer; Autumn,images/JP-GN-8527687,,,
JP-GN-2112780,Hayase-gawa,Japan,JP,Iwate,JP-03,Tono,"Hayase-gawa (Hayase-gawa) is a named rivers location in Tono, Iwate, Japan.",Natural spots,Rivers,Watercourse,Drivable,39.33333,141.51667,309,1157,No,Spring; Summer; Autumn,images/JP-GN-2112780,,,
JP-GN-8527715,Hebiguchi Gawa,Japan,JP,Iwate,JP-03,Hebiguchi,"Hebiguchi Gawa (Hebiguchi Gawa) is a named rivers location in Hebiguchi, Iwate, Japan.",Natural spots,Rivers,Watercourse,Drivable,40.27049,141.48524,239,1158,No,Spring; Summer; Autumn,images/JP-GN-8527715,,,
JP-GN-2112776,Hei-gawa,Japan,JP,Iwate,JP-03,Fujiwara,"Hei-gawa (Hei-gawa) is a named rivers location in Fujiwara, Iwate, Japan.",Natural spots,Rivers,Watercourse,Drivable,39.63909,141.96379,0,1159,No,Spring; Summer; Autumn,images/JP-GN-2112776,,,
JP-GN-8431020,Hikobe Gawa,Japan,JP,Iwate,JP-03,Hikobe,"Hikobe Gawa (Hikobe Gawa) is a named rivers location in Hikobe, Iwate, Japan.",Natural spots,Rivers,Watercourse,Drivable,39.51714,141.18782,92,1160,No,Spring; Summer; Autumn,images/JP-GN-8431020,,,
JP-GN-8431510,Hinuki Gawa,Japan,JP,Iwate,JP-03,Sekiguchi,"Hinuki Gawa (Hinuki Gawa) is a named rivers location in Sekiguchi, Iwate, Japan.",Natural spots,Rivers,Watercourse,Drivable,39.4572,141.15365,80,1161,No,Spring; Summer; Autumn,images/JP-GN-8431510,,,
JP-GN-8430864,Hiraguri Gawa,Japan,JP,Iwate,JP-03,Tatemae,"Hiraguri Gawa (Hiraguri Gawa) is a named rivers location in Tatemae, Iwate, Japan.",Natural spots,Rivers,Watercourse,Drivable,39.49686,141.23562,138,1162,No,Spring; Summer; Autumn,images/JP-GN-8430864,,,
JP-GN-8528076,Hiranuka Gawa,Japan,JP,Iwate,JP-03,Kawamata,"Hiranuka Gawa (Hiranuka Gawa) is a named rivers location in Kawamata, Iwate, Japan.",Natural spots,Rivers,Watercourse,Drivable,40.1764,141.30829,173,1163,No,Spring; Summer; Autumn,images/JP-GN-8528076,,,
JP-GN-2112716,Hirose-gawa,Japan,JP,Iwate,JP-03,Iwayado,"Hirose-gawa (Hirose-gawa) is a named rivers location in Iwayado, Iwate, Japan.",Natural spots,Rivers,Watercourse,Drivable,39.16667,141.16667,37,1164,No,Spring; Summer; Autumn,images/JP-GN-2112716,,,
JP-GN-2112910,Funakoshi-wan,Japan,JP,Iwate,JP-03,Funakoshi,"Funakoshi-wan (Funakoshi-wan) is a named seas and coastal areas location in Funakoshi, Iwate, Japan.",Beach spots,Seas and coastal areas,Coastal feature,Drivable,39.4,141.96667,-9999,1165,No,Spring; Summer; Autumn,images/JP-GN-2112910,,,
JP-GN-2112713,Hirota-wan,Japan,JP,Iwate,JP-03,Oyo,"Hirota-wan (Hirota-wan) is a named seas and coastal areas location in Oyo, Iwate, Japan.",Beach spots,Seas and coastal areas,Coastal feature,Drivable,38.95881,141.65912,-9999,1166,No,Spring; Summer; Autumn,images/JP-GN-2112713,,,
JP-GN-2112474,Kadonohama Wan,Japan,JP,Iwate,JP-03,Tsurumaki,"Kadonohama Wan (Kadonohama Wan) is a named seas and coastal areas location in Tsurumaki, Iwate, Japan.",Beach spots,Seas and coastal areas,Coastal feature,Drivable,38.99276,141.71787,1,1167,No,Spring; Summer; Autumn,images/JP-GN-2112474,,,
JP-GN-2112165,Koguro-misaki,Japan,JP,Iwate,JP-03,Ryori,"Koguro-misaki (Koguro-misaki) is a named seas and coastal areas location in Ryori, Iwate, Japan.",Beach spots,Seas and coastal areas,Coastal feature,Drivable,39.01667,141.81667,-9999,1168,No,Spring; Summer; Autumn,images/JP-GN-2112165,,,
JP-GN-2112179,Kohamano-hana,Japan,JP,Iwate,JP-03,Kamaishi,"Kohamano-hana (Kohamano-hana) is a named seas and coastal areas location in Kamaishi, Iwate, Japan.",Beach spots,Seas and coastal areas,Coastal feature,Drivable,39.26667,141.9,-9999,1169,No,Spring; Summer; Autumn,images/JP-GN-2112179,,,
JP-GN-2112154,Komatsu-ura,Japan,JP,Iwate,JP-03,Tanohama,"Komatsu-ura (Komatsu-ura) is a named seas and coastal areas location in Tanohama, Iwate, Japan.",Beach spots,Seas and coastal areas,Coastal feature,Drivable,39.43333,142.05,-9999,1170,No,Spring; Summer; Autumn,images/JP-GN-2112154,,,
JP-GN-2112147,Konega Saki,Japan,JP,Iwate,JP-03,Shimohei-gun,"Konega Saki (Konega Saki) is a named seas and coastal areas location in Shimohei-gun, Iwate, Japan.",Beach spots,Seas and coastal areas,Coastal feature,Drivable,39.48445,142.05105,17,1171,No,Spring; Summer; Autumn,images/JP-GN-2112147,,,
JP-GN-2129422,Kuji Wan,Japan,JP,Iwate,JP-03,Kuji Shi,"Kuji Wan (Kuji Wan) is a named seas and coastal areas location in Kuji Shi, Iwate, Japan.",Beach spots,Seas and coastal areas,Coastal feature,Drivable,40.19957,141.82355,-9999,1172,No,Spring; Summer; Autumn,images/JP-GN-2129422,,,
JP-GN-2112069,Kuro-saki,Japan,JP,Iwate,JP-03,Shimohei-gun,"Kuro-saki (Kuro-saki) is a named seas and coastal areas location in Shimohei-gun, Iwate, Japan.",Beach spots,Seas and coastal areas,Coastal feature,Drivable,40,141.93333,182,1173,No,Spring; Summer; Autumn,images/JP-GN-2112069,,,
JP-GN-2112035,Mada-misaki,Japan,JP,Iwate,JP-03,Kamaishi Shi,"Mada-misaki (Mada-misaki) is a named seas and coastal areas location in Kamaishi Shi, Iwate, Japan.",Beach spots,Seas and coastal areas,Coastal feature,Drivable,39.27038,141.92889,1,1174,No,Spring; Summer; Autumn,images/JP-GN-2112035,,,
JP-GN-2129213,Mi Saki,Japan,JP,Iwate,JP-03,Kuji Shi,"Mi Saki (Mi Saki) is a named seas and coastal areas location in Kuji Shi, Iwate, Japan.",Beach spots,Seas and coastal areas,Coastal feature,Drivable,40.14376,141.87654,4,1175,No,Spring; Summer; Autumn,images/JP-GN-2129213,,,
JP-GN-2111913,Minato-wan,Japan,JP,Iwate,JP-03,Ryori,"Minato-wan (Minato-wan) is a named seas and coastal areas location in Ryori, Iwate, Japan.",Beach spots,Seas and coastal areas,Coastal feature,Drivable,39.03627,141.79385,-9999,1176,No,Spring; Summer; Autumn,images/JP-GN-2111913,,,
JP-GN-2111882,Miyako-wan,Japan,JP,Iwate,JP-03,Jodogahama,"Miyako-wan (Miyako-wan) is a named seas and coastal areas location in Jodogahama, Iwate, Japan.",Beach spots,Seas and coastal areas,Coastal feature,Drivable,39.65741,141.99231,-9999,1177,No,Spring; Summer; Autumn,images/JP-GN-2111882,,,
JP-GN-2111857,Mizushiri Zaki,Japan,JP,Iwate,JP-03,Shimohei-gun,"Mizushiri Zaki (Mizushiri Zaki) is a named seas and coastal areas location in Shimohei-gun, Iwate, Japan.",Beach spots,Seas and coastal areas,Coastal feature,Drivable,39.88493,141.97054,-9999,1178,No,Spring; Summer; Autumn,images/JP-GN-2111857,,,
JP-GN-2111792,Myojin-zaki,Japan,JP,Iwate,JP-03,Shimohei-gun,"Myojin-zaki (Myōjin-zaki) is a named seas and coastal areas location in Shimohei-gun, Iwate, Japan.",Beach spots,Seas and coastal areas,Coastal feature,Drivable,39.46667,142.01667,69,1179,No,Spring; Summer; Autumn,images/JP-GN-2111792,,,
JP-GN-2111527,Ofunato-wan,Japan,JP,Iwate,JP-03,Hosoura,"Ofunato-wan (Ōfunato-wan) is a named seas and coastal areas location in Hosoura, Iwate, Japan.",Beach spots,Seas and coastal areas,Coastal feature,Drivable,39.01667,141.73333,-9999,1180,No,Spring; Summer; Autumn,images/JP-GN-2111527,,,
JP-GN-2111450,Okirai-wan,Japan,JP,Iwate,JP-03,Koishihama,"Okirai-wan (Okirai-wan) is a named seas and coastal areas location in Koishihama, Iwate, Japan.",Beach spots,Seas and coastal areas,Coastal feature,Drivable,39.09407,141.83315,-9999,1181,No,Spring; Summer; Autumn,images/JP-GN-2111450,,,
JP-GN-12022590,La Foret des Murmures,Japan,JP,Kagawa,JP-37,Shozu-gun,"La Foret des Murmures (La Forêt des Murmures) is a named forests location in Shozu-gun, Kagawa, Japan.",Natural spots,Forests,Forest area,Drivable,34.4862,134.079,222,1182,No,Spring; Summer; Autumn,images/JP-GN-12022590,,,
JP-GN-9199543,Hozan Ko,Japan,JP,Kagawa,JP-37,Yamamotocho-koda,"Hozan Ko (Hōzan Ko) is a named lakes location in Yamamotocho-koda, Kagawa, Japan.",Natural spots,Lakes,Inland water body,Drivable,34.13451,133.77329,78,1183,No,Spring; Summer; Autumn,images/JP-GN-9199543,,,
JP-GN-1861146,Amagiri Yama,Japan,JP,Kagawa,JP-37,Zentsuji Shi,"Amagiri Yama (Amagiri Yama) is a named mountains location in Zentsuji Shi, Kagawa, Japan.",Adventure spots|Natural spots,Mountains,Natural landform,Drivable,34.23566,133.73553,382,1184,No,Late spring; Summer; Autumn,images/JP-GN-1861146,,,
JP-GN-6418003,Ametaki Yama,Japan,JP,Kagawa,JP-37,Sanuki-shi,"Ametaki Yama (Ametaki Yama) is a named mountains location in Sanuki-shi, Kagawa, Japan.",Adventure spots|Natural spots,Mountains,Natural landform,Drivable,34.28056,134.24111,253,1185,No,Late spring; Summer; Autumn,images/JP-GN-6418003,,,
JP-GN-6417326,Aono Yama,Japan,JP,Kagawa,JP-37,Marugame Shi,"Aono Yama (Aono Yama) is a named mountains location in Marugame Shi, Kagawa, Japan.",Adventure spots|Natural spots,Mountains,Natural landform,Drivable,34.30111,133.82167,225,1186,No,Late spring; Summer; Autumn,images/JP-GN-6417326,,,
JP-GN-1865000,Ashima Yama,Japan,JP,Kagawa,JP-37,Mitoyo Shi,"Ashima Yama (Ashima Yama) is a named mountains location in Mitoyo Shi, Kagawa, Japan.",Adventure spots|Natural spots,Mountains,Natural landform,Drivable,34.28333,133.62667,55,1187,No,Late spring; Summer; Autumn,images/JP-GN-1865000,,,
JP-GN-1864426,Daisen Zan,Japan,JP,Kagawa,JP-37,Nakatado-gun,"Daisen Zan (Daisen Zan) is a named mountains location in Nakatado-gun, Kagawa, Japan.",Adventure spots|Natural spots,Mountains,Natural landform,Drivable,34.11541,133.93925,1023,1188,No,Late spring; Summer; Autumn,images/JP-GN-1864426,,,
JP-GN-6418483,Dan Yama,Japan,JP,Kagawa,JP-37,Shozu-gun,"Dan Yama (Dan Yama) is a named mountains location in Shozu-gun, Kagawa, Japan.",Adventure spots|Natural spots,Mountains,Natural landform,Drivable,34.47749,134.07925,340,1189,No,Late spring; Summer; Autumn,images/JP-GN-6418483,,,
JP-GN-1864345,Dondoro-yama,Japan,JP,Kagawa,JP-37,Marugame Shi,"Dondoro-yama (Dondoro-yama) is a named mountains location in Marugame Shi, Kagawa, Japan.",Adventure spots|Natural spots,Mountains,Natural landform,Drivable,34.36667,133.7,220,1190,No,Late spring; Summer; Autumn,images/JP-GN-1864345,,,
JP-GN-1863595,Goishi Yama,Japan,JP,Kagawa,JP-37,Shozu-gun,"Goishi Yama (Goishi Yama) is a named mountains location in Shozu-gun, Kagawa, Japan.",Adventure spots|Natural spots,Mountains,Natural landform,Drivable,34.46541,134.33868,374,1191,No,Late spring; Summer; Autumn,images/JP-GN-1863595,,,
JP-GN-1863581,Goken Zan,Japan,JP,Kagawa,JP-37,Takamatsu Shi,"Goken Zan (Goken Zan) is a named mountains location in Takamatsu Shi, Kagawa, Japan.",Adventure spots|Natural spots,Mountains,Natural landform,Drivable,34.362,134.13937,112,1192,No,Late spring; Summer; Autumn,images/JP-GN-1863581,,,
JP-GN-1863465,Habuno Yama,Japan,JP,Kagawa,JP-37,Mitoyo Shi,"Habuno Yama (Habuno Yama) is a named mountains location in Mitoyo Shi, Kagawa, Japan.",Adventure spots|Natural spots,Mountains,Natural landform,Drivable,34.23705,133.66249,141,1193,No,Late spring; Summer; Autumn,images/JP-GN-1863465,,,
JP-GN-9197272,Hachibuse Yama,Japan,JP,Kagawa,JP-37,Higashikagawa Shi,"Hachibuse Yama (Hachibuse Yama) is a named mountains location in Higashikagawa Shi, Kagawa, Japan.",Adventure spots|Natural spots,Mountains,Natural landform,Drivable,34.16806,134.43167,419,1194,No,Late spring; Summer; Autumn,images/JP-GN-9197272,,,
JP-GN-6417782,Hoshigajo-yama,Japan,JP,Kagawa,JP-37,Shozu-gun,"Hoshigajo-yama (Hoshigajō-yama) is a named mountains location in Shozu-gun, Kagawa, Japan.",Adventure spots|Natural spots,Mountains,Natural landform,Drivable,34.51568,134.31765,816,1195,No,Late spring; Summer; Autumn,images/JP-GN-6417782,,,
JP-GN-1861842,Iino Yama,Japan,JP,Kagawa,JP-37,Marugame Shi,"Iino Yama (Iino Yama) is a named mountains location in Marugame Shi, Kagawa, Japan.",Adventure spots|Natural spots,Mountains,Natural landform,Drivable,34.2742,133.84556,128,1196,No,Late spring; Summer; Autumn,images/JP-GN-1861842,,,
JP-GN-9199673,Inari Yama,Japan,JP,Kagawa,JP-37,Takamatsu Shi,"Inari Yama (Inari Yama) is a named mountains location in Takamatsu Shi, Kagawa, Japan.",Adventure spots|Natural spots,Mountains,Natural landform,Drivable,34.33162,134.03978,155,1197,No,Late spring; Summer; Autumn,images/JP-GN-9199673,,,
JP-GN-1861358,Ishi-yama,Japan,JP,Kagawa,JP-37,Mitoyo Shi,"Ishi-yama (Ishi-yama) is a named mountains location in Mitoyo Shi, Kagawa, Japan.",Adventure spots|Natural spots,Mountains,Natural landform,Drivable,34.21667,133.63333,49,1198,No,Late spring; Summer; Autumn,images/JP-GN-1861358,,,
JP-GN-6418832,Iwaseo Yama,Japan,JP,Kagawa,JP-37,Takamatsu Shi,"Iwaseo Yama (Iwaseo Yama) is a named mountains location in Takamatsu Shi, Kagawa, Japan.",Adventure spots|Natural spots,Mountains,Natural landform,Drivable,34.33815,134.02336,232,1199,No,Late spring; Summer; Autumn,images/JP-GN-6418832,,,
JP-GN-6418721,Jizo Yama,Japan,JP,Kagawa,JP-37,Kagawa-gun,"Jizo Yama (Jizō Yama) is a named mountains location in Kagawa-gun, Kagawa, Japan.",Adventure spots|Natural spots,Mountains,Natural landform,Drivable,34.45536,133.98578,37,1200,No,Late spring; Summer; Autumn,images/JP-GN-6418721,,,
JP-GN-9199669,Joganji Yama,Japan,JP,Kagawa,JP-37,Takamatsu Shi,"Joganji Yama (Jōganji Yama) is a named mountains location in Takamatsu Shi, Kagawa, Japan.",Adventure spots|Natural spots,Mountains,Natural landform,Drivable,34.32231,134.0172,216,1201,No,Late spring; Summer; Autumn,images/JP-GN-9199669,,,
JP-GN-6417578,Jono Yama,Japan,JP,Kagawa,JP-37,Mitoyo Shi,"Jono Yama (Jōno Yama) is a named mountains location in Mitoyo Shi, Kagawa, Japan.",Adventure spots|Natural spots,Mountains,Natural landform,Drivable,34.26667,133.62389,222,1202,No,Late spring; Summer; Autumn,images/JP-GN-6417578,,,
JP-GN-6417333,Kana Yama,Japan,JP,Kagawa,JP-37,Sakaide Shi,"Kana Yama (Kana Yama) is a named mountains location in Sakaide Shi, Kagawa, Japan.",Adventure spots|Natural spots,Mountains,Natural landform,Drivable,34.30647,133.87176,281,1203,No,Late spring; Summer; Autumn,images/JP-GN-6417333,,,
JP-GN-9199690,Oima Ike,Japan,JP,Kagawa,JP-37,Hiragi,"Oima Ike (Oima Ike) is a named parks location in Hiragi, Kagawa, Japan.",Natural spots,Parks,Public park or protected area,Drivable,34.28911,134.12989,20,1204,No,Spring; Summer; Autumn,images/JP-GN-9199690,,,
JP-GN-1852649,Setonaikai Kokuritsukoen,Japan,JP,Kagawa,JP-37,Takamatsu Shi,"Setonaikai Kokuritsukoen (Setonaikai Kokuritsukōen) is a named parks location in Takamatsu Shi, Kagawa, Japan.",Natural spots,Parks,Public park or protected area,Drivable,34.33333,134,8,1205,No,Spring; Summer; Autumn,images/JP-GN-1852649,,,
JP-GN-1864870,Aya Gawa,Japan,JP,Kagawa,JP-37,Ejiricho,"Aya Gawa (Aya Gawa) is a named rivers location in Ejiricho, Kagawa, Japan.",Natural spots,Rivers,Watercourse,Drivable,34.33598,133.86739,-9999,1206,No,Spring; Summer; Autumn,images/JP-GN-1864870,,,
JP-GN-1864419,Daisoku Gawa,Japan,JP,Kagawa,JP-37,Sakaidecho,"Daisoku Gawa (Daisoku Gawa) is a named rivers location in Sakaidecho, Kagawa, Japan.",Natural spots,Rivers,Watercourse,Drivable,34.31846,133.82027,-9999,1207,No,Spring; Summer; Autumn,images/JP-GN-1864419,,,
JP-GN-1864351,Doki Gawa,Japan,JP,Kagawa,JP-37,Utazu,"Doki Gawa (Doki Gawa) is a named rivers location in Utazu, Kagawa, Japan.",Natural spots,Rivers,Watercourse,Drivable,34.30663,133.79813,-9999,1208,No,Spring; Summer; Autumn,images/JP-GN-1864351,,,
JP-GN-9199683,Gobo Gawa,Japan,JP,Kagawa,JP-37,Kusugamicho,"Gobo Gawa (Gobo Gawa) is a named rivers location in Kusugamicho, Kagawa, Japan.",Natural spots,Rivers,Watercourse,Drivable,34.3398,134.07417,5,1209,No,Spring; Summer; Autumn,images/JP-GN-9199683,,,
JP-GN-1862177,Honzu Gawa,Japan,JP,Kagawa,JP-37,Kozai-honmachi,"Honzu Gawa (Honzu Gawa) is a named rivers location in Kozai-honmachi, Kagawa, Japan.",Natural spots,Rivers,Watercourse,Drivable,34.35773,134.00845,-9999,1210,No,Spring; Summer; Autumn,images/JP-GN-1862177,,,
JP-GN-9199285,Ichinotani Gawa,Japan,JP,Kagawa,JP-37,Kan'onjicho,"Ichinotani Gawa (Ichinotani Gawa) is a named rivers location in Kan'onjicho, Kagawa, Japan.",Natural spots,Rivers,Watercourse,Drivable,34.12519,133.63893,-9999,1211,No,Spring; Summer; Autumn,images/JP-GN-9199285,,,
JP-GN-1860927,Kabe Gawa,Japan,JP,Kagawa,JP-37,Shido,"Kabe Gawa (Kabe Gawa) is a named rivers location in Shido, Kagawa, Japan.",Natural spots,Rivers,Watercourse,Drivable,34.34542,134.19676,1,1212,No,Spring; Summer; Autumn,images/JP-GN-1860927,,,
JP-GN-1860272,Kanakura Gawa,Japan,JP,Kagawa,JP-37,Shioyacho,"Kanakura Gawa (Kanakura Gawa) is a named rivers location in Shioyacho, Kagawa, Japan.",Natural spots,Rivers,Watercourse,Drivable,34.28872,133.76896,-9999,1213,No,Spring; Summer; Autumn,images/JP-GN-1860272,,,
JP-GN-9199684,Kasuga Gawa,Japan,JP,Kagawa,JP-37,Uro,"Kasuga Gawa (Kasuga Gawa) is a named rivers location in Uro, Kagawa, Japan.",Natural spots,Rivers,Watercourse,Drivable,34.3451,134.08283,-9999,1214,No,Spring; Summer; Autumn,images/JP-GN-9199684,,,
JP-GN-1858668,Koto Gawa,Japan,JP,Kagawa,JP-37,Hamanocho,"Koto Gawa (Kōtō Gawa) is a named rivers location in Hamanocho, Kagawa, Japan.",Natural spots,Rivers,Watercourse,Drivable,34.35447,134.0225,-9999,1215,No,Spring; Summer; Autumn,images/JP-GN-1858668,,,
JP-GN-6417472,O'ome Gawa,Japan,JP,Kagawa,JP-37,Oyabucho,"O'ome Gawa (O’ome Gawa) is a named rivers location in Oyabucho, Kagawa, Japan.",Natural spots,Rivers,Watercourse,Drivable,34.35489,133.89392,-9999,1216,No,Spring; Summer; Autumn,images/JP-GN-6417472,,,
JP-GN-9199286,Saita Gawa,Japan,JP,Kagawa,JP-37,Kan'onjicho,"Saita Gawa (Saita Gawa) is a named rivers location in Kan'onjicho, Kagawa, Japan.",Natural spots,Rivers,Watercourse,Drivable,34.12785,133.63856,-9999,1217,No,Spring; Summer; Autumn,images/JP-GN-9199286,,,
JP-GN-9199287,Sao Gawa,Japan,JP,Kagawa,JP-37,Muromotocho,"Sao Gawa (Sao Gawa) is a named rivers location in Muromotocho, Kagawa, Japan.",Natural spots,Rivers,Watercourse,Drivable,34.13876,133.6728,19,1218,No,Spring; Summer; Autumn,images/JP-GN-9199287,,,
JP-GN-9199685,Shin Kawa,Japan,JP,Kagawa,JP-37,Uro,"Shin Kawa (Shin Kawa) is a named rivers location in Uro, Kagawa, Japan.",Natural spots,Rivers,Watercourse,Drivable,34.34608,134.08405,-9999,1219,No,Spring; Summer; Autumn,images/JP-GN-9199685,,,
JP-GN-9199682,Tsumeta Gawa,Japan,JP,Kagawa,JP-37,Uro,"Tsumeta Gawa (Tsumeta Gawa) is a named rivers location in Uro, Kagawa, Japan.",Natural spots,Rivers,Watercourse,Drivable,34.34833,134.07783,-9999,1220,No,Spring; Summer; Autumn,images/JP-GN-9199682,,,
JP-GN-1861784,Ikeda Wan,Japan,JP,Kagawa,JP-37,Kamo,"Ikeda Wan (Ikeda Wan) is a named seas and coastal areas location in Kamo, Kagawa, Japan.",Beach spots,Seas and coastal areas,Coastal feature,Drivable,34.46167,134.20833,-9999,1221,No,Spring; Summer; Autumn,images/JP-GN-1861784,,,
JP-GN-1860916,Kabukoshi-saki,Japan,JP,Kagawa,JP-37,Higashikagawa Shi,"Kabukoshi-saki (Kabukoshi-saki) is a named seas and coastal areas location in Higashikagawa Shi, Kagawa, Japan.",Beach spots,Seas and coastal areas,Coastal feature,Drivable,34.2591,134.37721,38,1222,No,Spring; Summer; Autumn,images/JP-GN-1860916,,,
JP-GN-6418009,Kamosho Wan,Japan,JP,Kagawa,JP-37,Shido,"Kamosho Wan (Kamoshō Wan) is a named seas and coastal areas location in Shido, Kagawa, Japan.",Beach spots,Seas and coastal areas,Coastal feature,Drivable,34.36327,134.19721,-9999,1223,No,Spring; Summer; Autumn,images/JP-GN-6418009,,,
JP-GN-6417662,Kongo-hana,Japan,JP,Kagawa,JP-37,Nakatado-gun,"Kongo-hana (Kongō-hana) is a named seas and coastal areas location in Nakatado-gun, Kagawa, Japan.",Beach spots,Seas and coastal areas,Coastal feature,Drivable,34.33111,133.62667,12,1224,No,Spring; Summer; Autumn,images/JP-GN-6417662,,,
JP-GN-1858788,Kono-ura,Japan,JP,Kagawa,JP-37,Konoura,"Kono-ura (Kōno-ura) is a named seas and coastal areas location in Konoura, Kagawa, Japan.",Beach spots,Seas and coastal areas,Coastal feature,Drivable,34.43333,134.23333,-9999,1225,No,Spring; Summer; Autumn,images/JP-GN-1858788,,,
JP-GN-1854936,No Misaki,Japan,JP,Kagawa,JP-37,Sakaide Shi,"No Misaki (Nō Misaki) is a named seas and coastal areas location in Sakaide Shi, Kagawa, Japan.",Beach spots,Seas and coastal areas,Coastal feature,Drivable,34.3824,133.89574,34,1226,No,Spring; Summer; Autumn,images/JP-GN-1854936,,,
JP-GN-1854748,Oda Wan,Japan,JP,Kagawa,JP-37,Oda,"Oda Wan (Oda Wan) is a named seas and coastal areas location in Oda, Kagawa, Japan.",Beach spots,Seas and coastal areas,Coastal feature,Drivable,34.35,134.23333,-9999,1227,No,Spring; Summer; Autumn,images/JP-GN-1854748,,,
JP-GN-1853131,Sakate Wan,Japan,JP,Kagawa,JP-37,Sakate,"Sakate Wan (Sakate Wan) is a named seas and coastal areas location in Sakate, Kagawa, Japan.",Beach spots,Seas and coastal areas,Coastal feature,Drivable,34.43333,134.31667,-9999,1228,No,Spring; Summer; Autumn,images/JP-GN-1853131,,,
JP-GN-1852558,Shido Wan,Japan,JP,Kagawa,JP-37,Shido,"Shido Wan (Shido Wan) is a named seas and coastal areas location in Shido, Kagawa, Japan.",Beach spots,Seas and coastal areas,Coastal feature,Drivable,34.34237,134.1714,-9999,1229,No,Spring; Summer; Autumn,images/JP-GN-1852558,,,
JP-GN-1850590,Tarumi Wan,Japan,JP,Kagawa,JP-37,Tarumicho,"Tarumi Wan (Tarumi Wan) is a named seas and coastal areas location in Tarumicho, Kagawa, Japan.",Beach spots,Seas and coastal areas,Coastal feature,Drivable,34.37825,133.9413,10,1230,No,Spring; Summer; Autumn,images/JP-GN-1850590,,,
JP-GN-1849759,Tsuchinoto Seto,Japan,JP,Kagawa,JP-37,Ogoshicho-kisawa,"Tsuchinoto Seto (Tsuchinoto Seto) is a named seas and coastal areas location in Ogoshicho-kisawa, Kagawa, Japan.",Beach spots,Seas and coastal areas,Coastal feature,Drivable,34.40741,133.92121,-9999,1231,No,Spring; Summer; Autumn,images/JP-GN-1849759,,,
JP-GN-1849747,Tsuda Wan,Japan,JP,Kagawa,JP-37,Tsudamachi-tsuruwa,"Tsuda Wan (Tsuda Wan) is a named seas and coastal areas location in Tsudamachi-tsuruwa, Kagawa, Japan.",Beach spots,Seas and coastal areas,Coastal feature,Drivable,34.3,134.26667,-9999,1232,No,Spring; Summer; Autumn,images/JP-GN-1849747,,,
JP-GN-1849468,Uchinomi Wan,Japan,JP,Kagawa,JP-37,Shozu-gun,"Uchinomi Wan (Uchinomi Wan) is a named seas and coastal areas location in Shozu-gun, Kagawa, Japan.",Beach spots,Seas and coastal areas,Coastal feature,Drivable,34.46018,134.27549,-9999,1233,No,Spring; Summer; Autumn,images/JP-GN-1849468,,,
JP-GN-1848500,Yashima Wan,Japan,JP,Kagawa,JP-37,Ajicho,"Yashima Wan (Yashima Wan) is a named seas and coastal areas location in Ajicho, Kagawa, Japan.",Beach spots,Seas and coastal areas,Coastal feature,Drivable,34.38438,134.10982,-9999,1234,No,Spring; Summer; Autumn,images/JP-GN-1848500,,,
JP-GN-1864023,Fukiage-hama,Japan,JP,Kagoshima,JP-46,Kinpocho-takahashi,"Fukiage-hama (Fukiage-hama) is a named beaches location in Kinpocho-takahashi, Kagoshima, Japan.",Beach spots,Beaches,Coastal recreation area,Drivable,31.45,130.28333,-9999,1235,No,Summer,images/JP-GN-1864023,,,
JP-GN-10179064,Heta Kaigan,Japan,JP,Kagoshima,JP-46,Kimotsuki Gun,"Heta Kaigan (Heta Kaigan) is a named beaches location in Kimotsuki Gun, Kagoshima, Japan.",Beach spots,Beaches,Coastal recreation area,Drivable,31.14669,130.75185,43,1236,No,Summer,images/JP-GN-10179064,,,
JP-GN-1859518,Kichiri-ura,Japan,JP,Kagoshima,JP-46,Nakanoshima,"Kichiri-ura (Kichiri-ura) is a named beaches location in Nakanoshima, Kagoshima, Japan.",Beach spots,Beaches,Coastal recreation area,Drivable,29.58333,129.71667,-9999,1237,No,Summer,images/JP-GN-1859518,,,
JP-GN-1859415,Kiriishi-hama,Japan,JP,Kagoshima,JP-46,Nakanoshima,"Kiriishi-hama (Kiriishi-hama) is a named beaches location in Nakanoshima, Kagoshima, Japan.",Beach spots,Beaches,Coastal recreation area,Drivable,29.6059,129.713,82,1238,No,Summer,images/JP-GN-1859415,,,
JP-GN-1859038,Koishi-hama,Japan,JP,Kagoshima,JP-46,Kagoshima-gun,"Koishi-hama (Koishi-hama) is a named beaches location in Kagoshima-gun, Kagoshima, Japan.",Beach spots,Beaches,Coastal recreation area,Drivable,29.4484,129.61857,14,1239,No,Summer,images/JP-GN-1859038,,,
JP-GN-10182440,Kozuka Hama,Japan,JP,Kagoshima,JP-46,Ibusuki Shi,"Kozuka Hama (Kozuka Hama) is a named beaches location in Ibusuki Shi, Kagoshima, Japan.",Beach spots,Beaches,Coastal recreation area,Drivable,31.16909,130.57521,25,1240,No,Summer,images/JP-GN-10182440,,,
JP-GN-10179025,Matsuzakino Hama,Japan,JP,Kagoshima,JP-46,Kimotsuki Gun,"Matsuzakino Hama (Matsuzakino Hama) is a named beaches location in Kimotsuki Gun, Kagoshima, Japan.",Beach spots,Beaches,Coastal recreation area,Drivable,31.22966,130.76889,-9999,1241,No,Summer,images/JP-GN-10179025,,,
JP-GN-10180453,Takasu Kaigan,Japan,JP,Kagoshima,JP-46,Kanoya Shi,"Takasu Kaigan (Takasu Kaigan) is a named beaches location in Kanoya Shi, Kagoshima, Japan.",Beach spots,Beaches,Coastal recreation area,Drivable,31.33529,130.80371,16,1242,No,Summer,images/JP-GN-10180453,,,
JP-GN-8612335,Matateno Gankutsu,Japan,JP,Kagoshima,JP-46,Kumage-gun,"Matateno Gankutsu (Matateno Gankutsu) is a named caves location in Kumage-gun, Kagoshima, Japan.",Natural spots,Caves,Natural cave,Drivable,30.57978,131.03737,1,1243,No,Spring; Summer; Autumn,images/JP-GN-8612335,,,
JP-GN-1861788,Ikeda Ko,Japan,JP,Kagoshima,JP-46,Kaimon-ueno,"Ikeda Ko (Ikeda Ko) is a named lakes location in Kaimon-ueno, Kagoshima, Japan.",Natural spots,Lakes,Inland water body,Drivable,31.23658,130.5625,63,1244,No,Spring; Summer; Autumn,images/JP-GN-1861788,,,
JP-GN-8611027,Onamino Ike,Japan,JP,Kagoshima,JP-46,Kurino,"Onamino Ike (Ōnamino Ike) is a named lakes location in Kurino, Kagoshima, Japan.",Natural spots,Lakes,Inland water body,Drivable,31.92167,130.85165,1242,1245,No,Spring; Summer; Autumn,images/JP-GN-8611027,,,
JP-GN-1899190,Aiko-dake,Japan,JP,Kagoshima,JP-46,Kumage-gun,"Aiko-dake (Aiko-dake) is a named mountains location in Kumage-gun, Kagoshima, Japan.",Adventure spots|Natural spots,Mountains,Natural landform,Drivable,30.35833,130.61667,837,1246,No,Late spring; Summer; Autumn,images/JP-GN-1899190,,,
JP-GN-8610408,Akagure,Japan,JP,Kagoshima,JP-46,Kagoshima Shi,"Akagure (Akagure) is a named mountains location in Kagoshima Shi, Kagoshima, Japan.",Adventure spots|Natural spots,Mountains,Natural landform,Drivable,31.69685,130.58068,567,1247,No,Late spring; Summer; Autumn,images/JP-GN-8610408,,,
JP-GN-1865373,Amagi Dake,Japan,JP,Kagoshima,JP-46,Oshima-gun,"Amagi Dake (Amagi Dake) is a named mountains location in Oshima-gun, Kagoshima, Japan.",Adventure spots|Natural spots,Mountains,Natural landform,Drivable,27.86995,128.9264,506,1248,No,Late spring; Summer; Autumn,images/JP-GN-1865373,,,
JP-GN-10146515,Amamegakura,Japan,JP,Kagoshima,JP-46,Nishinoomote Shi,"Amamegakura (Amamegakura) is a named mountains location in Nishinoomote Shi, Kagoshima, Japan.",Adventure spots|Natural spots,Mountains,Natural landform,Drivable,30.74366,131.05341,226,1249,No,Late spring; Summer; Autumn,images/JP-GN-10146515,,,
JP-GN-1865235,Aoshio Dake,Japan,JP,Kagoshima,JP-46,Satsuma-sendai Shi,"Aoshio Dake (Aoshio Dake) is a named mountains location in Satsuma-sendai Shi, Kagoshima, Japan.",Adventure spots|Natural spots,Mountains,Natural landform,Drivable,31.68517,129.72279,470,1250,No,Late spring; Summer; Autumn,images/JP-GN-1865235,,,
JP-GN-1865142,Ara-take,Japan,JP,Kagoshima,JP-46,Minamikyushu Shi,"Ara-take (Ara-take) is a named mountains location in Minamikyushu Shi, Kagoshima, Japan.",Adventure spots|Natural spots,Mountains,Natural landform,Drivable,31.35,130.48333,336,1251,No,Late spring; Summer; Autumn,images/JP-GN-1865142,,,
JP-GN-8611982,Araiso Dake,Japan,JP,Kagoshima,JP-46,Kirishima Shi,"Araiso Dake (Araiso Dake) is a named mountains location in Kirishima Shi, Kagoshima, Japan.",Adventure spots|Natural spots,Mountains,Natural landform,Drivable,31.70062,130.88194,440,1252,No,Late spring; Summer; Autumn,images/JP-GN-8611982,,,
JP-GN-1865150,Arase Yama,Japan,JP,Kagoshima,JP-46,Kimotsuki Gun,"Arase Yama (Arase Yama) is a named mountains location in Kimotsuki Gun, Kagoshima, Japan.",Adventure spots|Natural spots,Mountains,Natural landform,Drivable,31.20052,130.91081,807,1253,No,Late spring; Summer; Autumn,images/JP-GN-1865150,,,
JP-GN-10192014,Asahi Dake,Japan,JP,Kagoshima,JP-46,Izumi Shi,"Asahi Dake (Asahi Dake) is a named mountains location in Izumi Shi, Kagoshima, Japan.",Adventure spots|Natural spots,Mountains,Natural landform,Drivable,32.08852,130.49979,599,1254,No,Late spring; Summer; Autumn,images/JP-GN-10192014,,,
JP-GN-10180057,Atago Yama,Japan,JP,Kagoshima,JP-46,Kanoya Shi,"Atago Yama (Atago Yama) is a named mountains location in Kanoya Shi, Kagoshima, Japan.",Adventure spots|Natural spots,Mountains,Natural landform,Drivable,31.30193,130.92264,118,1255,No,Late spring; Summer; Autumn,images/JP-GN-10180057,,,
JP-GN-1864953,Atago-yama,Japan,JP,Kagoshima,JP-46,Akune Shi,"Atago-yama (Atago-yama) is a named mountains location in Akune Shi, Kagoshima, Japan.",Adventure spots|Natural spots,Mountains,Natural landform,Drivable,32,130.21667,63,1256,No,Late spring; Summer; Autumn,images/JP-GN-1864953,,,
JP-GN-1864798,Banoki-san,Japan,JP,Kagoshima,JP-46,Satsuma-sendai Shi,"Banoki-san (Banoki-san) is a named mountains location in Satsuma-sendai Shi, Kagoshima, Japan.",Adventure spots|Natural spots,Mountains,Natural landform,Drivable,31.93333,130.26667,333,1257,No,Late spring; Summer; Autumn,images/JP-GN-1864798,,,
JP-GN-1864733,Benzaiten Yama,Japan,JP,Kagoshima,JP-46,Ichiki-kushikino Shi,"Benzaiten Yama (Benzaiten Yama) is a named mountains location in Ichiki-kushikino Shi, Kagoshima, Japan.",Adventure spots|Natural spots,Mountains,Natural landform,Drivable,31.78333,130.23333,313,1258,No,Late spring; Summer; Autumn,images/JP-GN-1864733,,,
JP-GN-1899155,Benzaiten-yama,Japan,JP,Kagoshima,JP-46,Satsuma-sendai Shi,"Benzaiten-yama (Benzaiten-yama) is a named mountains location in Satsuma-sendai Shi, Kagoshima, Japan.",Adventure spots|Natural spots,Mountains,Natural landform,Drivable,31.8,130.25,179,1259,No,Late spring; Summer; Autumn,images/JP-GN-1899155,,,
JP-GN-10277956,Biroyama,Japan,JP,Kagoshima,JP-46,Nakanoshima,"Biroyama (Biroyama) is a named mountains location in Nakanoshima, Kagoshima, Japan.",Adventure spots|Natural spots,Mountains,Natural landform,Drivable,29.45183,129.61062,315,1260,No,Late spring; Summer; Autumn,images/JP-GN-10277956,,,
JP-GN-1864714,Bishago Dake,Japan,JP,Kagoshima,JP-46,Tarumizu Shi,"Bishago Dake (Bishago Dake) is a named mountains location in Tarumizu Shi, Kagoshima, Japan.",Adventure spots|Natural spots,Mountains,Natural landform,Drivable,31.54615,130.78747,875,1261,No,Late spring; Summer; Autumn,images/JP-GN-1864714,,,
JP-GN-1856079,Choya San,Japan,JP,Kagoshima,JP-46,Minamisatsuma Shi,"Choya San (Chōya San) is a named mountains location in Minamisatsuma Shi, Kagoshima, Japan.",Adventure spots|Natural spots,Mountains,Natural landform,Drivable,31.3803,130.26743,501,1262,No,Late spring; Summer; Autumn,images/JP-GN-1856079,,,
JP-GN-1864294,Eboshi Dake,Japan,JP,Kagoshima,JP-46,Aira Shi,"Eboshi Dake (Eboshi Dake) is a named mountains location in Aira Shi, Kagoshima, Japan.",Adventure spots|Natural spots,Mountains,Natural landform,Drivable,31.87475,130.6058,674,1263,No,Late spring; Summer; Autumn,images/JP-GN-1864294,,,
JP-GN-1864296,Eboshi Dake,Japan,JP,Kagoshima,JP-46,Oshima-gun,"Eboshi Dake (Eboshi Dake) is a named mountains location in Oshima-gun, Kagoshima, Japan.",Adventure spots|Natural spots,Mountains,Natural landform,Drivable,28.24136,129.1942,345,1264,No,Late spring; Summer; Autumn,images/JP-GN-1864296,,,
JP-GN-8609969,Eboshi Dake,Japan,JP,Kagoshima,JP-46,Ibusuki Shi,"Eboshi Dake (Eboshi Dake) is a named mountains location in Ibusuki Shi, Kagoshima, Japan.",Adventure spots|Natural spots,Mountains,Natural landform,Drivable,31.24846,130.53657,334,1265,No,Late spring; Summer; Autumn,images/JP-GN-8609969,,,
JP-GN-10182483,Kaimon Sanroku Shizen Koen,Japan,JP,Kagoshima,JP-46,Ibusuki Shi,"Kaimon Sanroku Shizen Koen (Kaimon Sanroku Shizen Kōen) is a named parks location in Ibusuki Shi, Kagoshima, Japan.",Natural spots,Parks,Public park or protected area,Drivable,31.17908,130.54775,112,1266,No,Spring; Summer; Autumn,images/JP-GN-10182483,,,
JP-GN-10194004,Otsuru Ko,Japan,JP,Kagoshima,JP-46,Okuchi-tashiro,"Otsuru Ko (Ōtsuru Ko) is a named parks location in Okuchi-tashiro, Kagoshima, Japan.",Natural spots,Parks,Public park or protected area,Drivable,32.00478,130.51157,145,1267,No,Spring; Summer; Autumn,images/JP-GN-10194004,,,
JP-GN-10182528,Tosenkyo Koen,Japan,JP,Kagoshima,JP-46,Ibusuki Shi,"Tosenkyo Koen (Tōsenkyō Kōen) is a named parks location in Ibusuki Shi, Kagoshima, Japan.",Natural spots,Parks,Public park or protected area,Drivable,31.22076,130.54182,63,1268,No,Spring; Summer; Autumn,images/JP-GN-10182528,,,
JP-GN-10180100,Aira Gawa,Japan,JP,Kagoshima,JP-46,Airacho-shimomyo,"Aira Gawa (Aira Gawa) is a named rivers location in Airacho-shimomyo, Kagoshima, Japan.",Natural spots,Rivers,Watercourse,Drivable,31.35684,130.90495,11,1269,No,Spring; Summer; Autumn,images/JP-GN-10180100,,,
JP-GN-10179189,Akase Gawa,Japan,JP,Kagoshima,JP-46,Nejime-kawakita,"Akase Gawa (Akase Gawa) is a named rivers location in Nejime-kawakita, Kagoshima, Japan.",Natural spots,Rivers,Watercourse,Drivable,31.20819,130.80511,34,1270,No,Spring; Summer; Autumn,images/JP-GN-10179189,,,
JP-GN-1865339,Ambo-gawa,Japan,JP,Kagoshima,JP-46,Ambo,"Ambo-gawa (Ambō-gawa) is a named rivers location in Ambo, Kagoshima, Japan.",Natural spots,Rivers,Watercourse,Drivable,30.31275,130.6543,7,1271,No,Spring; Summer; Autumn,images/JP-GN-1865339,,,
JP-GN-1895658,Anraku Gawa,Japan,JP,Kagoshima,JP-46,Nakazono,"Anraku Gawa (Anraku Gawa) is a named rivers location in Nakazono, Kagoshima, Japan.",Natural spots,Rivers,Watercourse,Drivable,31.45734,131.07688,1,1272,No,Spring; Summer; Autumn,images/JP-GN-1895658,,,
JP-GN-10190948,Aoki Gawa,Japan,JP,Kagoshima,JP-46,Okuchi-aoki,"Aoki Gawa (Aoki Gawa) is a named rivers location in Okuchi-aoki, Kagoshima, Japan.",Natural spots,Rivers,Watercourse,Drivable,32.0583,130.64463,180,1273,No,Spring; Summer; Autumn,images/JP-GN-10190948,,,
JP-GN-10181801,Atago Gawa,Japan,JP,Kagoshima,JP-46,Kiire,"Atago Gawa (Atago Gawa) is a named rivers location in Kiire, Kagoshima, Japan.",Natural spots,Rivers,Watercourse,Drivable,31.38365,130.54383,28,1274,No,Spring; Summer; Autumn,images/JP-GN-10181801,,,
JP-GN-10179042,Baban Gawa,Japan,JP,Kagoshima,JP-46,Nejime-kawaminan,"Baban Gawa (Baban Gawa) is a named rivers location in Nejime-kawaminan, Kagoshima, Japan.",Natural spots,Rivers,Watercourse,Drivable,31.20868,130.77588,4,1275,No,Spring; Summer; Autumn,images/JP-GN-10179042,,,
JP-GN-1864747,Beppu Gawa,Japan,JP,Kagoshima,JP-46,Kajiki,"Beppu Gawa (Beppu Gawa) is a named rivers location in Kajiki, Kagoshima, Japan.",Natural spots,Rivers,Watercourse,Drivable,31.71253,130.63706,-3,1276,No,Spring; Summer; Autumn,images/JP-GN-1864747,,,
JP-GN-1864229,Eguchi Gawa,Japan,JP,Kagoshima,JP-46,Eguchi,"Eguchi Gawa (Eguchi Gawa) is a named rivers location in Eguchi, Kagoshima, Japan.",Natural spots,Rivers,Watercourse,Drivable,31.64996,130.32095,-9999,1277,No,Spring; Summer; Autumn,images/JP-GN-1864229,,,
JP-GN-10178965,Fumoto Gawa,Japan,JP,Kagoshima,JP-46,Tashiro-kawahara,"Fumoto Gawa (Fumoto Gawa) is a named rivers location in Tashiro-kawahara, Kagoshima, Japan.",Natural spots,Rivers,Watercourse,Drivable,31.1998,130.82854,150,1278,No,Spring; Summer; Autumn,images/JP-GN-10178965,,,
JP-GN-1863530,Gotanda Gawa,Japan,JP,Kagoshima,JP-46,Kushikino,"Gotanda Gawa (Gotanda Gawa) is a named rivers location in Kushikino, Kagoshima, Japan.",Natural spots,Rivers,Watercourse,Drivable,31.72509,130.26375,2,1279,No,Spring; Summer; Autumn,images/JP-GN-1863530,,,
JP-GN-10181807,Hachiman Gawa,Japan,JP,Kagoshima,JP-46,Kiire,"Hachiman Gawa (Hachiman Gawa) is a named rivers location in Kiire, Kagoshima, Japan.",Natural spots,Rivers,Watercourse,Drivable,31.37772,130.545,2,1280,No,Spring; Summer; Autumn,images/JP-GN-10181807,,,
JP-GN-10190939,Hatsuki Gawa,Japan,JP,Kagoshima,JP-46,Okuchi-sogi,"Hatsuki Gawa (Hatsuki Gawa) is a named rivers location in Okuchi-sogi, Kagoshima, Japan.",Natural spots,Rivers,Watercourse,Drivable,32.01723,130.6021,164,1281,No,Spring; Summer; Autumn,images/JP-GN-10190939,,,
JP-GN-10194005,Heboki Gawa,Japan,JP,Kagoshima,JP-46,Okuchi-tashiro,"Heboki Gawa (Heboki Gawa) is a named rivers location in Okuchi-tashiro, Kagoshima, Japan.",Natural spots,Rivers,Watercourse,Drivable,32.00562,130.54526,160,1282,No,Spring; Summer; Autumn,images/JP-GN-10194005,,,
JP-GN-10179106,Hetsuka Gawa,Japan,JP,Kagoshima,JP-46,Sata-hetsuka,"Hetsuka Gawa (Hetsuka Gawa) is a named rivers location in Sata-hetsuka, Kagoshima, Japan.",Natural spots,Rivers,Watercourse,Drivable,31.09185,130.82768,1,1283,No,Spring; Summer; Autumn,images/JP-GN-10179106,,,
JP-GN-1895595,Hirose Gawa,Japan,JP,Kagoshima,JP-46,Mizushiri,"Hirose Gawa (Hirose Gawa) is a named rivers location in Mizushiri, Kagoshima, Japan.",Natural spots,Rivers,Watercourse,Drivable,31.27911,131.07702,4,1284,No,Spring; Summer; Autumn,images/JP-GN-1895595,,,
JP-GN-1862421,Hirose-gawa,Japan,JP,Kagoshima,JP-46,Komenotsu,"Hirose-gawa (Hirose-gawa) is a named rivers location in Komenotsu, Kagoshima, Japan.",Natural spots,Rivers,Watercourse,Drivable,32.11667,130.33333,3,1285,No,Spring; Summer; Autumn,images/JP-GN-1862421,,,
JP-GN-1862378,Hishida Gawa,Japan,JP,Kagoshima,JP-46,Oshikiri,"Hishida Gawa (Hishida Gawa) is a named rivers location in Oshikiri, Kagoshima, Japan.",Natural spots,Rivers,Watercourse,Drivable,31.44208,131.05664,6,1286,No,Spring; Summer; Autumn,images/JP-GN-1862378,,,
JP-GN-10179282,Honjo Gawa,Japan,JP,Kagoshima,JP-46,Ushiroda,"Honjo Gawa (Honjō Gawa) is a named rivers location in Ushiroda, Kagoshima, Japan.",Natural spots,Rivers,Watercourse,Drivable,31.31488,130.9616,20,1287,No,Spring; Summer; Autumn,images/JP-GN-10179282,,,
JP-GN-1862195,Honjo Gawa,Japan,JP,Kagoshima,JP-46,Shimomiyacho,"Honjo Gawa (Honjō Gawa) is a named rivers location in Shimomiyacho, Kagoshima, Japan.",Natural spots,Rivers,Watercourse,Drivable,31.4864,130.69391,-9999,1288,No,Spring; Summer; Autumn,images/JP-GN-1862195,,,
JP-GN-10179224,Ichinotani Gawa,Japan,JP,Kagoshima,JP-46,Oura,"Ichinotani Gawa (Ichinotani Gawa) is a named rivers location in Oura, Kagoshima, Japan.",Natural spots,Rivers,Watercourse,Drivable,31.16031,130.97145,18,1289,No,Spring; Summer; Autumn,images/JP-GN-10179224,,,
JP-GN-10190544,Ichiyama Gawa,Japan,JP,Kagoshima,JP-46,Hishikari-hanakita,"Ichiyama Gawa (Ichiyama Gawa) is a named rivers location in Hishikari-hanakita, Kagoshima, Japan.",Natural spots,Rivers,Watercourse,Drivable,32.03575,130.61678,170,1290,No,Spring; Summer; Autumn,images/JP-GN-10190544,,,
JP-GN-1865517,Aka-saki,Japan,JP,Kagoshima,JP-46,Oshima-gun,"Aka-saki (Aka-saki) is a named seas and coastal areas location in Oshima-gun, Kagoshima, Japan.",Beach spots,Seas and coastal areas,Coastal feature,Drivable,27.02594,128.45556,19,1291,No,Spring; Summer; Autumn,images/JP-GN-1865517,,,
JP-GN-1865182,Araki-saki,Japan,JP,Kagoshima,JP-46,Oshima-gun,"Araki-saki (Araki-saki) is a named seas and coastal areas location in Oshima-gun, Kagoshima, Japan.",Beach spots,Seas and coastal areas,Coastal feature,Drivable,28.29091,129.92209,3,1292,No,Spring; Summer; Autumn,images/JP-GN-1865182,,,
JP-GN-1865133,Areki-saki,Japan,JP,Kagoshima,JP-46,Kagoshima-gun,"Areki-saki (Areki-saki) is a named seas and coastal areas location in Kagoshima-gun, Kagoshima, Japan.",Beach spots,Seas and coastal areas,Coastal feature,Drivable,29.12948,129.21844,26,1293,No,Spring; Summer; Autumn,images/JP-GN-1865133,,,
JP-GN-1864703,Biwa-kubi,Japan,JP,Kagoshima,JP-46,Izumi-gun,"Biwa-kubi (Biwa-kubi) is a named seas and coastal areas location in Izumi-gun, Kagoshima, Japan.",Beach spots,Seas and coastal areas,Coastal feature,Drivable,32.19556,130.19549,87,1294,No,Spring; Summer; Autumn,images/JP-GN-1864703,,,
JP-GN-8609972,Bo Ura,Japan,JP,Kagoshima,JP-46,Bo,"Bo Ura (Bō Ura) is a named seas and coastal areas location in Bo, Kagoshima, Japan.",Beach spots,Seas and coastal areas,Coastal feature,Drivable,31.26799,130.21576,-9999,1295,No,Spring; Summer; Autumn,images/JP-GN-8609972,,,
JP-GN-1864662,Buun Zaki,Japan,JP,Kagoshima,JP-46,Oshima-gun,"Buun Zaki (Buun Zaki) is a named seas and coastal areas location in Oshima-gun, Kagoshima, Japan.",Beach spots,Seas and coastal areas,Coastal feature,Drivable,28.46026,129.545,90,1296,No,Spring; Summer; Autumn,images/JP-GN-1864662,,,
JP-GN-1864605,Chiji Zaki,Japan,JP,Kagoshima,JP-46,Gusuku,"Chiji Zaki (Chiji Zaki) is a named seas and coastal areas location in Gusuku, Kagoshima, Japan.",Beach spots,Seas and coastal areas,Coastal feature,Drivable,27.01926,128.44369,1,1297,No,Spring; Summer; Autumn,images/JP-GN-1864605,,,
JP-GN-1864277,Eboshi-saki,Japan,JP,Kagoshima,JP-46,Kagoshima-gun,"Eboshi-saki (Eboshi-saki) is a named seas and coastal areas location in Kagoshima-gun, Kagoshima, Japan.",Beach spots,Seas and coastal areas,Coastal feature,Drivable,29.95309,129.94342,115,1298,No,Spring; Summer; Autumn,images/JP-GN-1864277,,,
JP-GN-1864103,Fujino Saki,Japan,JP,Kagoshima,JP-46,Kagoshima Shi,"Fujino Saki (Fujino Saki) is a named seas and coastal areas location in Kagoshima Shi, Kagoshima, Japan.",Beach spots,Seas and coastal areas,Coastal feature,Drivable,31.61982,130.63302,19,1299,No,Spring; Summer; Autumn,images/JP-GN-1864103,,,
JP-GN-1863684,Gamo-saki,Japan,JP,Kagoshima,JP-46,Amami Shi,"Gamo-saki (Gamō-saki) is a named seas and coastal areas location in Amami Shi, Kagoshima, Japan.",Beach spots,Seas and coastal areas,Coastal feature,Drivable,28.5,129.65,117,1300,No,Spring; Summer; Autumn,images/JP-GN-1863684,,,
JP-GN-8601646,Hamaguri Zaki,Japan,JP,Kagoshima,JP-46,Oshima-gun,"Hamaguri Zaki (Hamaguri Zaki) is a named seas and coastal areas location in Oshima-gun, Kagoshima, Japan.",Beach spots,Seas and coastal areas,Coastal feature,Drivable,28.20607,129.2562,53,1301,No,Spring; Summer; Autumn,images/JP-GN-8601646,,,
JP-GN-1863200,Hanebu Saki,Japan,JP,Kagoshima,JP-46,Oshima-gun,"Hanebu Saki (Hanebu Saki) is a named seas and coastal areas location in Oshima-gun, Kagoshima, Japan.",Beach spots,Seas and coastal areas,Coastal feature,Drivable,27.04645,128.39657,13,1302,No,Spring; Summer; Autumn,images/JP-GN-1863200,,,
JP-GN-1861928,Ichi Zaki,Japan,JP,Kagoshima,JP-46,Amami Shi,"Ichi Zaki (Ichi Zaki) is a named seas and coastal areas location in Amami Shi, Kagoshima, Japan.",Beach spots,Seas and coastal areas,Coastal feature,Drivable,28.21283,129.47273,101,1303,No,Spring; Summer; Autumn,images/JP-GN-1861928,,,
JP-GN-1861977,Ichigo-saki,Japan,JP,Kagoshima,JP-46,Izumi-gun,"Ichigo-saki (Ichigo-saki) is a named seas and coastal areas location in Izumi-gun, Kagoshima, Japan.",Beach spots,Seas and coastal areas,Coastal feature,Drivable,32.15,130.2,94,1304,No,Spring; Summer; Autumn,images/JP-GN-1861977,,,
JP-GN-1861745,Ikomo Wan,Japan,JP,Kagoshima,JP-46,Sachikatsu,"Ikomo Wan (Ikomo Wan) is a named seas and coastal areas location in Sachikatsu, Kagoshima, Japan.",Beach spots,Seas and coastal areas,Coastal feature,Drivable,28.08897,129.25053,-9999,1305,No,Spring; Summer; Autumn,images/JP-GN-1861745,,,
JP-GN-1861644,Imuta Seto,Japan,JP,Kagoshima,JP-46,Kamikoshikicho-taira,"Imuta Seto (Imuta Seto) is a named seas and coastal areas location in Kamikoshikicho-taira, Kagoshima, Japan.",Beach spots,Seas and coastal areas,Coastal feature,Drivable,31.78513,129.80883,-9999,1306,No,Spring; Summer; Autumn,images/JP-GN-1861644,,,
JP-GN-1861438,Isen Zaki,Japan,JP,Kagoshima,JP-46,Oshima-gun,"Isen Zaki (Isen Zaki) is a named seas and coastal areas location in Oshima-gun, Kagoshima, Japan.",Beach spots,Seas and coastal areas,Coastal feature,Drivable,27.6625,128.93722,17,1307,No,Spring; Summer; Autumn,images/JP-GN-1861438,,,
JP-GN-11058866,Shichiriga Hama,Japan,JP,Kanagawa,JP-14,Kamakura Shi,"Shichiriga Hama (Shichiriga Hama) is a named beaches location in Kamakura Shi, Kanagawa, Japan.",Beach spots,Beaches,Coastal recreation area,Drivable,35.30453,139.51248,5,1308,No,Summer,images/JP-GN-11058866,,,
JP-GN-8726198,Yuiga Hama,Japan,JP,Kanagawa,JP-14,Kamakura Shi,"Yuiga Hama (Yuiga Hama) is a named beaches location in Kamakura Shi, Kanagawa, Japan.",Beach spots,Beaches,Coastal recreation area,Drivable,35.30936,139.54101,13,1309,No,Summer,images/JP-GN-8726198,,,
JP-GN-8726197,Zaimokuza Kaigan,Japan,JP,Kanagawa,JP-14,Kamakura Shi,"Zaimokuza Kaigan (Zaimokuza Kaigan) is a named beaches location in Kamakura Shi, Kanagawa, Japan.",Beach spots,Beaches,Coastal recreation area,Drivable,35.30581,139.54912,1,1310,No,Summer,images/JP-GN-8726197,,,
JP-GN-11057593,Zushi Kaigan,Japan,JP,Kanagawa,JP-14,Zushi Shi,"Zushi Kaigan (Zushi Kaigan) is a named beaches location in Zushi Shi, Kanagawa, Japan.",Beach spots,Beaches,Coastal recreation area,Drivable,35.29238,139.57233,4,1311,No,Summer,images/JP-GN-11057593,,,
JP-GN-11058942,Taya no Dokutsu,Japan,JP,Kanagawa,JP-14,Yokohama Shi,"Taya no Dokutsu (Taya no Dōkutsu) is a named caves location in Yokohama Shi, Kanagawa, Japan.",Natural spots,Caves,Natural cave,Drivable,35.36797,139.52214,12,1312,No,Spring; Summer; Autumn,images/JP-GN-11058942,,,
JP-GN-1853292,Sagami-ko,Japan,JP,Kanagawa,JP-14,Yose,"Sagami-ko (Sagami-ko) is a named lakes location in Yose, Kanagawa, Japan.",Natural spots,Lakes,Inland water body,Drivable,35.61472,139.17889,164,1313,No,Spring; Summer; Autumn,images/JP-GN-1853292,,,
JP-GN-10412950,Shinsei Ko,Japan,JP,Kanagawa,JP-14,Sakai-bessho,"Shinsei Ko (Shinsei Ko) is a named lakes location in Sakai-bessho, Kanagawa, Japan.",Natural spots,Lakes,Inland water body,Drivable,35.36036,139.21072,164,1314,No,Spring; Summer; Autumn,images/JP-GN-10412950,,,
JP-GN-11057968,Asaena Kiridoshi,Japan,JP,Kanagawa,JP-14,Kamakura Shi,"Asaena Kiridoshi (Asaena Kiridōshi) is a named monuments location in Kamakura Shi, Kanagawa, Japan.",Historical spots,Monuments,Public historic site or monument,Drivable,35.32694,139.5895,100,1315,No,Year-round,images/JP-GN-11057968,,,
JP-GN-11058864,Buppoji Ato,Japan,JP,Kanagawa,JP-14,Kamakura Shi,"Buppoji Ato (Buppōji Ato) is a named monuments location in Kamakura Shi, Kanagawa, Japan.",Historical spots,Monuments,Public historic site or monument,Drivable,35.30751,139.53137,68,1316,No,Year-round,images/JP-GN-11058864,,,
JP-GN-11058861,Daibutsu Kiritoshi,Japan,JP,Kanagawa,JP-14,Kamakura Shi,"Daibutsu Kiritoshi (Daibutsu Kiritōshi) is a named monuments location in Kamakura Shi, Kanagawa, Japan.",Historical spots,Monuments,Public historic site or monument,Drivable,35.31823,139.5317,62,1317,No,Year-round,images/JP-GN-11058861,,,
JP-GN-11057974,Eifukuji Ato,Japan,JP,Kanagawa,JP-14,Kamakura Shi,"Eifukuji Ato (Eifukuji Ato) is a named monuments location in Kamakura Shi, Kanagawa, Japan.",Historical spots,Monuments,Public historic site or monument,Drivable,35.32768,139.5681,22,1318,No,Year-round,images/JP-GN-11057974,,,
JP-GN-11058871,Hokkedo Ato,Japan,JP,Kanagawa,JP-14,Kamakura Shi,"Hokkedo Ato (Hokkedō Ato) is a named monuments location in Kamakura Shi, Kanagawa, Japan.",Historical spots,Monuments,Public historic site or monument,Drivable,35.32624,139.56106,23,1319,No,Year-round,images/JP-GN-11058871,,,
JP-GN-10370471,Ishibashiyama Kosenjo,Japan,JP,Kanagawa,JP-14,Odawara-shi,"Ishibashiyama Kosenjo (Ishibashiyama Kosenjō) is a named monuments location in Odawara-shi, Kanagawa, Japan.",Historical spots,Monuments,Public historic site or monument,Drivable,35.21915,139.13981,83,1320,No,Year-round,images/JP-GN-10370471,,,
JP-GN-11057945,Nagoe Kiridoshi,Japan,JP,Kanagawa,JP-14,Zushi Shi,"Nagoe Kiridoshi (Nagoe Kiridōshi) is a named monuments location in Zushi Shi, Kanagawa, Japan.",Historical spots,Monuments,Public historic site or monument,Drivable,35.30786,139.56516,77,1321,No,Year-round,images/JP-GN-11057945,,,
JP-GN-11057946,Shakado Kiridoshi,Japan,JP,Kanagawa,JP-14,Kamakura Shi,"Shakado Kiridoshi (Shakadō Kiridōshi) is a named monuments location in Kamakura Shi, Kanagawa, Japan.",Historical spots,Monuments,Public historic site or monument,Drivable,35.31808,139.56289,71,1322,No,Year-round,images/JP-GN-11057946,,,
JP-GN-8725329,Abekura Yama,Japan,JP,Kanagawa,JP-14,Miura-gun,"Abekura Yama (Abekura Yama) is a named mountains location in Miura-gun, Kanagawa, Japan.",Adventure spots|Natural spots,Mountains,Natural landform,Drivable,35.28422,139.59555,153,1323,No,Late spring; Summer; Autumn,images/JP-GN-8725329,,,
JP-GN-10409962,Ame Yama,Japan,JP,Kanagawa,JP-14,Ashigarakami-gun,"Ame Yama (Ame Yama) is a named mountains location in Ashigarakami-gun, Kanagawa, Japan.",Adventure spots|Natural spots,Mountains,Natural landform,Drivable,35.43791,139.12336,1141,1324,No,Late spring; Summer; Autumn,images/JP-GN-10409962,,,
JP-GN-1864851,Azegamaru Yama,Japan,JP,Kanagawa,JP-14,Ashigarakami-gun,"Azegamaru Yama (Azegamaru Yama) is a named mountains location in Ashigarakami-gun, Kanagawa, Japan.",Adventure spots|Natural spots,Mountains,Natural landform,Drivable,35.47797,139.0322,1281,1325,No,Late spring; Summer; Autumn,images/JP-GN-1864851,,,
JP-GN-10370655,Bunko Yama,Japan,JP,Kanagawa,JP-14,Ashigarashimo-gun,"Bunko Yama (Bunko Yama) is a named mountains location in Ashigarashimo-gun, Kanagawa, Japan.",Adventure spots|Natural spots,Mountains,Natural landform,Drivable,35.19934,139.05079,804,1326,No,Late spring; Summer; Autumn,images/JP-GN-10370655,,,
JP-GN-10370654,Byobu Yama,Japan,JP,Kanagawa,JP-14,Ashigarashimo-gun,"Byobu Yama (Byōbu Yama) is a named mountains location in Ashigarashimo-gun, Kanagawa, Japan.",Adventure spots|Natural spots,Mountains,Natural landform,Drivable,35.19708,139.03848,944,1327,No,Late spring; Summer; Autumn,images/JP-GN-10370654,,,
JP-GN-10410449,Byobuiwa Yama,Japan,JP,Kanagawa,JP-14,Ashigarakami-gun,"Byobuiwa Yama (Byōbuiwa Yama) is a named mountains location in Ashigarakami-gun, Kanagawa, Japan.",Adventure spots|Natural spots,Mountains,Natural landform,Drivable,35.45511,139.02808,1038,1328,No,Late spring; Summer; Autumn,images/JP-GN-10410449,,,
JP-GN-10412889,Dai Yama,Japan,JP,Kanagawa,JP-14,Odawara-shi,"Dai Yama (Dai Yama) is a named mountains location in Odawara-shi, Kanagawa, Japan.",Adventure spots|Natural spots,Mountains,Natural landform,Drivable,35.31959,139.233,147,1329,No,Late spring; Summer; Autumn,images/JP-GN-10412889,,,
JP-GN-10410612,Daiga Take,Japan,JP,Kanagawa,JP-14,Ashigarashimo-gun,"Daiga Take (Daiga Take) is a named mountains location in Ashigarashimo-gun, Kanagawa, Japan.",Adventure spots|Natural spots,Mountains,Natural landform,Drivable,35.25491,139.01207,1041,1330,No,Late spring; Summer; Autumn,images/JP-GN-10410612,,,
JP-GN-10430552,Doza Kinzan,Japan,JP,Kanagawa,JP-14,Atsugi Shi,"Doza Kinzan (Dōza Kinzan) is a named mountains location in Atsugi Shi, Kanagawa, Japan.",Adventure spots|Natural spots,Mountains,Natural landform,Drivable,35.48798,139.31799,100,1331,No,Late spring; Summer; Autumn,images/JP-GN-10430552,,,
JP-GN-11060169,Enkai Zan,Japan,JP,Kanagawa,JP-14,Yokohama Shi,"Enkai Zan (Enkai Zan) is a named mountains location in Yokohama Shi, Kanagawa, Japan.",Adventure spots|Natural spots,Mountains,Natural landform,Drivable,35.36104,139.59396,156,1332,No,Late spring; Summer; Autumn,images/JP-GN-11060169,,,
JP-GN-10412875,Fudo Yama,Japan,JP,Kanagawa,JP-14,Ashigarakami-gun,"Fudo Yama (Fudō Yama) is a named mountains location in Ashigarakami-gun, Kanagawa, Japan.",Adventure spots|Natural spots,Mountains,Natural landform,Drivable,35.31682,139.19723,321,1333,No,Late spring; Summer; Autumn,images/JP-GN-10412875,,,
JP-GN-8725193,Fuji Yama,Japan,JP,Kanagawa,JP-14,Yokosuka Shi,"Fuji Yama (Fuji Yama) is a named mountains location in Yokosuka Shi, Kanagawa, Japan.",Adventure spots|Natural spots,Mountains,Natural landform,Drivable,35.21567,139.66839,167,1334,No,Late spring; Summer; Autumn,images/JP-GN-8725193,,,
JP-GN-10410439,Furo Yama,Japan,JP,Kanagawa,JP-14,Ashigarakami-gun,"Furo Yama (Furō Yama) is a named mountains location in Ashigarakami-gun, Kanagawa, Japan.",Adventure spots|Natural spots,Mountains,Natural landform,Drivable,35.39981,139.0031,915,1335,No,Late spring; Summer; Autumn,images/JP-GN-10410439,,,
JP-GN-1863759,Futago Yama,Japan,JP,Kanagawa,JP-14,Ashinoyu,"Futago Yama (Futago Yama) is a named mountains location in Ashinoyu, Kanagawa, Japan.",Adventure spots|Natural spots,Mountains,Natural landform,Drivable,35.20937,139.0458,1013,1336,No,Late spring; Summer; Autumn,images/JP-GN-1863759,,,
JP-GN-1863763,Futago Yama,Japan,JP,Kanagawa,JP-14,Zushi Shi,"Futago Yama (Futago Yama) is a named mountains location in Zushi Shi, Kanagawa, Japan.",Adventure spots|Natural spots,Mountains,Natural landform,Drivable,35.28253,139.60598,209,1337,No,Late spring; Summer; Autumn,images/JP-GN-1863763,,,
JP-GN-8726281,Genji Yama,Japan,JP,Kanagawa,JP-14,Kamakura Shi,"Genji Yama (Genji Yama) is a named mountains location in Kamakura Shi, Kanagawa, Japan.",Adventure spots|Natural spots,Mountains,Natural landform,Drivable,35.32479,139.54686,81,1338,No,Late spring; Summer; Autumn,images/JP-GN-8726281,,,
JP-GN-10410444,Gongen Yama,Japan,JP,Kanagawa,JP-14,Ashigarakami-gun,"Gongen Yama (Gongen Yama) is a named mountains location in Ashigarakami-gun, Kanagawa, Japan.",Adventure spots|Natural spots,Mountains,Natural landform,Drivable,35.43055,139.02531,1012,1339,No,Late spring; Summer; Autumn,images/JP-GN-10410444,,,
JP-GN-10410450,Gongen Yama,Japan,JP,Kanagawa,JP-14,Ashigarakami-gun,"Gongen Yama (Gongen Yama) is a named mountains location in Ashigarakami-gun, Kanagawa, Japan.",Adventure spots|Natural spots,Mountains,Natural landform,Drivable,35.46833,139.04885,1120,1340,No,Late spring; Summer; Autumn,images/JP-GN-10410450,,,
JP-GN-10418310,Gongen Yama,Japan,JP,Kanagawa,JP-14,Hadano-shi,"Gongen Yama (Gongen Yama) is a named mountains location in Hadano-shi, Kanagawa, Japan.",Adventure spots|Natural spots,Mountains,Natural landform,Drivable,35.37183,139.24328,232,1341,No,Late spring; Summer; Autumn,images/JP-GN-10418310,,,
JP-GN-10418366,Gyojaga Take,Japan,JP,Kanagawa,JP-14,Hadano-shi,"Gyojaga Take (Gyōjaga Take) is a named mountains location in Hadano-shi, Kanagawa, Japan.",Adventure spots|Natural spots,Mountains,Natural landform,Drivable,35.44659,139.18023,1158,1342,No,Late spring; Summer; Autumn,images/JP-GN-10418366,,,
JP-GN-10430144,Bosaino'oka Koen,Japan,JP,Kanagawa,JP-14,Atsugi Shi,"Bosaino'oka Koen (Bōsaino’oka Kōen) is a named parks location in Atsugi Shi, Kanagawa, Japan.",Natural spots,Parks,Public park or protected area,Drivable,35.43382,139.3429,54,1343,No,Spring; Summer; Autumn,images/JP-GN-10430144,,,
JP-GN-11058869,Fueda Koen,Japan,JP,Kanagawa,JP-14,Kamakura Shi,"Fueda Koen (Fueda Kōen) is a named parks location in Kamakura Shi, Kanagawa, Japan.",Natural spots,Parks,Public park or protected area,Drivable,35.32288,139.52102,58,1344,No,Spring; Summer; Autumn,images/JP-GN-11058869,,,
JP-GN-10862171,Fujimi Koen,Japan,JP,Kanagawa,JP-14,Kawasaki-shi,"Fujimi Koen (Fujimi Kōen) is a named parks location in Kawasaki-shi, Kanagawa, Japan.",Natural spots,Parks,Public park or protected area,Drivable,35.52774,139.7105,5,1345,No,Spring; Summer; Autumn,images/JP-GN-10862171,,,
JP-GN-10409756,Fureai no Mura,Japan,JP,Kanagawa,JP-14,Minamiashigara Shi,"Fureai no Mura (Fureai no Mura) is a named parks location in Minamiashigara Shi, Kanagawa, Japan.",Natural spots,Parks,Public park or protected area,Drivable,35.3121,139.07997,235,1346,No,Spring; Summer; Autumn,images/JP-GN-10409756,,,
JP-GN-10413134,Hadano-tokawa Koen,Japan,JP,Kanagawa,JP-14,Hadano-shi,"Hadano-tokawa Koen (Hadano-tokawa Kōen) is a named parks location in Hadano-shi, Kanagawa, Japan.",Natural spots,Parks,Public park or protected area,Drivable,35.4047,139.17077,279,1347,No,Spring; Summer; Autumn,images/JP-GN-10413134,,,
JP-GN-10370677,Hakone Yasuragino Mori,Japan,JP,Kanagawa,JP-14,Ashigarashimo-gun,"Hakone Yasuragino Mori (Hakone Yasuragino Mori) is a named parks location in Ashigarashimo-gun, Kanagawa, Japan.",Natural spots,Parks,Public park or protected area,Drivable,35.1898,139.01583,765,1348,No,Spring; Summer; Autumn,images/JP-GN-10370677,,,
JP-GN-10419609,Higashino Ike,Japan,JP,Kanagawa,JP-14,Terasaka,"Higashino Ike (Higashino Ike) is a named parks location in Terasaka, Kanagawa, Japan.",Natural spots,Parks,Public park or protected area,Drivable,35.32083,139.28025,26,1349,No,Spring; Summer; Autumn,images/JP-GN-10419609,,,
JP-GN-10954583,Higashiogishima-higashi Koen,Japan,JP,Kanagawa,JP-14,Kawasaki-shi,"Higashiogishima-higashi Koen (Higashiōgishima-higashi Kōen) is a named parks location in Kawasaki-shi, Kanagawa, Japan.",Natural spots,Parks,Public park or protected area,Drivable,35.50456,139.77348,5,1350,No,Spring; Summer; Autumn,images/JP-GN-10954583,,,
JP-GN-10419975,Hiratsukashi Sogo Koen,Japan,JP,Kanagawa,JP-14,Hiratsuka Shi,"Hiratsukashi Sogo Koen (Hiratsukashi Sōgō Kōen) is a named parks location in Hiratsuka Shi, Kanagawa, Japan.",Natural spots,Parks,Public park or protected area,Drivable,35.34205,139.34134,14,1351,No,Spring; Summer; Autumn,images/JP-GN-10419975,,,
JP-GN-11082117,Hodogaya Koen,Japan,JP,Kanagawa,JP-14,Yokohama Shi,"Hodogaya Koen (Hodogaya Kōen) is a named parks location in Yokohama Shi, Kanagawa, Japan.",Natural spots,Parks,Public park or protected area,Drivable,35.45539,139.58478,58,1352,No,Spring; Summer; Autumn,images/JP-GN-11082117,,,
JP-GN-11061026,Honmoku Sancho Koen,Japan,JP,Kanagawa,JP-14,Yokohama Shi,"Honmoku Sancho Koen (Honmoku Sanchō Kōen) is a named parks location in Yokohama Shi, Kanagawa, Japan.",Natural spots,Parks,Public park or protected area,Drivable,35.42403,139.65734,34,1353,No,Spring; Summer; Autumn,images/JP-GN-11061026,,,
JP-GN-11061020,Honmoku Shimin Koen,Japan,JP,Kanagawa,JP-14,Yokohama Shi,"Honmoku Shimin Koen (Honmoku Shimin Kōen) is a named parks location in Yokohama Shi, Kanagawa, Japan.",Natural spots,Parks,Public park or protected area,Drivable,35.41368,139.66112,7,1354,No,Spring; Summer; Autumn,images/JP-GN-11061020,,,
JP-GN-10862421,Ikuta Ryokuchi,Japan,JP,Kanagawa,JP-14,Kawasaki-shi,"Ikuta Ryokuchi (Ikuta Ryokuchi) is a named parks location in Kawasaki-shi, Kanagawa, Japan.",Natural spots,Parks,Public park or protected area,Drivable,35.61094,139.5584,73,1355,No,Spring; Summer; Autumn,images/JP-GN-10862421,,,
JP-GN-11057444,Iriyamazu Koen,Japan,JP,Kanagawa,JP-14,Yokosuka Shi,"Iriyamazu Koen (Iriyamazu Kōen) is a named parks location in Yokosuka Shi, Kanagawa, Japan.",Natural spots,Parks,Public park or protected area,Drivable,35.26803,139.66451,32,1356,No,Spring; Summer; Autumn,images/JP-GN-11057444,,,
JP-GN-11056729,Jogashima Koen,Japan,JP,Kanagawa,JP-14,Miura Shi,"Jogashima Koen (Jōgashima Kōen) is a named parks location in Miura Shi, Kanagawa, Japan.",Natural spots,Parks,Public park or protected area,Drivable,35.13133,139.62535,31,1357,No,Spring; Summer; Autumn,images/JP-GN-11056729,,,
JP-GN-8726601,Kamakura Chuo Koen,Japan,JP,Kanagawa,JP-14,Kamakura Shi,"Kamakura Chuo Koen (Kamakura Chūō Kōen) is a named parks location in Kamakura Shi, Kanagawa, Japan.",Natural spots,Parks,Public park or protected area,Drivable,35.33448,139.53068,64,1358,No,Spring; Summer; Autumn,images/JP-GN-8726601,,,
JP-GN-10410804,Kamifuchu Koen,Japan,JP,Kanagawa,JP-14,Odawara-shi,"Kamifuchu Koen (Kamifuchū Kōen) is a named parks location in Odawara-shi, Kanagawa, Japan.",Natural spots,Parks,Public park or protected area,Drivable,35.30437,139.17229,28,1359,No,Spring; Summer; Autumn,images/JP-GN-10410804,,,
JP-GN-11060721,Kanazawa Shizen Koen,Japan,JP,Kanagawa,JP-14,Yokohama Shi,"Kanazawa Shizen Koen (Kanazawa Shizen Kōen) is a named parks location in Yokohama Shi, Kanagawa, Japan.",Natural spots,Parks,Public park or protected area,Drivable,35.35064,139.59855,101,1360,No,Spring; Summer; Autumn,images/JP-GN-11060721,,,
JP-GN-11057236,Kannonzaki Koen,Japan,JP,Kanagawa,JP-14,Yokosuka Shi,"Kannonzaki Koen (Kannonzaki Kōen) is a named parks location in Yokosuka Shi, Kanagawa, Japan.",Natural spots,Parks,Public park or protected area,Drivable,35.25552,139.74279,57,1361,No,Spring; Summer; Autumn,images/JP-GN-11057236,,,
JP-GN-8725186,Kinukasayama Koen,Japan,JP,Kanagawa,JP-14,Yokosuka Shi,"Kinukasayama Koen (Kinukasayama Kōen) is a named parks location in Yokosuka Shi, Kanagawa, Japan.",Natural spots,Parks,Public park or protected area,Drivable,35.24914,139.66037,100,1362,No,Spring; Summer; Autumn,images/JP-GN-8725186,,,
JP-GN-11083061,Kishine Koen,Japan,JP,Kanagawa,JP-14,Yokohama Shi,"Kishine Koen (Kishine Kōen) is a named parks location in Yokohama Shi, Kanagawa, Japan.",Natural spots,Parks,Public park or protected area,Drivable,35.4941,139.61344,32,1363,No,Spring; Summer; Autumn,images/JP-GN-11083061,,,
JP-GN-11082002,Aratama Gawa,Japan,JP,Kanagawa,JP-14,Minamisaiwai,"Aratama Gawa (Aratama Gawa) is a named rivers location in Minamisaiwai, Kanagawa, Japan.",Natural spots,Rivers,Watercourse,Drivable,35.46396,139.61949,8,1364,No,Spring; Summer; Autumn,images/JP-GN-11082002,,,
JP-GN-10862525,Arima Gawa,Japan,JP,Kanagawa,JP-14,Nogawa,"Arima Gawa (Arima Gawa) is a named rivers location in Nogawa, Kanagawa, Japan.",Natural spots,Rivers,Watercourse,Drivable,35.57196,139.62035,22,1365,No,Spring; Summer; Autumn,images/JP-GN-10862525,,,
JP-GN-10418653,Dainichi Sawa,Japan,JP,Kanagawa,JP-14,Fudakake,"Dainichi Sawa (Dainichi Sawa) is a named rivers location in Fudakake, Kanagawa, Japan.",Natural spots,Rivers,Watercourse,Drivable,35.46738,139.18587,692,1366,No,Spring; Summer; Autumn,images/JP-GN-10418653,,,
JP-GN-10862407,E Gawa,Japan,JP,Kanagawa,JP-14,Ida,"E Gawa (E Gawa) is a named rivers location in Ida, Kanagawa, Japan.",Natural spots,Rivers,Watercourse,Drivable,35.56454,139.63963,9,1367,No,Spring; Summer; Autumn,images/JP-GN-10862407,,,
JP-GN-10419328,Fudo Gawa,Japan,JP,Kanagawa,JP-14,Kokufu-hongo,"Fudo Gawa (Fudō Gawa) is a named rivers location in Kokufu-hongo, Kanagawa, Japan.",Natural spots,Rivers,Watercourse,Drivable,35.30302,139.28645,8,1368,No,Spring; Summer; Autumn,images/JP-GN-10419328,,,
JP-GN-10433663,Fudo Sawa,Japan,JP,Kanagawa,JP-14,Kawara,"Fudo Sawa (Fudō Sawa) is a named rivers location in Kawara, Kanagawa, Japan.",Natural spots,Rivers,Watercourse,Drivable,35.47967,139.26998,163,1369,No,Spring; Summer; Autumn,images/JP-GN-10433663,,,
JP-GN-10370376,Fujiki Gawa,Japan,JP,Kanagawa,JP-14,Yugawara,"Fujiki Gawa (Fujiki Gawa) is a named rivers location in Yugawara, Kanagawa, Japan.",Natural spots,Rivers,Watercourse,Drivable,35.14534,139.07484,104,1370,No,Spring; Summer; Autumn,images/JP-GN-10370376,,,
JP-GN-10418368,Fujikuma Gawa,Japan,JP,Kanagawa,JP-14,Fudakake,"Fujikuma Gawa (Fujikuma Gawa) is a named rivers location in Fudakake, Kanagawa, Japan.",Natural spots,Rivers,Watercourse,Drivable,35.46077,139.21328,479,1371,No,Spring; Summer; Autumn,images/JP-GN-10418368,,,
JP-GN-10412922,Fujisawa Gawa,Japan,JP,Kanagawa,JP-14,Okubo,"Fujisawa Gawa (Fujisawa Gawa) is a named rivers location in Okubo, Kanagawa, Japan.",Natural spots,Rivers,Watercourse,Drivable,35.31814,139.22297,38,1372,No,Spring; Summer; Autumn,images/JP-GN-10412922,,,
JP-GN-10418379,Genjiro Sawa,Japan,JP,Kanagawa,JP-14,Yokono,"Genjiro Sawa (Genjirō Sawa) is a named rivers location in Yokono, Kanagawa, Japan.",Natural spots,Rivers,Watercourse,Drivable,35.43733,139.17199,636,1373,No,Spring; Summer; Autumn,images/JP-GN-10418379,,,
JP-GN-10419603,Hanamizu Gawa,Japan,JP,Kanagawa,JP-14,Nijigahama,"Hanamizu Gawa (Hanamizu Gawa) is a named rivers location in Nijigahama, Kanagawa, Japan.",Natural spots,Rivers,Watercourse,Drivable,35.31293,139.3353,-2,1374,No,Spring; Summer; Autumn,images/JP-GN-10419603,,,
JP-GN-10410389,Hata Sawa,Japan,JP,Kanagawa,JP-14,Arashi,"Hata Sawa (Hata Sawa) is a named rivers location in Arashi, Kanagawa, Japan.",Natural spots,Rivers,Watercourse,Drivable,35.36368,139.04168,170,1375,No,Spring; Summer; Autumn,images/JP-GN-10410389,,,
JP-GN-10426358,Hato Gawa,Japan,JP,Kanagawa,JP-14,Kamigo,"Hato Gawa (Hato Gawa) is a named rivers location in Kamigo, Kanagawa, Japan.",Natural spots,Rivers,Watercourse,Drivable,35.45456,139.37761,24,1376,No,Spring; Summer; Autumn,images/JP-GN-10426358,,,
JP-GN-1862996,Haya Kawa,Japan,JP,Kanagawa,JP-14,Minamicho,"Haya Kawa (Haya Kawa) is a named rivers location in Minamicho, Kanagawa, Japan.",Natural spots,Rivers,Watercourse,Drivable,35.24033,139.15123,9,1377,No,Spring; Summer; Autumn,images/JP-GN-1862996,,,
JP-GN-10862240,Hayabuchi Gawa,Japan,JP,Kanagawa,JP-14,Tsunashima-kamicho,"Hayabuchi Gawa (Hayabuchi Gawa) is a named rivers location in Tsunashima-kamicho, Kanagawa, Japan.",Natural spots,Rivers,Watercourse,Drivable,35.53454,139.62704,2,1378,No,Spring; Summer; Autumn,images/JP-GN-10862240,,,
JP-GN-10433659,Henmuro Sawa,Japan,JP,Kanagawa,JP-14,Susugaya,"Henmuro Sawa (Henmuro Sawa) is a named rivers location in Susugaya, Kanagawa, Japan.",Natural spots,Rivers,Watercourse,Drivable,35.48907,139.27056,158,1379,No,Spring; Summer; Autumn,images/JP-GN-10433659,,,
JP-GN-10410452,Higashi Zawa,Japan,JP,Kanagawa,JP-14,Hokizawa,"Higashi Zawa (Higashi Zawa) is a named rivers location in Hokizawa, Kanagawa, Japan.",Natural spots,Rivers,Watercourse,Drivable,35.47227,139.06262,552,1380,No,Spring; Summer; Autumn,images/JP-GN-10410452,,,
JP-GN-10428233,Hikiji Gawa,Japan,JP,Kanagawa,JP-14,Kugenuma-kaigan,"Hikiji Gawa (Hikiji Gawa) is a named rivers location in Kugenuma-kaigan, Kanagawa, Japan.",Natural spots,Rivers,Watercourse,Drivable,35.31495,139.4683,-6,1381,No,Spring; Summer; Autumn,images/JP-GN-10428233,,,
JP-GN-11059307,Hino Gawa,Japan,JP,Kanagawa,JP-14,Konan-chuodori,"Hino Gawa (Hino Gawa) is a named rivers location in Konan-chuodori, Kanagawa, Japan.",Natural spots,Rivers,Watercourse,Drivable,35.40436,139.59297,11,1382,No,Spring; Summer; Autumn,images/JP-GN-11059307,,,
JP-GN-11059286,Hirado-nagaya Gawa,Japan,JP,Kanagawa,JP-14,Kamiyabecho,"Hirado-nagaya Gawa (Hirado-nagaya Gawa) is a named rivers location in Kamiyabecho, Kanagawa, Japan.",Natural spots,Rivers,Watercourse,Drivable,35.41509,139.53843,15,1383,No,Spring; Summer; Autumn,images/JP-GN-11059286,,,
JP-GN-11057092,Hirasaku Gawa,Japan,JP,Kanagawa,JP-14,Nagase,"Hirasaku Gawa (Hirasaku Gawa) is a named rivers location in Nagase, Kanagawa, Japan.",Natural spots,Rivers,Watercourse,Drivable,35.22671,139.71502,4,1384,No,Spring; Summer; Autumn,images/JP-GN-11057092,,,
JP-GN-10862565,Hirase Gawa,Japan,JP,Kanagawa,JP-14,Futako,"Hirase Gawa (Hirase Gawa) is a named rivers location in Futako, Kanagawa, Japan.",Natural spots,Rivers,Watercourse,Drivable,35.61122,139.61604,13,1385,No,Spring; Summer; Autumn,images/JP-GN-10862565,,,
JP-GN-1865759,Aburashiro Wan,Japan,JP,Kanagawa,JP-14,Misakimachi-moroiso,"Aburashiro Wan (Aburashiro Wan) is a named seas and coastal areas location in Misakimachi-moroiso, Kanagawa, Japan.",Beach spots,Seas and coastal areas,Coastal feature,Drivable,35.15889,139.61796,5,1386,No,Spring; Summer; Autumn,images/JP-GN-1865759,,,
JP-GN-11056783,Bishamon Wan,Japan,JP,Kanagawa,JP-14,Minamishitauramachi-bishamon,"Bishamon Wan (Bishamon Wan) is a named seas and coastal areas location in Minamishitauramachi-bishamon, Kanagawa, Japan.",Beach spots,Seas and coastal areas,Coastal feature,Drivable,35.14088,139.65093,-9999,1387,No,Spring; Summer; Autumn,images/JP-GN-11056783,,,
JP-GN-11056790,Ena Wan,Japan,JP,Kanagawa,JP-14,Minamishitauramachi-matsuwa,"Ena Wan (Ena Wan) is a named seas and coastal areas location in Minamishitauramachi-matsuwa, Kanagawa, Japan.",Beach spots,Seas and coastal areas,Coastal feature,Drivable,35.14386,139.66625,19,1388,No,Spring; Summer; Autumn,images/JP-GN-11056790,,,
JP-GN-1864038,Fukaura Wan,Japan,JP,Kanagawa,JP-14,Uragocho,"Fukaura Wan (Fukaura Wan) is a named seas and coastal areas location in Uragocho, Kanagawa, Japan.",Beach spots,Seas and coastal areas,Coastal feature,Drivable,35.30869,139.63937,19,1389,No,Spring; Summer; Autumn,images/JP-GN-1864038,,,
JP-GN-8724519,Hiragata Wan,Japan,JP,Kanagawa,JP-14,Ottomocho,"Hiragata Wan (Hiragata Wan) is a named seas and coastal areas location in Ottomocho, Kanagawa, Japan.",Beach spots,Seas and coastal areas,Coastal feature,Drivable,35.32658,139.62991,1,1390,No,Spring; Summer; Autumn,images/JP-GN-8724519,,,
JP-GN-1862256,Hommoku-misaki,Japan,JP,Kanagawa,JP-14,Yokohama Shi,"Hommoku-misaki (Hommoku-misaki) is a named seas and coastal areas location in Yokohama Shi, Kanagawa, Japan.",Beach spots,Seas and coastal areas,Coastal feature,Drivable,35.41453,139.66533,17,1391,No,Spring; Summer; Autumn,images/JP-GN-1862256,,,
JP-GN-1861622,Inamuraga Saki,Japan,JP,Kanagawa,JP-14,Kamakura Shi,"Inamuraga Saki (Inamuraga Saki) is a named seas and coastal areas location in Kamakura Shi, Kanagawa, Japan.",Beach spots,Seas and coastal areas,Coastal feature,Drivable,35.30222,139.5256,16,1392,No,Spring; Summer; Autumn,images/JP-GN-1861622,,,
JP-GN-12041532,Juniten Hana (historical),Japan,JP,Kanagawa,JP-14,Yokohama Shi,"Juniten Hana (historical) (Juniten Hana (historical)) is a named seas and coastal areas location in Yokohama Shi, Kanagawa, Japan.",Beach spots,Seas and coastal areas,Coastal feature,Drivable,35.43147,139.66709,7,1393,No,Spring; Summer; Autumn,images/JP-GN-12041532,,,
JP-GN-1860222,Kaneda Wan,Japan,JP,Kanagawa,JP-14,Yokosuka Shi,"Kaneda Wan (Kaneda Wan) is a named seas and coastal areas location in Yokosuka Shi, Kanagawa, Japan.",Beach spots,Seas and coastal areas,Coastal feature,Drivable,35.18861,139.68445,-9999,1394,No,Spring; Summer; Autumn,images/JP-GN-1860222,,,
JP-GN-1859190,Koajiro Wan,Japan,JP,Kanagawa,JP-14,Mizoyama,"Koajiro Wan (Koajiro Wan) is a named seas and coastal areas location in Mizoyama, Kanagawa, Japan.",Beach spots,Seas and coastal areas,Coastal feature,Drivable,35.16459,139.61951,-9999,1395,No,Spring; Summer; Autumn,images/JP-GN-1859190,,,
JP-GN-1858284,Kurihama-wan,Japan,JP,Kanagawa,JP-14,Nagase,"Kurihama-wan (Kurihama-wan) is a named seas and coastal areas location in Nagase, Kanagawa, Japan.",Beach spots,Seas and coastal areas,Coastal feature,Drivable,35.22188,139.7209,1,1396,No,Spring; Summer; Autumn,images/JP-GN-1858284,,,
JP-GN-1857690,Manazuru Misaki,Japan,JP,Kanagawa,JP-14,Ashigarashimo-gun,"Manazuru Misaki (Manazuru Misaki) is a named seas and coastal areas location in Ashigarashimo-gun, Kanagawa, Japan.",Beach spots,Seas and coastal areas,Coastal feature,Drivable,35.14162,139.16048,5,1397,No,Spring; Summer; Autumn,images/JP-GN-1857690,,,
JP-GN-1857465,Matsuwa-saki,Japan,JP,Kanagawa,JP-14,Miura Shi,"Matsuwa-saki (Matsuwa-saki) is a named seas and coastal areas location in Miura Shi, Kanagawa, Japan.",Beach spots,Seas and coastal areas,Coastal feature,Drivable,35.14944,139.67248,20,1398,No,Spring; Summer; Autumn,images/JP-GN-1857465,,,
JP-GN-1856725,Miyada Wan,Japan,JP,Kanagawa,JP-14,Hatsusemachi-irie,"Miyada Wan (Miyada Wan) is a named seas and coastal areas location in Hatsusemachi-irie, Kanagawa, Japan.",Beach spots,Seas and coastal areas,Coastal feature,Drivable,35.18333,139.61667,-9999,1399,No,Spring; Summer; Autumn,images/JP-GN-1856725,,,
JP-GN-11056781,Miyagawa Wan,Japan,JP,Kanagawa,JP-14,Mukogasakicho,"Miyagawa Wan (Miyagawa Wan) is a named seas and coastal areas location in Mukogasakicho, Kanagawa, Japan.",Beach spots,Seas and coastal areas,Coastal feature,Drivable,35.1389,139.63439,-9999,1400,No,Spring; Summer; Autumn,images/JP-GN-11056781,,,
JP-GN-1856558,Moroiso Wan,Japan,JP,Kanagawa,JP-14,Ogamicho,"Moroiso Wan (Moroiso Wan) is a named seas and coastal areas location in Ogamicho, Kanagawa, Japan.",Beach spots,Seas and coastal areas,Coastal feature,Drivable,35.15546,139.6176,5,1401,No,Spring; Summer; Autumn,images/JP-GN-1856558,,,
JP-GN-1856085,Nagaura Wan,Japan,JP,Kanagawa,JP-14,Taura-minatocho,"Nagaura Wan (Nagaura Wan) is a named seas and coastal areas location in Taura-minatocho, Kanagawa, Japan.",Beach spots,Seas and coastal areas,Coastal feature,Drivable,35.29971,139.63974,2,1402,No,Spring; Summer; Autumn,images/JP-GN-1856085,,,
JP-GN-1854088,Omurono-hama,Japan,JP,Kochi,JP-39,Takaoka-gun,"Omurono-hama (Omurono-hama) is a named beaches location in Takaoka-gun, Kochi, Japan.",Beach spots,Beaches,Coastal recreation area,Drivable,33.16763,133.19957,57,1403,No,Summer,images/JP-GN-1854088,,,
JP-GN-8637580,Akiba San,Japan,JP,Kochi,JP-39,Kami Shi,"Akiba San (Akiba San) is a named mountains location in Kami Shi, Kochi, Japan.",Adventure spots|Natural spots,Mountains,Natural landform,Drivable,33.60592,133.75806,474,1404,No,Late spring; Summer; Autumn,images/JP-GN-8637580,,,
JP-GN-1865148,Arase-yama,Japan,JP,Kochi,JP-39,Sukumo Shi,"Arase-yama (Arase-yama) is a named mountains location in Sukumo Shi, Kochi, Japan.",Adventure spots|Natural spots,Mountains,Natural landform,Drivable,32.91667,132.73333,224,1405,No,Late spring; Summer; Autumn,images/JP-GN-1865148,,,
JP-GN-1864812,Banda-mori,Japan,JP,Kochi,JP-39,Susaki-shi,"Banda-mori (Banda-mori) is a named mountains location in Susaki-shi, Kochi, Japan.",Adventure spots|Natural spots,Mountains,Natural landform,Drivable,33.43333,133.26667,325,1406,No,Late spring; Summer; Autumn,images/JP-GN-1864812,,,
JP-GN-1864423,Daishogongen-yama,Japan,JP,Kochi,JP-39,Takaoka-gun,"Daishogongen-yama (Daishōgongen-yama) is a named mountains location in Takaoka-gun, Kochi, Japan.",Adventure spots|Natural spots,Mountains,Natural landform,Drivable,33.3,133.15,522,1407,No,Late spring; Summer; Autumn,images/JP-GN-1864423,,,
JP-GN-1864371,Doga-mori,Japan,JP,Kochi,JP-39,Shimanto Shi,"Doga-mori (Dōga-mori) is a named mountains location in Shimanto Shi, Kochi, Japan.",Adventure spots|Natural spots,Mountains,Natural landform,Drivable,33.15,132.88333,463,1408,No,Late spring; Summer; Autumn,images/JP-GN-1864371,,,
JP-GN-1863597,Goiga Mori,Japan,JP,Kochi,JP-39,Aki Shi,"Goiga Mori (Goiga Mori) is a named mountains location in Aki Shi, Kochi, Japan.",Adventure spots|Natural spots,Mountains,Natural landform,Drivable,33.6494,133.93474,1168,1409,No,Late spring; Summer; Autumn,images/JP-GN-1863597,,,
JP-GN-1863514,Gozaishono-mine,Japan,JP,Kochi,JP-39,Hata-gun,"Gozaishono-mine (Gozaishono-mine) is a named mountains location in Hata-gun, Kochi, Japan.",Adventure spots|Natural spots,Mountains,Natural landform,Drivable,33.16667,133.15,229,1410,No,Late spring; Summer; Autumn,images/JP-GN-1863514,,,
JP-GN-1863028,Hatcho Yama,Japan,JP,Kochi,JP-39,Nagaoka Gun,"Hatcho Yama (Hatchō Yama) is a named mountains location in Nagaoka Gun, Kochi, Japan.",Adventure spots|Natural spots,Mountains,Natural landform,Drivable,33.81612,133.62559,1012,1411,No,Late spring; Summer; Autumn,images/JP-GN-1863028,,,
JP-GN-1862925,Heikedaira,Japan,JP,Kochi,JP-39,Agawa-gun,"Heikedaira (Heikedaira) is a named mountains location in Agawa-gun, Kochi, Japan.",Adventure spots|Natural spots,Mountains,Natural landform,Drivable,33.8,133.33333,1249,1412,No,Late spring; Summer; Autumn,images/JP-GN-1862925,,,
JP-GN-1862862,Hiegoya Yama,Japan,JP,Kochi,JP-39,Aki Gun,"Hiegoya Yama (Hiegoya Yama) is a named mountains location in Aki Gun, Kochi, Japan.",Adventure spots|Natural spots,Mountains,Natural landform,Drivable,33.64654,134.05597,1225,1413,No,Late spring; Summer; Autumn,images/JP-GN-1862862,,,
JP-GN-1862339,Hiuchi-yama,Japan,JP,Kochi,JP-39,Takaoka-gun,"Hiuchi-yama (Hiuchi-yama) is a named mountains location in Takaoka-gun, Kochi, Japan.",Adventure spots|Natural spots,Mountains,Natural landform,Drivable,33.28333,133.2,189,1414,No,Late spring; Summer; Autumn,images/JP-GN-1862339,,,
JP-GN-1862190,Honjo-zan,Japan,JP,Kochi,JP-39,Sukumo Shi,"Honjo-zan (Honjō-zan) is a named mountains location in Sukumo Shi, Kochi, Japan.",Adventure spots|Natural spots,Mountains,Natural landform,Drivable,32.95,132.73333,19,1415,No,Late spring; Summer; Autumn,images/JP-GN-1862190,,,
JP-GN-1862086,Hotokega-mori,Japan,JP,Kochi,JP-39,Hata-gun,"Hotokega-mori (Hotokega-mori) is a named mountains location in Hata-gun, Kochi, Japan.",Adventure spots|Natural spots,Mountains,Natural landform,Drivable,33.1,133.03333,269,1416,No,Late spring; Summer; Autumn,images/JP-GN-1862086,,,
JP-GN-8634947,Hozo Yama,Japan,JP,Kochi,JP-39,Aki Shi,"Hozo Yama (Hōzō Yama) is a named mountains location in Aki Shi, Kochi, Japan.",Adventure spots|Natural spots,Mountains,Natural landform,Drivable,33.66799,134.06866,1225,1417,No,Late spring; Summer; Autumn,images/JP-GN-8634947,,,
JP-GN-1861679,Imano-yama,Japan,JP,Kochi,JP-39,Tosa-shimizu Shi,"Imano-yama (Imano-yama) is a named mountains location in Tosa-shimizu Shi, Kochi, Japan.",Adventure spots|Natural spots,Mountains,Natural landform,Drivable,32.85,132.85,712,1418,No,Late spring; Summer; Autumn,images/JP-GN-1861679,,,
JP-GN-1861651,Imose-yama,Japan,JP,Kochi,JP-39,Sukumo Shi,"Imose-yama (Imose-yama) is a named mountains location in Sukumo Shi, Kochi, Japan.",Adventure spots|Natural spots,Mountains,Natural landform,Drivable,32.72702,132.55258,383,1419,No,Late spring; Summer; Autumn,images/JP-GN-1861651,,,
JP-GN-1861620,Inamura-yama,Japan,JP,Kochi,JP-39,Tosa-gun,"Inamura-yama (Inamura-yama) is a named mountains location in Tosa-gun, Kochi, Japan.",Adventure spots|Natural spots,Mountains,Natural landform,Drivable,33.75,133.36667,1506,1420,No,Late spring; Summer; Autumn,images/JP-GN-1861620,,,
JP-GN-1861501,Irazu-yama,Japan,JP,Kochi,JP-39,Takaoka-gun,"Irazu-yama (Irazu-yama) is a named mountains location in Takaoka-gun, Kochi, Japan.",Adventure spots|Natural spots,Mountains,Natural landform,Drivable,33.43333,133.06667,871,1421,No,Late spring; Summer; Autumn,images/JP-GN-1861501,,,
JP-GN-1861364,Ishidate Yama,Japan,JP,Kochi,JP-39,Kami Shi,"Ishidate Yama (Ishidate Yama) is a named mountains location in Kami Shi, Kochi, Japan.",Adventure spots|Natural spots,Mountains,Natural landform,Drivable,33.78475,134.05486,1696,1422,No,Late spring; Summer; Autumn,images/JP-GN-1861364,,,
JP-GN-1861369,Ishimiji-yama,Japan,JP,Kochi,JP-39,Shimanto Shi,"Ishimiji-yama (Ishimiji-yama) is a named mountains location in Shimanto Shi, Kochi, Japan.",Adventure spots|Natural spots,Mountains,Natural landform,Drivable,33.01667,132.95,249,1423,No,Late spring; Summer; Autumn,images/JP-GN-1861369,,,
JP-GN-8637578,Akano Gawa,Japan,JP,Kochi,JP-39,Wajiki,"Akano Gawa (Akano Gawa) is a named rivers location in Wajiki, Kochi, Japan.",Natural spots,Rivers,Watercourse,Drivable,33.51277,133.83499,3,1424,No,Spring; Summer; Autumn,images/JP-GN-8637578,,,
JP-GN-1865445,Aki Gawa,Japan,JP,Kochi,JP-39,Aki,"Aki Gawa (Aki Gawa) is a named rivers location in Aki, Kochi, Japan.",Natural spots,Rivers,Watercourse,Drivable,33.49496,133.91145,2,1425,No,Spring; Summer; Autumn,images/JP-GN-1865445,,,
JP-GN-8636729,Ananai Gawa,Japan,JP,Kochi,JP-39,Aki,"Ananai Gawa (Ananai Gawa) is a named rivers location in Aki, Kochi, Japan.",Natural spots,Rivers,Watercourse,Drivable,33.50554,133.85693,6,1426,No,Spring; Summer; Autumn,images/JP-GN-8636729,,,
JP-GN-8638227,Ananai Gawa,Japan,JP,Kochi,JP-39,Otaguchi,"Ananai Gawa (Ananai Gawa) is a named rivers location in Otaguchi, Kochi, Japan.",Natural spots,Rivers,Watercourse,Drivable,33.78693,133.70184,217,1427,No,Spring; Summer; Autumn,images/JP-GN-8638227,,,
JP-GN-1863195,Hane Gawa,Japan,JP,Kochi,JP-39,Hanecho,"Hane Gawa (Hane Gawa) is a named rivers location in Hanecho, Kochi, Japan.",Natural spots,Rivers,Watercourse,Drivable,33.36335,134.05981,2,1428,No,Spring; Summer; Autumn,images/JP-GN-1863195,,,
JP-GN-8634955,Higashi Gawa,Japan,JP,Kochi,JP-39,Yanase,"Higashi Gawa (Higashi Gawa) is a named rivers location in Yanase, Kochi, Japan.",Natural spots,Rivers,Watercourse,Drivable,33.6271,134.12751,435,1429,No,Spring; Summer; Autumn,images/JP-GN-8634955,,,
JP-GN-1862759,Higashino Kawa,Japan,JP,Kochi,JP-39,Kiragawacho,"Higashino Kawa (Higashino Kawa) is a named rivers location in Kiragawacho, Kochi, Japan.",Natural spots,Rivers,Watercourse,Drivable,33.32837,134.10171,4,1430,No,Spring; Summer; Autumn,images/JP-GN-1862759,,,
JP-GN-1861522,Ioki Gawa,Japan,JP,Kochi,JP-39,Aki,"Ioki Gawa (Ioki Gawa) is a named rivers location in Aki, Kochi, Japan.",Natural spots,Rivers,Watercourse,Drivable,33.4936,133.91687,7,1431,No,Spring; Summer; Autumn,images/JP-GN-1861522,,,
JP-GN-1860858,Kagami Gawa,Japan,JP,Kochi,JP-39,Higashi-harami,"Kagami Gawa (Kagami Gawa) is a named rivers location in Higashi-harami, Kochi, Japan.",Natural spots,Rivers,Watercourse,Drivable,33.54832,133.5614,1,1432,No,Spring; Summer; Autumn,images/JP-GN-1860858,,,
JP-GN-8638223,Kashino Kawa,Japan,JP,Kochi,JP-39,Suketo,"Kashino Kawa (Kashino Kawa) is a named rivers location in Suketo, Kochi, Japan.",Natural spots,Rivers,Watercourse,Drivable,33.75728,133.59683,236,1433,No,Spring; Summer; Autumn,images/JP-GN-8638223,,,
JP-GN-1858966,Kokubu Gawa,Japan,JP,Kochi,JP-39,Higashi-harami,"Kokubu Gawa (Kokubu Gawa) is a named rivers location in Higashi-harami, Kochi, Japan.",Natural spots,Rivers,Watercourse,Drivable,33.55,133.56667,1,1434,No,Spring; Summer; Autumn,images/JP-GN-1858966,,,
JP-GN-8637581,Koso Gawa,Japan,JP,Kochi,JP-39,Akaokacho,"Koso Gawa (Kōsō Gawa) is a named rivers location in Akaokacho, Kochi, Japan.",Natural spots,Rivers,Watercourse,Drivable,33.53841,133.73101,4,1435,No,Spring; Summer; Autumn,images/JP-GN-8637581,,,
JP-GN-8638228,Mai Gawa,Japan,JP,Kochi,JP-39,Kahokucho-nagase,"Mai Gawa (Mai Gawa) is a named rivers location in Kahokucho-nagase, Kochi, Japan.",Natural spots,Rivers,Watercourse,Drivable,33.68984,133.86708,206,1436,No,Spring; Summer; Autumn,images/JP-GN-8638228,,,
JP-GN-1856598,Monobe Gawa,Japan,JP,Kochi,JP-39,Sumiyoshi,"Monobe Gawa (Monobe Gawa) is a named rivers location in Sumiyoshi, Kochi, Japan.",Natural spots,Rivers,Watercourse,Drivable,33.53502,133.68586,1,1437,No,Spring; Summer; Autumn,images/JP-GN-1856598,,,
JP-GN-1856031,Nahari Gawa,Japan,JP,Kochi,JP-39,Nahari,"Nahari Gawa (Nahari Gawa) is a named rivers location in Nahari, Kochi, Japan.",Natural spots,Rivers,Watercourse,Drivable,33.42253,134.01119,0,1438,No,Spring; Summer; Autumn,images/JP-GN-1856031,,,
JP-GN-1855210,Nishino Kawa,Japan,JP,Kochi,JP-39,Kiragawacho,"Nishino Kawa (Nishino Kawa) is a named rivers location in Kiragawacho, Kochi, Japan.",Natural spots,Rivers,Watercourse,Drivable,33.33297,134.09228,3,1439,No,Spring; Summer; Autumn,images/JP-GN-1855210,,,
JP-GN-1854983,None Gawa,Japan,JP,Kochi,JP-39,None,"None Gawa (None Gawa) is a named rivers location in None, Kochi, Japan.",Natural spots,Rivers,Watercourse,Drivable,33.49762,134.26863,-1,1440,No,Spring; Summer; Autumn,images/JP-GN-1854983,,,
JP-GN-8638229,Noritomo Gawa,Japan,JP,Kochi,JP-39,Odochi,"Noritomo Gawa (Noritomo Gawa) is a named rivers location in Odochi, Kochi, Japan.",Natural spots,Rivers,Watercourse,Drivable,33.69998,133.9001,214,1441,No,Spring; Summer; Autumn,images/JP-GN-8638229,,,
JP-GN-8636727,Ogawa Gawa,Japan,JP,Kochi,JP-39,Agura,"Ogawa Gawa (Ogawa Gawa) is a named rivers location in Agura, Kochi, Japan.",Natural spots,Rivers,Watercourse,Drivable,33.51412,134.13831,164,1442,No,Spring; Summer; Autumn,images/JP-GN-8636727,,,
JP-GN-1852353,Shimoda Gawa,Japan,JP,Kochi,JP-39,Higashi-harami,"Shimoda Gawa (Shimoda Gawa) is a named rivers location in Higashi-harami, Kochi, Japan.",Natural spots,Rivers,Watercourse,Drivable,33.53951,133.57118,0,1443,No,Spring; Summer; Autumn,images/JP-GN-1852353,,,
JP-GN-1852067,Shinkawa Gawa,Japan,JP,Kochi,JP-39,Nagahama,"Shinkawa Gawa (Shinkawa Gawa) is a named rivers location in Nagahama, Kochi, Japan.",Natural spots,Rivers,Watercourse,Drivable,33.48421,133.51795,3,1444,No,Spring; Summer; Autumn,images/JP-GN-1852067,,,
JP-GN-8638230,Sugikuma Gawa,Japan,JP,Kochi,JP-39,Doi,"Sugikuma Gawa (Sugikuma Gawa) is a named rivers location in Doi, Kochi, Japan.",Natural spots,Rivers,Watercourse,Drivable,33.757,134.02814,529,1445,No,Spring; Summer; Autumn,images/JP-GN-8638230,,,
JP-GN-1865098,Ari Saki,Japan,JP,Kochi,JP-39,Tosa-shimizu Shi,"Ari Saki (Ari Saki) is a named seas and coastal areas location in Tosa-shimizu Shi, Kochi, Japan.",Beach spots,Seas and coastal areas,Coastal feature,Drivable,32.82899,132.95958,17,1446,No,Spring; Summer; Autumn,images/JP-GN-1865098,,,
JP-GN-1865093,Asabae Zaki,Japan,JP,Kochi,JP-39,Hata-gun,"Asabae Zaki (Asabae Zaki) is a named seas and coastal areas location in Hata-gun, Kochi, Japan.",Beach spots,Seas and coastal areas,Coastal feature,Drivable,32.76798,132.65119,26,1447,No,Spring; Summer; Autumn,images/JP-GN-1865093,,,
JP-GN-1863189,Hane Zaki,Japan,JP,Kochi,JP-39,Muroto Shi,"Hane Zaki (Hane Zaki) is a named seas and coastal areas location in Muroto Shi, Kochi, Japan.",Beach spots,Seas and coastal areas,Coastal feature,Drivable,33.37173,134.03907,42,1448,No,Spring; Summer; Autumn,images/JP-GN-1863189,,,
JP-GN-1862067,Ho-zaki,Japan,JP,Kochi,JP-39,Hata-gun,"Ho-zaki (Hō-zaki) is a named seas and coastal areas location in Hata-gun, Kochi, Japan.",Beach spots,Seas and coastal areas,Coastal feature,Drivable,32.75368,132.75799,8,1449,No,Spring; Summer; Autumn,images/JP-GN-1862067,,,
JP-GN-1861611,Inari-zaki,Japan,JP,Kochi,JP-39,Tosa-shimizu Shi,"Inari-zaki (Inari-zaki) is a named seas and coastal areas location in Tosa-shimizu Shi, Kochi, Japan.",Beach spots,Seas and coastal areas,Coastal feature,Drivable,32.76129,133.01679,29,1450,No,Spring; Summer; Autumn,images/JP-GN-1861611,,,
JP-GN-1860118,Kanon-zaki,Japan,JP,Kochi,JP-39,Hata-gun,"Kanon-zaki (Kanon-zaki) is a named seas and coastal areas location in Hata-gun, Kochi, Japan.",Beach spots,Seas and coastal areas,Coastal feature,Drivable,32.79629,132.62674,1,1451,No,Spring; Summer; Autumn,images/JP-GN-1860118,,,
JP-GN-1855677,Nammyono-hana,Japan,JP,Kochi,JP-39,Kochi Shi,"Nammyono-hana (Nammyōno-hana) is a named seas and coastal areas location in Kochi Shi, Kochi, Japan.",Beach spots,Seas and coastal areas,Coastal feature,Drivable,33.51667,133.56667,7,1452,No,Spring; Summer; Autumn,images/JP-GN-1855677,,,
JP-GN-1854894,Nuno Saki,Japan,JP,Kochi,JP-39,Tosa-shimizu Shi,"Nuno Saki (Nuno Saki) is a named seas and coastal areas location in Tosa-shimizu Shi, Kochi, Japan.",Beach spots,Seas and coastal areas,Coastal feature,Drivable,32.86272,132.99325,9,1453,No,Spring; Summer; Autumn,images/JP-GN-1854894,,,
JP-GN-1848138,Okitsu Misaki,Japan,JP,Kochi,JP-39,Takaoka-gun,"Okitsu Misaki (Okitsu Misaki) is a named seas and coastal areas location in Takaoka-gun, Kochi, Japan.",Beach spots,Seas and coastal areas,Coastal feature,Drivable,33.15381,133.22219,61,1454,No,Spring; Summer; Autumn,images/JP-GN-1848138,,,
JP-GN-1853474,Oyama-saki,Japan,JP,Kochi,JP-39,Aki Shi,"Oyama-saki (Ōyama-saki) is a named seas and coastal areas location in Aki Shi, Kochi, Japan.",Beach spots,Seas and coastal areas,Coastal feature,Drivable,33.46667,133.95,161,1455,No,Spring; Summer; Autumn,images/JP-GN-1853474,,,
JP-GN-1851787,Shiroiwa Bana,Japan,JP,Kochi,JP-39,Sukumo Shi,"Shiroiwa Bana (Shiroiwa Bana) is a named seas and coastal areas location in Sukumo Shi, Kochi, Japan.",Beach spots,Seas and coastal areas,Coastal feature,Drivable,32.73035,132.53521,14,1456,No,Spring; Summer; Autumn,images/JP-GN-1851787,,,
JP-GN-1850457,Tei Misaki,Japan,JP,Kochi,JP-39,Konan Shi,"Tei Misaki (Tei Misaki) is a named seas and coastal areas location in Konan Shi, Kochi, Japan.",Beach spots,Seas and coastal areas,Coastal feature,Drivable,33.52093,133.7553,15,1457,No,Spring; Summer; Autumn,images/JP-GN-1850457,,,
JP-GN-1849531,Tsutome Zaki,Japan,JP,Kochi,JP-39,Hata-gun,"Tsutome Zaki (Tsutome Zaki) is a named seas and coastal areas location in Hata-gun, Kochi, Japan.",Beach spots,Seas and coastal areas,Coastal feature,Drivable,32.8006,132.62912,-9999,1458,No,Spring; Summer; Autumn,images/JP-GN-1849531,,,
JP-GN-1849224,Urado Wan,Japan,JP,Kochi,JP-39,Mozukata,"Urado Wan (Urado Wan) is a named seas and coastal areas location in Mozukata, Kochi, Japan.",Beach spots,Seas and coastal areas,Coastal feature,Drivable,33.50126,133.55985,1,1459,No,Spring; Summer; Autumn,images/JP-GN-1849224,,,
JP-GN-1849108,Usubae-saki,Japan,JP,Kochi,JP-39,Tosa-shimizu Shi,"Usubae-saki (Usubae-saki) is a named seas and coastal areas location in Tosa-shimizu Shi, Kochi, Japan.",Beach spots,Seas and coastal areas,Coastal feature,Drivable,32.73144,132.96497,9,1460,No,Spring; Summer; Autumn,images/JP-GN-1849108,,,
JP-GN-11265370,Kujiramichi,Japan,JP,Kumamoto,JP-43,Amakusa Shi,"Kujiramichi (Kujiramichi) is a named beaches location in Amakusa Shi, Kumamoto, Japan.",Beach spots,Beaches,Coastal recreation area,Drivable,32.4839,130.28138,4,1461,No,Summer,images/JP-GN-11265370,,,
JP-GN-11269869,Shiratono Hama,Japan,JP,Kumamoto,JP-43,Kamiamakusa Shi,"Shiratono Hama (Shiratono Hama) is a named beaches location in Kamiamakusa Shi, Kumamoto, Japan.",Beach spots,Beaches,Coastal recreation area,Drivable,32.39664,130.40133,-1,1462,No,Summer,images/JP-GN-11269869,,,
JP-GN-11247727,Shiratsuru Hama,Japan,JP,Kumamoto,JP-43,Amakusa Shi,"Shiratsuru Hama (Shiratsuru Hama) is a named beaches location in Amakusa Shi, Kumamoto, Japan.",Beach spots,Beaches,Coastal recreation area,Drivable,32.37918,129.99515,10,1463,No,Summer,images/JP-GN-11247727,,,
JP-GN-11275847,Ishinuki anakannon Yokoana,Japan,JP,Kumamoto,JP-43,Tamana Shi,"Ishinuki anakannon Yokoana (Ishinuki anakannon Yokoana) is a named caves location in Tamana Shi, Kumamoto, Japan.",Natural spots,Caves,Natural cave,Drivable,32.97017,130.5626,44,1464,No,Spring; Summer; Autumn,images/JP-GN-11275847,,,
JP-GN-10209313,Kyusen Do,Japan,JP,Kumamoto,JP-43,Kuma-gun,"Kyusen Do (Kyūsen Dō) is a named caves location in Kuma-gun, Kumamoto, Japan.",Natural spots,Caves,Natural cave,Drivable,32.27498,130.61511,134,1465,No,Spring; Summer; Autumn,images/JP-GN-10209313,,,
JP-GN-11325356,Onino Do,Japan,JP,Kumamoto,JP-43,Yamaga Shi,"Onino Do (Onino Dō) is a named caves location in Yamaga Shi, Kumamoto, Japan.",Natural spots,Caves,Natural cave,Drivable,33.10389,130.83114,931,1466,No,Spring; Summer; Autumn,images/JP-GN-11325356,,,
JP-GN-11222803,Hatabe Gen'ya,Japan,JP,Kumamoto,JP-43,Matoishi,"Hatabe Gen'ya (Hatabe Gen’ya) is a named forests location in Matoishi, Kumamoto, Japan.",Natural spots,Forests,Forest area,Drivable,32.96484,130.97338,894,1467,No,Spring; Summer; Autumn,images/JP-GN-11222803,,,
JP-GN-11222799,Matoishi Gen'ya,Japan,JP,Kumamoto,JP-43,Matoishi,"Matoishi Gen'ya (Matoishi Gen’ya) is a named forests location in Matoishi, Kumamoto, Japan.",Natural spots,Forests,Forest area,Drivable,32.9348,130.97523,857,1468,No,Spring; Summer; Autumn,images/JP-GN-11222799,,,
JP-GN-11241440,Tenjin Mori,Japan,JP,Kumamoto,JP-43,Kitanakashima,"Tenjin Mori (Tenjin Mori) is a named forests location in Kitanakashima, Kumamoto, Japan.",Natural spots,Forests,Forest area,Drivable,32.74449,130.9368,542,1469,No,Spring; Summer; Autumn,images/JP-GN-11241440,,,
JP-GN-11246006,Ikeda Ike,Japan,JP,Kumamoto,JP-43,Onikimachi,"Ikeda Ike (Ikeda Ike) is a named lakes location in Onikimachi, Kumamoto, Japan.",Natural spots,Lakes,Inland water body,Drivable,32.24763,129.98616,1,1470,No,Spring; Summer; Autumn,images/JP-GN-11246006,,,
JP-GN-11247765,Omanga Ike,Japan,JP,Kumamoto,JP-43,Amakusamachi-oe,"Omanga Ike (Omanga Ike) is a named lakes location in Amakusamachi-oe, Kumamoto, Japan.",Natural spots,Lakes,Inland water body,Drivable,32.32437,129.99004,3,1471,No,Spring; Summer; Autumn,images/JP-GN-11247765,,,
JP-GN-10221053,Hitoyoshijo Ato,Japan,JP,Kumamoto,JP-43,Hitoyoshi Shi,"Hitoyoshijo Ato (Hitoyoshijō Ato) is a named monuments location in Hitoyoshi Shi, Kumamoto, Japan.",Historical spots,Monuments,Public historic site or monument,Drivable,32.21099,130.7663,149,1472,No,Year-round,images/JP-GN-10221053,,,
JP-GN-11209785,Kumamotojo Ato,Japan,JP,Kumamoto,JP-43,Kumamoto Shi,"Kumamotojo Ato (Kumamotojō Ato) is a named monuments location in Kumamoto Shi, Kumamoto, Japan.",Historical spots,Monuments,Public historic site or monument,Drivable,32.80565,130.70428,33,1473,No,Year-round,images/JP-GN-11209785,,,
JP-GN-11192126,Shohinken,Japan,JP,Kumamoto,JP-43,Yatsushiro Shi,"Shohinken (Shōhinken) is a named monuments location in Yatsushiro Shi, Kumamoto, Japan.",Historical spots,Monuments,Public historic site or monument,Drivable,32.50924,130.59682,6,1474,No,Year-round,images/JP-GN-11192126,,,
JP-GN-8629193,Tanaka Castle,Japan,JP,Kumamoto,JP-43,Tamana-gun,"Tanaka Castle (Tanaka Castle) is a named monuments location in Tamana-gun, Kumamoto, Japan.",Historical spots,Monuments,Public historic site or monument,Drivable,33.07854,130.59475,93,1475,No,Year-round,images/JP-GN-8629193,,,
JP-GN-11265836,Tomioka Christian Kuyohi,Japan,JP,Kumamoto,JP-43,Amakusa Gun,"Tomioka Christian Kuyohi (Tomioka Christian Kuyōhi) is a named monuments location in Amakusa Gun, Kumamoto, Japan.",Historical spots,Monuments,Public historic site or monument,Drivable,32.51229,130.0391,3,1476,No,Year-round,images/JP-GN-11265836,,,
JP-GN-11402727,Akagi Yama,Japan,JP,Kumamoto,JP-43,Kuma-gun,"Akagi Yama (Akagi Yama) is a named mountains location in Kuma-gun, Kumamoto, Japan.",Adventure spots|Natural spots,Mountains,Natural landform,Drivable,32.16319,131.04921,903,1477,No,Late spring; Summer; Autumn,images/JP-GN-11402727,,,
JP-GN-11248298,Akajo Yama,Japan,JP,Kumamoto,JP-43,Amakusa Shi,"Akajo Yama (Akajō Yama) is a named mountains location in Amakusa Shi, Kumamoto, Japan.",Adventure spots|Natural spots,Mountains,Natural landform,Drivable,32.35497,130.16316,207,1478,No,Late spring; Summer; Autumn,images/JP-GN-11248298,,,
JP-GN-10209052,Akibarai Yama,Japan,JP,Kumamoto,JP-43,Kuma-gun,"Akibarai Yama (Akibarai Yama) is a named mountains location in Kuma-gun, Kumamoto, Japan.",Adventure spots|Natural spots,Mountains,Natural landform,Drivable,32.32068,130.66931,922,1479,No,Late spring; Summer; Autumn,images/JP-GN-10209052,,,
JP-GN-11402738,Akuso Yama,Japan,JP,Kumamoto,JP-43,Kuma-gun,"Akuso Yama (Akuso Yama) is a named mountains location in Kuma-gun, Kumamoto, Japan.",Adventure spots|Natural spots,Mountains,Natural landform,Drivable,32.20953,131.05398,939,1480,No,Late spring; Summer; Autumn,images/JP-GN-11402738,,,
JP-GN-10208813,Amafuki Yama,Japan,JP,Kumamoto,JP-43,Hitoyoshi Shi,"Amafuki Yama (Amafuki Yama) is a named mountains location in Hitoyoshi Shi, Kumamoto, Japan.",Adventure spots|Natural spots,Mountains,Natural landform,Drivable,32.20048,130.74641,194,1481,No,Late spring; Summer; Autumn,images/JP-GN-10208813,,,
JP-GN-11267654,Amazura San,Japan,JP,Kumamoto,JP-43,Kamiamakusa Shi,"Amazura San (Amazura San) is a named mountains location in Kamiamakusa Shi, Kumamoto, Japan.",Adventure spots|Natural spots,Mountains,Natural landform,Drivable,32.46024,130.37748,194,1482,No,Late spring; Summer; Autumn,images/JP-GN-11267654,,,
JP-GN-1865169,Arao Dake,Japan,JP,Kumamoto,JP-43,Amakusa Shi,"Arao Dake (Arao Dake) is a named mountains location in Amakusa Shi, Kumamoto, Japan.",Adventure spots|Natural spots,Mountains,Natural landform,Drivable,32.3549,129.98399,327,1483,No,Late spring; Summer; Autumn,images/JP-GN-1865169,,,
JP-GN-11209541,Arao Yama,Japan,JP,Kumamoto,JP-43,Kumamoto Shi,"Arao Yama (Arao Yama) is a named mountains location in Kumamoto Shi, Kumamoto, Japan.",Adventure spots|Natural spots,Mountains,Natural landform,Drivable,32.8194,130.66486,432,1484,No,Late spring; Summer; Autumn,images/JP-GN-11209541,,,
JP-GN-1864972,Aso-san,Japan,JP,Kumamoto,JP-43,Shikimi,"Aso-san (Aso-san) is a named mountains location in Shikimi, Kumamoto, Japan.",Adventure spots|Natural spots,Mountains,Natural landform,Drivable,32.88391,131.09659,1506,1485,No,Late spring; Summer; Autumn,images/JP-GN-1864972,,,
JP-GN-11247646,Atago Yama,Japan,JP,Kumamoto,JP-43,Amakusa Shi,"Atago Yama (Atago Yama) is a named mountains location in Amakusa Shi, Kumamoto, Japan.",Adventure spots|Natural spots,Mountains,Natural landform,Drivable,32.38186,130.01356,249,1486,No,Late spring; Summer; Autumn,images/JP-GN-11247646,,,
JP-GN-11241435,Batei Zan,Japan,JP,Kumamoto,JP-43,Kamimashiki-gun,"Batei Zan (Batei Zan) is a named mountains location in Kamimashiki-gun, Kumamoto, Japan.",Adventure spots|Natural spots,Mountains,Natural landform,Drivable,32.76257,130.97242,725,1487,No,Late spring; Summer; Autumn,images/JP-GN-11241435,,,
JP-GN-11360052,Benten San,Japan,JP,Kumamoto,JP-43,Koshi Shi,"Benten San (Benten San) is a named mountains location in Koshi Shi, Kumamoto, Japan.",Adventure spots|Natural spots,Mountains,Natural landform,Drivable,32.89643,130.72561,124,1488,No,Late spring; Summer; Autumn,images/JP-GN-11360052,,,
JP-GN-11247644,Binnomizu Yama,Japan,JP,Kumamoto,JP-43,Amakusa Shi,"Binnomizu Yama (Binnomizu Yama) is a named mountains location in Amakusa Shi, Kumamoto, Japan.",Adventure spots|Natural spots,Mountains,Natural landform,Drivable,32.39618,130.04407,388,1489,No,Late spring; Summer; Autumn,images/JP-GN-11247644,,,
JP-GN-11249336,Boshi Dake,Japan,JP,Kumamoto,JP-43,Amakusa Shi,"Boshi Dake (Bōshi Dake) is a named mountains location in Amakusa Shi, Kumamoto, Japan.",Adventure spots|Natural spots,Mountains,Natural landform,Drivable,32.42122,130.15646,451,1490,No,Late spring; Summer; Autumn,images/JP-GN-11249336,,,
JP-GN-11248088,Byobu Yama,Japan,JP,Kumamoto,JP-43,Amakusa Shi,"Byobu Yama (Byōbu Yama) is a named mountains location in Amakusa Shi, Kumamoto, Japan.",Adventure spots|Natural spots,Mountains,Natural landform,Drivable,32.34725,130.19282,251,1491,No,Late spring; Summer; Autumn,images/JP-GN-11248088,,,
JP-GN-10253391,Chausu Yama,Japan,JP,Kumamoto,JP-43,Yatsushiro Shi,"Chausu Yama (Chausu Yama) is a named mountains location in Yatsushiro Shi, Kumamoto, Japan.",Adventure spots|Natural spots,Mountains,Natural landform,Drivable,32.47796,130.92832,1420,1492,No,Late spring; Summer; Autumn,images/JP-GN-10253391,,,
JP-GN-11220950,Chishaga Mine,Japan,JP,Kumamoto,JP-43,Kikuchi Shi,"Chishaga Mine (Chishaga Mine) is a named mountains location in Kikuchi Shi, Kumamoto, Japan.",Adventure spots|Natural spots,Mountains,Natural landform,Drivable,32.96959,130.88487,376,1493,No,Late spring; Summer; Autumn,images/JP-GN-11220950,,,
JP-GN-11147748,Chorai Zan,Japan,JP,Kumamoto,JP-43,Kamimashiki-gun,"Chorai Zan (Chōrai Zan) is a named mountains location in Kamimashiki-gun, Kumamoto, Japan.",Adventure spots|Natural spots,Mountains,Natural landform,Drivable,32.7707,130.86365,442,1494,No,Late spring; Summer; Autumn,images/JP-GN-11147748,,,
JP-GN-11192338,Daigyoji Yama,Japan,JP,Kumamoto,JP-43,Yatsushiro Shi,"Daigyoji Yama (Daigyōji Yama) is a named mountains location in Yatsushiro Shi, Kumamoto, Japan.",Adventure spots|Natural spots,Mountains,Natural landform,Drivable,32.56521,130.83766,930,1495,No,Late spring; Summer; Autumn,images/JP-GN-11192338,,,
JP-GN-11267153,Daikan Zan,Japan,JP,Kumamoto,JP-43,Kamiamakusa Shi,"Daikan Zan (Daikan Zan) is a named mountains location in Kamiamakusa Shi, Kumamoto, Japan.",Adventure spots|Natural spots,Mountains,Natural landform,Drivable,32.55761,130.47378,116,1496,No,Late spring; Summer; Autumn,images/JP-GN-11267153,,,
JP-GN-11274110,Akada Ike,Japan,JP,Kumamoto,JP-43,Nobara,"Akada Ike (Akada Ike) is a named parks location in Nobara, Kumamoto, Japan.",Natural spots,Parks,Public park or protected area,Drivable,32.95584,130.49391,22,1497,No,Spring; Summer; Autumn,images/JP-GN-11274110,,,
JP-GN-11149546,Aso Farm Land,Japan,JP,Kumamoto,JP-43,Aso-gun,"Aso Farm Land (Aso Farm Land) is a named parks location in Aso-gun, Kumamoto, Japan.",Natural spots,Parks,Public park or protected area,Drivable,32.89903,131.00422,542,1498,No,Spring; Summer; Autumn,images/JP-GN-11149546,,,
JP-GN-11265830,Fukuro Ike,Japan,JP,Kumamoto,JP-43,Tomioka,"Fukuro Ike (Fukuro Ike) is a named parks location in Tomioka, Kumamoto, Japan.",Natural spots,Parks,Public park or protected area,Drivable,32.52704,130.03165,6,1499,No,Spring; Summer; Autumn,images/JP-GN-11265830,,,
JP-GN-11175676,Hagio Tameike,Japan,JP,Kumamoto,JP-43,Matsubasemachi-hagio,"Hagio Tameike (Hagio Tameike) is a named parks location in Matsubasemachi-hagio, Kumamoto, Japan.",Natural spots,Parks,Public park or protected area,Drivable,32.65404,130.72639,46,1500,No,Spring; Summer; Autumn,images/JP-GN-11175676,,,
JP-GN-11173276,Hanazono Ike,Japan,JP,Kumamoto,JP-43,Tachiokamachi,"Hanazono Ike (Hanazono Ike) is a named parks location in Tachiokamachi, Kumamoto, Japan.",Natural spots,Parks,Public park or protected area,Drivable,32.67712,130.6904,16,1501,No,Spring; Summer; Autumn,images/JP-GN-11173276,,,
JP-GN-11229262,Hanjaku Ko,Japan,JP,Kumamoto,JP-43,Hanjaku,"Hanjaku Ko (Hanjaku Ko) is a named parks location in Hanjaku, Kumamoto, Japan.",Natural spots,Parks,Public park or protected area,Drivable,33.04941,130.85629,232,1502,No,Spring; Summer; Autumn,images/JP-GN-11229262,,,
JP-GN-11243244,Higotai Koen,Japan,JP,Kumamoto,JP-43,Aso-gun,"Higotai Koen (Higotai Kōen) is a named parks location in Aso-gun, Kumamoto, Japan.",Natural spots,Parks,Public park or protected area,Drivable,33.05689,131.20285,919,1503,No,Spring; Summer; Autumn,images/JP-GN-11243244,,,
JP-GN-11250517,Hirose Koen,Japan,JP,Kumamoto,JP-43,Amakusa Shi,"Hirose Koen (Hirose Kōen) is a named parks location in Amakusa Shi, Kumamoto, Japan.",Natural spots,Parks,Public park or protected area,Drivable,32.46931,130.19451,24,1504,No,Spring; Summer; Autumn,images/JP-GN-11250517,,,
JP-GN-11274161,Ikeguro Ike,Japan,JP,Kumamoto,JP-43,Arao,"Ikeguro Ike (Ikeguro Ike) is a named parks location in Arao, Kumamoto, Japan.",Natural spots,Parks,Public park or protected area,Drivable,32.98611,130.45683,18,1505,No,Spring; Summer; Autumn,images/JP-GN-11274161,,,
JP-GN-11276135,Jagatani Koen,Japan,JP,Kumamoto,JP-43,Tamana Shi,"Jagatani Koen (Jagatani Kōen) is a named parks location in Tamana Shi, Kumamoto, Japan.",Natural spots,Parks,Public park or protected area,Drivable,32.94622,130.54925,47,1506,No,Spring; Summer; Autumn,images/JP-GN-11276135,,,
JP-GN-11334170,Kamono Ike,Japan,JP,Kumamoto,JP-43,Tateyama,"Kamono Ike (Kamōno Ike) is a named parks location in Tateyama, Kumamoto, Japan.",Natural spots,Parks,Public park or protected area,Drivable,33.01872,130.74597,83,1507,No,Spring; Summer; Autumn,images/JP-GN-11334170,,,
JP-GN-11214367,Kikuchi Koen,Japan,JP,Kumamoto,JP-43,Kikuchi Shi,"Kikuchi Koen (Kikuchi Kōen) is a named parks location in Kikuchi Shi, Kumamoto, Japan.",Natural spots,Parks,Public park or protected area,Drivable,32.98603,130.82036,109,1508,No,Spring; Summer; Autumn,images/JP-GN-11214367,,,
JP-GN-11209526,Kitaoka Shizen Koen,Japan,JP,Kumamoto,JP-43,Kumamoto Shi,"Kitaoka Shizen Koen (Kitaoka Shizen Kōen) is a named parks location in Kumamoto Shi, Kumamoto, Japan.",Natural spots,Parks,Public park or protected area,Drivable,32.79629,130.69151,28,1509,No,Spring; Summer; Autumn,images/JP-GN-11209526,,,
JP-GN-11333529,Kodainomori,Japan,JP,Kumamoto,JP-43,Yamaga Shi,"Kodainomori (Kodainomori) is a named parks location in Yamaga Shi, Kumamoto, Japan.",Natural spots,Parks,Public park or protected area,Drivable,33.02437,130.66626,56,1510,No,Spring; Summer; Autumn,images/JP-GN-11333529,,,
JP-GN-11209786,Kumamotojo Koen,Japan,JP,Kumamoto,JP-43,Kumamoto Shi,"Kumamotojo Koen (Kumamotojō Kōen) is a named parks location in Kumamoto Shi, Kumamoto, Japan.",Natural spots,Parks,Public park or protected area,Drivable,32.80711,130.70224,35,1511,No,Spring; Summer; Autumn,images/JP-GN-11209786,,,
JP-GN-11209899,Kumamotoshi Doshokubutsuen,Japan,JP,Kumamoto,JP-43,Kumamoto Shi,"Kumamotoshi Doshokubutsuen (Kumamotoshi Dōshokubutsuen) is a named parks location in Kumamoto Shi, Kumamoto, Japan.",Natural spots,Parks,Public park or protected area,Drivable,32.77481,130.74769,5,1512,No,Spring; Summer; Autumn,images/JP-GN-11209899,,,
JP-GN-11266517,Motoizumi Tameike,Japan,JP,Kumamoto,JP-43,Hondomachi-motoizumi,"Motoizumi Tameike (Motoizumi Tameike) is a named parks location in Hondomachi-motoizumi, Kumamoto, Japan.",Natural spots,Parks,Public park or protected area,Drivable,32.47604,130.16906,42,1513,No,Spring; Summer; Autumn,images/JP-GN-11266517,,,
JP-GN-11248556,Nishinokubo Koen,Japan,JP,Kumamoto,JP-43,Amakusa Shi,"Nishinokubo Koen (Nishinokubo Kōen) is a named parks location in Amakusa Shi, Kumamoto, Japan.",Natural spots,Parks,Public park or protected area,Drivable,32.46714,130.16756,59,1514,No,Spring; Summer; Autumn,images/JP-GN-11248556,,,
JP-GN-11172783,Suginamiki Koen,Japan,JP,Kumamoto,JP-43,Kikuchi-gun,"Suginamiki Koen (Suginamiki Kōen) is a named parks location in Kikuchi-gun, Kumamoto, Japan.",Natural spots,Parks,Public park or protected area,Drivable,32.86739,130.80685,87,1515,No,Spring; Summer; Autumn,images/JP-GN-11172783,,,
JP-GN-11209897,Suizenji-ezuko Koen,Japan,JP,Kumamoto,JP-43,Kumamoto Shi,"Suizenji-ezuko Koen (Suizenji-ezuko Kōen) is a named parks location in Kumamoto Shi, Kumamoto, Japan.",Natural spots,Parks,Public park or protected area,Drivable,32.77373,130.74632,4,1516,No,Spring; Summer; Autumn,images/JP-GN-11209897,,,
JP-GN-11173277,Tachioka Ike,Japan,JP,Kumamoto,JP-43,Hanazono-daimachi,"Tachioka Ike (Tachioka Ike) is a named parks location in Hanazono-daimachi, Kumamoto, Japan.",Natural spots,Parks,Public park or protected area,Drivable,32.67604,130.69306,5,1517,No,Spring; Summer; Autumn,images/JP-GN-11173277,,,
JP-GN-10214779,Aburatani Gawa,Japan,JP,Kumamoto,JP-43,Sakamotomachi-sakamoto,"Aburatani Gawa (Aburatani Gawa) is a named rivers location in Sakamotomachi-sakamoto, Kumamoto, Japan.",Natural spots,Rivers,Watercourse,Drivable,32.4412,130.66089,19,1518,No,Spring; Summer; Autumn,images/JP-GN-10214779,,,
JP-GN-11267249,Aitsu Gawa,Japan,JP,Kumamoto,JP-43,Matsushimamachi-aitsu,"Aitsu Gawa (Aitsu Gawa) is a named rivers location in Matsushimamachi-aitsu, Kumamoto, Japan.",Natural spots,Rivers,Watercourse,Drivable,32.51756,130.43407,1,1519,No,Spring; Summer; Autumn,images/JP-GN-11267249,,,
JP-GN-11247312,Akagi Gawa,Japan,JP,Kumamoto,JP-43,Kawauramachi-shingo,"Akagi Gawa (Akagi Gawa) is a named rivers location in Kawauramachi-shingo, Kumamoto, Japan.",Natural spots,Rivers,Watercourse,Drivable,32.32259,130.10962,60,1520,No,Spring; Summer; Autumn,images/JP-GN-11247312,,,
JP-GN-11147676,Akai Gawa,Japan,JP,Kumamoto,JP-43,Akai,"Akai Gawa (Akai Gawa) is a named rivers location in Akai, Kumamoto, Japan.",Natural spots,Rivers,Watercourse,Drivable,32.77827,130.81708,4,1521,No,Spring; Summer; Autumn,images/JP-GN-11147676,,,
JP-GN-10211139,Akamatsu Gawa,Japan,JP,Kumamoto,JP-43,Tanouramachi,"Akamatsu Gawa (Akamatsu Gawa) is a named rivers location in Tanouramachi, Kumamoto, Japan.",Natural spots,Rivers,Watercourse,Drivable,32.36034,130.50273,1,1522,No,Spring; Summer; Autumn,images/JP-GN-10211139,,,
JP-GN-11265875,Akanita Gawa,Japan,JP,Kumamoto,JP-43,Tororo,"Akanita Gawa (Akanita Gawa) is a named rivers location in Tororo, Kumamoto, Japan.",Natural spots,Rivers,Watercourse,Drivable,32.45058,130.07565,124,1523,No,Spring; Summer; Autumn,images/JP-GN-11265875,,,
JP-GN-11147914,Akitsu Gawa,Japan,JP,Kumamoto,JP-43,Akitsumachi-akita,"Akitsu Gawa (Akitsu Gawa) is a named rivers location in Akitsumachi-akita, Kumamoto, Japan.",Natural spots,Rivers,Watercourse,Drivable,32.76517,130.76438,6,1524,No,Spring; Summer; Autumn,images/JP-GN-11147914,,,
JP-GN-10211034,Amatsuki Gawa,Japan,JP,Kumamoto,JP-43,Shiroishi,"Amatsuki Gawa (Amatsuki Gawa) is a named rivers location in Shiroishi, Kumamoto, Japan.",Natural spots,Rivers,Watercourse,Drivable,32.29173,130.60169,59,1525,No,Spring; Summer; Autumn,images/JP-GN-10211034,,,
JP-GN-11264959,Amida Gawa,Japan,JP,Kumamoto,JP-43,Sumotomachi-furue,"Amida Gawa (Amida Gawa) is a named rivers location in Sumotomachi-furue, Kumamoto, Japan.",Natural spots,Rivers,Watercourse,Drivable,32.40553,130.27856,-3,1526,No,Spring; Summer; Autumn,images/JP-GN-11264959,,,
JP-GN-11172956,Amitsu Gawa,Japan,JP,Kumamoto,JP-43,Sumiyoshimachi,"Amitsu Gawa (Amitsu Gawa) is a named rivers location in Sumiyoshimachi, Kumamoto, Japan.",Natural spots,Rivers,Watercourse,Drivable,32.70774,130.5921,0,1527,No,Spring; Summer; Autumn,images/JP-GN-11172956,,,
JP-GN-11191109,Anko Gawa,Japan,JP,Kumamoto,JP-43,Kagamimachi-nozaki,"Anko Gawa (Ankō Gawa) is a named rivers location in Kagamimachi-nozaki, Kumamoto, Japan.",Natural spots,Rivers,Watercourse,Drivable,32.5821,130.63066,1,1528,No,Spring; Summer; Autumn,images/JP-GN-11191109,,,
JP-GN-11265515,Ara Kawa,Japan,JP,Kumamoto,JP-43,Jonokoba,"Ara Kawa (Ara Kawa) is a named rivers location in Jonokoba, Kumamoto, Japan.",Natural spots,Rivers,Watercourse,Drivable,32.49563,130.14855,24,1529,No,Spring; Summer; Autumn,images/JP-GN-11265515,,,
JP-GN-11248390,Araikiri Gawa,Japan,JP,Kumamoto,JP-43,Honmachi-hon,"Araikiri Gawa (Araikiri Gawa) is a named rivers location in Honmachi-hon, Kumamoto, Japan.",Natural spots,Rivers,Watercourse,Drivable,32.44201,130.10643,189,1530,No,Spring; Summer; Autumn,images/JP-GN-11248390,,,
JP-GN-11175217,Asa Kawa,Japan,JP,Kumamoto,JP-43,Matsubasemachi-higashimatsuzaki,"Asa Kawa (Asa Kawa) is a named rivers location in Matsubasemachi-higashimatsuzaki, Kumamoto, Japan.",Natural spots,Rivers,Watercourse,Drivable,32.64687,130.67184,2,1531,No,Spring; Summer; Autumn,images/JP-GN-11175217,,,
JP-GN-11402893,Ashikari Gawa,Japan,JP,Kumamoto,JP-43,Yude,"Ashikari Gawa (Ashikari Gawa) is a named rivers location in Yude, Kumamoto, Japan.",Natural spots,Rivers,Watercourse,Drivable,32.15609,130.44175,125,1532,No,Spring; Summer; Autumn,images/JP-GN-11402893,,,
JP-GN-10254233,Aso Gawa,Japan,JP,Kumamoto,JP-43,Sue,"Aso Gawa (Aso Gawa) is a named rivers location in Sue, Kumamoto, Japan.",Natural spots,Rivers,Watercourse,Drivable,32.26899,130.90921,150,1533,No,Spring; Summer; Autumn,images/JP-GN-10254233,,,
JP-GN-11243357,Baba Gawa,Japan,JP,Kumamoto,JP-43,Akababa,"Baba Gawa (Baba Gawa) is a named rivers location in Akababa, Kumamoto, Japan.",Natural spots,Rivers,Watercourse,Drivable,33.09811,131.06977,449,1534,No,Spring; Summer; Autumn,images/JP-GN-11243357,,,
JP-GN-11248373,Banuki Gawa,Japan,JP,Kumamoto,JP-43,Haji-utomachi,"Banuki Gawa (Banuki Gawa) is a named rivers location in Haji-utomachi, Kumamoto, Japan.",Natural spots,Rivers,Watercourse,Drivable,32.42294,130.11702,192,1535,No,Spring; Summer; Autumn,images/JP-GN-11248373,,,
JP-GN-11193453,Bisho Gawa,Japan,JP,Kumamoto,JP-43,Toyomachi-kawamata,"Bisho Gawa (Bishō Gawa) is a named rivers location in Toyomachi-kawamata, Kumamoto, Japan.",Natural spots,Rivers,Watercourse,Drivable,32.51843,130.73666,142,1536,No,Spring; Summer; Autumn,images/JP-GN-11193453,,,
JP-GN-11329680,Chida Gawa,Japan,JP,Kumamoto,JP-43,Kamotomachi-koyanagi,"Chida Gawa (Chida Gawa) is a named rivers location in Kamotomachi-koyanagi, Kumamoto, Japan.",Natural spots,Rivers,Watercourse,Drivable,32.99425,130.71014,19,1537,No,Spring; Summer; Autumn,images/JP-GN-11329680,,,
JP-GN-11175233,Chigo Gawa,Japan,JP,Kumamoto,JP-43,Ogawamachi-sumiyoshi,"Chigo Gawa (Chigo Gawa) is a named rivers location in Ogawamachi-sumiyoshi, Kumamoto, Japan.",Natural spots,Rivers,Watercourse,Drivable,32.60252,130.67913,0,1538,No,Spring; Summer; Autumn,images/JP-GN-11175233,,,
JP-GN-11264960,Chigozaki Gawa,Japan,JP,Kumamoto,JP-43,Sumotomachi-furue,"Chigozaki Gawa (Chigozaki Gawa) is a named rivers location in Sumotomachi-furue, Kumamoto, Japan.",Natural spots,Rivers,Watercourse,Drivable,32.39984,130.28517,-2,1539,No,Spring; Summer; Autumn,images/JP-GN-11264960,,,
JP-GN-11246893,Asami Wan,Japan,JP,Kumamoto,JP-43,Fukamimachi,"Asami Wan (Asami Wan) is a named seas and coastal areas location in Fukamimachi, Kumamoto, Japan.",Beach spots,Seas and coastal areas,Coastal feature,Drivable,32.22883,130.08589,1,1540,No,Spring; Summer; Autumn,images/JP-GN-11246893,,,
JP-GN-11264983,Chugata Ura,Japan,JP,Kumamoto,JP-43,Kuratakemachi-miyada,"Chugata Ura (Chūgata Ura) is a named seas and coastal areas location in Kuratakemachi-miyada, Kumamoto, Japan.",Beach spots,Seas and coastal areas,Coastal feature,Drivable,32.39988,130.32657,1,1541,No,Spring; Summer; Autumn,images/JP-GN-11264983,,,
JP-GN-11246898,Fukami Wan,Japan,JP,Kumamoto,JP-43,Fukamimachi,"Fukami Wan (Fukami Wan) is a named seas and coastal areas location in Fukamimachi, Kumamoto, Japan.",Beach spots,Seas and coastal areas,Coastal feature,Drivable,32.25192,130.10113,1,1542,No,Spring; Summer; Autumn,images/JP-GN-11246898,,,
JP-GN-11402749,Fuku Ura,Japan,JP,Kumamoto,JP-43,Fukuhama,"Fuku Ura (Fuku Ura) is a named seas and coastal areas location in Fukuhama, Kumamoto, Japan.",Beach spots,Seas and coastal areas,Coastal feature,Drivable,32.28474,130.46346,-9999,1543,No,Spring; Summer; Autumn,images/JP-GN-11402749,,,
JP-GN-1863941,Fukuro Wan,Japan,JP,Kumamoto,JP-43,Fukuro,"Fukuro Wan (Fukuro Wan) is a named seas and coastal areas location in Fukuro, Kumamoto, Japan.",Beach spots,Seas and coastal areas,Coastal feature,Drivable,32.17915,130.37428,-9999,1544,No,Spring; Summer; Autumn,images/JP-GN-1863941,,,
JP-GN-11247277,Funatsu Wan,Japan,JP,Kumamoto,JP-43,Nishikone,"Funatsu Wan (Funatsu Wan) is a named seas and coastal areas location in Nishikone, Kumamoto, Japan.",Beach spots,Seas and coastal areas,Coastal feature,Drivable,32.30727,130.15003,-9999,1545,No,Spring; Summer; Autumn,images/JP-GN-11247277,,,
JP-GN-11247634,Genbu Zaki,Japan,JP,Kumamoto,JP-43,Amakusa Shi,"Genbu Zaki (Genbu Zaki) is a named seas and coastal areas location in Amakusa Shi, Kumamoto, Japan.",Beach spots,Seas and coastal areas,Coastal feature,Drivable,32.42802,130.00696,1,1546,No,Spring; Summer; Autumn,images/JP-GN-11247634,,,
JP-GN-11246092,Haya Ura,Japan,JP,Kumamoto,JP-43,Kawauramachi-rogi,"Haya Ura (Haya Ura) is a named seas and coastal areas location in Kawauramachi-rogi, Kumamoto, Japan.",Beach spots,Seas and coastal areas,Coastal feature,Drivable,32.28889,130.05813,1,1547,No,Spring; Summer; Autumn,images/JP-GN-11246092,,,
JP-GN-11209388,Hotoke Zaki,Japan,JP,Kumamoto,JP-43,Kumamoto Shi,"Hotoke Zaki (Hotoke Zaki) is a named seas and coastal areas location in Kumamoto Shi, Kumamoto, Japan.",Beach spots,Seas and coastal areas,Coastal feature,Drivable,32.81136,130.59596,24,1548,No,Spring; Summer; Autumn,images/JP-GN-11209388,,,
JP-GN-11245517,Idenokuchi Ura,Japan,JP,Kumamoto,JP-43,Ushibukamachi,"Idenokuchi Ura (Idenokuchi Ura) is a named seas and coastal areas location in Ushibukamachi, Kumamoto, Japan.",Beach spots,Seas and coastal areas,Coastal feature,Drivable,32.17898,130.03636,1,1549,No,Spring; Summer; Autumn,images/JP-GN-11245517,,,
JP-GN-11246053,Kame Ura,Japan,JP,Kumamoto,JP-43,Kawauramachi-imatomi,"Kame Ura (Kame Ura) is a named seas and coastal areas location in Kawauramachi-imatomi, Kumamoto, Japan.",Beach spots,Seas and coastal areas,Coastal feature,Drivable,32.28635,130.03161,1,1550,No,Spring; Summer; Autumn,images/JP-GN-11246053,,,
JP-GN-1859782,Katsu Saki,Japan,JP,Kumamoto,JP-43,Amakusa Shi,"Katsu Saki (Katsu Saki) is a named seas and coastal areas location in Amakusa Shi, Kumamoto, Japan.",Beach spots,Seas and coastal areas,Coastal feature,Drivable,32.19981,130.04483,26,1551,No,Spring; Summer; Autumn,images/JP-GN-1859782,,,
JP-GN-11247613,Kikaiga Ura,Japan,JP,Kumamoto,JP-43,Kikaigaura,"Kikaiga Ura (Kikaiga Ura) is a named seas and coastal areas location in Kikaigaura, Kumamoto, Japan.",Beach spots,Seas and coastal areas,Coastal feature,Drivable,32.41179,130.00357,-9999,1552,No,Spring; Summer; Autumn,images/JP-GN-11247613,,,
JP-GN-11245516,Ko Zaki,Japan,JP,Kumamoto,JP-43,Amakusa Shi,"Ko Zaki (Ko Zaki) is a named seas and coastal areas location in Amakusa Shi, Kumamoto, Japan.",Beach spots,Seas and coastal areas,Coastal feature,Drivable,32.1792,130.03782,1,1553,No,Spring; Summer; Autumn,images/JP-GN-11245516,,,
JP-GN-11245274,Kuro Saki,Japan,JP,Kumamoto,JP-43,Amakusa Shi,"Kuro Saki (Kuro Saki) is a named seas and coastal areas location in Amakusa Shi, Kumamoto, Japan.",Beach spots,Seas and coastal areas,Coastal feature,Drivable,32.1971,129.99108,8,1554,No,Spring; Summer; Autumn,images/JP-GN-11245274,,,
JP-GN-11245969,Kutama Ura,Japan,JP,Kumamoto,JP-43,Ushibukamachi,"Kutama Ura (Kutama Ura) is a named seas and coastal areas location in Ushibukamachi, Kumamoto, Japan.",Beach spots,Seas and coastal areas,Coastal feature,Drivable,32.21047,130.03193,1,1555,No,Spring; Summer; Autumn,images/JP-GN-11245969,,,
JP-GN-1857447,Matsuzaki-wan,Japan,JP,Kumamoto,JP-43,Kone,"Matsuzaki-wan (Matsuzaki-wan) is a named seas and coastal areas location in Kone, Kumamoto, Japan.",Beach spots,Seas and coastal areas,Coastal feature,Drivable,32.31994,130.1558,2,1556,No,Spring; Summer; Autumn,images/JP-GN-1857447,,,
JP-GN-1863536,Goshiki-hama,Japan,JP,Kyoto,JP-26,Kyotango Shi,"Goshiki-hama (Goshiki-hama) is a named beaches location in Kyotango Shi, Kyoto, Japan.",Beach spots,Beaches,Coastal recreation area,Drivable,35.6814,134.97905,26,1557,No,Summer,images/JP-GN-1863536,,,
JP-GN-1864974,Aso-kai,Japan,JP,Kyoto,JP-26,Iwataki,"Aso-kai (Aso-kai) is a named lakes location in Iwataki, Kyoto, Japan.",Natural spots,Lakes,Inland water body,Drivable,35.56667,135.16667,-1,1558,No,Spring; Summer; Autumn,images/JP-GN-1864974,,,
JP-GN-1863231,Hanare-ko,Japan,JP,Kyoto,JP-26,Amino,"Hanare-ko (Hanare-ko) is a named lakes location in Amino, Kyoto, Japan.",Natural spots,Lakes,Inland water body,Drivable,35.69067,135.04145,-2,1559,No,Spring; Summer; Autumn,images/JP-GN-1863231,,,
JP-GN-1865447,Akiba-yama,Japan,JP,Kyoto,JP-26,Miyazu Shi,"Akiba-yama (Akiba-yama) is a named mountains location in Miyazu Shi, Kyoto, Japan.",Adventure spots|Natural spots,Mountains,Natural landform,Drivable,35.5,135.21667,351,1560,No,Late spring; Summer; Autumn,images/JP-GN-1865447,,,
JP-GN-1864951,Atago-yama,Japan,JP,Kyoto,JP-26,Kyoto Shi,"Atago-yama (Atago-yama) is a named mountains location in Kyoto Shi, Kyoto, Japan.",Adventure spots|Natural spots,Mountains,Natural landform,Drivable,35.06667,135.63333,924,1561,No,Late spring; Summer; Autumn,images/JP-GN-1864951,,,
JP-GN-1864601,Chikaraishi-yama,Japan,JP,Kyoto,JP-26,Kyotango Shi,"Chikaraishi-yama (Chikaraishi-yama) is a named mountains location in Kyotango Shi, Kyoto, Japan.",Adventure spots|Natural spots,Mountains,Natural landform,Drivable,35.7,135.13333,150,1562,No,Late spring; Summer; Autumn,images/JP-GN-1864601,,,
JP-GN-1864501,Choroga-dake,Japan,JP,Kyoto,JP-26,Funai-gun,"Choroga-dake (Chōrōga-dake) is a named mountains location in Funai-gun, Kyoto, Japan.",Adventure spots|Natural spots,Mountains,Natural landform,Drivable,35.30336,135.47379,917,1563,No,Late spring; Summer; Autumn,images/JP-GN-1864501,,,
JP-GN-9635309,Daigo Yama,Japan,JP,Kyoto,JP-26,Kyoto Shi,"Daigo Yama (Daigo Yama) is a named mountains location in Kyoto Shi, Kyoto, Japan.",Adventure spots|Natural spots,Mountains,Natural landform,Drivable,34.94955,135.8385,428,1564,No,Late spring; Summer; Autumn,images/JP-GN-9635309,,,
JP-GN-1864445,Daimonji-yama,Japan,JP,Kyoto,JP-26,Kyoto Shi,"Daimonji-yama (Daimonji-yama) is a named mountains location in Kyoto Shi, Kyoto, Japan.",Adventure spots|Natural spots,Mountains,Natural landform,Drivable,35.04482,135.7299,314,1565,No,Late spring; Summer; Autumn,images/JP-GN-1864445,,,
JP-GN-1864446,Daimonji-yama,Japan,JP,Kyoto,JP-26,Kyoto Shi,"Daimonji-yama (Daimonji-yama) is a named mountains location in Kyoto Shi, Kyoto, Japan.",Adventure spots|Natural spots,Mountains,Natural landform,Drivable,35.01973,135.81161,455,1566,No,Late spring; Summer; Autumn,images/JP-GN-1864446,,,
JP-GN-1864238,Egasa-yama,Japan,JP,Kyoto,JP-26,Kumohara,"Egasa-yama (Egasa-yama) is a named mountains location in Kumohara, Kyoto, Japan.",Adventure spots|Natural spots,Mountains,Natural landform,Drivable,35.45,135.05,691,1567,No,Late spring; Summer; Autumn,images/JP-GN-1864238,,,
JP-GN-6415889,Funatsu-yama,Japan,JP,Kyoto,JP-26,Yosa-gun,"Funatsu-yama (Funatsu-yama) is a named mountains location in Yosa-gun, Kyoto, Japan.",Adventure spots|Natural spots,Mountains,Natural landform,Drivable,35.74138,135.23297,548,1568,No,Late spring; Summer; Autumn,images/JP-GN-6415889,,,
JP-GN-9636697,Gorin Zan,Japan,JP,Kyoto,JP-26,Tsuzuki-gun,"Gorin Zan (Gorin Zan) is a named mountains location in Tsuzuki-gun, Kyoto, Japan.",Adventure spots|Natural spots,Mountains,Natural landform,Drivable,34.83323,135.87853,390,1569,No,Late spring; Summer; Autumn,images/JP-GN-9636697,,,
JP-GN-9635338,Goun Mine,Japan,JP,Kyoto,JP-26,Uji Shi,"Goun Mine (Goun Mine) is a named mountains location in Uji Shi, Kyoto, Japan.",Adventure spots|Natural spots,Mountains,Natural landform,Drivable,34.91154,135.82562,314,1570,No,Late spring; Summer; Autumn,images/JP-GN-9635338,,,
JP-GN-1862860,Hiei-zan,Japan,JP,Kyoto,JP-26,Kyoto Shi,"Hiei-zan (Hiei-zan) is a named mountains location in Kyoto Shi, Kyoto, Japan.",Adventure spots|Natural spots,Mountains,Natural landform,Drivable,35.06106,135.83118,848,1571,No,Late spring; Summer; Autumn,images/JP-GN-1862860,,,
JP-GN-1862711,Higashi-yama,Japan,JP,Kyoto,JP-26,Kyoto Shi,"Higashi-yama (Higashi-yama) is a named mountains location in Kyoto Shi, Kyoto, Japan.",Adventure spots|Natural spots,Mountains,Natural landform,Drivable,35.05579,135.78664,159,1572,No,Late spring; Summer; Autumn,images/JP-GN-1862711,,,
JP-GN-1862349,Hitsuga-dake,Japan,JP,Kyoto,JP-26,Hashizume,"Hitsuga-dake (Hitsuga-dake) is a named mountains location in Hashizume, Kyoto, Japan.",Adventure spots|Natural spots,Mountains,Natural landform,Drivable,35.13211,135.36927,550,1573,No,Late spring; Summer; Autumn,images/JP-GN-1862349,,,
JP-GN-1862093,Hotaku-san,Japan,JP,Kyoto,JP-26,Kyotango Shi,"Hotaku-san (Hotaku-san) is a named mountains location in Kyotango Shi, Kyoto, Japan.",Adventure spots|Natural spots,Mountains,Natural landform,Drivable,35.51667,134.93333,449,1574,No,Late spring; Summer; Autumn,images/JP-GN-1862093,,,
JP-GN-1861979,Ichigao-san,Japan,JP,Kyoto,JP-26,Kyotango Shi,"Ichigao-san (Ichigao-san) is a named mountains location in Kyotango Shi, Kyoto, Japan.",Adventure spots|Natural spots,Mountains,Natural landform,Drivable,35.73333,135.13333,413,1575,No,Late spring; Summer; Autumn,images/JP-GN-1861979,,,
JP-GN-1864987,Isanago-yama,Japan,JP,Kyoto,JP-26,Kyotango Shi,"Isanago-yama (Isanago-yama) is a named mountains location in Kyotango Shi, Kyoto, Japan.",Adventure spots|Natural spots,Mountains,Natural landform,Drivable,35.5482,135.03769,635,1576,No,Late spring; Summer; Autumn,images/JP-GN-1864987,,,
JP-GN-9636653,Jubu San,Japan,JP,Kyoto,JP-26,Soraku-gun,"Jubu San (Jūbu San) is a named mountains location in Soraku-gun, Kyoto, Japan.",Adventure spots|Natural spots,Mountains,Natural landform,Drivable,34.83036,135.90738,662,1577,No,Late spring; Summer; Autumn,images/JP-GN-9636653,,,
JP-GN-1860007,Kasagi Yama,Japan,JP,Kyoto,JP-26,Soraku-gun,"Kasagi Yama (Kasagi Yama) is a named mountains location in Soraku-gun, Kyoto, Japan.",Adventure spots|Natural spots,Mountains,Natural landform,Drivable,34.75506,135.94246,269,1578,No,Late spring; Summer; Autumn,images/JP-GN-1860007,,,
JP-GN-1859389,Kisen Yama,Japan,JP,Kyoto,JP-26,Uji Shi,"Kisen Yama (Kisen Yama) is a named mountains location in Uji Shi, Kyoto, Japan.",Adventure spots|Natural spots,Mountains,Natural landform,Drivable,34.89623,135.84731,387,1579,No,Late spring; Summer; Autumn,images/JP-GN-1859389,,,
JP-GN-8125828,Kyoto Imperial Palace,Japan,JP,Kyoto,JP-26,Kyoto Shi,"Kyoto Imperial Palace (Kyoto Imperial Palace) is a named parks location in Kyoto Shi, Kyoto, Japan.",Natural spots,Parks,Public park or protected area,Drivable,35.02328,135.76329,53,1580,No,Spring; Summer; Autumn,images/JP-GN-8125828,,,
JP-GN-12022118,Maruyama park,Japan,JP,Kyoto,JP-26,Kyoto Shi,"Maruyama park (Maruyama park) is a named parks location in Kyoto Shi, Kyoto, Japan.",Natural spots,Parks,Public park or protected area,Drivable,35.00407,135.78114,58,1581,No,Spring; Summer; Autumn,images/JP-GN-12022118,,,
JP-GN-9634818,Boga Gawa,Japan,JP,Kyoto,JP-26,Kaminara-narazato,"Boga Gawa (Bōga Gawa) is a named rivers location in Kaminara-narazato, Kyoto, Japan.",Natural spots,Rivers,Watercourse,Drivable,34.87241,135.73731,6,1582,No,Spring; Summer; Autumn,images/JP-GN-9634818,,,
JP-GN-9634789,Endo Gawa,Japan,JP,Kyoto,JP-26,Inooka,"Endo Gawa (Endō Gawa) is a named rivers location in Inooka, Kyoto, Japan.",Natural spots,Rivers,Watercourse,Drivable,34.79556,135.79772,23,1583,No,Spring; Summer; Autumn,images/JP-GN-9634789,,,
JP-GN-9634742,Fudo Gawa,Japan,JP,Kyoto,JP-26,Yamashirocho-kabata,"Fudo Gawa (Fudō Gawa) is a named rivers location in Yamashirocho-kabata, Kyoto, Japan.",Natural spots,Rivers,Watercourse,Drivable,34.78477,135.80493,25,1584,No,Spring; Summer; Autumn,images/JP-GN-9634742,,,
JP-GN-9634790,Fugenji Gawa,Japan,JP,Kyoto,JP-26,Kusauchi,"Fugenji Gawa (Fugenji Gawa) is a named rivers location in Kusauchi, Kyoto, Japan.",Natural spots,Rivers,Watercourse,Drivable,34.81746,135.7955,19,1585,No,Spring; Summer; Autumn,images/JP-GN-9634790,,,
JP-GN-9635321,Furu Kawa,Japan,JP,Kyoto,JP-26,Noso,"Furu Kawa (Furu Kawa) is a named rivers location in Noso, Kyoto, Japan.",Natural spots,Rivers,Watercourse,Drivable,34.90474,135.7329,8,1586,No,Spring; Summer; Autumn,images/JP-GN-9635321,,,
JP-GN-1862952,Haze-gawa,Japan,JP,Kyoto,JP-26,Fukuchiyama,"Haze-gawa (Haze-gawa) is a named rivers location in Fukuchiyama, Kyoto, Japan.",Natural spots,Rivers,Watercourse,Drivable,35.29777,135.1366,18,1587,No,Spring; Summer; Autumn,images/JP-GN-1862952,,,
JP-GN-1861452,Isazu-gawa,Japan,JP,Kyoto,JP-26,Kuradani,"Isazu-gawa (Isazu-gawa) is a named rivers location in Kuradani, Kyoto, Japan.",Natural spots,Rivers,Watercourse,Drivable,35.45872,135.32641,4,1588,No,Spring; Summer; Autumn,images/JP-GN-1861452,,,
JP-GN-1859166,Kawabe Gawa,Japan,JP,Kyoto,JP-26,Taira,"Kawabe Gawa (Kawabe Gawa) is a named rivers location in Taira, Kyoto, Japan.",Natural spots,Rivers,Watercourse,Drivable,35.51142,135.39477,4,1589,No,Spring; Summer; Autumn,images/JP-GN-1859166,,,
JP-GN-1859510,Kifune-gawa,Japan,JP,Kyoto,JP-26,Kurama,"Kifune-gawa (Kifune-gawa) is a named rivers location in Kurama, Kyoto, Japan.",Natural spots,Rivers,Watercourse,Drivable,35.10683,135.76269,222,1590,No,Spring; Summer; Autumn,images/JP-GN-1859510,,,
JP-GN-1855075,Noda-gawa,Japan,JP,Kyoto,JP-26,Iwataki,"Noda-gawa (Noda-gawa) is a named rivers location in Iwataki, Kyoto, Japan.",Natural spots,Rivers,Watercourse,Drivable,35.56015,135.15808,5,1591,No,Spring; Summer; Autumn,images/JP-GN-1855075,,,
JP-GN-9634693,Nunome Gawa,Japan,JP,Kyoto,JP-26,Asukaji,"Nunome Gawa (Nunome Gawa) is a named rivers location in Asukaji, Kyoto, Japan.",Natural spots,Rivers,Watercourse,Drivable,34.75982,135.95081,62,1592,No,Spring; Summer; Autumn,images/JP-GN-9634693,,,
JP-GN-9634859,Obata Gawa,Japan,JP,Kyoto,JP-26,Shoryuji,"Obata Gawa (Obata Gawa) is a named rivers location in Shoryuji, Kyoto, Japan.",Natural spots,Rivers,Watercourse,Drivable,34.90063,135.70434,9,1593,No,Spring; Summer; Autumn,images/JP-GN-9634859,,,
JP-GN-1853622,Ote-kawa,Japan,JP,Kyoto,JP-26,Miyazu,"Ote-kawa (Ōte-kawa) is a named rivers location in Miyazu, Kyoto, Japan.",Natural spots,Rivers,Watercourse,Drivable,35.53826,135.19845,3,1594,No,Spring; Summer; Autumn,images/JP-GN-1853622,,,
JP-GN-9635304,Shintakase Gawa,Japan,JP,Kyoto,JP-26,Yoko'oji,"Shintakase Gawa (Shintakase Gawa) is a named rivers location in Yoko'oji, Kyoto, Japan.",Natural spots,Rivers,Watercourse,Drivable,34.92143,135.75348,14,1595,No,Spring; Summer; Autumn,images/JP-GN-9635304,,,
JP-GN-1851897,Shiraku-kawa,Japan,JP,Kyoto,JP-26,Shin-maizuru,"Shiraku-kawa (Shiraku-kawa) is a named rivers location in Shin-maizuru, Kyoto, Japan.",Natural spots,Rivers,Watercourse,Drivable,35.47912,135.39835,4,1596,No,Spring; Summer; Autumn,images/JP-GN-1851897,,,
JP-GN-1851624,Sobotani-kawa,Japan,JP,Kyoto,JP-26,Shin-maizuru,"Sobotani-kawa (Sobotani-kawa) is a named rivers location in Shin-maizuru, Kyoto, Japan.",Natural spots,Rivers,Watercourse,Drivable,35.47822,135.3995,5,1597,No,Spring; Summer; Autumn,images/JP-GN-1851624,,,
JP-GN-9634772,Susutani Gawa,Japan,JP,Kyoto,JP-26,Yamashirocho-kabata,"Susutani Gawa (Susutani Gawa) is a named rivers location in Yamashirocho-kabata, Kyoto, Japan.",Natural spots,Rivers,Watercourse,Drivable,34.78578,135.80357,18,1598,No,Spring; Summer; Autumn,images/JP-GN-9634772,,,
JP-GN-1851049,Takano-kawa,Japan,JP,Kyoto,JP-26,Kuradani,"Takano-kawa (Takano-kawa) is a named rivers location in Kuradani, Kyoto, Japan.",Natural spots,Rivers,Watercourse,Drivable,35.45257,135.32623,4,1599,No,Spring; Summer; Autumn,images/JP-GN-1851049,,,
JP-GN-1850850,Takeno-gawa,Japan,JP,Kyoto,JP-26,Tangocho-taiza,"Takeno-gawa (Takeno-gawa) is a named rivers location in Tangocho-taiza, Kyoto, Japan.",Natural spots,Rivers,Watercourse,Drivable,35.74248,135.10635,3,1600,No,Spring; Summer; Autumn,images/JP-GN-1850850,,,
JP-GN-9636960,Tama Gawa,Japan,JP,Kyoto,JP-26,Inooka,"Tama Gawa (Tama Gawa) is a named rivers location in Inooka, Kyoto, Japan.",Natural spots,Rivers,Watercourse,Drivable,34.80296,135.80072,17,1601,No,Spring; Summer; Autumn,images/JP-GN-9636960,,,
JP-GN-6415870,Tsutsu-kawa,Japan,JP,Kyoto,JP-26,Honjohama,"Tsutsu-kawa (Tsutsu-kawa) is a named rivers location in Honjohama, Kyoto, Japan.",Natural spots,Rivers,Watercourse,Drivable,35.73233,135.27311,100,1602,No,Spring; Summer; Autumn,images/JP-GN-6415870,,,
JP-GN-9634745,Wazuka Gawa,Japan,JP,Kyoto,JP-26,Kamocho-unami,"Wazuka Gawa (Wazuka Gawa) is a named rivers location in Kamocho-unami, Kyoto, Japan.",Natural spots,Rivers,Watercourse,Drivable,34.76501,135.87643,42,1603,No,Spring; Summer; Autumn,images/JP-GN-9634745,,,
JP-GN-1865305,Ana-saki,Japan,JP,Kyoto,JP-26,Kyotango Shi,"Ana-saki (Ana-saki) is a named seas and coastal areas location in Kyotango Shi, Kyoto, Japan.",Beach spots,Seas and coastal areas,Coastal feature,Drivable,35.69221,134.98614,-9999,1604,No,Spring; Summer; Autumn,images/JP-GN-1865305,,,
JP-GN-1863256,Hami-saki,Japan,JP,Kyoto,JP-26,Miyazu Shi,"Hami-saki (Hami-saki) is a named seas and coastal areas location in Miyazu Shi, Kyoto, Japan.",Beach spots,Seas and coastal areas,Coastal feature,Drivable,35.62389,135.24139,64,1605,No,Spring; Summer; Autumn,images/JP-GN-1863256,,,
JP-GN-1862566,Hioki-saki,Japan,JP,Kyoto,JP-26,Miyazu Shi,"Hioki-saki (Hioki-saki) is a named seas and coastal areas location in Miyazu Shi, Kyoto, Japan.",Beach spots,Seas and coastal areas,Coastal feature,Drivable,35.60333,135.225,21,1606,No,Spring; Summer; Autumn,images/JP-GN-1862566,,,
JP-GN-1861548,Inuga Misaki,Japan,JP,Kyoto,JP-26,Kyotango Shi,"Inuga Misaki (Inuga Misaki) is a named seas and coastal areas location in Kyotango Shi, Kyoto, Japan.",Beach spots,Seas and coastal areas,Coastal feature,Drivable,35.75656,135.13647,46,1607,No,Spring; Summer; Autumn,images/JP-GN-1861548,,,
JP-GN-1860221,Kanaga Misaki,Japan,JP,Kyoto,JP-26,Maizuru Shi,"Kanaga Misaki (Kanaga Misaki) is a named seas and coastal areas location in Maizuru Shi, Kyoto, Japan.",Beach spots,Seas and coastal areas,Coastal feature,Drivable,35.525,135.32333,52,1608,No,Spring; Summer; Autumn,images/JP-GN-1860221,,,
JP-GN-6415882,Ko Zaki,Japan,JP,Kyoto,JP-26,Yosa-gun,"Ko Zaki (Kō Zaki) is a named seas and coastal areas location in Yosa-gun, Kyoto, Japan.",Beach spots,Seas and coastal areas,Coastal feature,Drivable,35.75857,135.25465,-9999,1609,No,Spring; Summer; Autumn,images/JP-GN-6415882,,,
JP-GN-1858389,Kumihama-wan,Japan,JP,Kyoto,JP-26,Minatomiya,"Kumihama-wan (Kumihama-wan) is a named seas and coastal areas location in Minatomiya, Kyoto, Japan.",Beach spots,Seas and coastal areas,Coastal feature,Drivable,35.62752,134.91226,-3,1610,No,Spring; Summer; Autumn,images/JP-GN-1858389,,,
JP-GN-1858376,Kunda-wan,Japan,JP,Kyoto,JP-26,Odashukuno,"Kunda-wan (Kunda-wan) is a named seas and coastal areas location in Odashukuno, Kyoto, Japan.",Beach spots,Seas and coastal areas,Coastal feature,Drivable,35.55,135.26667,-9999,1611,No,Spring; Summer; Autumn,images/JP-GN-1858376,,,
JP-GN-1858174,Kuro-saki,Japan,JP,Kyoto,JP-26,Miyazu Shi,"Kuro-saki (Kuro-saki) is a named seas and coastal areas location in Miyazu Shi, Kyoto, Japan.",Beach spots,Seas and coastal areas,Coastal feature,Drivable,35.59945,135.25395,41,1612,No,Spring; Summer; Autumn,images/JP-GN-1858174,,,
JP-GN-1857924,Kyoga-misaki,Japan,JP,Kyoto,JP-26,Kyotango Shi,"Kyoga-misaki (Kyōga-misaki) is a named seas and coastal areas location in Kyotango Shi, Kyoto, Japan.",Beach spots,Seas and coastal areas,Coastal feature,Drivable,35.77926,135.22337,-9999,1613,No,Spring; Summer; Autumn,images/JP-GN-1857924,,,
JP-GN-1857763,Maizuru-wan,Japan,JP,Kyoto,JP-26,Sabaka,"Maizuru-wan (Maizuru-wan) is a named seas and coastal areas location in Sabaka, Kyoto, Japan.",Beach spots,Seas and coastal areas,Coastal feature,Drivable,35.49645,135.35945,-9999,1614,No,Spring; Summer; Autumn,images/JP-GN-1857763,,,
JP-GN-1856701,Miyazu-wan,Japan,JP,Kyoto,JP-26,Tai,"Miyazu-wan (Miyazu-wan) is a named seas and coastal areas location in Tai, Kyoto, Japan.",Beach spots,Seas and coastal areas,Coastal feature,Drivable,35.59727,135.23523,-9999,1615,No,Spring; Summer; Autumn,images/JP-GN-1856701,,,
JP-GN-1856355,Musoga-hana,Japan,JP,Kyoto,JP-26,Miyazu Shi,"Musoga-hana (Musōga-hana) is a named seas and coastal areas location in Miyazu Shi, Kyoto, Japan.",Beach spots,Seas and coastal areas,Coastal feature,Drivable,35.56,135.27444,14,1616,No,Spring; Summer; Autumn,images/JP-GN-1856355,,,
JP-GN-1855576,Naryu-misaki,Japan,JP,Kyoto,JP-26,Nariu,"Naryu-misaki (Naryū-misaki) is a named seas and coastal areas location in Nariu, Kyoto, Japan.",Beach spots,Seas and coastal areas,Coastal feature,Drivable,35.60333,135.46167,-9999,1617,No,Spring; Summer; Autumn,images/JP-GN-1855576,,,
JP-GN-1852452,Shimakage-wan,Japan,JP,Kyoto,JP-26,Shimakage,"Shimakage-wan (Shimakage-wan) is a named seas and coastal areas location in Shimakage, Kyoto, Japan.",Beach spots,Seas and coastal areas,Coastal feature,Drivable,35.57252,135.25746,1,1618,No,Spring; Summer; Autumn,images/JP-GN-1852452,,,
JP-GN-1865410,Akogi-ura,Japan,JP,Mie,JP-24,Tsu-shi,"Akogi-ura (Akogi-ura) is a named beaches location in Tsu-shi, Mie, Japan.",Beach spots,Beaches,Coastal recreation area,Drivable,34.70474,136.52171,-2,1619,No,Summer,images/JP-GN-1865410,,,
JP-GN-1863740,Futami-ura,Japan,JP,Mie,JP-24,Futami,"Futami-ura (Futami-ura) is a named beaches location in Futami, Mie, Japan.",Beach spots,Beaches,Coastal recreation area,Drivable,34.50929,136.7909,-9999,1620,No,Summer,images/JP-GN-1863740,,,
JP-GN-1854589,O-hama,Japan,JP,Mie,JP-24,Shima Shi,"O-hama (Ō-hama) is a named beaches location in Shima Shi, Mie, Japan.",Beach spots,Beaches,Coastal recreation area,Drivable,34.2519,136.81602,11,1621,No,Summer,images/JP-GN-1854589,,,
JP-GN-6415211,Shiraishi Ko,Japan,JP,Mie,JP-24,Miyamaku-hikimotoura,"Shiraishi Ko (Shiraishi Ko) is a named lakes location in Miyamaku-hikimotoura, Mie, Japan.",Natural spots,Lakes,Inland water body,Drivable,34.11333,136.23889,-1,1622,No,Spring; Summer; Autumn,images/JP-GN-6415211,,,
JP-GN-9637342,Aburahi Dake,Japan,JP,Mie,JP-24,Iga-shi,"Aburahi Dake (Aburahi Dake) is a named mountains location in Iga-shi, Mie, Japan.",Adventure spots|Natural spots,Mountains,Natural landform,Drivable,34.87416,136.27717,671,1623,No,Late spring; Summer; Autumn,images/JP-GN-9637342,,,
JP-GN-9638642,Amaga Take,Japan,JP,Mie,JP-24,Iga-shi,"Amaga Take (Amaga Take) is a named mountains location in Iga-shi, Mie, Japan.",Adventure spots|Natural spots,Mountains,Natural landform,Drivable,34.5577,136.2197,946,1624,No,Late spring; Summer; Autumn,images/JP-GN-9638642,,,
JP-GN-9638968,Amagoi Yama,Japan,JP,Mie,JP-24,Tsu-shi,"Amagoi Yama (Amagoi Yama) is a named mountains location in Tsu-shi, Mie, Japan.",Adventure spots|Natural spots,Mountains,Natural landform,Drivable,34.53282,136.32671,689,1625,No,Late spring; Summer; Autumn,images/JP-GN-9638968,,,
JP-GN-1865250,Aomine-yama,Japan,JP,Mie,JP-24,Shima Shi,"Aomine-yama (Aomine-yama) is a named mountains location in Shima Shi, Mie, Japan.",Adventure spots|Natural spots,Mountains,Natural landform,Drivable,34.4,136.81667,45,1626,No,Late spring; Summer; Autumn,images/JP-GN-1865250,,,
JP-GN-6415059,Arabitaki-yama,Japan,JP,Mie,JP-24,Owase Shi,"Arabitaki-yama (Arabitaki-yama) is a named mountains location in Owase Shi, Mie, Japan.",Adventure spots|Natural spots,Mountains,Natural landform,Drivable,33.97139,136.26611,67,1627,No,Late spring; Summer; Autumn,images/JP-GN-6415059,,,
JP-GN-9640353,Arochi San,Japan,JP,Mie,JP-24,Watarai-gun,"Arochi San (Arochi San) is a named mountains location in Watarai-gun, Mie, Japan.",Adventure spots|Natural spots,Mountains,Natural landform,Drivable,34.26633,136.42525,545,1628,No,Late spring; Summer; Autumn,images/JP-GN-9640353,,,
JP-GN-1865041,Asama Yama,Japan,JP,Mie,JP-24,Watarai-gun,"Asama Yama (Asama Yama) is a named mountains location in Watarai-gun, Mie, Japan.",Adventure spots|Natural spots,Mountains,Natural landform,Drivable,34.36194,136.46059,558,1629,No,Late spring; Summer; Autumn,images/JP-GN-1865041,,,
JP-GN-1865042,Asama-take,Japan,JP,Mie,JP-24,Ise Shi,"Asama-take (Asama-take) is a named mountains location in Ise Shi, Mie, Japan.",Adventure spots|Natural spots,Mountains,Natural landform,Drivable,34.46667,136.78333,315,1630,No,Late spring; Summer; Autumn,images/JP-GN-1865042,,,
JP-GN-6415031,Azukimochi-yama,Japan,JP,Mie,JP-24,Kumano Shi,"Azukimochi-yama (Azukimochi-yama) is a named mountains location in Kumano Shi, Mie, Japan.",Adventure spots|Natural spots,Mountains,Natural landform,Drivable,33.92,136.17944,331,1631,No,Late spring; Summer; Autumn,images/JP-GN-6415031,,,
JP-GN-6415164,Binshi Yama,Japan,JP,Mie,JP-24,Kitamuro-gun,"Binshi Yama (Binshi Yama) is a named mountains location in Kitamuro-gun, Mie, Japan.",Adventure spots|Natural spots,Mountains,Natural landform,Drivable,34.09583,136.18389,599,1632,No,Late spring; Summer; Autumn,images/JP-GN-6415164,,,
JP-GN-9639555,Daimyojin Yama,Japan,JP,Mie,JP-24,Matsuzaka-shi,"Daimyojin Yama (Daimyōjin Yama) is a named mountains location in Matsuzaka-shi, Mie, Japan.",Adventure spots|Natural spots,Mountains,Natural landform,Drivable,34.50805,136.4702,379,1633,No,Late spring; Summer; Autumn,images/JP-GN-9639555,,,
JP-GN-6415061,Ebino-yama,Japan,JP,Mie,JP-24,Owase Shi,"Ebino-yama (Ebino-yama) is a named mountains location in Owase Shi, Mie, Japan.",Adventure spots|Natural spots,Mountains,Natural landform,Drivable,33.975,136.24167,142,1634,No,Late spring; Summer; Autumn,images/JP-GN-6415061,,,
JP-GN-9640160,Ematano Kashira,Japan,JP,Mie,JP-24,Matsuzaka-shi,"Ematano Kashira (Ematano Kashira) is a named mountains location in Matsuzaka-shi, Mie, Japan.",Adventure spots|Natural spots,Mountains,Natural landform,Drivable,34.3225,136.16322,1245,1635,No,Late spring; Summer; Autumn,images/JP-GN-9640160,,,
JP-GN-9640348,Gyoja Yama,Japan,JP,Mie,JP-24,Watarai-gun,"Gyoja Yama (Gyōja Yama) is a named mountains location in Watarai-gun, Mie, Japan.",Adventure spots|Natural spots,Mountains,Natural landform,Drivable,34.30368,136.36947,640,1636,No,Late spring; Summer; Autumn,images/JP-GN-9640348,,,
JP-GN-6415085,Hago-yama,Japan,JP,Mie,JP-24,Owase Shi,"Hago-yama (Hago-yama) is a named mountains location in Owase Shi, Mie, Japan.",Adventure spots|Natural spots,Mountains,Natural landform,Drivable,33.97583,136.19833,229,1637,No,Late spring; Summer; Autumn,images/JP-GN-6415085,,,
JP-GN-1863101,Hase Yama,Japan,JP,Mie,JP-24,Tsu-shi,"Hase Yama (Hase Yama) is a named mountains location in Tsu-shi, Mie, Japan.",Adventure spots|Natural spots,Mountains,Natural landform,Drivable,34.73333,136.43333,314,1638,No,Late spring; Summer; Autumn,images/JP-GN-1863101,,,
JP-GN-9638967,Hige Yama,Japan,JP,Mie,JP-24,Matsuzaka-shi,"Hige Yama (Hige Yama) is a named mountains location in Matsuzaka-shi, Mie, Japan.",Adventure spots|Natural spots,Mountains,Natural landform,Drivable,34.55036,136.36057,667,1639,No,Late spring; Summer; Autumn,images/JP-GN-9638967,,,
JP-GN-6698068,Himekoshi-yama,Japan,JP,Mie,JP-24,Watarai-gun,"Himekoshi-yama (Himekoshi-yama) is a named mountains location in Watarai-gun, Mie, Japan.",Adventure spots|Natural spots,Mountains,Natural landform,Drivable,34.23416,136.41775,502,1640,No,Late spring; Summer; Autumn,images/JP-GN-6698068,,,
JP-GN-6415215,Hiyori Yama,Japan,JP,Mie,JP-24,Owase Shi,"Hiyori Yama (Hiyori Yama) is a named mountains location in Owase Shi, Mie, Japan.",Adventure spots|Natural spots,Mountains,Natural landform,Drivable,34.09366,136.27471,301,1641,No,Late spring; Summer; Autumn,images/JP-GN-6415215,,,
JP-GN-9640486,Hoiro San,Japan,JP,Mie,JP-24,Kumano Shi,"Hoiro San (Hoiro San) is a named mountains location in Kumano Shi, Mie, Japan.",Adventure spots|Natural spots,Mountains,Natural landform,Drivable,34.00331,136.09568,1015,1642,No,Late spring; Summer; Autumn,images/JP-GN-9640486,,,
JP-GN-6942005,Ise-Shima Nat'l Park,Japan,JP,Mie,JP-24,Ise Shi,"Ise-Shima Nat'l Park (Ise-Shima Nat'l Park) is a named parks location in Ise Shi, Mie, Japan.",Natural spots,Parks,Public park or protected area,Drivable,34.455,136.72583,34,1643,No,Spring; Summer; Autumn,images/JP-GN-6942005,,,
JP-GN-9640255,Miyagawa Chosuichi,Japan,JP,Mie,JP-24,Osugi,"Miyagawa Chosuichi (Miyagawa Chosuichi) is a named parks location in Osugi, Mie, Japan.",Natural spots,Parks,Public park or protected area,Drivable,34.28137,136.19338,262,1644,No,Spring; Summer; Autumn,images/JP-GN-9640255,,,
JP-GN-6696935,Sekisuikei,Japan,JP,Mie,JP-24,Kameyama Shi,"Sekisuikei (Sekisuikei) is a named parks location in Kameyama Shi, Mie, Japan.",Natural spots,Parks,Public park or protected area,Drivable,34.92408,136.39681,206,1645,No,Spring; Summer; Autumn,images/JP-GN-6696935,,,
JP-GN-9639158,Shakujo Ko,Japan,JP,Mie,JP-24,Geinocho-kochi,"Shakujo Ko (Shakujō Ko) is a named parks location in Geinocho-kochi, Mie, Japan.",Natural spots,Parks,Public park or protected area,Drivable,34.80786,136.37482,161,1646,No,Spring; Summer; Autumn,images/JP-GN-9639158,,,
JP-GN-9638659,Tashiro Ko,Japan,JP,Mie,JP-24,Tsugemachi,"Tashiro Ko (Tashiro Ko) is a named parks location in Tsugemachi, Mie, Japan.",Natural spots,Parks,Public park or protected area,Drivable,34.80535,136.26553,541,1647,No,Spring; Summer; Autumn,images/JP-GN-9638659,,,
JP-GN-9639162,Yokoyama Ike,Japan,JP,Mie,JP-24,Geinocho-nakanawa,"Yokoyama Ike (Yokoyama Ike) is a named parks location in Geinocho-nakanawa, Mie, Japan.",Natural spots,Parks,Public park or protected area,Drivable,34.81541,136.41901,72,1648,No,Spring; Summer; Autumn,images/JP-GN-9639162,,,
JP-GN-9640050,Aizu Gawa,Japan,JP,Mie,JP-24,Uose,"Aizu Gawa (Aizu Gawa) is a named rivers location in Uose, Mie, Japan.",Natural spots,Rivers,Watercourse,Drivable,34.44109,136.39814,120,1649,No,Spring; Summer; Autumn,images/JP-GN-9640050,,,
JP-GN-9640417,Akaba Gawa,Japan,JP,Mie,JP-24,Nigo,"Akaba Gawa (Akaba Gawa) is a named rivers location in Nigo, Mie, Japan.",Natural spots,Rivers,Watercourse,Drivable,34.20381,136.33803,11,1650,No,Spring; Summer; Autumn,images/JP-GN-9640417,,,
JP-GN-6415167,Choshi Gawa,Japan,JP,Mie,JP-24,Miyamaku-oyamaura,"Choshi Gawa (Chōshi Gawa) is a named rivers location in Miyamaku-oyamaura, Mie, Japan.",Natural spots,Rivers,Watercourse,Drivable,34.10324,136.23354,0,1651,No,Spring; Summer; Autumn,images/JP-GN-6415167,,,
JP-GN-9640329,Fuji Gawa,Japan,JP,Mie,JP-24,Shimokusu,"Fuji Gawa (Fuji Gawa) is a named rivers location in Shimokusu, Mie, Japan.",Natural spots,Rivers,Watercourse,Drivable,34.41872,136.48343,39,1652,No,Spring; Summer; Autumn,images/JP-GN-9640329,,,
JP-GN-1863856,Funatsu Gawa,Japan,JP,Mie,JP-24,Miyamaku-oyamaura,"Funatsu Gawa (Funatsu Gawa) is a named rivers location in Miyamaku-oyamaura, Mie, Japan.",Natural spots,Rivers,Watercourse,Drivable,34.10376,136.23305,0,1653,No,Spring; Summer; Autumn,images/JP-GN-1863856,,,
JP-GN-9638969,Hatemata Gawa,Japan,JP,Mie,JP-24,Misugicho-hatemata,"Hatemata Gawa (Hatemata Gawa) is a named rivers location in Misugicho-hatemata, Mie, Japan.",Natural spots,Rivers,Watercourse,Drivable,34.59299,136.32848,163,1654,No,Spring; Summer; Autumn,images/JP-GN-9638969,,,
JP-GN-9637609,Hattori Gawa,Japan,JP,Mie,JP-24,Iwakura,"Hattori Gawa (Hattori Gawa) is a named rivers location in Iwakura, Mie, Japan.",Natural spots,Rivers,Watercourse,Drivable,34.77755,136.10701,132,1655,No,Spring; Summer; Autumn,images/JP-GN-9637609,,,
JP-GN-9638959,Haze Gawa,Japan,JP,Mie,JP-24,Sugazecho,"Haze Gawa (Haze Gawa) is a named rivers location in Sugazecho, Mie, Japan.",Natural spots,Rivers,Watercourse,Drivable,34.65711,136.46243,2,1656,No,Spring; Summer; Autumn,images/JP-GN-9638959,,,
JP-GN-9637632,Higashitakakura Gawa,Japan,JP,Mie,JP-24,Iwakura,"Higashitakakura Gawa (Higashitakakura Gawa) is a named rivers location in Iwakura, Mie, Japan.",Natural spots,Rivers,Watercourse,Drivable,34.77905,136.10179,131,1657,No,Spring; Summer; Autumn,images/JP-GN-9637632,,,
JP-GN-9639446,Ibuta Gawa,Japan,JP,Mie,JP-24,Ibutacho,"Ibuta Gawa (Ibuta Gawa) is a named rivers location in Ibutacho, Mie, Japan.",Natural spots,Rivers,Watercourse,Drivable,34.5709,136.39711,183,1658,No,Spring; Summer; Autumn,images/JP-GN-9639446,,,
JP-GN-1861637,Inabe-gawa,Japan,JP,Mie,JP-24,Toin,"Inabe-gawa (Inabe-gawa) is a named rivers location in Toin, Mie, Japan.",Natural spots,Rivers,Watercourse,Drivable,35.0598,136.60864,20,1659,No,Spring; Summer; Autumn,images/JP-GN-1861637,,,
JP-GN-9638665,Kabuto Gawa,Japan,JP,Mie,JP-24,Sekicho-ichinose,"Kabuto Gawa (Kabuto Gawa) is a named rivers location in Sekicho-ichinose, Mie, Japan.",Natural spots,Rivers,Watercourse,Drivable,34.85274,136.37837,87,1660,No,Spring; Summer; Autumn,images/JP-GN-9638665,,,
JP-GN-9640362,Kasagi Gawa,Japan,JP,Mie,JP-24,Saki,"Kasagi Gawa (Kasagi Gawa) is a named rivers location in Saki, Mie, Japan.",Natural spots,Rivers,Watercourse,Drivable,34.30057,136.39291,138,1661,No,Spring; Summer; Autumn,images/JP-GN-9640362,,,
JP-GN-9637522,Kawai Gawa,Japan,JP,Mie,JP-24,Entokuin,"Kawai Gawa (Kawai Gawa) is a named rivers location in Entokuin, Mie, Japan.",Natural spots,Rivers,Watercourse,Drivable,34.80733,136.17215,145,1662,No,Spring; Summer; Autumn,images/JP-GN-9637522,,,
JP-GN-9638618,Kawakami Gawa,Japan,JP,Mie,JP-24,Aoyama-hane,"Kawakami Gawa (Kawakami Gawa) is a named rivers location in Aoyama-hane, Mie, Japan.",Natural spots,Rivers,Watercourse,Drivable,34.66236,136.16488,177,1663,No,Spring; Summer; Autumn,images/JP-GN-9638618,,,
JP-GN-1859374,Kiso-gawa,Japan,JP,Mie,JP-24,Yokomakura,"Kiso-gawa (Kiso-gawa) is a named rivers location in Yokomakura, Mie, Japan.",Natural spots,Rivers,Watercourse,Drivable,35.03333,136.75,-9999,1664,No,Spring; Summer; Autumn,images/JP-GN-1859374,,,
JP-GN-9637669,Kume Gawa,Japan,JP,Mie,JP-24,Choya,"Kume Gawa (Kume Gawa) is a named rivers location in Choya, Mie, Japan.",Natural spots,Rivers,Watercourse,Drivable,34.75683,136.11866,131,1665,No,Spring; Summer; Autumn,images/JP-GN-9637669,,,
JP-GN-9640474,Kutsu Gawa,Japan,JP,Mie,JP-24,Nagaracho,"Kutsu Gawa (Kutsu Gawa) is a named rivers location in Nagaracho, Mie, Japan.",Natural spots,Rivers,Watercourse,Drivable,34.00101,136.21313,6,1666,No,Spring; Summer; Autumn,images/JP-GN-9640474,,,
JP-GN-9638625,Maefukase Gawa,Japan,JP,Mie,JP-24,Kirigaoka,"Maefukase Gawa (Maefukase Gawa) is a named rivers location in Kirigaoka, Mie, Japan.",Natural spots,Rivers,Watercourse,Drivable,34.65543,136.18755,229,1667,No,Spring; Summer; Autumn,images/JP-GN-9638625,,,
JP-GN-9639143,Nagano Gawa,Japan,JP,Mie,JP-24,Moricho,"Nagano Gawa (Nagano Gawa) is a named rivers location in Moricho, Mie, Japan.",Natural spots,Rivers,Watercourse,Drivable,34.6753,136.41392,12,1668,No,Spring; Summer; Autumn,images/JP-GN-9639143,,,
JP-GN-1855983,Naka Gawa,Japan,JP,Mie,JP-24,Owase,"Naka Gawa (Naka Gawa) is a named rivers location in Owase, Mie, Japan.",Natural spots,Rivers,Watercourse,Drivable,34.06889,136.20502,-2,1669,No,Spring; Summer; Autumn,images/JP-GN-1855983,,,
JP-GN-9639445,Nakamura Gawa,Japan,JP,Mie,JP-24,Ureshino-kurodacho,"Nakamura Gawa (Nakamura Gawa) is a named rivers location in Ureshino-kurodacho, Mie, Japan.",Natural spots,Rivers,Watercourse,Drivable,34.64622,136.47962,2,1670,No,Spring; Summer; Autumn,images/JP-GN-9639445,,,
JP-GN-1864432,Daio-zaki,Japan,JP,Mie,JP-24,Shima Shi,"Daio-zaki (Daiō-zaki) is a named seas and coastal areas location in Shima Shi, Mie, Japan.",Beach spots,Seas and coastal areas,Coastal feature,Drivable,34.2786,136.90134,6,1671,No,Spring; Summer; Autumn,images/JP-GN-1864432,,,
JP-GN-1860724,Kake Zaki,Japan,JP,Mie,JP-24,Watarai-gun,"Kake Zaki (Kake Zaki) is a named seas and coastal areas location in Watarai-gun, Mie, Japan.",Beach spots,Seas and coastal areas,Coastal feature,Drivable,34.22032,136.48214,14,1672,No,Spring; Summer; Autumn,images/JP-GN-1860724,,,
JP-GN-9640373,Kowaura Wan,Japan,JP,Mie,JP-24,Kowa,"Kowaura Wan (Kowaura Wan) is a named seas and coastal areas location in Kowa, Mie, Japan.",Beach spots,Seas and coastal areas,Coastal feature,Drivable,34.23686,136.45805,1,1673,No,Spring; Summer; Autumn,images/JP-GN-9640373,,,
JP-GN-6415230,Kutsu-saki,Japan,JP,Mie,JP-24,Owase Shi,"Kutsu-saki (Kutsu-saki) is a named seas and coastal areas location in Owase Shi, Mie, Japan.",Beach spots,Seas and coastal areas,Coastal feature,Drivable,34.00333,136.25833,114,1674,No,Spring; Summer; Autumn,images/JP-GN-6415230,,,
JP-GN-6414993,Mikisato-ko,Japan,JP,Mie,JP-24,Nikishima,"Mikisato-ko (Mikisato-kō) is a named seas and coastal areas location in Nikishima, Mie, Japan.",Beach spots,Seas and coastal areas,Coastal feature,Drivable,33.83333,136.21667,-9999,1675,No,Spring; Summer; Autumn,images/JP-GN-6414993,,,
JP-GN-1856483,Mugi-saki,Japan,JP,Mie,JP-24,Shima Shi,"Mugi-saki (Mugi-saki) is a named seas and coastal areas location in Shima Shi, Mie, Japan.",Beach spots,Seas and coastal areas,Coastal feature,Drivable,34.24699,136.84757,4,1676,No,Spring; Summer; Autumn,images/JP-GN-1856483,,,
JP-GN-1855261,Nishiki Wan,Japan,JP,Mie,JP-24,Nishiki,"Nishiki Wan (Nishiki Wan) is a named seas and coastal areas location in Nishiki, Mie, Japan.",Beach spots,Seas and coastal areas,Coastal feature,Drivable,34.21017,136.39012,1,1677,No,Spring; Summer; Autumn,images/JP-GN-1855261,,,
JP-GN-1853512,Owase Wan,Japan,JP,Mie,JP-24,Yukunoura,"Owase Wan (Owase Wan) is a named seas and coastal areas location in Yukunoura, Mie, Japan.",Beach spots,Seas and coastal areas,Coastal feature,Drivable,34.07579,136.23605,-9999,1678,No,Spring; Summer; Autumn,images/JP-GN-1853512,,,
JP-GN-1852837,Sawa Zaki,Japan,JP,Mie,JP-24,Owase Shi,"Sawa Zaki (Sawa Zaki) is a named seas and coastal areas location in Owase Shi, Mie, Japan.",Beach spots,Seas and coastal areas,Coastal feature,Drivable,34.08505,136.29717,-9999,1679,No,Spring; Summer; Autumn,images/JP-GN-1852837,,,
JP-GN-1848232,Yoroi-zaki,Japan,JP,Mie,JP-24,Toba-shi,"Yoroi-zaki (Yoroi-zaki) is a named seas and coastal areas location in Toba-shi, Mie, Japan.",Beach spots,Seas and coastal areas,Coastal feature,Drivable,34.41332,136.9274,4,1680,No,Spring; Summer; Autumn,images/JP-GN-1848232,,,
JP-GN-8202801,Dairiseki Kaigan,Japan,JP,Miyagi,JP-04,Iwaisawa,"Dairiseki Kaigan (Dairiseki Kaigan) is a named beaches location in Iwaisawa, Miyagi, Japan.",Beach spots,Beaches,Coastal recreation area,Drivable,38.94876,141.63922,3,1681,No,Summer,images/JP-GN-8202801,,,
JP-GN-8203101,Kugunari Hama,Japan,JP,Miyagi,JP-04,Kesennuma Shi,"Kugunari Hama (Kugunari Hama) is a named beaches location in Kesennuma Shi, Miyagi, Japan.",Beach spots,Beaches,Coastal recreation area,Drivable,38.87117,141.63102,29,1682,No,Summer,images/JP-GN-8203101,,,
JP-GN-2111783,Naga Hama,Japan,JP,Miyagi,JP-04,Ishinomaki Shi,"Naga Hama (Naga Hama) is a named beaches location in Ishinomaki Shi, Miyagi, Japan.",Beach spots,Beaches,Coastal recreation area,Drivable,38.41442,141.35051,3,1683,No,Summer,images/JP-GN-2111783,,,
JP-GN-2111784,Naga Hama,Japan,JP,Miyagi,JP-04,Sendai Shi,"Naga Hama (Naga Hama) is a named beaches location in Sendai Shi, Miyagi, Japan.",Beach spots,Beaches,Coastal recreation area,Drivable,38.25854,141.01708,1,1684,No,Summer,images/JP-GN-2111784,,,
JP-GN-8182590,Nobiru Kaigan,Japan,JP,Miyagi,JP-04,Higashimatsushima Shi,"Nobiru Kaigan (Nobiru Kaigan) is a named beaches location in Higashimatsushima Shi, Miyagi, Japan.",Beach spots,Beaches,Coastal recreation area,Drivable,38.36654,141.16154,1,1685,No,Summer,images/JP-GN-8182590,,,
JP-GN-8204389,Odano Hama,Japan,JP,Miyagi,JP-04,Nakayama,"Odano Hama (Odano Hama) is a named beaches location in Nakayama, Miyagi, Japan.",Beach spots,Beaches,Coastal recreation area,Drivable,38.85233,141.6223,30,1686,No,Summer,images/JP-GN-8204389,,,
JP-GN-8310647,Sankyo,Japan,JP,Miyagi,JP-04,Kesennuma Shi,"Sankyo (Sankyō) is a named beaches location in Kesennuma Shi, Miyagi, Japan.",Beach spots,Beaches,Coastal recreation area,Drivable,38.87946,141.59133,18,1687,No,Summer,images/JP-GN-8310647,,,
JP-GN-8203106,Tanaka Hama,Japan,JP,Miyagi,JP-04,Mawaridate,"Tanaka Hama (Tanaka Hama) is a named beaches location in Mawaridate, Miyagi, Japan.",Beach spots,Beaches,Coastal recreation area,Drivable,38.86187,141.62265,50,1688,No,Summer,images/JP-GN-8203106,,,
JP-GN-8204893,Ippai Mori,Japan,JP,Miyagi,JP-04,Isokusa,"Ippai Mori (Ippai Mori) is a named forests location in Isokusa, Miyagi, Japan.",Natural spots,Forests,Forest area,Drivable,38.87349,141.60254,12,1689,No,Spring; Summer; Autumn,images/JP-GN-8204893,,,
JP-GN-8202948,Jinga Mori,Japan,JP,Miyagi,JP-04,Mandasawa,"Jinga Mori (Jinga Mori) is a named forests location in Mandasawa, Miyagi, Japan.",Natural spots,Forests,Forest area,Drivable,38.91803,141.62758,260,1690,No,Spring; Summer; Autumn,images/JP-GN-8202948,,,
JP-GN-8311054,Kyoga Mori,Japan,JP,Miyagi,JP-04,Yamanaka,"Kyoga Mori (Kyōga Mori) is a named forests location in Yamanaka, Miyagi, Japan.",Natural spots,Forests,Forest area,Drivable,38.45063,141.39184,264,1691,No,Spring; Summer; Autumn,images/JP-GN-8311054,,,
JP-GN-12510764,Taihakusan Nature Observation Forest,Japan,JP,Miyagi,JP-04,Sendai Shi,"Taihakusan Nature Observation Forest (Taihakusan Nature Observation Forest) is a named forests location in Sendai Shi, Miyagi, Japan.",Natural spots,Forests,Forest area,Drivable,38.24089,140.80688,158,1692,No,Spring; Summer; Autumn,images/JP-GN-12510764,,,
JP-GN-8313049,Arao Ko,Japan,JP,Miyagi,JP-04,Mitenohara,"Arao Ko (Arao Ko) is a named lakes location in Mitenohara, Miyagi, Japan.",Natural spots,Lakes,Inland water body,Drivable,38.77018,140.70905,237,1693,No,Spring; Summer; Autumn,images/JP-GN-8313049,,,
JP-GN-8313200,Shitomae no Seki Ato,Japan,JP,Miyagi,JP-04,Osaki Shi,"Shitomae no Seki Ato (Shitomae no Seki Ato) is a named monuments location in Osaki Shi, Miyagi, Japan.",Historical spots,Monuments,Public historic site or monument,Drivable,38.73909,140.70117,161,1694,No,Year-round,images/JP-GN-8313200,,,
JP-GN-2114003,Aguroshi Yama,Japan,JP,Miyagi,JP-04,Kurihara Shi,"Aguroshi Yama (Aguroshi Yama) is a named mountains location in Kurihara Shi, Miyagi, Japan.",Adventure spots|Natural spots,Mountains,Natural landform,Drivable,38.9,140.80639,869,1695,No,Late spring; Summer; Autumn,images/JP-GN-2114003,,,
JP-GN-2113138,Akakuzure Yama,Japan,JP,Miyagi,JP-04,Kurokawa-gun,"Akakuzure Yama (Akakuzure Yama) is a named mountains location in Kurokawa-gun, Miyagi, Japan.",Adventure spots|Natural spots,Mountains,Natural landform,Drivable,38.43333,140.76667,517,1696,No,Late spring; Summer; Autumn,images/JP-GN-2113138,,,
JP-GN-2113116,Amatsuka Yama,Japan,JP,Miyagi,JP-04,Shiroishi Shi,"Amatsuka Yama (Amatsuka Yama) is a named mountains location in Shiroishi Shi, Miyagi, Japan.",Adventure spots|Natural spots,Mountains,Natural landform,Drivable,37.93296,140.56786,673,1697,No,Late spring; Summer; Autumn,images/JP-GN-2113116,,,
JP-GN-8310576,Anba San,Japan,JP,Miyagi,JP-04,Kesennuma Shi,"Anba San (Anba San) is a named mountains location in Kesennuma Shi, Miyagi, Japan.",Adventure spots|Natural spots,Mountains,Natural landform,Drivable,38.91498,141.56919,234,1698,No,Late spring; Summer; Autumn,images/JP-GN-8310576,,,
JP-GN-8183547,Anetori Yama,Japan,JP,Miyagi,JP-04,Miyagi Gun,"Anetori Yama (Anetori Yama) is a named mountains location in Miyagi Gun, Miyagi, Japan.",Adventure spots|Natural spots,Mountains,Natural landform,Drivable,38.36502,141.04889,142,1699,No,Late spring; Summer; Autumn,images/JP-GN-8183547,,,
JP-GN-2113099,Aoso Yama,Japan,JP,Miyagi,JP-04,Katta-gun,"Aoso Yama (Aoso Yama) is a named mountains location in Katta-gun, Miyagi, Japan.",Adventure spots|Natural spots,Mountains,Natural landform,Drivable,38.085,140.60667,800,1700,No,Late spring; Summer; Autumn,images/JP-GN-2113099,,,
JP-GN-2113088,Arao-dake,Japan,JP,Miyagi,JP-04,Osaki Shi,"Arao-dake (Arao-dake) is a named mountains location in Osaki Shi, Miyagi, Japan.",Adventure spots|Natural spots,Mountains,Natural landform,Drivable,38.84528,140.68722,995,1701,No,Late spring; Summer; Autumn,images/JP-GN-2113088,,,
JP-GN-2113070,Asahi Yama,Japan,JP,Miyagi,JP-04,Ishinomaki Shi,"Asahi Yama (Asahi Yama) is a named mountains location in Ishinomaki Shi, Miyagi, Japan.",Adventure spots|Natural spots,Mountains,Natural landform,Drivable,38.49023,141.18084,170,1702,No,Late spring; Summer; Autumn,images/JP-GN-2113070,,,
JP-GN-2113055,Atago Yama,Japan,JP,Miyagi,JP-04,Miyagi Gun,"Atago Yama (Atago Yama) is a named mountains location in Miyagi Gun, Miyagi, Japan.",Adventure spots|Natural spots,Mountains,Natural landform,Drivable,38.39379,141.06825,36,1703,No,Late spring; Summer; Autumn,images/JP-GN-2113055,,,
JP-GN-8202971,Atago Yama,Japan,JP,Miyagi,JP-04,Kesennuma Shi,"Atago Yama (Atago Yama) is a named mountains location in Kesennuma Shi, Miyagi, Japan.",Adventure spots|Natural spots,Mountains,Natural landform,Drivable,38.90892,141.63498,134,1704,No,Late spring; Summer; Autumn,images/JP-GN-8202971,,,
JP-GN-8311293,Atago Yama,Japan,JP,Miyagi,JP-04,Ishinomaki Shi,"Atago Yama (Atago Yama) is a named mountains location in Ishinomaki Shi, Miyagi, Japan.",Adventure spots|Natural spots,Mountains,Natural landform,Drivable,38.46216,141.28814,79,1705,No,Late spring; Summer; Autumn,images/JP-GN-8311293,,,
JP-GN-2113713,Bangamori Yama,Japan,JP,Miyagi,JP-04,Miyagi Gun,"Bangamori Yama (Bangamori Yama) is a named mountains location in Miyagi Gun, Miyagi, Japan.",Adventure spots|Natural spots,Mountains,Natural landform,Drivable,38.36237,141.01055,208,1706,No,Late spring; Summer; Autumn,images/JP-GN-2113713,,,
JP-GN-2114170,Banjo San,Japan,JP,Miyagi,JP-04,Katta-gun,"Banjo San (Banjō San) is a named mountains location in Katta-gun, Miyagi, Japan.",Adventure spots|Natural spots,Mountains,Natural landform,Drivable,38.05745,140.37505,1323,1707,No,Late spring; Summer; Autumn,images/JP-GN-2114170,,,
JP-GN-2113018,Byobu Dake,Japan,JP,Miyagi,JP-04,Katta-gun,"Byobu Dake (Byōbu Dake) is a named mountains location in Katta-gun, Miyagi, Japan.",Adventure spots|Natural spots,Mountains,Natural landform,Drivable,38.09325,140.47664,1817,1708,No,Late spring; Summer; Autumn,images/JP-GN-2113018,,,
JP-GN-8183946,Chofukuji,Japan,JP,Miyagi,JP-04,Kurokawa-gun,"Chofukuji (Chōfukuji) is a named mountains location in Kurokawa-gun, Miyagi, Japan.",Adventure spots|Natural spots,Mountains,Natural landform,Drivable,38.40801,141.01039,53,1709,No,Late spring; Summer; Autumn,images/JP-GN-8183946,,,
JP-GN-2112999,Chonomori Yama,Japan,JP,Miyagi,JP-04,Kesennuma Shi,"Chonomori Yama (Chōnomori Yama) is a named mountains location in Kesennuma Shi, Miyagi, Japan.",Adventure spots|Natural spots,Mountains,Natural landform,Drivable,38.83152,141.52278,407,1710,No,Late spring; Summer; Autumn,images/JP-GN-2112999,,,
JP-GN-8182696,Daibutsu Yama,Japan,JP,Miyagi,JP-04,Higashimatsushima Shi,"Daibutsu Yama (Daibutsu Yama) is a named mountains location in Higashimatsushima Shi, Miyagi, Japan.",Adventure spots|Natural spots,Mountains,Natural landform,Drivable,38.37575,141.14404,69,1711,No,Late spring; Summer; Autumn,images/JP-GN-8182696,,,
JP-GN-2112984,Dairokuten Zan,Japan,JP,Miyagi,JP-04,Ishinomaki Shi,"Dairokuten Zan (Dairokuten Zan) is a named mountains location in Ishinomaki Shi, Miyagi, Japan.",Adventure spots|Natural spots,Mountains,Natural landform,Drivable,38.4102,141.44797,434,1712,No,Late spring; Summer; Autumn,images/JP-GN-2112984,,,
JP-GN-2112982,Daito Dake,Japan,JP,Miyagi,JP-04,Sendai Shi,"Daito Dake (Daitō Dake) is a named mountains location in Sendai Shi, Miyagi, Japan.",Adventure spots|Natural spots,Mountains,Natural landform,Drivable,38.30278,140.52472,1366,1713,No,Late spring; Summer; Autumn,images/JP-GN-2112982,,,
JP-GN-8183789,Dan Yama,Japan,JP,Miyagi,JP-04,Miyagi Gun,"Dan Yama (Dan Yama) is a named mountains location in Miyagi Gun, Miyagi, Japan.",Adventure spots|Natural spots,Mountains,Natural landform,Drivable,38.37423,141.04284,147,1714,No,Late spring; Summer; Autumn,images/JP-GN-8183789,,,
JP-GN-2114079,Kejo Numa,Japan,JP,Miyagi,JP-04,Furukawa-shimizusawa,"Kejo Numa (Kejo Numa) is a named parks location in Furukawa-shimizusawa, Miyagi, Japan.",Natural spots,Parks,Public park or protected area,Drivable,38.62972,140.9625,24,1715,No,Spring; Summer; Autumn,images/JP-GN-2114079,,,
JP-GN-8313131,Naruko Koen,Japan,JP,Miyagi,JP-04,Osaki Shi,"Naruko Koen (Naruko Kōen) is a named parks location in Osaki Shi, Miyagi, Japan.",Natural spots,Parks,Public park or protected area,Drivable,38.73634,140.69825,235,1716,No,Spring; Summer; Autumn,images/JP-GN-8313131,,,
JP-GN-8312827,Onsen Koen,Japan,JP,Miyagi,JP-04,Osaki Shi,"Onsen Koen (Onsen Kōen) is a named parks location in Osaki Shi, Miyagi, Japan.",Natural spots,Parks,Public park or protected area,Drivable,38.72319,140.73669,244,1717,No,Spring; Summer; Autumn,images/JP-GN-8312827,,,
JP-GN-8183545,Saigyo Modoshi no Matsu,Japan,JP,Miyagi,JP-04,Miyagi Gun,"Saigyo Modoshi no Matsu (Saigyō Modoshi no Matsu) is a named parks location in Miyagi Gun, Miyagi, Japan.",Natural spots,Parks,Public park or protected area,Drivable,38.36709,141.05334,90,1718,No,Spring; Summer; Autumn,images/JP-GN-8183545,,,
JP-GN-8991664,Shichikashuku Ko,Japan,JP,Miyagi,JP-04,Onukidaira,"Shichikashuku Ko (Shichikashuku Ko) is a named parks location in Onukidaira, Miyagi, Japan.",Natural spots,Parks,Public park or protected area,Drivable,37.97035,140.49772,281,1719,No,Spring; Summer; Autumn,images/JP-GN-8991664,,,
JP-GN-8182363,Yamoto kaihin ryokuchi,Japan,JP,Miyagi,JP-04,Higashimatsushima Shi,"Yamoto kaihin ryokuchi (Yamoto kaihin ryokuchi) is a named parks location in Higashimatsushima Shi, Miyagi, Japan.",Natural spots,Parks,Public park or protected area,Drivable,38.39722,141.21428,8,1720,No,Spring; Summer; Autumn,images/JP-GN-8182363,,,
JP-GN-2110456,Zao-kokutei-kooen,Japan,JP,Miyagi,JP-04,Shibata-gun,"Zao-kokutei-kooen (Zaō-kokutei-kōoen) is a named parks location in Shibata-gun, Miyagi, Japan.",Natural spots,Parks,Public park or protected area,Drivable,38.25,140.5,849,1721,No,Spring; Summer; Autumn,images/JP-GN-2110456,,,
JP-GN-8312850,Aka Sawa,Japan,JP,Miyagi,JP-04,Kurumayu,"Aka Sawa (Aka Sawa) is a named rivers location in Kurumayu, Miyagi, Japan.",Natural spots,Rivers,Watercourse,Drivable,38.75076,140.72483,146,1722,No,Spring; Summer; Autumn,images/JP-GN-8312850,,,
JP-GN-8313054,Aka Sawa,Japan,JP,Miyagi,JP-04,Kuze,"Aka Sawa (Aka Sawa) is a named rivers location in Kuze, Miyagi, Japan.",Natural spots,Rivers,Watercourse,Drivable,38.79065,140.67209,267,1723,No,Spring; Summer; Autumn,images/JP-GN-8313054,,,
JP-GN-8312836,Akabai Zawa,Japan,JP,Miyagi,JP-04,Akabai,"Akabai Zawa (Akabai Zawa) is a named rivers location in Akabai, Miyagi, Japan.",Natural spots,Rivers,Watercourse,Drivable,38.74741,140.73961,146,1724,No,Spring; Summer; Autumn,images/JP-GN-8312836,,,
JP-GN-8182408,Aoki Gawa,Japan,JP,Miyagi,JP-04,Joku,"Aoki Gawa (Aoki Gawa) is a named rivers location in Joku, Miyagi, Japan.",Natural spots,Rivers,Watercourse,Drivable,38.45856,141.21398,2,1725,No,Spring; Summer; Autumn,images/JP-GN-8182408,,,
JP-GN-8310649,Aono Sawa,Japan,JP,Miyagi,JP-04,Kamishishiori,"Aono Sawa (Aono Sawa) is a named rivers location in Kamishishiori, Miyagi, Japan.",Natural spots,Rivers,Watercourse,Drivable,38.97406,141.59086,178,1726,No,Spring; Summer; Autumn,images/JP-GN-8310649,,,
JP-GN-8202987,Aonosawa Gawa,Japan,JP,Miyagi,JP-04,Minato,"Aonosawa Gawa (Aonosawa Gawa) is a named rivers location in Minato, Miyagi, Japan.",Natural spots,Rivers,Watercourse,Drivable,38.96239,141.6344,8,1727,No,Spring; Summer; Autumn,images/JP-GN-8202987,,,
JP-GN-8313290,Araiyama Zawa,Japan,JP,Miyagi,JP-04,Hashimoto,"Araiyama Zawa (Araiyama Zawa) is a named rivers location in Hashimoto, Miyagi, Japan.",Natural spots,Rivers,Watercourse,Drivable,38.79771,140.65865,265,1728,No,Spring; Summer; Autumn,images/JP-GN-8313290,,,
JP-GN-8313108,Arato Zawa,Japan,JP,Miyagi,JP-04,Nashinoki,"Arato Zawa (Arato Zawa) is a named rivers location in Nashinoki, Miyagi, Japan.",Natural spots,Rivers,Watercourse,Drivable,38.78915,140.66747,255,1729,No,Spring; Summer; Autumn,images/JP-GN-8313108,,,
JP-GN-8313386,Ashi Zawa,Japan,JP,Miyagi,JP-04,Minamihara,"Ashi Zawa (Ashi Zawa) is a named rivers location in Minamihara, Miyagi, Japan.",Natural spots,Rivers,Watercourse,Drivable,38.68894,140.64204,386,1730,No,Spring; Summer; Autumn,images/JP-GN-8313386,,,
JP-GN-2112969,Eai Gawa,Japan,JP,Miyagi,JP-04,Wabuchi,"Eai Gawa (Eai Gawa) is a named rivers location in Wabuchi, Miyagi, Japan.",Natural spots,Rivers,Watercourse,Drivable,38.52957,141.22439,3,1731,No,Spring; Summer; Autumn,images/JP-GN-2112969,,,
JP-GN-8313257,Gando Zawa,Japan,JP,Miyagi,JP-04,Kawahata,"Gando Zawa (Gandō Zawa) is a named rivers location in Kawahata, Miyagi, Japan.",Natural spots,Rivers,Watercourse,Drivable,38.72487,140.66589,244,1732,No,Spring; Summer; Autumn,images/JP-GN-8313257,,,
JP-GN-2112717,HIrose Gawa,Japan,JP,Miyagi,JP-04,Koriyama,"HIrose Gawa (HIrose Gawa) is a named rivers location in Koriyama, Miyagi, Japan.",Natural spots,Rivers,Watercourse,Drivable,38.20603,140.91628,7,1733,No,Spring; Summer; Autumn,images/JP-GN-2112717,,,
JP-GN-8717351,Hana Kawa,Japan,JP,Miyagi,JP-04,Shikama,"Hana Kawa (Hana Kawa) is a named rivers location in Shikama, Miyagi, Japan.",Natural spots,Rivers,Watercourse,Drivable,38.55278,140.86418,24,1734,No,Spring; Summer; Autumn,images/JP-GN-8717351,,,
JP-GN-2112801,Hasama Gawa,Japan,JP,Miyagi,JP-04,Monoocho-shinden,"Hasama Gawa (Hasama Gawa) is a named rivers location in Monoocho-shinden, Miyagi, Japan.",Natural spots,Rivers,Watercourse,Drivable,38.55468,141.23137,0,1735,No,Spring; Summer; Autumn,images/JP-GN-2112801,,,
JP-GN-8313197,Higashi Sawa,Japan,JP,Miyagi,JP-04,Minamihoshinuma,"Higashi Sawa (Higashi Sawa) is a named rivers location in Minamihoshinuma, Miyagi, Japan.",Natural spots,Rivers,Watercourse,Drivable,38.71694,140.67229,251,1736,No,Spring; Summer; Autumn,images/JP-GN-8313197,,,
JP-GN-8313384,Higashi Zawa,Japan,JP,Miyagi,JP-04,Minamihara,"Higashi Zawa (Higashi Zawa) is a named rivers location in Minamihara, Miyagi, Japan.",Natural spots,Rivers,Watercourse,Drivable,38.68621,140.64384,400,1737,No,Spring; Summer; Autumn,images/JP-GN-8313384,,,
JP-GN-8313371,Hino Sawa,Japan,JP,Miyagi,JP-04,Yamada,"Hino Sawa (Hino Sawa) is a named rivers location in Yamada, Miyagi, Japan.",Natural spots,Rivers,Watercourse,Drivable,38.79554,140.62726,344,1738,No,Spring; Summer; Autumn,images/JP-GN-8313371,,,
JP-GN-8183189,Hironaga Gawa,Japan,JP,Miyagi,JP-04,Shimoshida,"Hironaga Gawa (Hironaga Gawa) is a named rivers location in Shimoshida, Miyagi, Japan.",Natural spots,Rivers,Watercourse,Drivable,38.45651,141.06239,1,1739,No,Spring; Summer; Autumn,images/JP-GN-8183189,,,
JP-GN-2112659,Ichihasama Gawa,Japan,JP,Miyagi,JP-04,Ohayashi,"Ichihasama Gawa (Ichihasama Gawa) is a named rivers location in Ohayashi, Miyagi, Japan.",Natural spots,Rivers,Watercourse,Drivable,38.78561,141.08785,11,1740,No,Spring; Summer; Autumn,images/JP-GN-2112659,,,
JP-GN-8183828,Iwabuchi Gawa,Japan,JP,Miyagi,JP-04,Iwabuchi,"Iwabuchi Gawa (Iwabuchi Gawa) is a named rivers location in Iwabuchi, Miyagi, Japan.",Natural spots,Rivers,Watercourse,Drivable,38.47878,141.00388,18,1741,No,Spring; Summer; Autumn,images/JP-GN-8183828,,,
JP-GN-2112490,Jo Gawa,Japan,JP,Miyagi,JP-04,Shimohama,"Jo Gawa (Jō Gawa) is a named rivers location in Shimohama, Miyagi, Japan.",Natural spots,Rivers,Watercourse,Drivable,38.41569,141.24892,1,1742,No,Spring; Summer; Autumn,images/JP-GN-2112490,,,
JP-GN-8313316,Kagura Sawa,Japan,JP,Miyagi,JP-04,Kamiyachi,"Kagura Sawa (Kagura Sawa) is a named rivers location in Kamiyachi, Miyagi, Japan.",Natural spots,Rivers,Watercourse,Drivable,38.81995,140.656,400,1743,No,Spring; Summer; Autumn,images/JP-GN-8313316,,,
JP-GN-2113082,Arato Zaki,Japan,JP,Miyagi,JP-04,Motoyoshi Gun,"Arato Zaki (Arato Zaki) is a named seas and coastal areas location in Motoyoshi Gun, Miyagi, Japan.",Beach spots,Seas and coastal areas,Coastal feature,Drivable,38.67458,141.4936,14,1744,No,Spring; Summer; Autumn,images/JP-GN-2113082,,,
JP-GN-2113044,Ayukawa Wan,Japan,JP,Miyagi,JP-04,Kurosaki,"Ayukawa Wan (Ayukawa Wan) is a named seas and coastal areas location in Kurosaki, Miyagi, Japan.",Beach spots,Seas and coastal areas,Coastal feature,Drivable,38.28333,141.5,-9999,1745,No,Spring; Summer; Autumn,images/JP-GN-2113044,,,
JP-GN-2113026,Benten Zaki,Japan,JP,Miyagi,JP-04,Motoyoshi Gun,"Benten Zaki (Benten Zaki) is a named seas and coastal areas location in Motoyoshi Gun, Miyagi, Japan.",Beach spots,Seas and coastal areas,Coastal feature,Drivable,38.6578,141.44918,27,1746,No,Spring; Summer; Autumn,images/JP-GN-2113026,,,
JP-GN-8182723,Bijo Ura,Japan,JP,Miyagi,JP-04,Uratosabusawa,"Bijo Ura (Bijo Ura) is a named seas and coastal areas location in Uratosabusawa, Miyagi, Japan.",Beach spots,Seas and coastal areas,Coastal feature,Drivable,38.34178,141.12892,-9999,1747,No,Spring; Summer; Autumn,images/JP-GN-8182723,,,
JP-GN-2113022,Biwa Saki,Japan,JP,Miyagi,JP-04,Motoyoshi Gun,"Biwa Saki (Biwa Saki) is a named seas and coastal areas location in Motoyoshi Gun, Miyagi, Japan.",Beach spots,Seas and coastal areas,Coastal feature,Drivable,38.68622,141.51001,22,1748,No,Spring; Summer; Autumn,images/JP-GN-2113022,,,
JP-GN-8310796,Gobuura Wan,Japan,JP,Miyagi,JP-04,Iigohama,"Gobuura Wan (Gobuura Wan) is a named seas and coastal areas location in Iigohama, Miyagi, Japan.",Beach spots,Seas and coastal areas,Coastal feature,Drivable,38.40556,141.47784,-9999,1749,No,Spring; Summer; Autumn,images/JP-GN-8310796,,,
JP-GN-8183509,Hamada Mio,Japan,JP,Miyagi,JP-04,Shinhamacho,"Hamada Mio (Hamada Mio) is a named seas and coastal areas location in Shinhamacho, Miyagi, Japan.",Beach spots,Seas and coastal areas,Coastal feature,Drivable,38.34201,141.05266,1,1750,No,Spring; Summer; Autumn,images/JP-GN-8183509,,,
JP-GN-2112781,Haya Saki,Japan,JP,Miyagi,JP-04,Ishinomaki Shi,"Haya Saki (Haya Saki) is a named seas and coastal areas location in Ishinomaki Shi, Miyagi, Japan.",Beach spots,Seas and coastal areas,Coastal feature,Drivable,38.40215,141.53436,-9999,1751,No,Spring; Summer; Autumn,images/JP-GN-2112781,,,
JP-GN-2110733,Higashino Saki,Japan,JP,Miyagi,JP-04,Ishinomaki Shi,"Higashino Saki (Higashino Saki) is a named seas and coastal areas location in Ishinomaki Shi, Miyagi, Japan.",Beach spots,Seas and coastal areas,Coastal feature,Drivable,38.26961,141.57624,37,1752,No,Spring; Summer; Autumn,images/JP-GN-2110733,,,
JP-GN-8183513,Hitsugiga Ura,Japan,JP,Miyagi,JP-04,Sakuragaokairi,"Hitsugiga Ura (Hitsugiga Ura) is a named seas and coastal areas location in Sakuragaokairi, Miyagi, Japan.",Beach spots,Seas and coastal areas,Coastal feature,Drivable,38.34985,141.05812,1,1753,No,Spring; Summer; Autumn,images/JP-GN-8183513,,,
JP-GN-2112595,Isatomae Wan,Japan,JP,Miyagi,JP-04,Isatomae,"Isatomae Wan (Isatomae Wan) is a named seas and coastal areas location in Isatomae, Miyagi, Japan.",Beach spots,Seas and coastal areas,Coastal feature,Drivable,38.70916,141.53012,-9999,1754,No,Spring; Summer; Autumn,images/JP-GN-2112595,,,
JP-GN-2112573,Ishinomaki Wan,Japan,JP,Miyagi,JP-04,Sakanamachi,"Ishinomaki Wan (Ishinomaki Wan) is a named seas and coastal areas location in Sakanamachi, Miyagi, Japan.",Beach spots,Seas and coastal areas,Coastal feature,Drivable,38.36667,141.31667,-9999,1755,No,Spring; Summer; Autumn,images/JP-GN-2112573,,,
JP-GN-2112316,Katsugiga Ura,Japan,JP,Miyagi,JP-04,Matsugashima,"Katsugiga Ura (Katsugiga Ura) is a named seas and coastal areas location in Matsugashima, Miyagi, Japan.",Beach spots,Seas and coastal areas,Coastal feature,Drivable,38.35387,141.15024,-1,1756,No,Spring; Summer; Autumn,images/JP-GN-2112316,,,
JP-GN-2112259,Kesennuma Wan,Japan,JP,Miyagi,JP-04,Tajiri,"Kesennuma Wan (Kesennuma Wan) is a named seas and coastal areas location in Tajiri, Miyagi, Japan.",Beach spots,Seas and coastal areas,Coastal feature,Drivable,38.86026,141.59704,-9999,1757,No,Spring; Summer; Autumn,images/JP-GN-2112259,,,
JP-GN-2112247,Kinka San Seto,Japan,JP,Miyagi,JP-04,Yamadori,"Kinka San Seto (Kinka San Seto) is a named seas and coastal areas location in Yamadori, Miyagi, Japan.",Beach spots,Seas and coastal areas,Coastal feature,Drivable,38.30398,141.54417,-9999,1758,No,Spring; Summer; Autumn,images/JP-GN-2112247,,,
JP-GN-2112169,Koizumi Wan,Japan,JP,Miyagi,JP-04,Motoyoshicho-kesaiso,"Koizumi Wan (Koizumi Wan) is a named seas and coastal areas location in Motoyoshicho-kesaiso, Miyagi, Japan.",Beach spots,Seas and coastal areas,Coastal feature,Drivable,38.76667,141.55,-9999,1759,No,Spring; Summer; Autumn,images/JP-GN-2112169,,,
JP-GN-2112070,Kuro Saki,Japan,JP,Miyagi,JP-04,Ishinomaki Shi,"Kuro Saki (Kuro Saki) is a named seas and coastal areas location in Ishinomaki Shi, Miyagi, Japan.",Beach spots,Seas and coastal areas,Coastal feature,Drivable,38.27228,141.52326,21,1760,No,Spring; Summer; Autumn,images/JP-GN-2112070,,,
JP-GN-1855474,Nichinan-kaigan,Japan,JP,Miyazaki,JP-45,Miyazaki-shi,"Nichinan-kaigan (Nichinan-kaigan) is a named beaches location in Miyazaki-shi, Miyazaki, Japan.",Beach spots,Beaches,Coastal recreation area,Drivable,31.75,131.46667,51,1761,No,Summer,images/JP-GN-1855474,,,
JP-GN-10206550,Kakure Nenbutsu Do,Japan,JP,Miyazaki,JP-45,Kobayashi Shi,"Kakure Nenbutsu Do (Kakure Nenbutsu Dō) is a named caves location in Kobayashi Shi, Miyazaki, Japan.",Natural spots,Caves,Natural cave,Drivable,32.02905,130.9748,242,1762,No,Spring; Summer; Autumn,images/JP-GN-10206550,,,
JP-GN-1865263,Aoi-dake,Japan,JP,Miyazaki,JP-45,Miyakonojo Shi,"Aoi-dake (Aoi-dake) is a named mountains location in Miyakonojo Shi, Miyazaki, Japan.",Adventure spots|Natural spots,Mountains,Natural landform,Drivable,31.85,131.2,357,1763,No,Late spring; Summer; Autumn,images/JP-GN-1865263,,,
JP-GN-1865210,Arahira Yama,Japan,JP,Miyazaki,JP-45,Miyazaki-shi,"Arahira Yama (Arahira Yama) is a named mountains location in Miyazaki-shi, Miyazaki, Japan.",Adventure spots|Natural spots,Mountains,Natural landform,Drivable,31.81667,131.33333,400,1764,No,Late spring; Summer; Autumn,images/JP-GN-1865210,,,
JP-GN-8610920,Asajinnno,Japan,JP,Miyazaki,JP-45,Nichinan Shi,"Asajinnno (Asajinnno) is a named mountains location in Nichinan Shi, Miyazaki, Japan.",Adventure spots|Natural spots,Mountains,Natural landform,Drivable,31.78067,131.30882,781,1765,No,Late spring; Summer; Autumn,images/JP-GN-8610920,,,
JP-GN-1864952,Atago-yama,Japan,JP,Miyazaki,JP-45,Nobeoka Shi,"Atago-yama (Atago-yama) is a named mountains location in Nobeoka Shi, Miyazaki, Japan.",Adventure spots|Natural spots,Mountains,Natural landform,Drivable,32.55777,131.66457,202,1766,No,Late spring; Summer; Autumn,images/JP-GN-1864952,,,
JP-GN-1864558,Chinjin San,Japan,JP,Miyazaki,JP-45,Higashiusuki-gun,"Chinjin San (Chinjin San) is a named mountains location in Higashiusuki-gun, Miyazaki, Japan.",Adventure spots|Natural spots,Mountains,Natural landform,Drivable,32.39982,131.45299,790,1767,No,Late spring; Summer; Autumn,images/JP-GN-1864558,,,
JP-GN-1864409,Dake-yama,Japan,JP,Miyazaki,JP-45,Nobeoka Shi,"Dake-yama (Dake-yama) is a named mountains location in Nobeoka Shi, Miyazaki, Japan.",Adventure spots|Natural spots,Mountains,Natural landform,Drivable,32.72955,131.78959,555,1768,No,Late spring; Summer; Autumn,images/JP-GN-1864409,,,
JP-GN-1864293,Eboshi-dake,Japan,JP,Miyazaki,JP-45,Higashiusuki-gun,"Eboshi-dake (Eboshi-dake) is a named mountains location in Higashiusuki-gun, Miyazaki, Japan.",Adventure spots|Natural spots,Mountains,Natural landform,Drivable,32.54512,131.56661,296,1769,No,Late spring; Summer; Autumn,images/JP-GN-1864293,,,
JP-GN-1864273,Eboshi-yama,Japan,JP,Miyazaki,JP-45,Nishiusuki-gun,"Eboshi-yama (Eboshi-yama) is a named mountains location in Nishiusuki-gun, Miyazaki, Japan.",Adventure spots|Natural spots,Mountains,Natural landform,Drivable,32.67716,131.31433,784,1770,No,Late spring; Summer; Autumn,images/JP-GN-1864273,,,
JP-GN-1864189,Eno-take,Japan,JP,Miyazaki,JP-45,Nobeoka Shi,"Eno-take (Eno-take) is a named mountains location in Nobeoka Shi, Miyazaki, Japan.",Adventure spots|Natural spots,Mountains,Natural landform,Drivable,32.64815,131.64398,504,1771,No,Late spring; Summer; Autumn,images/JP-GN-1864189,,,
JP-GN-1864198,Enoki-toge,Japan,JP,Miyazaki,JP-45,Nobeoka Shi,"Enoki-toge (Enoki-tōge) is a named mountains location in Nobeoka Shi, Miyazaki, Japan.",Adventure spots|Natural spots,Mountains,Natural landform,Drivable,32.69446,131.55782,1238,1772,No,Late spring; Summer; Autumn,images/JP-GN-1864198,,,
JP-GN-1864217,Eshiro Yama,Japan,JP,Miyazaki,JP-45,Higashiusuki-gun,"Eshiro Yama (Eshiro Yama) is a named mountains location in Higashiusuki-gun, Miyazaki, Japan.",Adventure spots|Natural spots,Mountains,Natural landform,Drivable,32.37045,131.07606,1584,1773,No,Late spring; Summer; Autumn,images/JP-GN-1864217,,,
JP-GN-1863682,Gankotsu-yama,Japan,JP,Miyazaki,JP-45,Miyakonojo Shi,"Gankotsu-yama (Gankotsu-yama) is a named mountains location in Miyakonojo Shi, Miyazaki, Japan.",Adventure spots|Natural spots,Mountains,Natural landform,Drivable,31.88333,131.16667,242,1774,No,Late spring; Summer; Autumn,images/JP-GN-1863682,,,
JP-GN-1863619,Gion-yama,Japan,JP,Miyazaki,JP-45,Nishiusuki-gun,"Gion-yama (Gion-yama) is a named mountains location in Nishiusuki-gun, Miyazaki, Japan.",Adventure spots|Natural spots,Mountains,Natural landform,Drivable,32.63768,131.1823,1234,1775,No,Late spring; Summer; Autumn,images/JP-GN-1863619,,,
JP-GN-10206270,Hachimanga Oka,Japan,JP,Miyazaki,JP-45,Ebino-shi,"Hachimanga Oka (Hachimanga Oka) is a named mountains location in Ebino-shi, Miyazaki, Japan.",Adventure spots|Natural spots,Mountains,Natural landform,Drivable,32.04079,130.88978,411,1776,No,Late spring; Summer; Autumn,images/JP-GN-10206270,,,
JP-GN-1863043,Hatakura-yama,Japan,JP,Miyazaki,JP-45,Hyuga Shi,"Hatakura-yama (Hatakura-yama) is a named mountains location in Hyuga Shi, Miyazaki, Japan.",Adventure spots|Natural spots,Mountains,Natural landform,Drivable,32.29616,131.49693,831,1777,No,Late spring; Summer; Autumn,images/JP-GN-1863043,,,
JP-GN-1862999,Hayahino-mine,Japan,JP,Miyazaki,JP-45,Nobeoka Shi,"Hayahino-mine (Hayahino-mine) is a named mountains location in Nobeoka Shi, Miyazaki, Japan.",Adventure spots|Natural spots,Mountains,Natural landform,Drivable,32.56198,131.46412,855,1778,No,Late spring; Summer; Autumn,images/JP-GN-1862999,,,
JP-GN-1862863,Hiebata-yama,Japan,JP,Miyazaki,JP-45,Saito Shi,"Hiebata-yama (Hiebata-yama) is a named mountains location in Saito Shi, Miyazaki, Japan.",Adventure spots|Natural spots,Mountains,Natural landform,Drivable,32.22205,131.3592,720,1779,No,Late spring; Summer; Autumn,images/JP-GN-1862863,,,
JP-GN-1862838,Higashi-dake,Japan,JP,Miyazaki,JP-45,Kitamorokata Gun,"Higashi-dake (Higashi-dake) is a named mountains location in Kitamorokata Gun, Miyazaki, Japan.",Adventure spots|Natural spots,Mountains,Natural landform,Drivable,31.76667,131.21667,635,1780,No,Late spring; Summer; Autumn,images/JP-GN-1862838,,,
JP-GN-8611030,Hinamori Dake,Japan,JP,Miyazaki,JP-45,Kobayashi Shi,"Hinamori Dake (Hinamori Dake) is a named mountains location in Kobayashi Shi, Miyazaki, Japan.",Adventure spots|Natural spots,Mountains,Natural landform,Drivable,31.95071,130.9091,1322,1781,No,Late spring; Summer; Autumn,images/JP-GN-8611030,,,
JP-GN-8611054,Hinden Yama,Japan,JP,Miyazaki,JP-45,Araso,"Hinden Yama (Hinden Yama) is a named mountains location in Araso, Miyazaki, Japan.",Adventure spots|Natural spots,Mountains,Natural landform,Drivable,31.79703,130.88154,521,1782,No,Late spring; Summer; Autumn,images/JP-GN-8611054,,,
JP-GN-8611052,Amori Gawa,Japan,JP,Miyazaki,JP-45,Hayatocho-kareigawa,"Amori Gawa (Amori Gawa) is a named rivers location in Hayatocho-kareigawa, Miyazaki, Japan.",Natural spots,Rivers,Watercourse,Drivable,31.70938,130.7409,8,1783,No,Spring; Summer; Autumn,images/JP-GN-8611052,,,
JP-GN-1864869,Ayakita Gawa,Japan,JP,Miyazaki,JP-45,Aya,"Ayakita Gawa (Ayakita Gawa) is a named rivers location in Aya, Miyazaki, Japan.",Natural spots,Rivers,Watercourse,Drivable,31.99384,131.28201,13,1784,No,Spring; Summer; Autumn,images/JP-GN-1864869,,,
JP-GN-10206353,Demizu Gawa,Japan,JP,Miyazaki,JP-45,Uwae,"Demizu Gawa (Demizu Gawa) is a named rivers location in Uwae, Miyazaki, Japan.",Natural spots,Rivers,Watercourse,Drivable,32.02634,130.84416,245,1785,No,Spring; Summer; Autumn,images/JP-GN-10206353,,,
JP-GN-1863929,Fukushima Gawa,Japan,JP,Miyazaki,JP-45,Imamachi,"Fukushima Gawa (Fukushima Gawa) is a named rivers location in Imamachi, Miyazaki, Japan.",Natural spots,Rivers,Watercourse,Drivable,31.44561,131.20932,1,1786,No,Spring; Summer; Autumn,images/JP-GN-1863929,,,
JP-GN-1863585,Gokase-gawa,Japan,JP,Miyazaki,JP-45,Kawashimamachi,"Gokase-gawa (Gokase-gawa) is a named rivers location in Kawashimamachi, Miyazaki, Japan.",Natural spots,Rivers,Watercourse,Drivable,32.59138,131.70719,-9999,1787,No,Spring; Summer; Autumn,images/JP-GN-1863585,,,
JP-GN-10205078,Hatari Gawa,Japan,JP,Miyazaki,JP-45,Oda,"Hatari Gawa (Hatari Gawa) is a named rivers location in Oda, Miyazaki, Japan.",Natural spots,Rivers,Watercourse,Drivable,32.04778,130.8212,226,1788,No,Spring; Summer; Autumn,images/JP-GN-10205078,,,
JP-GN-10206631,Higashiyoshimuta Gawa,Japan,JP,Miyazaki,JP-45,Higashikata,"Higashiyoshimuta Gawa (Higashiyoshimuta Gawa) is a named rivers location in Higashikata, Miyazaki, Japan.",Natural spots,Rivers,Watercourse,Drivable,32.11754,130.98164,423,1789,No,Spring; Summer; Autumn,images/JP-GN-10206631,,,
JP-GN-1864867,Honjo Gawa,Japan,JP,Miyazaki,JP-45,Aya,"Honjo Gawa (Honjō Gawa) is a named rivers location in Aya, Miyazaki, Japan.",Natural spots,Rivers,Watercourse,Drivable,31.99207,131.28046,18,1790,No,Spring; Summer; Autumn,images/JP-GN-1864867,,,
JP-GN-1895773,Honjo Gawa,Japan,JP,Miyazaki,JP-45,Minato,"Honjo Gawa (Honjō Gawa) is a named rivers location in Minato, Miyazaki, Japan.",Natural spots,Rivers,Watercourse,Drivable,31.41912,131.24374,1,1791,No,Spring; Summer; Autumn,images/JP-GN-1895773,,,
JP-GN-1862163,Hori-gawa,Japan,JP,Miyazaki,JP-45,Nobeoka,"Hori-gawa (Hōri-gawa) is a named rivers location in Nobeoka, Miyazaki, Japan.",Natural spots,Rivers,Watercourse,Drivable,32.59101,131.68906,4,1792,No,Spring; Summer; Autumn,images/JP-GN-1862163,,,
JP-GN-10206348,Ikejima Gawa,Japan,JP,Miyazaki,JP-45,Oda,"Ikejima Gawa (Ikejima Gawa) is a named rivers location in Oda, Miyazaki, Japan.",Natural spots,Rivers,Watercourse,Drivable,32.04661,130.81983,226,1793,No,Spring; Summer; Autumn,images/JP-GN-10206348,,,
JP-GN-10204787,Inari Gawa,Japan,JP,Miyazaki,JP-45,Kyomachi,"Inari Gawa (Inari Gawa) is a named rivers location in Kyomachi, Miyazaki, Japan.",Natural spots,Rivers,Watercourse,Drivable,32.04972,130.76014,214,1794,No,Spring; Summer; Autumn,images/JP-GN-10204787,,,
JP-GN-10206563,Ishigori Gawa,Japan,JP,Miyazaki,JP-45,Magata,"Ishigori Gawa (Ishigōri Gawa) is a named rivers location in Magata, Miyazaki, Japan.",Natural spots,Rivers,Watercourse,Drivable,32.00614,130.97673,189,1795,No,Spring; Summer; Autumn,images/JP-GN-10206563,,,
JP-GN-8610923,Ishizaki Gawa,Japan,JP,Miyazaki,JP-45,Sadowaracho-shimotajima,"Ishizaki Gawa (Ishizaki Gawa) is a named rivers location in Sadowaracho-shimotajima, Miyazaki, Japan.",Natural spots,Rivers,Watercourse,Drivable,32.01273,131.49415,1,1796,No,Spring; Summer; Autumn,images/JP-GN-8610923,,,
JP-GN-1861326,Isuzu-gawa,Japan,JP,Miyazaki,JP-45,Kadogawa,"Isuzu-gawa (Isuzu-gawa) is a named rivers location in Kadogawa, Miyazaki, Japan.",Natural spots,Rivers,Watercourse,Drivable,32.46763,131.65446,-2,1797,No,Spring; Summer; Autumn,images/JP-GN-1861326,,,
JP-GN-1860866,Kaeda Gawa,Japan,JP,Miyazaki,JP-45,aoshima,"Kaeda Gawa (Kaeda Gawa) is a named rivers location in aoshima, Miyazaki, Japan.",Natural spots,Rivers,Watercourse,Drivable,31.81581,131.45398,6,1798,No,Spring; Summer; Autumn,images/JP-GN-1860866,,,
JP-GN-10206258,Kanayama Gawa,Japan,JP,Miyazaki,JP-45,Sugizuru,"Kanayama Gawa (Kanayama Gawa) is a named rivers location in Sugizuru, Miyazaki, Japan.",Natural spots,Rivers,Watercourse,Drivable,32.05176,130.8885,256,1799,No,Spring; Summer; Autumn,images/JP-GN-10206258,,,
JP-GN-8610916,Katagami Gawa,Japan,JP,Miyazaki,JP-45,Tonoura,"Katagami Gawa (Katagami Gawa) is a named rivers location in Tonoura, Miyazaki, Japan.",Natural spots,Rivers,Watercourse,Drivable,31.51795,131.37284,0,1800,No,Spring; Summer; Autumn,images/JP-GN-8610916,,,
JP-GN-10204813,Kawakita Gawa,Japan,JP,Miyazaki,JP-45,Saigo,"Kawakita Gawa (Kawakita Gawa) is a named rivers location in Saigo, Miyazaki, Japan.",Natural spots,Rivers,Watercourse,Drivable,32.05884,130.79271,218,1801,No,Spring; Summer; Autumn,images/JP-GN-10204813,,,
JP-GN-8611053,Kenko Gawa,Japan,JP,Miyazaki,JP-45,Hayatocho-kareigawa,"Kenko Gawa (Kenkō Gawa) is a named rivers location in Hayatocho-kareigawa, Miyazaki, Japan.",Natural spots,Rivers,Watercourse,Drivable,31.70631,130.78583,0,1802,No,Spring; Summer; Autumn,images/JP-GN-8611053,,,
JP-GN-1859348,Kita-gawa,Japan,JP,Miyazaki,JP-45,Kawashimamachi,"Kita-gawa (Kita-gawa) is a named rivers location in Kawashimamachi, Miyazaki, Japan.",Natural spots,Rivers,Watercourse,Drivable,32.59556,131.70594,1,1803,No,Spring; Summer; Autumn,images/JP-GN-1859348,,,
JP-GN-8610921,Kiyotake Gawa,Japan,JP,Miyazaki,JP-45,Kizaki,"Kiyotake Gawa (Kiyotake Gawa) is a named rivers location in Kizaki, Miyazaki, Japan.",Natural spots,Rivers,Watercourse,Drivable,31.8313,131.45194,-9999,1804,No,Spring; Summer; Autumn,images/JP-GN-8610921,,,
JP-GN-1863939,Fuku-saki,Japan,JP,Miyazaki,JP-45,Nobeoka Shi,"Fuku-saki (Fuku-saki) is a named seas and coastal areas location in Nobeoka Shi, Miyazaki, Japan.",Beach spots,Seas and coastal areas,Coastal feature,Drivable,32.66261,131.78919,16,1805,No,Spring; Summer; Autumn,images/JP-GN-1863939,,,
JP-GN-1860874,Kadogawa-wan,Japan,JP,Miyazaki,JP-45,Kadogawa,"Kadogawa-wan (Kadogawa-wan) is a named seas and coastal areas location in Kadogawa, Miyazaki, Japan.",Beach spots,Seas and coastal areas,Coastal feature,Drivable,32.4759,131.66429,1,1806,No,Spring; Summer; Autumn,images/JP-GN-1860874,,,
JP-GN-1860247,Kanayama-bana,Japan,JP,Miyazaki,JP-45,Nobeoka Shi,"Kanayama-bana (Kanayama-bana) is a named seas and coastal areas location in Nobeoka Shi, Miyazaki, Japan.",Beach spots,Seas and coastal areas,Coastal feature,Drivable,32.64047,131.77223,114,1807,No,Spring; Summer; Autumn,images/JP-GN-1860247,,,
JP-GN-1860163,Kannon-saki,Japan,JP,Miyazaki,JP-45,Hososhima,"Kannon-saki (Kannon-saki) is a named seas and coastal areas location in Hososhima, Miyazaki, Japan.",Beach spots,Seas and coastal areas,Coastal feature,Drivable,32.43333,131.68333,1,1808,No,Spring; Summer; Autumn,images/JP-GN-1860163,,,
JP-GN-1857017,Mi-saki,Japan,JP,Miyazaki,JP-45,Tainamachi,"Mi-saki (Mi-saki) is a named seas and coastal areas location in Tainamachi, Miyazaki, Japan.",Beach spots,Seas and coastal areas,Coastal feature,Drivable,32.49712,131.72912,1,1809,No,Spring; Summer; Autumn,images/JP-GN-1857017,,,
JP-GN-1853427,Ozue-wan,Japan,JP,Miyazaki,JP-45,Hososhima,"Ozue-wan (Ozue-wan) is a named seas and coastal areas location in Hososhima, Miyazaki, Japan.",Beach spots,Seas and coastal areas,Coastal feature,Drivable,32.45,131.68333,-9999,1810,No,Spring; Summer; Autumn,images/JP-GN-1853427,,,
JP-GN-1850240,Toi Misaki,Japan,JP,Miyazaki,JP-45,Kushima Shi,"Toi Misaki (Toi Misaki) is a named seas and coastal areas location in Kushima Shi, Miyazaki, Japan.",Beach spots,Seas and coastal areas,Coastal feature,Drivable,31.36342,131.34655,1,1811,No,Spring; Summer; Autumn,images/JP-GN-1850240,,,
JP-GN-9120514,Hokuryu Ko,Japan,JP,Nagano,JP-20,Mizuho-toyo,"Hokuryu Ko (Hokuryū Ko) is a named lakes location in Mizuho-toyo, Nagano, Japan.",Natural spots,Lakes,Inland water body,Drivable,36.90387,138.42584,502,1812,No,Spring; Summer; Autumn,images/JP-GN-9120514,,,
JP-GN-9116883,Matsubara Ko,Japan,JP,Nagano,JP-20,Inako,"Matsubara Ko (Matsubara Ko) is a named lakes location in Inako, Nagano, Japan.",Natural spots,Lakes,Inland water body,Drivable,36.0527,138.45655,1121,1813,No,Spring; Summer; Autumn,images/JP-GN-9116883,,,
JP-GN-1855033,Nojiri Ko,Japan,JP,Nagano,JP-20,Furumi,"Nojiri Ko (Nojiri Ko) is a named lakes location in Furumi, Nagano, Japan.",Natural spots,Lakes,Inland water body,Drivable,36.82549,138.22249,651,1814,No,Spring; Summer; Autumn,images/JP-GN-1855033,,,
JP-GN-1851908,Shirakaba Ko,Japan,JP,Nagano,JP-20,Tateshinabokujokita,"Shirakaba Ko (Shirakaba Ko) is a named lakes location in Tateshinabokujokita, Nagano, Japan.",Natural spots,Lakes,Inland water body,Drivable,36.10584,138.23602,1413,1815,No,Spring; Summer; Autumn,images/JP-GN-1851908,,,
JP-GN-1851366,Suwa Ko,Japan,JP,Nagano,JP-20,Shimosuwa,"Suwa Ko (Suwa Ko) is a named lakes location in Shimosuwa, Nagano, Japan.",Natural spots,Lakes,Inland water body,Drivable,36.05,138.08333,755,1816,No,Spring; Summer; Autumn,images/JP-GN-1851366,,,
JP-GN-8675111,Abo San,Japan,JP,Nagano,JP-20,Matsumoto Shi,"Abo San (Abō San) is a named mountains location in Matsumoto Shi, Nagano, Japan.",Adventure spots|Natural spots,Mountains,Natural landform,Drivable,36.19064,137.59512,2209,1817,No,Late spring; Summer; Autumn,images/JP-GN-8675111,,,
JP-GN-1865596,Aka-dake,Japan,JP,Nagano,JP-20,Suwa-gun,"Aka-dake (Aka-dake) is a named mountains location in Suwa-gun, Nagano, Japan.",Adventure spots|Natural spots,Mountains,Natural landform,Drivable,35.96667,138.36667,2899,1818,No,Late spring; Summer; Autumn,images/JP-GN-1865596,,,
JP-GN-8675089,Akaiwa Dake,Japan,JP,Nagano,JP-20,Omachi-shi,"Akaiwa Dake (Akaiwa Dake) is a named mountains location in Omachi-shi, Nagano, Japan.",Adventure spots|Natural spots,Mountains,Natural landform,Drivable,36.3436,137.68404,2735,1819,No,Late spring; Summer; Autumn,images/JP-GN-8675089,,,
JP-GN-1865525,Akaru San,Japan,JP,Nagano,JP-20,Saku Shi,"Akaru San (Akaru San) is a named mountains location in Saku Shi, Nagano, Japan.",Adventure spots|Natural spots,Mountains,Natural landform,Drivable,36.26889,138.53556,999,1820,No,Late spring; Summer; Autumn,images/JP-GN-1865525,,,
JP-GN-9116945,Akuba San,Japan,JP,Nagano,JP-20,Kamitakai-gun,"Akuba San (Akuba San) is a named mountains location in Kamitakai-gun, Nagano, Japan.",Adventure spots|Natural spots,Mountains,Natural landform,Drivable,36.62879,138.40823,1562,1821,No,Late spring; Summer; Autumn,images/JP-GN-9116945,,,
JP-GN-1865352,Amamizu Yama,Japan,JP,Nagano,JP-20,Shimominochi-gun,"Amamizu Yama (Amamizu Yama) is a named mountains location in Shimominochi-gun, Nagano, Japan.",Adventure spots|Natural spots,Mountains,Natural landform,Drivable,37.02252,138.55543,1068,1822,No,Late spring; Summer; Autumn,images/JP-GN-1865352,,,
JP-GN-1865322,Ampeiji-yama,Japan,JP,Nagano,JP-20,Kiso-gun,"Ampeiji-yama (Ampeiji-yama) is a named mountains location in Kiso-gun, Nagano, Japan.",Adventure spots|Natural spots,Mountains,Natural landform,Drivable,35.63333,137.76667,2044,1823,No,Late spring; Summer; Autumn,images/JP-GN-1865322,,,
JP-GN-1865176,Arakura Yama,Japan,JP,Nagano,JP-20,Kinasa,"Arakura Yama (Arakura Yama) is a named mountains location in Kinasa, Nagano, Japan.",Adventure spots|Natural spots,Mountains,Natural landform,Drivable,36.68818,138.03476,1088,1824,No,Late spring; Summer; Autumn,images/JP-GN-1865176,,,
JP-GN-8674919,Ariake Yama,Japan,JP,Nagano,JP-20,Azumino-Shi,"Ariake Yama (Ariake Yama) is a named mountains location in Azumino-Shi, Nagano, Japan.",Adventure spots|Natural spots,Mountains,Natural landform,Drivable,36.39124,137.77096,2243,1825,No,Late spring; Summer; Autumn,images/JP-GN-8674919,,,
JP-GN-8674922,Asakawa Yama,Japan,JP,Nagano,JP-20,Azumino-Shi,"Asakawa Yama (Asakawa Yama) is a named mountains location in Azumino-Shi, Nagano, Japan.",Adventure spots|Natural spots,Mountains,Natural landform,Drivable,36.33915,137.78764,1814,1826,No,Late spring; Summer; Autumn,images/JP-GN-8674922,,,
JP-GN-9115528,Asakura Yama,Japan,JP,Nagano,JP-20,Chino Shi,"Asakura Yama (Asakura Yama) is a named mountains location in Chino Shi, Nagano, Japan.",Adventure spots|Natural spots,Mountains,Natural landform,Drivable,36.04253,138.21087,1055,1827,No,Late spring; Summer; Autumn,images/JP-GN-9115528,,,
JP-GN-1865040,Asama-yama,Japan,JP,Nagano,JP-20,Kitasaku-gun,"Asama-yama (Asama-yama) is a named mountains location in Kitasaku-gun, Nagano, Japan.",Adventure spots|Natural spots,Mountains,Natural landform,Drivable,36.40643,138.52005,2568,1828,No,Late spring; Summer; Autumn,images/JP-GN-1865040,,,
JP-GN-9114411,Azumaya San,Japan,JP,Nagano,JP-20,Higashichikuma Gun,"Azumaya San (Azumaya San) is a named mountains location in Higashichikuma Gun, Nagano, Japan.",Adventure spots|Natural spots,Mountains,Natural landform,Drivable,36.41811,138.05417,2354,1829,No,Late spring; Summer; Autumn,images/JP-GN-9114411,,,
JP-GN-1864680,Bozu-dake,Japan,JP,Nagano,JP-20,Shiojiri-shi,"Bozu-dake (Bozu-dake) is a named mountains location in Shiojiri-shi, Nagano, Japan.",Adventure spots|Natural spots,Mountains,Natural landform,Drivable,35.93771,137.82864,1918,1830,No,Late spring; Summer; Autumn,images/JP-GN-1864680,,,
JP-GN-1864649,Chausu-dake,Japan,JP,Nagano,JP-20,Iida Shi,"Chausu-dake (Chausu-dake) is a named mountains location in Iida Shi, Nagano, Japan.",Adventure spots|Natural spots,Mountains,Natural landform,Drivable,35.36667,138.13333,2477,1831,No,Late spring; Summer; Autumn,images/JP-GN-1864649,,,
JP-GN-1864644,Chausu-yama,Japan,JP,Nagano,JP-20,Shiojiri-shi,"Chausu-yama (Chausu-yama) is a named mountains location in Shiojiri-shi, Nagano, Japan.",Adventure spots|Natural spots,Mountains,Natural landform,Drivable,35.81767,137.82091,2635,1832,No,Late spring; Summer; Autumn,images/JP-GN-1864644,,,
JP-GN-8674461,Choga Dake,Japan,JP,Nagano,JP-20,Matsumoto Shi,"Choga Dake (Chōga Dake) is a named mountains location in Matsumoto Shi, Nagano, Japan.",Adventure spots|Natural spots,Mountains,Natural landform,Drivable,36.29532,137.72167,2624,1833,No,Late spring; Summer; Autumn,images/JP-GN-8674461,,,
JP-GN-1864418,Dai-tenjo-dake,Japan,JP,Nagano,JP-20,Matsumoto Shi,"Dai-tenjo-dake (Dai-tenjō-dake) is a named mountains location in Matsumoto Shi, Nagano, Japan.",Adventure spots|Natural spots,Mountains,Natural landform,Drivable,36.36463,137.70126,2921,1834,No,Late spring; Summer; Autumn,images/JP-GN-1864418,,,
JP-GN-1864466,Daiga-mine,Japan,JP,Nagano,JP-20,Kiso-gun,"Daiga-mine (Daiga-mine) is a named mountains location in Kiso-gun, Nagano, Japan.",Adventure spots|Natural spots,Mountains,Natural landform,Drivable,35.79192,137.66247,1491,1835,No,Late spring; Summer; Autumn,images/JP-GN-1864466,,,
JP-GN-1864440,Daimyojin Dake,Japan,JP,Nagano,JP-20,Chiisakata-gun,"Daimyojin Dake (Daimyōjin Dake) is a named mountains location in Chiisakata-gun, Nagano, Japan.",Adventure spots|Natural spots,Mountains,Natural landform,Drivable,36.32226,138.11458,1208,1836,No,Late spring; Summer; Autumn,images/JP-GN-1864440,,,
JP-GN-12097384,Jigokudani Monkey Park,Japan,JP,Nagano,JP-20,Shimotakai-gun,"Jigokudani Monkey Park (Jigokudani Monkey Park) is a named parks location in Shimotakai-gun, Nagano, Japan.",Natural spots,Parks,Public park or protected area,Drivable,36.7328,138.4627,850,1837,No,Spring; Summer; Autumn,images/JP-GN-12097384,,,
JP-GN-1860952,Joyama-koen,Japan,JP,Nagano,JP-20,Nagano Shi,"Joyama-koen (Jōyama-kōen) is a named parks location in Nagano Shi, Nagano, Japan.",Natural spots,Parks,Public park or protected area,Drivable,36.65,138.18333,372,1838,No,Spring; Summer; Autumn,images/JP-GN-1860952,,,
JP-GN-1857198,Minami-arupusu-kokuritsu-koen,Japan,JP,Nagano,JP-20,Ina Shi,"Minami-arupusu-kokuritsu-koen (Minami-arupusu-kokuritsu-kōen) is a named parks location in Ina Shi, Nagano, Japan.",Natural spots,Parks,Public park or protected area,Drivable,35.66667,138.16667,1861,1839,No,Spring; Summer; Autumn,images/JP-GN-1857198,,,
JP-GN-1865680,Aiki Gawa,Japan,JP,Nagano,JP-20,Domura,"Aiki Gawa (Aiki Gawa) is a named rivers location in Domura, Nagano, Japan.",Natural spots,Rivers,Watercourse,Drivable,36.09329,138.48432,851,1840,No,Spring; Summer; Autumn,images/JP-GN-1865680,,,
JP-GN-9116562,Ame Kawa,Japan,JP,Nagano,JP-20,Usuda,"Ame Kawa (Ame Kawa) is a named rivers location in Usuda, Nagano, Japan.",Natural spots,Rivers,Watercourse,Drivable,36.20352,138.48487,697,1841,No,Spring; Summer; Autumn,images/JP-GN-9116562,,,
JP-GN-9114230,Asa Kawa,Japan,JP,Nagano,JP-20,Oshiha,"Asa Kawa (Asa Kawa) is a named rivers location in Oshiha, Nagano, Japan.",Natural spots,Rivers,Watercourse,Drivable,36.71533,138.30607,325,1842,No,Spring; Summer; Autumn,images/JP-GN-9114230,,,
JP-GN-9116898,Ayu Gawa,Japan,JP,Nagano,JP-20,Fukujima,"Ayu Gawa (Ayu Gawa) is a named rivers location in Fukujima, Nagano, Japan.",Natural spots,Rivers,Watercourse,Drivable,36.65141,138.2809,339,1843,No,Spring; Summer; Autumn,images/JP-GN-9116898,,,
JP-GN-9115943,Ban'ya Gawa,Japan,JP,Nagano,JP-20,Ohinata,"Ban'ya Gawa (Ban’ya Gawa) is a named rivers location in Ohinata, Nagano, Japan.",Natural spots,Rivers,Watercourse,Drivable,36.32292,138.34221,546,1844,No,Spring; Summer; Autumn,images/JP-GN-9115943,,,
JP-GN-8675039,Chi Gawa,Japan,JP,Nagano,JP-20,Minamigodo,"Chi Gawa (Chi Gawa) is a named rivers location in Minamigodo, Nagano, Japan.",Natural spots,Rivers,Watercourse,Drivable,36.39405,137.85746,573,1845,No,Spring; Summer; Autumn,images/JP-GN-8675039,,,
JP-GN-9115557,Daimon Gawa,Japan,JP,Nagano,JP-20,Nagakubo,"Daimon Gawa (Daimon Gawa) is a named rivers location in Nagakubo, Nagano, Japan.",Natural spots,Rivers,Watercourse,Drivable,36.23764,138.25296,697,1846,No,Spring; Summer; Autumn,images/JP-GN-9115557,,,
JP-GN-9115825,Daimyojin Zawa,Japan,JP,Nagano,JP-20,Higashigumi,"Daimyojin Zawa (Daimyōjin Zawa) is a named rivers location in Higashigumi, Nagano, Japan.",Natural spots,Rivers,Watercourse,Drivable,36.51075,138.3416,1165,1847,No,Spring; Summer; Autumn,images/JP-GN-9115825,,,
JP-GN-1864354,Dojiri Gawa,Japan,JP,Nagano,JP-20,Shinkomachi-wakuike,"Dojiri Gawa (Dojiri Gawa) is a named rivers location in Shinkomachi-wakuike, Nagano, Japan.",Natural spots,Rivers,Watercourse,Drivable,36.60646,138.06152,397,1848,No,Spring; Summer; Autumn,images/JP-GN-1864354,,,
JP-GN-8675017,Higashi Sawa,Japan,JP,Nagano,JP-20,Osaki,"Higashi Sawa (Higashi Sawa) is a named rivers location in Osaki, Nagano, Japan.",Natural spots,Rivers,Watercourse,Drivable,36.45153,137.68583,1274,1849,No,Spring; Summer; Autumn,images/JP-GN-8675017,,,
JP-GN-9114408,Higashijo Gawa,Japan,JP,Nagano,JP-20,Taira,"Higashijo Gawa (Higashijō Gawa) is a named rivers location in Taira, Nagano, Japan.",Natural spots,Rivers,Watercourse,Drivable,36.43601,138.00784,571,1850,No,Spring; Summer; Autumn,images/JP-GN-9114408,,,
JP-GN-9114318,Hoshina Gawa,Japan,JP,Nagano,JP-20,Wakaho-watauchi,"Hoshina Gawa (Hoshina Gawa) is a named rivers location in Wakaho-watauchi, Nagano, Japan.",Natural spots,Rivers,Watercourse,Drivable,36.62356,138.24944,340,1851,No,Spring; Summer; Autumn,images/JP-GN-9114318,,,
JP-GN-9116868,Ishido Gawa,Japan,JP,Nagano,JP-20,Yakori,"Ishido Gawa (Ishidō Gawa) is a named rivers location in Yakori, Nagano, Japan.",Natural spots,Rivers,Watercourse,Drivable,36.1279,138.45821,822,1852,No,Spring; Summer; Autumn,images/JP-GN-9116868,,,
JP-GN-9115559,Isuzu Gawa,Japan,JP,Nagano,JP-20,Nagakubo,"Isuzu Gawa (Isuzu Gawa) is a named rivers location in Nagakubo, Nagano, Japan.",Natural spots,Rivers,Watercourse,Drivable,36.25824,138.26229,648,1853,No,Spring; Summer; Autumn,images/JP-GN-9115559,,,
JP-GN-9116238,Jahori Gawa,Japan,JP,Nagano,JP-20,Shimogawara,"Jahori Gawa (Jahori Gawa) is a named rivers location in Shimogawara, Nagano, Japan.",Natural spots,Rivers,Watercourse,Drivable,36.31791,138.41623,608,1854,No,Spring; Summer; Autumn,images/JP-GN-9116238,,,
JP-GN-9115942,Kakuma Gawa,Japan,JP,Nagano,JP-20,Ohinata,"Kakuma Gawa (Kakuma Gawa) is a named rivers location in Ohinata, Nagano, Japan.",Natural spots,Rivers,Watercourse,Drivable,36.33855,138.3486,520,1855,No,Spring; Summer; Autumn,images/JP-GN-9115942,,,
JP-GN-8675085,Kanakuma Gawa,Japan,JP,Nagano,JP-20,Ohinata,"Kanakuma Gawa (Kanakuma Gawa) is a named rivers location in Ohinata, Nagano, Japan.",Natural spots,Rivers,Watercourse,Drivable,36.4652,137.9482,479,1856,No,Spring; Summer; Autumn,images/JP-GN-8675085,,,
JP-GN-8675227,Karasawa Gawa,Japan,JP,Nagano,JP-20,Shimotakeda,"Karasawa Gawa (Karasawa Gawa) is a named rivers location in Shimotakeda, Nagano, Japan.",Natural spots,Rivers,Watercourse,Drivable,36.178,137.8966,649,1857,No,Spring; Summer; Autumn,images/JP-GN-8675227,,,
JP-GN-8674475,Karasu Gawa,Japan,JP,Nagano,JP-20,Todorokimachi,"Karasu Gawa (Karasu Gawa) is a named rivers location in Todorokimachi, Nagano, Japan.",Natural spots,Rivers,Watercourse,Drivable,36.35147,137.88484,532,1858,No,Spring; Summer; Autumn,images/JP-GN-8674475,,,
JP-GN-8675347,Kashimata Zawa,Japan,JP,Nagano,JP-20,Onmago,"Kashimata Zawa (Kashimata Zawa) is a named rivers location in Onmago, Nagano, Japan.",Natural spots,Rivers,Watercourse,Drivable,36.10183,137.82618,956,1859,No,Spring; Summer; Autumn,images/JP-GN-8675347,,,
JP-GN-1859877,Kasumi Zawa,Japan,JP,Nagano,JP-20,Sawando,"Kasumi Zawa (Kasumi Zawa) is a named rivers location in Sawando, Nagano, Japan.",Natural spots,Rivers,Watercourse,Drivable,36.16493,137.65923,1002,1860,No,Spring; Summer; Autumn,images/JP-GN-1859877,,,
JP-GN-9116313,Kosaka Gawa,Japan,JP,Nagano,JP-20,Arakoda,"Kosaka Gawa (Kōsaka Gawa) is a named rivers location in Arakoda, Nagano, Japan.",Natural spots,Rivers,Watercourse,Drivable,36.25172,138.49793,680,1861,No,Spring; Summer; Autumn,images/JP-GN-9116313,,,
JP-GN-8601285,Mae Hama,Japan,JP,Nagasaki,JP-42,Goto Shi,"Mae Hama (Mae Hama) is a named beaches location in Goto Shi, Nagasaki, Japan.",Beach spots,Beaches,Coastal recreation area,Drivable,31.99653,128.35164,0,1862,No,Summer,images/JP-GN-8601285,,,
JP-GN-9982151,Senriga Hama,Japan,JP,Nagasaki,JP-42,Hirado Shi,"Senriga Hama (Senriga Hama) is a named beaches location in Hirado Shi, Nagasaki, Japan.",Beach spots,Beaches,Coastal recreation area,Drivable,33.3319,129.53035,5,1863,No,Summer,images/JP-GN-9982151,,,
JP-GN-8601286,Ushiro Hama,Japan,JP,Nagasaki,JP-42,Goto Shi,"Ushiro Hama (Ushiro Hama) is a named beaches location in Goto Shi, Nagasaki, Japan.",Beach spots,Beaches,Coastal recreation area,Drivable,31.99664,128.35028,-9999,1864,No,Summer,images/JP-GN-8601286,,,
JP-GN-1865457,Akasaki Dake,Japan,JP,Nagasaki,JP-42,Sasebo Shi,"Akasaki Dake (Akasaki Dake) is a named mountains location in Sasebo Shi, Nagasaki, Japan.",Adventure spots|Natural spots,Mountains,Natural landform,Drivable,33.15177,129.69976,199,1865,No,Late spring; Summer; Autumn,images/JP-GN-1865457,,,
JP-GN-1865127,Ariake-yama,Japan,JP,Nagasaki,JP-42,Tsushima Shi,"Ariake-yama (Ariake-yama) is a named mountains location in Tsushima Shi, Nagasaki, Japan.",Adventure spots|Natural spots,Mountains,Natural landform,Drivable,34.2,129.26667,335,1866,No,Late spring; Summer; Autumn,images/JP-GN-1865127,,,
JP-GN-9985079,Asago Dake,Japan,JP,Nagasaki,JP-42,Sasebo Shi,"Asago Dake (Asago Dake) is a named mountains location in Sasebo Shi, Nagasaki, Japan.",Adventure spots|Natural spots,Mountains,Natural landform,Drivable,33.19803,129.62764,117,1867,No,Late spring; Summer; Autumn,images/JP-GN-9985079,,,
JP-GN-1929136,Atago San,Japan,JP,Nagasaki,JP-42,Sasebo Shi,"Atago San (Atago San) is a named mountains location in Sasebo Shi, Nagasaki, Japan.",Adventure spots|Natural spots,Mountains,Natural landform,Drivable,33.20377,129.66398,145,1868,No,Late spring; Summer; Autumn,images/JP-GN-1929136,,,
JP-GN-1896035,Ban Dake,Japan,JP,Nagasaki,JP-42,Goto Shi,"Ban Dake (Ban Dake) is a named mountains location in Goto Shi, Nagasaki, Japan.",Adventure spots|Natural spots,Mountains,Natural landform,Drivable,32.75408,128.98365,215,1869,No,Late spring; Summer; Autumn,images/JP-GN-1896035,,,
JP-GN-1896105,Ban Dake,Japan,JP,Nagasaki,JP-42,Minamimatsuura Gun,"Ban Dake (Ban Dake) is a named mountains location in Minamimatsuura Gun, Nagasaki, Japan.",Adventure spots|Natural spots,Mountains,Natural landform,Drivable,33.01444,129.08276,253,1870,No,Late spring; Summer; Autumn,images/JP-GN-1896105,,,
JP-GN-1896108,Ban Dake,Japan,JP,Nagasaki,JP-42,Minamimatsuura Gun,"Ban Dake (Ban Dake) is a named mountains location in Minamimatsuura Gun, Nagasaki, Japan.",Adventure spots|Natural spots,Mountains,Natural landform,Drivable,33.06667,129.09167,398,1871,No,Late spring; Summer; Autumn,images/JP-GN-1896108,,,
JP-GN-1896120,Ban Dake,Japan,JP,Nagasaki,JP-42,Kitamatsuura-gun,"Ban Dake (Ban Dake) is a named mountains location in Kitamatsuura-gun, Nagasaki, Japan.",Adventure spots|Natural spots,Mountains,Natural landform,Drivable,33.19979,129.04947,68,1872,No,Late spring; Summer; Autumn,images/JP-GN-1896120,,,
JP-GN-1929129,Ban Dake,Japan,JP,Nagasaki,JP-42,Sasebo Shi,"Ban Dake (Ban Dake) is a named mountains location in Sasebo Shi, Nagasaki, Japan.",Adventure spots|Natural spots,Mountains,Natural landform,Drivable,33.16625,129.58715,106,1873,No,Late spring; Summer; Autumn,images/JP-GN-1929129,,,
JP-GN-1864789,Ban'ya Dake,Japan,JP,Nagasaki,JP-42,Goto Shi,"Ban'ya Dake (Ban’ya Dake) is a named mountains location in Goto Shi, Nagasaki, Japan.",Adventure spots|Natural spots,Mountains,Natural landform,Drivable,32.81078,128.84886,309,1874,No,Late spring; Summer; Autumn,images/JP-GN-1864789,,,
JP-GN-9998279,Banjin San,Japan,JP,Nagasaki,JP-42,Higashisonigi-gun,"Banjin San (Banjin San) is a named mountains location in Higashisonigi-gun, Nagasaki, Japan.",Adventure spots|Natural spots,Mountains,Natural landform,Drivable,33.04569,129.91622,128,1875,No,Late spring; Summer; Autumn,images/JP-GN-9998279,,,
JP-GN-1895898,Bansho Yama,Japan,JP,Nagasaki,JP-42,Goto Shi,"Bansho Yama (Bansho Yama) is a named mountains location in Goto Shi, Nagasaki, Japan.",Adventure spots|Natural spots,Mountains,Natural landform,Drivable,32.5864,128.76419,41,1876,No,Late spring; Summer; Autumn,images/JP-GN-1895898,,,
JP-GN-1896048,Bato Zan,Japan,JP,Nagasaki,JP-42,Minamimatsuura Gun,"Bato Zan (Batō Zan) is a named mountains location in Minamimatsuura Gun, Nagasaki, Japan.",Adventure spots|Natural spots,Mountains,Natural landform,Drivable,32.91738,128.94019,211,1877,No,Late spring; Summer; Autumn,images/JP-GN-1896048,,,
JP-GN-8597578,Byobu Dake,Japan,JP,Nagasaki,JP-42,Hirado Shi,"Byobu Dake (Byōbu Dake) is a named mountains location in Hirado Shi, Nagasaki, Japan.",Adventure spots|Natural spots,Mountains,Natural landform,Drivable,33.21841,129.40202,317,1878,No,Late spring; Summer; Autumn,images/JP-GN-8597578,,,
JP-GN-1864607,Chijiga-dake,Japan,JP,Nagasaki,JP-42,Minamimatsuura Gun,"Chijiga-dake (Chijiga-dake) is a named mountains location in Minamimatsuura Gun, Nagasaki, Japan.",Adventure spots|Natural spots,Mountains,Natural landform,Drivable,32.86667,129.06667,59,1879,No,Late spring; Summer; Autumn,images/JP-GN-1864607,,,
JP-GN-1929139,Daikan Yama,Japan,JP,Nagasaki,JP-42,Sasebo Shi,"Daikan Yama (Daikan Yama) is a named mountains location in Sasebo Shi, Nagasaki, Japan.",Adventure spots|Natural spots,Mountains,Natural landform,Drivable,33.24209,129.59597,352,1880,No,Late spring; Summer; Autumn,images/JP-GN-1929139,,,
JP-GN-1929131,Eboshi Dake,Japan,JP,Nagasaki,JP-42,Sasebo Shi,"Eboshi Dake (Eboshi Dake) is a named mountains location in Sasebo Shi, Nagasaki, Japan.",Adventure spots|Natural spots,Mountains,Natural landform,Drivable,33.18021,129.75211,546,1881,No,Late spring; Summer; Autumn,images/JP-GN-1929131,,,
JP-GN-9993763,Futatsu Dake,Japan,JP,Nagasaki,JP-42,Higashisonigi-gun,"Futatsu Dake (Futatsu Dake) is a named mountains location in Higashisonigi-gun, Nagasaki, Japan.",Adventure spots|Natural spots,Mountains,Natural landform,Drivable,33.11635,129.84478,257,1882,No,Late spring; Summer; Autumn,images/JP-GN-9993763,,,
JP-GN-1863589,Gokagahara-dake,Japan,JP,Nagasaki,JP-42,Isahaya Shi,"Gokagahara-dake (Gokagahara-dake) is a named mountains location in Isahaya Shi, Nagasaki, Japan.",Adventure spots|Natural spots,Mountains,Natural landform,Drivable,32.95,130.06667,810,1883,No,Late spring; Summer; Autumn,images/JP-GN-1863589,,,
JP-GN-11103488,Kameoka Park,Japan,JP,Nagasaki,JP-42,Hirado Shi,"Kameoka Park (Kameoka Park) is a named parks location in Hirado Shi, Nagasaki, Japan.",Natural spots,Parks,Public park or protected area,Drivable,33.36743,129.55637,36,1884,No,Spring; Summer; Autumn,images/JP-GN-11103488,,,
JP-GN-1865663,Ainoura Gawa,Japan,JP,Nagasaki,JP-42,Ogatacho,"Ainoura Gawa (Ainoura Gawa) is a named rivers location in Ogatacho, Nagasaki, Japan.",Natural spots,Rivers,Watercourse,Drivable,33.17046,129.6608,3,1885,No,Spring; Summer; Autumn,images/JP-GN-1865663,,,
JP-GN-1864330,Doza-gawa,Japan,JP,Nagasaki,JP-42,Higashi-kotohiramachi,"Doza-gawa (Dōza-gawa) is a named rivers location in Higashi-kotohiramachi, Nagasaki, Japan.",Natural spots,Rivers,Watercourse,Drivable,32.73333,129.86667,5,1886,No,Spring; Summer; Autumn,images/JP-GN-1864330,,,
JP-GN-1862335,Hiu Gawa,Japan,JP,Nagasaki,JP-42,Okishinmachi,"Hiu Gawa (Hiu Gawa) is a named rivers location in Okishinmachi, Nagasaki, Japan.",Natural spots,Rivers,Watercourse,Drivable,33.14495,129.75152,17,1887,No,Spring; Summer; Autumn,images/JP-GN-1862335,,,
JP-GN-1862245,Hommyo-gawa,Japan,JP,Nagasaki,JP-42,Fukanomi,"Hommyo-gawa (Hommyō-gawa) is a named rivers location in Fukanomi, Nagasaki, Japan.",Natural spots,Rivers,Watercourse,Drivable,32.85,130.08333,-1,1888,No,Spring; Summer; Autumn,images/JP-GN-1862245,,,
JP-GN-9993842,Kawatana Gawa,Japan,JP,Nagasaki,JP-42,Kawatana,"Kawatana Gawa (Kawatana Gawa) is a named rivers location in Kawatana, Nagasaki, Japan.",Natural spots,Rivers,Watercourse,Drivable,33.06289,129.86276,1,1889,No,Spring; Summer; Autumn,images/JP-GN-9993842,,,
JP-GN-1857547,Matsugae-gawa,Japan,JP,Nagasaki,JP-42,Higashi-kotohiramachi,"Matsugae-gawa (Matsugae-gawa) is a named rivers location in Higashi-kotohiramachi, Nagasaki, Japan.",Natural spots,Rivers,Watercourse,Drivable,32.73333,129.86667,5,1890,No,Spring; Summer; Autumn,images/JP-GN-1857547,,,
JP-GN-1856078,Nagayo-gawa,Japan,JP,Nagasaki,JP-42,Togitsu,"Nagayo-gawa (Nagayo-gawa) is a named rivers location in Togitsu, Nagasaki, Japan.",Natural spots,Rivers,Watercourse,Drivable,32.83333,129.86667,81,1891,No,Spring; Summer; Autumn,images/JP-GN-1856078,,,
JP-GN-1855780,Nakashima-gawa,Japan,JP,Nagasaki,JP-42,Nagasaki,"Nakashima-gawa (Nakashima-gawa) is a named rivers location in Nagasaki, Nagasaki, Japan.",Natural spots,Rivers,Watercourse,Drivable,32.75,129.86667,12,1892,No,Spring; Summer; Autumn,images/JP-GN-1855780,,,
JP-GN-1855109,Nita Gawa,Japan,JP,Nagasaki,JP-42,Kasmiagatacho-inugaura,"Nita Gawa (Nita Gawa) is a named rivers location in Kasmiagatacho-inugaura, Nagasaki, Japan.",Natural spots,Rivers,Watercourse,Drivable,34.53258,129.34284,11,1893,No,Spring; Summer; Autumn,images/JP-GN-1855109,,,
JP-GN-12041447,Oura Creek (historical),Japan,JP,Nagasaki,JP-42,Higashi-kotohiramachi,"Oura Creek (historical) (Oura Creek (historical)) is a named rivers location in Higashi-kotohiramachi, Nagasaki, Japan.",Natural spots,Rivers,Watercourse,Drivable,32.73725,129.8697,6,1894,No,Spring; Summer; Autumn,images/JP-GN-12041447,,,
JP-GN-1853265,Sago Gawa,Japan,JP,Nagasaki,JP-42,Minato,"Sago Gawa (Sago Gawa) is a named rivers location in Minato, Nagasaki, Japan.",Natural spots,Rivers,Watercourse,Drivable,34.64013,129.33675,19,1895,No,Spring; Summer; Autumn,images/JP-GN-1853265,,,
JP-GN-1852897,Sasebo Gawa,Japan,JP,Nagasaki,JP-42,Sasebo,"Sasebo Gawa (Sasebo Gawa) is a named rivers location in Sasebo, Nagasaki, Japan.",Natural spots,Rivers,Watercourse,Drivable,33.16231,129.72128,-1,1896,No,Spring; Summer; Autumn,images/JP-GN-1852897,,,
JP-GN-1852877,Sasu Gawa,Japan,JP,Nagasaki,JP-42,Izuharamachi-shiine,"Sasu Gawa (Sasu Gawa) is a named rivers location in Izuharamachi-shiine, Nagasaki, Japan.",Natural spots,Rivers,Watercourse,Drivable,34.23165,129.18991,4,1897,No,Spring; Summer; Autumn,images/JP-GN-1852877,,,
JP-GN-1852823,Saza Gawa,Japan,JP,Nagasaki,JP-42,Kosazacho-kuroishi,"Saza Gawa (Saza Gawa) is a named rivers location in Kosazacho-kuroishi, Nagasaki, Japan.",Natural spots,Rivers,Watercourse,Drivable,33.22492,129.63693,1,1898,No,Spring; Summer; Autumn,images/JP-GN-1852823,,,
JP-GN-1852808,Se Gawa,Japan,JP,Nagasaki,JP-42,Izuharamachi-sasuse,"Se Gawa (Se Gawa) is a named rivers location in Izuharamachi-sasuse, Nagasaki, Japan.",Natural spots,Rivers,Watercourse,Drivable,34.15004,129.17485,3,1899,No,Spring; Summer; Autumn,images/JP-GN-1852808,,,
JP-GN-1852024,Shiota Gawa,Japan,JP,Nagasaki,JP-42,Tomego,"Shiota Gawa (Shiota Gawa) is a named rivers location in Tomego, Nagasaki, Japan.",Natural spots,Rivers,Watercourse,Drivable,33.11502,130.13047,1,1900,No,Spring; Summer; Autumn,images/JP-GN-1852024,,,
JP-GN-1851577,Sonogi Gawa,Japan,JP,Nagasaki,JP-42,Sonogishukugo,"Sonogi Gawa (Sonogi Gawa) is a named rivers location in Sonogishukugo, Nagasaki, Japan.",Natural spots,Rivers,Watercourse,Drivable,33.03269,129.91809,-8,1901,No,Spring; Summer; Autumn,images/JP-GN-1851577,,,
JP-GN-9979569,Tatsuo Gawa,Japan,JP,Nagasaki,JP-42,Mikuriyacho-ikedamen,"Tatsuo Gawa (Tatsuo Gawa) is a named rivers location in Mikuriyacho-ikedamen, Nagasaki, Japan.",Natural spots,Rivers,Watercourse,Drivable,33.36694,129.65903,4,1902,No,Spring; Summer; Autumn,images/JP-GN-9979569,,,
JP-GN-1849210,Urakami-gawa,Japan,JP,Nagasaki,JP-42,Nagasaki,"Urakami-gawa (Urakami-gawa) is a named rivers location in Nagasaki, Nagasaki, Japan.",Natural spots,Rivers,Watercourse,Drivable,32.75,129.86667,12,1903,No,Spring; Summer; Autumn,images/JP-GN-1849210,,,
JP-GN-1895971,Wani Gawa,Japan,JP,Nagasaki,JP-42,Kishikumachi-kishiku,"Wani Gawa (Wani Gawa) is a named rivers location in Kishikumachi-kishiku, Nagasaki, Japan.",Natural spots,Rivers,Watercourse,Drivable,32.74536,128.76665,13,1904,No,Spring; Summer; Autumn,images/JP-GN-1895971,,,
JP-GN-1929115,Yukinoura-gawa,Japan,JP,Nagasaki,JP-42,Yukinoura,"Yukinoura-gawa (Yukinoura-gawa) is a named rivers location in Yukinoura, Nagasaki, Japan.",Natural spots,Rivers,Watercourse,Drivable,32.91667,129.66389,7,1905,No,Spring; Summer; Autumn,images/JP-GN-1929115,,,
JP-GN-1865775,Aba-wan,Japan,JP,Nagasaki,JP-42,Abamachi,"Aba-wan (Aba-wan) is a named seas and coastal areas location in Abamachi, Nagasaki, Japan.",Beach spots,Seas and coastal areas,Coastal feature,Drivable,32.74928,129.96138,-9999,1906,No,Spring; Summer; Autumn,images/JP-GN-1865775,,,
JP-GN-1865737,Agami Ura,Japan,JP,Nagasaki,JP-42,Izuharamachi-agami,"Agami Ura (Agami Ura) is a named seas and coastal areas location in Izuharamachi-agami, Nagasaki, Japan.",Beach spots,Seas and coastal areas,Coastal feature,Drivable,34.14151,129.28098,-9999,1907,No,Spring; Summer; Autumn,images/JP-GN-1865737,,,
JP-GN-1865662,Ainoura Wan,Japan,JP,Nagasaki,JP-42,Natsui,"Ainoura Wan (Ainoura Wan) is a named seas and coastal areas location in Natsui, Nagasaki, Japan.",Beach spots,Seas and coastal areas,Coastal feature,Drivable,32.8593,128.92631,12,1908,No,Spring; Summer; Autumn,images/JP-GN-1865662,,,
JP-GN-1865640,Aizakino Seto,Japan,JP,Nagasaki,JP-42,Enohama,"Aizakino Seto (Aizakino Seto) is a named seas and coastal areas location in Enohama, Nagasaki, Japan.",Beach spots,Seas and coastal areas,Coastal feature,Drivable,32.97955,129.2107,-9999,1909,No,Spring; Summer; Autumn,images/JP-GN-1865640,,,
JP-GN-1865429,Akindo-bana,Japan,JP,Nagasaki,JP-42,Minamimatsuura Gun,"Akindo-bana (Akindo-bana) is a named seas and coastal areas location in Minamimatsuura Gun, Nagasaki, Japan.",Beach spots,Seas and coastal areas,Coastal feature,Drivable,32.9051,129.09477,6,1910,No,Spring; Summer; Autumn,images/JP-GN-1865429,,,
JP-GN-1865397,Akuno Ura,Japan,JP,Nagasaki,JP-42,Arifukucho,"Akuno Ura (Akuno Ura) is a named seas and coastal areas location in Arifukucho, Nagasaki, Japan.",Beach spots,Seas and coastal areas,Coastal feature,Drivable,33.12859,129.76618,-9999,1911,No,Spring; Summer; Autumn,images/JP-GN-1865397,,,
JP-GN-1865398,Akuno-ura,Japan,JP,Nagasaki,JP-42,Nagasaki Shi,"Akuno-ura (Akuno-ura) is a named seas and coastal areas location in Nagasaki Shi, Nagasaki, Japan.",Beach spots,Seas and coastal areas,Coastal feature,Drivable,32.74053,129.85748,43,1912,No,Spring; Summer; Autumn,images/JP-GN-1865398,,,
JP-GN-1865378,Amagata-ura,Japan,JP,Nagasaki,JP-42,Okishinmachi,"Amagata-ura (Amagata-ura) is a named seas and coastal areas location in Okishinmachi, Nagasaki, Japan.",Beach spots,Seas and coastal areas,Coastal feature,Drivable,33.14637,129.7543,2,1913,No,Spring; Summer; Autumn,images/JP-GN-1865378,,,
JP-GN-1865261,Aokata Wan,Japan,JP,Nagasaki,JP-42,Aokata,"Aokata Wan (Aokata Wan) is a named seas and coastal areas location in Aokata, Nagasaki, Japan.",Beach spots,Seas and coastal areas,Coastal feature,Drivable,32.97991,129.0485,-9999,1914,No,Spring; Summer; Autumn,images/JP-GN-1865261,,,
JP-GN-1865252,Aoki Ura,Japan,JP,Nagasaki,JP-42,Yakezaki,"Aoki Ura (Aoki Ura) is a named seas and coastal areas location in Yakezaki, Nagasaki, Japan.",Beach spots,Seas and coastal areas,Coastal feature,Drivable,32.94192,129.01304,4,1915,No,Spring; Summer; Autumn,images/JP-GN-1865252,,,
JP-GN-1865161,Ara Saki,Japan,JP,Nagasaki,JP-42,Hirado Shi,"Ara Saki (Ara Saki) is a named seas and coastal areas location in Hirado Shi, Nagasaki, Japan.",Beach spots,Seas and coastal areas,Coastal feature,Drivable,33.45337,129.53019,29,1916,No,Spring; Summer; Autumn,images/JP-GN-1865161,,,
JP-GN-1865162,Ara Saki,Japan,JP,Nagasaki,JP-42,Hirado Shi,"Ara Saki (Ara Saki) is a named seas and coastal areas location in Hirado Shi, Nagasaki, Japan.",Beach spots,Seas and coastal areas,Coastal feature,Drivable,33.35178,129.41535,40,1917,No,Spring; Summer; Autumn,images/JP-GN-1865162,,,
JP-GN-1865126,Ariake Sea,Japan,JP,Nagasaki,JP-42,Mizunoura,"Ariake Sea (Ariake Sea) is a named seas and coastal areas location in Mizunoura, Nagasaki, Japan.",Beach spots,Seas and coastal areas,Coastal feature,Drivable,33.08333,130.25,-9999,1918,No,Spring; Summer; Autumn,images/JP-GN-1865126,,,
JP-GN-1865114,Arikawa Wan,Japan,JP,Nagasaki,JP-42,Okawara,"Arikawa Wan (Arikawa Wan) is a named seas and coastal areas location in Okawara, Nagasaki, Japan.",Beach spots,Seas and coastal areas,Coastal feature,Drivable,33.01788,129.1348,-9999,1919,No,Spring; Summer; Autumn,images/JP-GN-1865114,,,
JP-GN-1865025,Asa-ura,Japan,JP,Nagasaki,JP-42,Sakitocho-hongo,"Asa-ura (Asa-ura) is a named seas and coastal areas location in Sakitocho-hongo, Nagasaki, Japan.",Beach spots,Seas and coastal areas,Coastal feature,Drivable,33,129.56667,-9999,1920,No,Spring; Summer; Autumn,images/JP-GN-1865025,,,
JP-GN-1864843,Azu Ura,Japan,JP,Nagasaki,JP-42,Azu,"Azu Ura (Azu Ura) is a named seas and coastal areas location in Azu, Nagasaki, Japan.",Beach spots,Seas and coastal areas,Coastal feature,Drivable,34.21639,129.30083,-9999,1921,No,Spring; Summer; Autumn,images/JP-GN-1864843,,,
JP-GN-1864844,Azuchi Wan,Japan,JP,Nagasaki,JP-42,Hirado Shi,"Azuchi Wan (Azuchi Wan) is a named seas and coastal areas location in Hirado Shi, Nagasaki, Japan.",Beach spots,Seas and coastal areas,Coastal feature,Drivable,33.47759,129.52533,1,1922,No,Spring; Summer; Autumn,images/JP-GN-1864844,,,
JP-GN-9629314,Bukkyogatake Genshirin,Japan,JP,Nara,JP-29,Amagase,"Bukkyogatake Genshirin (Bukkyōgatake Genshirin) is a named forests location in Amagase, Nara, Japan.",Natural spots,Forests,Forest area,Drivable,34.17393,135.91166,1757,1923,No,Spring; Summer; Autumn,images/JP-GN-9629314,,,
JP-GN-1865349,Amanokagu Yama,Japan,JP,Nara,JP-29,Kashihara-shi,"Amanokagu Yama (Amanokagu Yama) is a named mountains location in Kashihara-shi, Nara, Japan.",Adventure spots|Natural spots,Mountains,Natural landform,Drivable,34.49561,135.81991,152,1924,No,Late spring; Summer; Autumn,images/JP-GN-1865349,,,
JP-GN-1865300,Ando-yama,Japan,JP,Nara,JP-29,Yoshino-gun,"Ando-yama (Ando-yama) is a named mountains location in Yoshino-gun, Nara, Japan.",Adventure spots|Natural spots,Mountains,Natural landform,Drivable,33.9,135.61667,1069,1925,No,Late spring; Summer; Autumn,images/JP-GN-1865300,,,
JP-GN-9629451,Azami Dake,Japan,JP,Nara,JP-29,Yoshino-gun,"Azami Dake (Azami Dake) is a named mountains location in Yoshino-gun, Nara, Japan.",Adventure spots|Natural spots,Mountains,Natural landform,Drivable,34.36046,136.06552,1406,1926,No,Late spring; Summer; Autumn,images/JP-GN-9629451,,,
JP-GN-9291936,Bojo Mine,Japan,JP,Nara,JP-29,Gojo-shi,"Bojo Mine (Bōjō Mine) is a named mountains location in Gojo-shi, Nara, Japan.",Adventure spots|Natural spots,Mountains,Natural landform,Drivable,34.27651,135.69858,761,1927,No,Late spring; Summer; Autumn,images/JP-GN-9291936,,,
JP-GN-1864663,Bushiga Mine,Japan,JP,Nara,JP-29,Gojo-shi,"Bushiga Mine (Bushiga Mine) is a named mountains location in Gojo-shi, Nara, Japan.",Adventure spots|Natural spots,Mountains,Natural landform,Drivable,34.23173,135.79026,997,1928,No,Late spring; Summer; Autumn,images/JP-GN-1864663,,,
JP-GN-9628499,Busshoga Dake,Japan,JP,Nara,JP-29,Yoshino-gun,"Busshoga Dake (Busshōga Dake) is a named mountains location in Yoshino-gun, Nara, Japan.",Adventure spots|Natural spots,Mountains,Natural landform,Drivable,34.13461,135.91317,1769,1929,No,Late spring; Summer; Autumn,images/JP-GN-9628499,,,
JP-GN-1864646,Chausu Yama,Japan,JP,Nara,JP-29,Uda Shi,"Chausu Yama (Chausu Yama) is a named mountains location in Uda Shi, Nara, Japan.",Adventure spots|Natural spots,Mountains,Natural landform,Drivable,34.61989,136.06238,520,1930,No,Late spring; Summer; Autumn,images/JP-GN-1864646,,,
JP-GN-9629293,Chosen Dake,Japan,JP,Nara,JP-29,Yoshino-gun,"Chosen Dake (Chōsen Dake) is a named mountains location in Yoshino-gun, Nara, Japan.",Adventure spots|Natural spots,Mountains,Natural landform,Drivable,34.18949,135.8909,1627,1931,No,Late spring; Summer; Autumn,images/JP-GN-9629293,,,
JP-GN-9629298,Daifugen Dake,Japan,JP,Nara,JP-29,Yoshino-gun,"Daifugen Dake (Daifugen Dake) is a named mountains location in Yoshino-gun, Nara, Japan.",Adventure spots|Natural spots,Mountains,Natural landform,Drivable,34.22768,135.96281,1752,1932,No,Late spring; Summer; Autumn,images/JP-GN-9629298,,,
JP-GN-9631735,Daiko Sanmyaku,Japan,JP,Nara,JP-29,Omata,"Daiko Sanmyaku (Daikō Sanmyaku) is a named mountains location in Omata, Nara, Japan.",Adventure spots|Natural spots,Mountains,Natural landform,Drivable,34.36173,136.09215,1382,1933,No,Late spring; Summer; Autumn,images/JP-GN-9631735,,,
JP-GN-9628501,Dainichi Dake,Japan,JP,Nara,JP-29,Yoshino-gun,"Dainichi Dake (Dainichi Dake) is a named mountains location in Yoshino-gun, Nara, Japan.",Adventure spots|Natural spots,Mountains,Natural landform,Drivable,34.10379,135.9052,1508,1934,No,Late spring; Summer; Autumn,images/JP-GN-9628501,,,
JP-GN-9634027,Danno Yama,Japan,JP,Nara,JP-29,Nara-shi,"Danno Yama (Danno Yama) is a named mountains location in Nara-shi, Nara, Japan.",Adventure spots|Natural spots,Mountains,Natural landform,Drivable,34.61183,135.99086,597,1935,No,Late spring; Summer; Autumn,images/JP-GN-9634027,,,
JP-GN-9629296,Gyojagaeri Dake,Japan,JP,Nara,JP-29,Yoshino-gun,"Gyojagaeri Dake (Gyōjagaeri Dake) is a named mountains location in Yoshino-gun, Nara, Japan.",Adventure spots|Natural spots,Mountains,Natural landform,Drivable,34.20462,135.94507,1511,1936,No,Late spring; Summer; Autumn,images/JP-GN-9629296,,,
JP-GN-9628507,Gyosen Dake,Japan,JP,Nara,JP-29,Yoshino-gun,"Gyosen Dake (Gyōsen Dake) is a named mountains location in Yoshino-gun, Nara, Japan.",Adventure spots|Natural spots,Mountains,Natural landform,Drivable,34.00436,135.90484,1202,1937,No,Late spring; Summer; Autumn,images/JP-GN-9628507,,,
JP-GN-1863362,Hakken-san,Japan,JP,Nara,JP-29,Yoshino-gun,"Hakken-san (Hakken-san) is a named mountains location in Yoshino-gun, Nara, Japan.",Adventure spots|Natural spots,Mountains,Natural landform,Drivable,34.17446,135.90826,1914,1938,No,Late spring; Summer; Autumn,images/JP-GN-1863362,,,
JP-GN-9628618,Hakuroku Yama,Japan,JP,Nara,JP-29,Gojo-shi,"Hakuroku Yama (Hakuroku Yama) is a named mountains location in Gojo-shi, Nara, Japan.",Adventure spots|Natural spots,Mountains,Natural landform,Drivable,34.1648,135.77833,1147,1939,No,Late spring; Summer; Autumn,images/JP-GN-9628618,,,
JP-GN-1862596,Hidega Take,Japan,JP,Nara,JP-29,Yoshino-gun,"Hidega Take (Hidega Take) is a named mountains location in Yoshino-gun, Nara, Japan.",Adventure spots|Natural spots,Mountains,Natural landform,Drivable,34.18507,136.10885,1684,1940,No,Late spring; Summer; Autumn,images/JP-GN-1862596,,,
JP-GN-1862101,Hossuo San,Japan,JP,Nara,JP-29,Yoshino-gun,"Hossuo San (Hossuo San) is a named mountains location in Yoshino-gun, Nara, Japan.",Adventure spots|Natural spots,Mountains,Natural landform,Drivable,34.03761,135.75005,975,1941,No,Late spring; Summer; Autumn,images/JP-GN-1862101,,,
JP-GN-1861768,Ikegoya Yama,Japan,JP,Nara,JP-29,Yoshino-gun,"Ikegoya Yama (Ikegoya Yama) is a named mountains location in Yoshino-gun, Nara, Japan.",Adventure spots|Natural spots,Mountains,Natural landform,Drivable,34.31607,136.12935,1378,1942,No,Late spring; Summer; Autumn,images/JP-GN-1861768,,,
JP-GN-9629378,Ikehara Chosuichi,Japan,JP,Nara,JP-29,Shimoikehara,"Ikehara Chosuichi (Ikehara Chosuichi) is a named parks location in Shimoikehara, Nara, Japan.",Natural spots,Parks,Public park or protected area,Drivable,34.05427,135.97977,299,1943,No,Spring; Summer; Autumn,images/JP-GN-9629378,,,
JP-GN-9628530,Kazeya Chosuichi,Japan,JP,Nara,JP-29,Kawatsu,"Kazeya Chosuichi (Kazeya Chosuichi) is a named parks location in Kawatsu, Nara, Japan.",Natural spots,Parks,Public park or protected area,Drivable,34.05732,135.75841,282,1944,No,Spring; Summer; Autumn,images/JP-GN-9628530,,,
JP-GN-9633220,Kurondo Ike,Japan,JP,Nara,JP-29,Takayamacho,"Kurondo Ike (Kurondo Ike) is a named parks location in Takayamacho, Nara, Japan.",Natural spots,Parks,Public park or protected area,Drivable,34.76234,135.71465,227,1945,No,Spring; Summer; Autumn,images/JP-GN-9633220,,,
JP-GN-9632440,Murou Ko,Japan,JP,Nara,JP-29,Haibara-yamabesan,"Murou Ko (Murou Ko) is a named parks location in Haibara-yamabesan, Nara, Japan.",Natural spots,Parks,Public park or protected area,Drivable,34.55082,135.99747,293,1946,No,Spring; Summer; Autumn,images/JP-GN-9632440,,,
JP-GN-11776579,Nara Koen,Japan,JP,Nara,JP-29,Nara-shi,"Nara Koen (Nara Kōen) is a named parks location in Nara-shi, Nara, Japan.",Natural spots,Parks,Public park or protected area,Drivable,34.6852,135.84166,106,1947,No,Spring; Summer; Autumn,images/JP-GN-11776579,,,
JP-GN-9633775,Nunome Ko,Japan,JP,Nara,JP-29,Kitano,"Nunome Ko (Nunome Ko) is a named parks location in Kitano, Nara, Japan.",Natural spots,Parks,Public park or protected area,Drivable,34.69077,135.9802,282,1948,No,Spring; Summer; Autumn,images/JP-GN-9633775,,,
JP-GN-9632993,Shirakawa Tameike,Japan,JP,Nara,JP-29,Takahicho,"Shirakawa Tameike (Shirakawa Tameike) is a named parks location in Takahicho, Nara, Japan.",Natural spots,Parks,Public park or protected area,Drivable,34.62167,135.85089,120,1949,No,Spring; Summer; Autumn,images/JP-GN-9632993,,,
JP-GN-9633860,Sugawa Chosuichi,Japan,JP,Nara,JP-29,Sugawacho,"Sugawa Chosuichi (Sugawa Chosuichi) is a named parks location in Sugawacho, Nara, Japan.",Natural spots,Parks,Public park or protected area,Drivable,34.72128,135.91326,197,1950,No,Spring; Summer; Autumn,images/JP-GN-9633860,,,
JP-GN-9633219,Takayama Tameike,Japan,JP,Nara,JP-29,Takayamacho,"Takayama Tameike (Takayama Tameike) is a named parks location in Takayamacho, Nara, Japan.",Natural spots,Parks,Public park or protected area,Drivable,34.7649,135.71862,222,1951,No,Spring; Summer; Autumn,images/JP-GN-9633219,,,
JP-GN-9631840,Tsuburo Ko,Japan,JP,Nara,JP-29,Miyataki,"Tsuburo Ko (Tsuburo Ko) is a named parks location in Miyataki, Nara, Japan.",Natural spots,Parks,Public park or protected area,Drivable,34.39606,135.90113,238,1952,No,Spring; Summer; Autumn,images/JP-GN-9631840,,,
JP-GN-11978649,Yoshiki-en,Japan,JP,Nara,JP-29,Nara-shi,"Yoshiki-en (Yoshiki-en) is a named parks location in Nara-shi, Nara, Japan.",Natural spots,Parks,Public park or protected area,Drivable,34.68548,135.83733,96,1953,No,Spring; Summer; Autumn,images/JP-GN-11978649,,,
JP-GN-1848163,Yoshino-Kumano-kokuritsu-koen,Japan,JP,Nara,JP-29,Yoshino-gun,"Yoshino-Kumano-kokuritsu-koen (Yoshino-Kumano-kokuritsu-kōen) is a named parks location in Yoshino-gun, Nara, Japan.",Natural spots,Parks,Public park or protected area,Drivable,34.16667,135.91667,1246,1954,No,Spring; Summer; Autumn,images/JP-GN-1848163,,,
JP-GN-1864965,Asuka Gawa,Japan,JP,Nara,JP-29,Hota,"Asuka Gawa (Asuka Gawa) is a named rivers location in Hota, Nara, Japan.",Natural spots,Rivers,Watercourse,Drivable,34.58994,135.75367,35,1955,No,Spring; Summer; Autumn,images/JP-GN-1864965,,,
JP-GN-9633248,Bodaisen Gawa,Japan,JP,Nara,JP-29,Banjocho,"Bodaisen Gawa (Bodaisen Gawa) is a named rivers location in Banjocho, Nara, Japan.",Natural spots,Rivers,Watercourse,Drivable,34.63034,135.7904,46,1956,No,Spring; Summer; Autumn,images/JP-GN-9633248,,,
JP-GN-9633005,Furu Gawa,Japan,JP,Nara,JP-29,Nishiidodocho,"Furu Gawa (Furu Gawa) is a named rivers location in Nishiidodocho, Nara, Japan.",Natural spots,Rivers,Watercourse,Drivable,34.57722,135.81299,46,1957,No,Spring; Summer; Autumn,images/JP-GN-9633005,,,
JP-GN-9629336,Higashino Kawa,Japan,JP,Nara,JP-29,Kotochi,"Higashino Kawa (Higashino Kawa) is a named rivers location in Kotochi, Nara, Japan.",Natural spots,Rivers,Watercourse,Drivable,34.12121,136.0713,360,1958,No,Spring; Summer; Autumn,images/JP-GN-9629336,,,
JP-GN-9628581,Hinokimata Gawa,Japan,JP,Nara,JP-29,Hinokimata,"Hinokimata Gawa (Hinokimata Gawa) is a named rivers location in Hinokimata, Nara, Japan.",Natural spots,Rivers,Watercourse,Drivable,34.11627,135.59381,768,1959,No,Spring; Summer; Autumn,images/JP-GN-9628581,,,
JP-GN-9629380,Honsawa Gawa,Japan,JP,Nara,JP-29,Kuroishi,"Honsawa Gawa (Honsawa Gawa) is a named rivers location in Kuroishi, Nara, Japan.",Natural spots,Rivers,Watercourse,Drivable,34.25329,136.05627,405,1960,No,Spring; Summer; Autumn,images/JP-GN-9629380,,,
JP-GN-9628588,Iketsu Gawa,Japan,JP,Nara,JP-29,Nakatsukawa,"Iketsu Gawa (Iketsu Gawa) is a named rivers location in Nakatsukawa, Nara, Japan.",Natural spots,Rivers,Watercourse,Drivable,34.14517,135.70285,438,1961,No,Spring; Summer; Autumn,images/JP-GN-9628588,,,
JP-GN-9628562,Kanno Gawa,Japan,JP,Nara,JP-29,Tsugoeno,"Kanno Gawa (Kanno Gawa) is a named rivers location in Tsugoeno, Nara, Japan.",Natural spots,Rivers,Watercourse,Drivable,34.05288,135.72952,293,1962,No,Spring; Summer; Autumn,images/JP-GN-9628562,,,
JP-GN-9633079,Katsuragi Gawa,Japan,JP,Nara,JP-29,Oyanagi,"Katsuragi Gawa (Katsuragi Gawa) is a named rivers location in Oyanagi, Nara, Japan.",Natural spots,Rivers,Watercourse,Drivable,34.57687,135.75423,39,1963,No,Spring; Summer; Autumn,images/JP-GN-9633079,,,
JP-GN-9628585,Kawaharabi Kawa,Japan,JP,Nara,JP-29,Otocho-shimizu,"Kawaharabi Kawa (Kawaharabi Kawa) is a named rivers location in Otocho-shimizu, Nara, Japan.",Natural spots,Rivers,Watercourse,Drivable,34.13825,135.72696,387,1964,No,Spring; Summer; Autumn,images/JP-GN-9628585,,,
JP-GN-9632903,Kayano Gawa,Japan,JP,Nara,JP-29,Shikitsu,"Kayano Gawa (Kayano Gawa) is a named rivers location in Shikitsu, Nara, Japan.",Natural spots,Rivers,Watercourse,Drivable,34.50912,136.18965,460,1965,No,Spring; Summer; Autumn,images/JP-GN-9632903,,,
JP-GN-9629452,Kitamata Gawa,Japan,JP,Nara,JP-29,Kuroishi,"Kitamata Gawa (Kitamata Gawa) is a named rivers location in Kuroishi, Nara, Japan.",Natural spots,Rivers,Watercourse,Drivable,34.2536,136.05649,405,1966,No,Spring; Summer; Autumn,images/JP-GN-9629452,,,
JP-GN-9632901,Kozue Gawa,Japan,JP,Nara,JP-29,Shikitsu,"Kozue Gawa (Kōzue Gawa) is a named rivers location in Shikitsu, Nara, Japan.",Natural spots,Rivers,Watercourse,Drivable,34.50916,136.19017,460,1967,No,Spring; Summer; Autumn,images/JP-GN-9632901,,,
JP-GN-9628548,Kurihira Gawa,Japan,JP,Nara,JP-29,Takigawa,"Kurihira Gawa (Kurihira Gawa) is a named rivers location in Takigawa, Nara, Japan.",Natural spots,Rivers,Watercourse,Drivable,34.06132,135.79317,275,1968,No,Spring; Summer; Autumn,images/JP-GN-9628548,,,
JP-GN-9629060,Kurotaki Gawa,Japan,JP,Nara,JP-29,Terado,"Kurotaki Gawa (Kurotaki Gawa) is a named rivers location in Terado, Nara, Japan.",Natural spots,Rivers,Watercourse,Drivable,34.31038,135.85141,409,1969,No,Spring; Summer; Autumn,images/JP-GN-9629060,,,
JP-GN-9629294,Misen Gawa,Japan,JP,Nara,JP-29,Kitozumi,"Misen Gawa (Misen Gawa) is a named rivers location in Kitozumi, Nara, Japan.",Natural spots,Rivers,Watercourse,Drivable,34.22448,135.88196,686,1970,No,Spring; Summer; Autumn,images/JP-GN-9629294,,,
JP-GN-9633190,Mishiro Gawa,Japan,JP,Nara,JP-29,Jinnan,"Mishiro Gawa (Mishiro Gawa) is a named rivers location in Jinnan, Nara, Japan.",Natural spots,Rivers,Watercourse,Drivable,34.59547,135.71862,33,1971,No,Spring; Summer; Autumn,images/JP-GN-9633190,,,
JP-GN-9631737,Mugitani Gawa,Japan,JP,Nara,JP-29,Omata,"Mugitani Gawa (Mugitani Gawa) is a named rivers location in Omata, Nara, Japan.",Natural spots,Rivers,Watercourse,Drivable,34.37576,136.02503,418,1972,No,Spring; Summer; Autumn,images/JP-GN-9631737,,,
JP-GN-9632445,Murou Gawa,Japan,JP,Nara,JP-29,Murou-ono,"Murou Gawa (Murou Gawa) is a named rivers location in Murou-ono, Nara, Japan.",Natural spots,Rivers,Watercourse,Drivable,34.55839,136.0116,255,1973,No,Spring; Summer; Autumn,images/JP-GN-9632445,,,
JP-GN-9629450,Nakaoku Gawa,Japan,JP,Nara,JP-29,Kitawada,"Nakaoku Gawa (Nakaoku Gawa) is a named rivers location in Kitawada, Nara, Japan.",Natural spots,Rivers,Watercourse,Drivable,34.30155,135.99763,319,1974,No,Spring; Summer; Autumn,images/JP-GN-9629450,,,
JP-GN-9628952,Nyu Gawa,Japan,JP,Nara,JP-29,Miyamacho,"Nyu Gawa (Nyū Gawa) is a named rivers location in Miyamacho, Nara, Japan.",Natural spots,Rivers,Watercourse,Drivable,34.33772,135.69371,97,1975,No,Spring; Summer; Autumn,images/JP-GN-9628952,,,
JP-GN-9633247,Saho Gawa,Japan,JP,Nara,JP-29,Handa,"Saho Gawa (Saho Gawa) is a named rivers location in Handa, Nara, Japan.",Natural spots,Rivers,Watercourse,Drivable,34.59772,135.77095,36,1976,No,Spring; Summer; Autumn,images/JP-GN-9633247,,,
JP-GN-1861893,Igarashi Hama,Japan,JP,Niigata,JP-15,Niigata Shi,"Igarashi Hama (Igarashi Hama) is a named beaches location in Niigata Shi, Niigata, Japan.",Beach spots,Beaches,Coastal recreation area,Drivable,37.87483,138.93749,6,1977,No,Summer,images/JP-GN-1861893,,,
JP-GN-1861817,Ikarashi-hama,Japan,JP,Niigata,JP-15,Shimo-ikarashi,"Ikarashi-hama (Ikarashi-hama) is a named beaches location in Shimo-ikarashi, Niigata, Japan.",Beach spots,Beaches,Coastal recreation area,Drivable,37.88333,138.95,10,1978,No,Summer,images/JP-GN-1861817,,,
JP-GN-1848242,Yorii Hama,Japan,JP,Niigata,JP-15,Niigata Shi,"Yorii Hama (Yorii Hama) is a named beaches location in Niigata Shi, Niigata, Japan.",Beach spots,Beaches,Coastal recreation area,Drivable,37.93042,139.03752,1,1979,No,Summer,images/JP-GN-1848242,,,
JP-GN-1863930,Fukushima Gata,Japan,JP,Niigata,JP-15,Tenno,"Fukushima Gata (Fukushima Gata) is a named lakes location in Tenno, Niigata, Japan.",Natural spots,Lakes,Inland water body,Drivable,37.90821,139.25177,-2,1980,No,Spring; Summer; Autumn,images/JP-GN-1863930,,,
JP-GN-1862043,Hyo Ko,Japan,JP,Niigata,JP-15,Suibara,"Hyo Ko (Hyō Ko) is a named lakes location in Suibara, Niigata, Japan.",Natural spots,Lakes,Inland water body,Drivable,37.83846,139.23738,2,1981,No,Spring; Summer; Autumn,images/JP-GN-1862043,,,
JP-GN-1860316,Kamo Ko,Japan,JP,Niigata,JP-15,Ryotsu-minato,"Kamo Ko (Kamo Ko) is a named lakes location in Ryotsu-minato, Niigata, Japan.",Natural spots,Lakes,Inland water body,Drivable,38.06515,138.43384,-3,1982,No,Spring; Summer; Autumn,images/JP-GN-1860316,,,
JP-GN-1849866,Toyano Gata,Japan,JP,Niigata,JP-15,Seigoro,"Toyano Gata (Toyano Gata) is a named lakes location in Seigoro, Niigata, Japan.",Natural spots,Lakes,Inland water body,Drivable,37.88834,139.05527,-10,1983,No,Spring; Summer; Autumn,images/JP-GN-1849866,,,
JP-GN-8743528,Akakuzure Yama,Japan,JP,Niigata,JP-15,Uonuma Shi,"Akakuzure Yama (Akakuzure Yama) is a named mountains location in Uonuma Shi, Niigata, Japan.",Adventure spots|Natural spots,Mountains,Natural landform,Drivable,37.14593,139.16456,1120,1984,No,Late spring; Summer; Autumn,images/JP-GN-8743528,,,
JP-GN-8750276,Akasaki Yama,Japan,JP,Niigata,JP-15,Higashikambara-gun,"Akasaki Yama (Akasaki Yama) is a named mountains location in Higashikambara-gun, Niigata, Japan.",Adventure spots|Natural spots,Mountains,Natural landform,Drivable,37.69821,139.46589,284,1985,No,Late spring; Summer; Autumn,images/JP-GN-8750276,,,
JP-GN-8997941,Akatsu Yama,Japan,JP,Niigata,JP-15,Shibata Shi,"Akatsu Yama (Akatsu Yama) is a named mountains location in Shibata Shi, Niigata, Japan.",Adventure spots|Natural spots,Mountains,Natural landform,Drivable,37.86374,139.55575,1391,1986,No,Late spring; Summer; Autumn,images/JP-GN-8997941,,,
JP-GN-1865362,Amakazari Yama,Japan,JP,Niigata,JP-15,Itoigawa Shi,"Amakazari Yama (Amakazari Yama) is a named mountains location in Itoigawa Shi, Niigata, Japan.",Adventure spots|Natural spots,Mountains,Natural landform,Drivable,36.90214,137.96226,1963,1987,No,Late spring; Summer; Autumn,images/JP-GN-1865362,,,
JP-GN-8743900,Amihari Yama,Japan,JP,Niigata,JP-15,Sanjo Shi,"Amihari Yama (Amihari Yama) is a named mountains location in Sanjo Shi, Niigata, Japan.",Adventure spots|Natural spots,Mountains,Natural landform,Drivable,37.43172,139.12139,1006,1988,No,Late spring; Summer; Autumn,images/JP-GN-8743900,,,
JP-GN-1865234,Aota-nanba Yama,Japan,JP,Niigata,JP-15,Myoko-shi,"Aota-nanba Yama (Aota-nanba Yama) is a named mountains location in Myoko-shi, Niigata, Japan.",Adventure spots|Natural spots,Mountains,Natural landform,Drivable,37.06086,138.17732,934,1989,No,Late spring; Summer; Autumn,images/JP-GN-1865234,,,
JP-GN-8743456,Ara Yama,Japan,JP,Niigata,JP-15,Minamiuonuma Shi,"Ara Yama (Ara Yama) is a named mountains location in Minamiuonuma Shi, Niigata, Japan.",Adventure spots|Natural spots,Mountains,Natural landform,Drivable,37.09565,139.04195,1264,1990,No,Late spring; Summer; Autumn,images/JP-GN-8743456,,,
JP-GN-1865152,Arasawa Dake,Japan,JP,Niigata,JP-15,Uonuma Shi,"Arasawa Dake (Arasawa Dake) is a named mountains location in Uonuma Shi, Niigata, Japan.",Adventure spots|Natural spots,Mountains,Natural landform,Drivable,37.10106,139.15084,1866,1991,No,Late spring; Summer; Autumn,images/JP-GN-1865152,,,
JP-GN-8743225,Arikura Yama,Japan,JP,Niigata,JP-15,Tokamachi-shi,"Arikura Yama (Arikura Yama) is a named mountains location in Tokamachi-shi, Niigata, Japan.",Adventure spots|Natural spots,Mountains,Natural landform,Drivable,37.06545,138.66746,616,1992,No,Late spring; Summer; Autumn,images/JP-GN-8743225,,,
JP-GN-8743747,Asakuksa Dake,Japan,JP,Niigata,JP-15,Hiranomata,"Asakuksa Dake (Asakuksa Dake) is a named mountains location in Hiranomata, Niigata, Japan.",Adventure spots|Natural spots,Mountains,Natural landform,Drivable,37.3434,139.23355,1560,1993,No,Late spring; Summer; Autumn,images/JP-GN-8743747,,,
JP-GN-8743761,Ashizawa Yama,Japan,JP,Niigata,JP-15,Uonuma Shi,"Ashizawa Yama (Ashizawa Yama) is a named mountains location in Uonuma Shi, Niigata, Japan.",Adventure spots|Natural spots,Mountains,Natural landform,Drivable,37.28887,139.15184,1087,1994,No,Late spring; Summer; Autumn,images/JP-GN-8743761,,,
JP-GN-1864936,Atema Yama,Japan,JP,Niigata,JP-15,Tokamachi-shi,"Atema Yama (Atema Yama) is a named mountains location in Tokamachi-shi, Niigata, Japan.",Adventure spots|Natural spots,Mountains,Natural landform,Drivable,37,138.76667,637,1995,No,Late spring; Summer; Autumn,images/JP-GN-1864936,,,
JP-GN-8747910,Awaga Dake,Japan,JP,Niigata,JP-15,Sanjo Shi,"Awaga Dake (Awaga Dake) is a named mountains location in Sanjo Shi, Niigata, Japan.",Adventure spots|Natural spots,Mountains,Natural landform,Drivable,37.55525,139.1886,1264,1996,No,Late spring; Summer; Autumn,images/JP-GN-8747910,,,
JP-GN-1864709,Bitsuke Yama,Japan,JP,Niigata,JP-15,Sado Shi,"Bitsuke Yama (Bitsuke Yama) is a named mountains location in Sado Shi, Niigata, Japan.",Adventure spots|Natural spots,Mountains,Natural landform,Drivable,37.89009,138.37048,292,1997,No,Late spring; Summer; Autumn,images/JP-GN-1864709,,,
JP-GN-8998320,Bokake Yama,Japan,JP,Niigata,JP-15,Higashikambara-gun,"Bokake Yama (Bōkake Yama) is a named mountains location in Higashikambara-gun, Niigata, Japan.",Adventure spots|Natural spots,Mountains,Natural landform,Drivable,37.74524,139.50416,980,1998,No,Late spring; Summer; Autumn,images/JP-GN-8998320,,,
JP-GN-1864676,Budo San,Japan,JP,Niigata,JP-15,Murakami Shi,"Budo San (Budō San) is a named mountains location in Murakami Shi, Niigata, Japan.",Adventure spots|Natural spots,Mountains,Natural landform,Drivable,38.39834,139.53487,715,1999,No,Late spring; Summer; Autumn,images/JP-GN-1864676,,,
JP-GN-8718154,Budohana Yama,Japan,JP,Niigata,JP-15,Iwafune-gun,"Budohana Yama (Budōhana Yama) is a named mountains location in Iwafune-gun, Niigata, Japan.",Adventure spots|Natural spots,Mountains,Natural landform,Drivable,38.02296,139.60053,722,2000,No,Late spring; Summer; Autumn,images/JP-GN-8718154,,,
JP-GN-1864672,Bunagahira Yama,Japan,JP,Niigata,JP-15,Sado Shi,"Bunagahira Yama (Bunagahira Yama) is a named mountains location in Sado Shi, Niigata, Japan.",Adventure spots|Natural spots,Mountains,Natural landform,Drivable,38.21434,138.45708,665,2001,No,Late spring; Summer; Autumn,images/JP-GN-1864672,,,
JP-GN-1864620,Chigyo San,Japan,JP,Niigata,JP-15,Sado Shi,"Chigyo San (Chigyō San) is a named mountains location in Sado Shi, Niigata, Japan.",Adventure spots|Natural spots,Mountains,Natural landform,Drivable,38.24745,138.42248,351,2002,No,Late spring; Summer; Autumn,images/JP-GN-1864620,,,
JP-GN-1864255,Echigosanzan-tadami-kokuteikoen,Japan,JP,Niigata,JP-15,Uonuma Shi,"Echigosanzan-tadami-kokuteikoen (Echigosanzan-tadami-kokuteikōen) is a named parks location in Uonuma Shi, Niigata, Japan.",Natural spots,Parks,Public park or protected area,Drivable,37.13333,139.15,942,2003,No,Spring; Summer; Autumn,images/JP-GN-1864255,,,
JP-GN-8743531,Okutadami Ko,Japan,JP,Niigata,JP-15,Nakaarasawa,"Okutadami Ko (Okutadami Ko) is a named parks location in Nakaarasawa, Niigata, Japan.",Natural spots,Parks,Public park or protected area,Drivable,37.12535,139.24246,708,2004,No,Spring; Summer; Autumn,images/JP-GN-8743531,,,
JP-GN-1865758,Aburuma Gawa,Japan,JP,Niigata,JP-15,Uonuma,"Aburuma Gawa (Aburuma Gawa) is a named rivers location in Uonuma, Niigata, Japan.",Natural spots,Rivers,Watercourse,Drivable,37.23885,138.95044,84,2005,No,Spring; Summer; Autumn,images/JP-GN-1865758,,,
JP-GN-1865193,Ara Kawa,Japan,JP,Niigata,JP-15,Momozakihama,"Ara Kawa (Ara Kawa) is a named rivers location in Momozakihama, Niigata, Japan.",Natural spots,Rivers,Watercourse,Drivable,38.15003,139.40968,0,2006,No,Spring; Summer; Autumn,images/JP-GN-1865193,,,
JP-GN-8750269,Araya Gawa,Japan,JP,Niigata,JP-15,Kawaguchi,"Araya Gawa (Araya Gawa) is a named rivers location in Kawaguchi, Niigata, Japan.",Natural spots,Rivers,Watercourse,Drivable,37.72186,139.38061,37,2007,No,Spring; Summer; Autumn,images/JP-GN-8750269,,,
JP-GN-1864677,Budo Gawa,Japan,JP,Niigata,JP-15,Kangawa,"Budo Gawa (Budō Gawa) is a named rivers location in Kangawa, Niigata, Japan.",Natural spots,Rivers,Watercourse,Drivable,38.45328,139.49413,4,2008,No,Spring; Summer; Autumn,images/JP-GN-1864677,,,
JP-GN-8718157,Fujisawa Gawa,Japan,JP,Niigata,JP-15,Miyanomae,"Fujisawa Gawa (Fujisawa Gawa) is a named rivers location in Miyanomae, Niigata, Japan.",Natural spots,Rivers,Watercourse,Drivable,38.13961,139.55604,57,2009,No,Spring; Summer; Autumn,images/JP-GN-8718157,,,
JP-GN-8743526,Futamata Gawa,Japan,JP,Niigata,JP-15,Nakaarasawa,"Futamata Gawa (Futamata Gawa) is a named rivers location in Nakaarasawa, Niigata, Japan.",Natural spots,Rivers,Watercourse,Drivable,37.07914,139.1937,853,2010,No,Spring; Summer; Autumn,images/JP-GN-8743526,,,
JP-GN-1863671,Gatsugi Gawa,Japan,JP,Niigata,JP-15,Gatsugi,"Gatsugi Gawa (Gatsugi Gawa) is a named rivers location in Gatsugi, Niigata, Japan.",Natural spots,Rivers,Watercourse,Drivable,38.49024,139.51425,3,2011,No,Spring; Summer; Autumn,images/JP-GN-1863671,,,
JP-GN-1863255,Hamochi Gawa,Japan,JP,Niigata,JP-15,Hamochi-ohashi,"Hamochi Gawa (Hamochi Gawa) is a named rivers location in Hamochi-ohashi, Niigata, Japan.",Natural spots,Rivers,Watercourse,Drivable,37.82697,138.30583,7,2012,No,Spring; Summer; Autumn,images/JP-GN-1863255,,,
JP-GN-8716031,Hase Gawa,Japan,JP,Niigata,JP-15,Niibo-minagawa,"Hase Gawa (Hase Gawa) is a named rivers location in Niibo-minagawa, Niigata, Japan.",Natural spots,Rivers,Watercourse,Drivable,38.00853,138.37956,0,2013,No,Spring; Summer; Autumn,images/JP-GN-8716031,,,
JP-GN-8716076,Haya Kawa,Japan,JP,Niigata,JP-15,Hayakawa,"Haya Kawa (Haya Kawa) is a named rivers location in Hayakawa, Niigata, Japan.",Natural spots,Rivers,Watercourse,Drivable,38.32379,139.45045,4,2014,No,Spring; Summer; Autumn,images/JP-GN-8716076,,,
JP-GN-1863001,Hayade Gawa,Japan,JP,Niigata,JP-15,Shimojo,"Hayade Gawa (Hayade Gawa) is a named rivers location in Shimojo, Niigata, Japan.",Natural spots,Rivers,Watercourse,Drivable,37.7844,139.17533,2,2015,No,Spring; Summer; Autumn,images/JP-GN-1863001,,,
JP-GN-1862265,Hokura Gawa,Japan,JP,Niigata,JP-15,Naoetsu,"Hokura Gawa (Hokura Gawa) is a named rivers location in Naoetsu, Niigata, Japan.",Natural spots,Rivers,Watercourse,Drivable,37.17874,138.24989,0,2016,No,Spring; Summer; Autumn,images/JP-GN-1862265,,,
JP-GN-1861894,Igarashi Gawa,Japan,JP,Niigata,JP-15,Sanjo,"Igarashi Gawa (Igarashi Gawa) is a named rivers location in Sanjo, Niigata, Japan.",Natural spots,Rivers,Watercourse,Drivable,37.63153,138.94783,-3,2017,No,Spring; Summer; Autumn,images/JP-GN-1861894,,,
JP-GN-1898073,Ima Gawa,Japan,JP,Niigata,JP-15,Sasagawa,"Ima Gawa (Ima Gawa) is a named rivers location in Sasagawa, Niigata, Japan.",Natural spots,Rivers,Watercourse,Drivable,38.41375,139.46708,86,2018,No,Spring; Summer; Autumn,images/JP-GN-1898073,,,
JP-GN-1861390,Ishi Kawa,Japan,JP,Niigata,JP-15,Iwafune,"Ishi Kawa (Ishi Kawa) is a named rivers location in Iwafune, Niigata, Japan.",Natural spots,Rivers,Watercourse,Drivable,38.1938,139.4308,2,2019,No,Spring; Summer; Autumn,images/JP-GN-1861390,,,
JP-GN-8751025,Ishikawa Gawa,Japan,JP,Niigata,JP-15,Hakoiwa,"Ishikawa Gawa (Ishikawa Gawa) is a named rivers location in Hakoiwa, Niigata, Japan.",Natural spots,Rivers,Watercourse,Drivable,37.96824,139.40668,23,2020,No,Spring; Summer; Autumn,images/JP-GN-8751025,,,
JP-GN-8716048,Ishina Gawa,Japan,JP,Niigata,JP-15,Ishina,"Ishina Gawa (Ishina Gawa) is a named rivers location in Ishina, Niigata, Japan.",Natural spots,Rivers,Watercourse,Drivable,38.2201,138.37254,2,2021,No,Spring; Summer; Autumn,images/JP-GN-8716048,,,
JP-GN-8715996,Jichiin Gawa,Japan,JP,Niigata,JP-15,Mitoda,"Jichiin Gawa (Jichiin Gawa) is a named rivers location in Mitoda, Niigata, Japan.",Natural spots,Rivers,Watercourse,Drivable,38.03272,138.39593,1,2022,No,Spring; Summer; Autumn,images/JP-GN-8715996,,,
JP-GN-1860752,Kaji Gawa,Japan,JP,Niigata,JP-15,Shidaihama,"Kaji Gawa (Kaji Gawa) is a named rivers location in Shidaihama, Niigata, Japan.",Natural spots,Rivers,Watercourse,Drivable,38.02349,139.27744,4,2023,No,Spring; Summer; Autumn,images/JP-GN-1860752,,,
JP-GN-8716095,Kinome Gawa,Japan,JP,Niigata,JP-15,Kinoto,"Kinome Gawa (Kinome Gawa) is a named rivers location in Kinoto, Niigata, Japan.",Natural spots,Rivers,Watercourse,Drivable,38.11575,139.40433,3,2024,No,Spring; Summer; Autumn,images/JP-GN-8716095,,,
JP-GN-8716071,Kitaikari Gawa,Japan,JP,Niigata,JP-15,Tsubaki,"Kitaikari Gawa (Kitaikari Gawa) is a named rivers location in Tsubaki, Niigata, Japan.",Natural spots,Rivers,Watercourse,Drivable,38.12869,138.44239,1,2025,No,Spring; Summer; Autumn,images/JP-GN-8716071,,,
JP-GN-1859206,Kiyotsu Gawa,Japan,JP,Niigata,JP-15,Uwayama,"Kiyotsu Gawa (Kiyotsu Gawa) is a named rivers location in Uwayama, Niigata, Japan.",Natural spots,Rivers,Watercourse,Drivable,37.05,138.68333,173,2026,No,Spring; Summer; Autumn,images/JP-GN-1859206,,,
JP-GN-1865681,Aikawa Wan,Japan,JP,Niigata,JP-15,Aikawa-kabuse,"Aikawa Wan (Aikawa Wan) is a named seas and coastal areas location in Aikawa-kabuse, Niigata, Japan.",Beach spots,Seas and coastal areas,Coastal feature,Drivable,38.03333,138.23333,-9999,2027,No,Spring; Summer; Autumn,images/JP-GN-1865681,,,
JP-GN-8716025,Benten Misaki,Japan,JP,Niigata,JP-15,Sado Shi,"Benten Misaki (Benten Misaki) is a named seas and coastal areas location in Sado Shi, Niigata, Japan.",Beach spots,Seas and coastal areas,Coastal feature,Drivable,38.00828,138.54582,11,2028,No,Spring; Summer; Autumn,images/JP-GN-8716025,,,
JP-GN-1864755,Benten Zaki,Japan,JP,Niigata,JP-15,Sado Shi,"Benten Zaki (Benten Zaki) is a named seas and coastal areas location in Sado Shi, Niigata, Japan.",Beach spots,Seas and coastal areas,Coastal feature,Drivable,37.91391,138.48493,1,2029,No,Spring; Summer; Autumn,images/JP-GN-1864755,,,
JP-GN-1863559,Gongen-zaki,Japan,JP,Niigata,JP-15,Itoigawa Shi,"Gongen-zaki (Gongen-zaki) is a named seas and coastal areas location in Itoigawa Shi, Niigata, Japan.",Beach spots,Seas and coastal areas,Coastal feature,Drivable,37.1,137.98333,5,2030,No,Spring; Summer; Autumn,images/JP-GN-1863559,,,
JP-GN-1862523,Hirane Zaki,Japan,JP,Niigata,JP-15,Sado Shi,"Hirane Zaki (Hirane Zaki) is a named seas and coastal areas location in Sado Shi, Niigata, Japan.",Beach spots,Seas and coastal areas,Coastal feature,Drivable,38.12079,138.26969,-9999,2031,No,Spring; Summer; Autumn,images/JP-GN-1862523,,,
JP-GN-1862077,Hotoke Zaki,Japan,JP,Niigata,JP-15,Iwafune-gun,"Hotoke Zaki (Hotoke Zaki) is a named seas and coastal areas location in Iwafune-gun, Niigata, Japan.",Beach spots,Seas and coastal areas,Coastal feature,Drivable,38.47523,139.23853,12,2032,No,Spring; Summer; Autumn,images/JP-GN-1862077,,,
JP-GN-1862083,Hotoke Zaki,Japan,JP,Niigata,JP-15,Sado Shi,"Hotoke Zaki (Hotoke Zaki) is a named seas and coastal areas location in Sado Shi, Niigata, Japan.",Beach spots,Seas and coastal areas,Coastal feature,Drivable,38.08109,138.5363,22,2033,No,Spring; Summer; Autumn,images/JP-GN-1862083,,,
JP-GN-1861986,Ichiburi Zaki,Japan,JP,Niigata,JP-15,Sado Shi,"Ichiburi Zaki (Ichiburi Zaki) is a named seas and coastal areas location in Sado Shi, Niigata, Japan.",Beach spots,Seas and coastal areas,Coastal feature,Drivable,37.8217,138.29786,0,2034,No,Spring; Summer; Autumn,images/JP-GN-1861986,,,
JP-GN-1861185,Iwa-saki,Japan,JP,Niigata,JP-15,Sado Shi,"Iwa-saki (Iwa-saki) is a named seas and coastal areas location in Sado Shi, Niigata, Japan.",Beach spots,Seas and coastal areas,Coastal feature,Drivable,37.96667,138.51667,21,2035,No,Spring; Summer; Autumn,images/JP-GN-1861185,,,
JP-GN-1860697,Kakuda Misaki,Japan,JP,Niigata,JP-15,Niigata Shi,"Kakuda Misaki (Kakuda Misaki) is a named seas and coastal areas location in Niigata Shi, Niigata, Japan.",Beach spots,Seas and coastal areas,Coastal feature,Drivable,37.79407,138.82035,6,2036,No,Spring; Summer; Autumn,images/JP-GN-1860697,,,
JP-GN-1860152,Kannon Misaki,Japan,JP,Niigata,JP-15,Kashiwazaki Shi,"Kannon Misaki (Kannon Misaki) is a named seas and coastal areas location in Kashiwazaki Shi, Niigata, Japan.",Beach spots,Seas and coastal areas,Coastal feature,Drivable,37.48365,138.61807,35,2037,No,Spring; Summer; Autumn,images/JP-GN-1860152,,,
JP-GN-1859885,Kasuga Zaki,Japan,JP,Niigata,JP-15,Sado Shi,"Kasuga Zaki (Kasuga Zaki) is a named seas and coastal areas location in Sado Shi, Niigata, Japan.",Beach spots,Seas and coastal areas,Coastal feature,Drivable,38.02167,138.22333,14,2038,No,Spring; Summer; Autumn,images/JP-GN-1859885,,,
JP-GN-1859886,Kasuga Zaki,Japan,JP,Niigata,JP-15,Sado Shi,"Kasuga Zaki (Kasuga Zaki) is a named seas and coastal areas location in Sado Shi, Niigata, Japan.",Beach spots,Seas and coastal areas,Coastal feature,Drivable,37.88288,138.43683,15,2039,No,Spring; Summer; Autumn,images/JP-GN-1859886,,,
JP-GN-1857675,Mano Wan,Japan,JP,Niigata,JP-15,Senago,"Mano Wan (Mano Wan) is a named seas and coastal areas location in Senago, Niigata, Japan.",Beach spots,Seas and coastal areas,Coastal feature,Drivable,37.96667,138.3,-9999,2040,No,Spring; Summer; Autumn,images/JP-GN-1857675,,,
JP-GN-1856749,Miyano Zaki,Japan,JP,Niigata,JP-15,Sado Shi,"Miyano Zaki (Miyano Zaki) is a named seas and coastal areas location in Sado Shi, Niigata, Japan.",Beach spots,Seas and coastal areas,Coastal feature,Drivable,38.20473,138.49027,32,2041,No,Spring; Summer; Autumn,images/JP-GN-1856749,,,
JP-GN-1856589,Moura Zaki,Japan,JP,Niigata,JP-15,Sado Shi,"Moura Zaki (Moura Zaki) is a named seas and coastal areas location in Sado Shi, Niigata, Japan.",Beach spots,Seas and coastal areas,Coastal feature,Drivable,38.15709,138.29845,2,2042,No,Spring; Summer; Autumn,images/JP-GN-1856589,,,
JP-GN-1854550,Ohira-misaki,Japan,JP,Niigata,JP-15,Sado Shi,"Ohira-misaki (Ōhira-misaki) is a named seas and coastal areas location in Sado Shi, Niigata, Japan.",Beach spots,Seas and coastal areas,Coastal feature,Drivable,38.04283,138.56208,77,2043,No,Spring; Summer; Autumn,images/JP-GN-1854550,,,
JP-GN-1907343,Yamashita Ike,Japan,JP,Oita,JP-44,Kuwaya,"Yamashita Ike (Yamashita Ike) is a named lakes location in Kuwaya, Oita, Japan.",Natural spots,Lakes,Inland water body,Drivable,33.20083,131.29444,754,2044,No,Spring; Summer; Autumn,images/JP-GN-1907343,,,
JP-GN-1907341,Amagoi Dake,Japan,JP,Oita,JP-44,Yufu-shi,"Amagoi Dake (Amagoi Dake) is a named mountains location in Yufu-shi, Oita, Japan.",Adventure spots|Natural spots,Mountains,Natural landform,Drivable,33.22669,131.40367,1053,2045,No,Late spring; Summer; Autumn,images/JP-GN-1907341,,,
JP-GN-1865227,Aoya San,Japan,JP,Oita,JP-44,Kusu-gun,"Aoya San (Aoya San) is a named mountains location in Kusu-gun, Oita, Japan.",Adventure spots|Natural spots,Mountains,Natural landform,Drivable,33.24227,131.20522,835,2046,No,Late spring; Summer; Autumn,images/JP-GN-1865227,,,
JP-GN-9018783,Daishojin Yama,Japan,JP,Oita,JP-44,Nakatsu Shi,"Daishojin Yama (Daishōjin Yama) is a named mountains location in Nakatsu Shi, Oita, Japan.",Adventure spots|Natural spots,Mountains,Natural landform,Drivable,33.4117,130.98055,887,2047,No,Late spring; Summer; Autumn,images/JP-GN-9018783,,,
JP-GN-9018677,Dotoko Yama,Japan,JP,Oita,JP-44,Hita Shi,"Dotoko Yama (Dōtoko Yama) is a named mountains location in Hita Shi, Oita, Japan.",Adventure spots|Natural spots,Mountains,Natural landform,Drivable,33.39278,130.89534,441,2048,No,Late spring; Summer; Autumn,images/JP-GN-9018677,,,
JP-GN-1863976,Fukuma Yama,Japan,JP,Oita,JP-44,Kusu-gun,"Fukuma Yama (Fukuma Yama) is a named mountains location in Kusu-gun, Oita, Japan.",Adventure spots|Natural spots,Mountains,Natural landform,Drivable,33.28837,131.31519,1194,2049,No,Late spring; Summer; Autumn,images/JP-GN-1863976,,,
JP-GN-9018719,Fukuno Yama,Japan,JP,Oita,JP-44,Hita Shi,"Fukuno Yama (Fukuno Yama) is a named mountains location in Hita Shi, Oita, Japan.",Adventure spots|Natural spots,Mountains,Natural landform,Drivable,33.42703,130.9424,773,2050,No,Late spring; Summer; Autumn,images/JP-GN-9018719,,,
JP-GN-1863761,Futago San,Japan,JP,Oita,JP-44,Kunisaki-shi,"Futago San (Futago San) is a named mountains location in Kunisaki-shi, Oita, Japan.",Adventure spots|Natural spots,Mountains,Natural landform,Drivable,33.58313,131.60128,720,2051,No,Late spring; Summer; Autumn,images/JP-GN-1863761,,,
JP-GN-1863676,Garan Dake,Japan,JP,Oita,JP-44,Yufu-shi,"Garan Dake (Garan Dake) is a named mountains location in Yufu-shi, Oita, Japan.",Adventure spots|Natural spots,Mountains,Natural landform,Drivable,33.31815,131.42603,993,2052,No,Late spring; Summer; Autumn,images/JP-GN-1863676,,,
JP-GN-1863616,Gobanga Dake,Japan,JP,Oita,JP-44,Tsukumi-shi,"Gobanga Dake (Gobanga Dake) is a named mountains location in Tsukumi-shi, Oita, Japan.",Adventure spots|Natural spots,Mountains,Natural landform,Drivable,33.05143,131.80514,715,2053,No,Late spring; Summer; Autumn,images/JP-GN-1863616,,,
JP-GN-9019483,Gozaga Dake,Japan,JP,Oita,JP-44,Bungo-ono Shi,"Gozaga Dake (Gozaga Dake) is a named mountains location in Bungo-ono Shi, Oita, Japan.",Adventure spots|Natural spots,Mountains,Natural landform,Drivable,33.11428,131.54139,767,2054,No,Late spring; Summer; Autumn,images/JP-GN-9019483,,,
JP-GN-1863444,Hachimen Zan,Japan,JP,Oita,JP-44,Nakatsu Shi,"Hachimen Zan (Hachimen Zan) is a named mountains location in Nakatsu Shi, Oita, Japan.",Adventure spots|Natural spots,Mountains,Natural landform,Drivable,33.50401,131.22035,570,2055,No,Late spring; Summer; Autumn,images/JP-GN-1863444,,,
JP-GN-1863395,Haidate-san,Japan,JP,Oita,JP-44,Bungo-ono Shi,"Haidate-san (Haidate-san) is a named mountains location in Bungo-ono Shi, Oita, Japan.",Adventure spots|Natural spots,Mountains,Natural landform,Drivable,32.95342,131.64575,745,2056,No,Late spring; Summer; Autumn,images/JP-GN-1863395,,,
JP-GN-1907338,Haku San,Japan,JP,Oita,JP-44,Oita-shi,"Haku San (Haku San) is a named mountains location in Oita-shi, Oita, Japan.",Adventure spots|Natural spots,Mountains,Natural landform,Drivable,33.18241,131.76078,523,2057,No,Late spring; Summer; Autumn,images/JP-GN-1907338,,,
JP-GN-1863236,Hanamure Yama,Japan,JP,Oita,JP-44,Yufu-shi,"Hanamure Yama (Hanamure Yama) is a named mountains location in Yufu-shi, Oita, Japan.",Adventure spots|Natural spots,Mountains,Natural landform,Drivable,33.14234,131.3222,1135,2058,No,Late spring; Summer; Autumn,images/JP-GN-1863236,,,
JP-GN-1863190,Hane Yama,Japan,JP,Oita,JP-44,Kusu-gun,"Hane Yama (Hane Yama) is a named mountains location in Kusu-gun, Oita, Japan.",Adventure spots|Natural spots,Mountains,Natural landform,Drivable,33.23132,131.13082,1139,2059,No,Late spring; Summer; Autumn,images/JP-GN-1863190,,,
JP-GN-1862922,Heike Zan,Japan,JP,Oita,JP-44,Kusu-gun,"Heike Zan (Heike Zan) is a named mountains location in Kusu-gun, Oita, Japan.",Adventure spots|Natural spots,Mountains,Natural landform,Drivable,33.27587,131.25366,1009,2060,No,Late spring; Summer; Autumn,images/JP-GN-1862922,,,
JP-GN-1907324,Hibaru San,Japan,JP,Oita,JP-44,Nakatsu Shi,"Hibaru San (Hibaru San) is a named mountains location in Nakatsu Shi, Oita, Japan.",Adventure spots|Natural spots,Mountains,Natural landform,Drivable,33.49139,131.08861,734,2061,No,Late spring; Summer; Autumn,images/JP-GN-1907324,,,
JP-GN-1862638,Hiko Dake,Japan,JP,Oita,JP-44,Saiki Shi,"Hiko Dake (Hiko Dake) is a named mountains location in Saiki Shi, Oita, Japan.",Adventure spots|Natural spots,Mountains,Natural landform,Drivable,33.04094,131.8899,638,2062,No,Late spring; Summer; Autumn,images/JP-GN-1862638,,,
JP-GN-1862193,Honjo-san,Japan,JP,Oita,JP-44,Bungo-ono Shi,"Honjo-san (Honjō-san) is a named mountains location in Bungo-ono Shi, Oita, Japan.",Adventure spots|Natural spots,Mountains,Natural landform,Drivable,32.95117,131.56007,406,2063,No,Late spring; Summer; Autumn,images/JP-GN-1862193,,,
JP-GN-1851626,Sobo-Katamuki-kokutei-koen,Japan,JP,Oita,JP-44,Bungo-ono Shi,"Sobo-Katamuki-kokutei-koen (Sobo-Katamuki-kokutei-kōen) is a named parks location in Bungo-ono Shi, Oita, Japan.",Natural spots,Parks,Public park or protected area,Drivable,32.83333,131.46667,1360,2064,No,Spring; Summer; Autumn,images/JP-GN-1851626,,,
JP-GN-9021882,Aki Gawa,Japan,JP,Oita,JP-44,Akimachi-shioya,"Aki Gawa (Aki Gawa) is a named rivers location in Akimachi-shioya, Oita, Japan.",Natural spots,Rivers,Watercourse,Drivable,33.46151,131.72541,-3,2065,No,Spring; Summer; Autumn,images/JP-GN-9021882,,,
JP-GN-9021886,Asakuno Gawa,Japan,JP,Oita,JP-44,Akimachi-yamaura,"Asakuno Gawa (Asakuno Gawa) is a named rivers location in Akimachi-yamaura, Oita, Japan.",Natural spots,Rivers,Watercourse,Drivable,33.48125,131.63239,88,2066,No,Spring; Summer; Autumn,images/JP-GN-9021886,,,
JP-GN-9019712,Asami Gawa,Japan,JP,Oita,JP-44,Beppu,"Asami Gawa (Asami Gawa) is a named rivers location in Beppu, Oita, Japan.",Natural spots,Rivers,Watercourse,Drivable,33.27126,131.51024,0,2067,No,Spring; Summer; Autumn,images/JP-GN-9019712,,,
JP-GN-9019405,Asono Gawa,Japan,JP,Oita,JP-44,Shonaicho-higashichoho,"Asono Gawa (Asono Gawa) is a named rivers location in Shonaicho-higashichoho, Oita, Japan.",Natural spots,Rivers,Watercourse,Drivable,33.18301,131.44367,102,2068,No,Spring; Summer; Autumn,images/JP-GN-9019405,,,
JP-GN-1864803,Bansho-gawa,Japan,JP,Oita,JP-44,Ishima,"Bansho-gawa (Banshō-gawa) is a named rivers location in Ishima, Oita, Japan.",Natural spots,Rivers,Watercourse,Drivable,32.96397,131.92724,-9999,2069,No,Spring; Summer; Autumn,images/JP-GN-1864803,,,
JP-GN-9021889,Futago Gawa,Japan,JP,Oita,JP-44,Akimachi-yamaura,"Futago Gawa (Futago Gawa) is a named rivers location in Akimachi-yamaura, Oita, Japan.",Natural spots,Rivers,Watercourse,Drivable,33.47515,131.65498,71,2070,No,Spring; Summer; Autumn,images/JP-GN-9021889,,,
JP-GN-9018678,Hanatsuki Gawa,Japan,JP,Oita,JP-44,Hita,"Hanatsuki Gawa (Hanatsuki Gawa) is a named rivers location in Hita, Oita, Japan.",Natural spots,Rivers,Watercourse,Drivable,33.32172,130.90182,63,2071,No,Spring; Summer; Autumn,images/JP-GN-9018678,,,
JP-GN-9019057,Inumaru Gawa,Japan,JP,Oita,JP-44,Imazu,"Inumaru Gawa (Inumaru Gawa) is a named rivers location in Imazu, Oita, Japan.",Natural spots,Rivers,Watercourse,Drivable,33.57892,131.2659,3,2072,No,Spring; Summer; Autumn,images/JP-GN-9019057,,,
JP-GN-9019058,Iroha Gawa,Japan,JP,Oita,JP-44,Imazu,"Iroha Gawa (Iroha Gawa) is a named rivers location in Imazu, Oita, Japan.",Natural spots,Rivers,Watercourse,Drivable,33.58049,131.29833,-9999,2073,No,Spring; Summer; Autumn,images/JP-GN-9019058,,,
JP-GN-9019484,Kaku Gawa,Japan,JP,Oita,JP-44,Ikushi,"Kaku Gawa (Kaku Gawa) is a named rivers location in Ikushi, Oita, Japan.",Natural spots,Rivers,Watercourse,Drivable,33.20914,131.56424,5,2074,No,Spring; Summer; Autumn,images/JP-GN-9019484,,,
JP-GN-9018855,Kanayoshi Gawa,Japan,JP,Oita,JP-44,Sugihata,"Kanayoshi Gawa (Kanayoshi Gawa) is a named rivers location in Sugihata, Oita, Japan.",Natural spots,Rivers,Watercourse,Drivable,33.43191,131.09921,137,2075,No,Spring; Summer; Autumn,images/JP-GN-9018855,,,
JP-GN-1859870,Katada-gawa,Japan,JP,Oita,JP-44,Saiki,"Katada-gawa (Katada-gawa) is a named rivers location in Saiki, Oita, Japan.",Natural spots,Rivers,Watercourse,Drivable,32.94423,131.90707,2,2076,No,Spring; Summer; Autumn,images/JP-GN-1859870,,,
JP-GN-9021982,Kataku Gawa,Japan,JP,Oita,JP-44,Kakaji,"Kataku Gawa (Kataku Gawa) is a named rivers location in Kakaji, Oita, Japan.",Natural spots,Rivers,Watercourse,Drivable,33.64456,131.49623,3,2077,No,Spring; Summer; Autumn,images/JP-GN-9021982,,,
JP-GN-9021984,Katsura Gawa,Japan,JP,Oita,JP-44,Bungo-Takada-shi,"Katsura Gawa (Katsura Gawa) is a named rivers location in Bungo-Takada-shi, Oita, Japan.",Natural spots,Rivers,Watercourse,Drivable,33.56727,131.43402,6,2078,No,Spring; Summer; Autumn,images/JP-GN-9021984,,,
JP-GN-9018315,Kawabaru Gawa,Japan,JP,Oita,JP-44,Kamitsuemachi-kawabaru,"Kawabaru Gawa (Kawabaru Gawa) is a named rivers location in Kamitsuemachi-kawabaru, Oita, Japan.",Natural spots,Rivers,Watercourse,Drivable,33.12077,130.96632,337,2079,No,Spring; Summer; Autumn,images/JP-GN-9018315,,,
JP-GN-1858009,Kusu Gawa,Japan,JP,Oita,JP-44,Tashima,"Kusu Gawa (Kusu Gawa) is a named rivers location in Tashima, Oita, Japan.",Natural spots,Rivers,Watercourse,Drivable,33.30256,130.94774,87,2080,No,Spring; Summer; Autumn,images/JP-GN-1858009,,,
JP-GN-1857870,Machida Gawa,Japan,JP,Oita,JP-44,Hikiji,"Machida Gawa (Machida Gawa) is a named rivers location in Hikiji, Oita, Japan.",Natural spots,Rivers,Watercourse,Drivable,33.23092,131.18153,399,2081,No,Spring; Summer; Autumn,images/JP-GN-1857870,,,
JP-GN-9019482,Mie Gawa,Japan,JP,Oita,JP-44,Inukaimachi-tahara,"Mie Gawa (Mie Gawa) is a named rivers location in Inukaimachi-tahara, Oita, Japan.",Natural spots,Rivers,Watercourse,Drivable,33.05014,131.63673,42,2082,No,Spring; Summer; Autumn,images/JP-GN-9019482,,,
JP-GN-9021883,Musashi Gawa,Japan,JP,Oita,JP-44,Furuichi,"Musashi Gawa (Musashi Gawa) is a named rivers location in Furuichi, Oita, Japan.",Natural spots,Rivers,Watercourse,Drivable,33.49918,131.72952,1,2083,No,Spring; Summer; Autumn,images/JP-GN-9021883,,,
JP-GN-9019502,Nanase Gawa,Japan,JP,Oita,JP-44,Oita,"Nanase Gawa (Nanase Gawa) is a named rivers location in Oita, Oita, Japan.",Natural spots,Rivers,Watercourse,Drivable,33.19862,131.59643,2,2084,No,Spring; Summer; Autumn,images/JP-GN-9019502,,,
JP-GN-1854944,Notsu Gawa,Japan,JP,Oita,JP-44,Inukaimachi-tahara,"Notsu Gawa (Notsu Gawa) is a named rivers location in Inukaimachi-tahara, Oita, Japan.",Natural spots,Rivers,Watercourse,Drivable,33.06893,131.64667,30,2085,No,Spring; Summer; Autumn,images/JP-GN-1854944,,,
JP-GN-1854486,Oita Gawa,Japan,JP,Oita,JP-44,Niagemachi,"Oita Gawa (Ōita Gawa) is a named rivers location in Niagemachi, Oita, Japan.",Natural spots,Rivers,Watercourse,Drivable,33.26108,131.61799,-9999,2086,No,Spring; Summer; Autumn,images/JP-GN-1854486,,,
JP-GN-1865128,Ariake-ura,Japan,JP,Oita,JP-44,Tsurumi-ariakeura,"Ariake-ura (Ariake-ura) is a named seas and coastal areas location in Tsurumi-ariakeura, Oita, Japan.",Beach spots,Seas and coastal areas,Coastal feature,Drivable,32.95,131.98333,1,2087,No,Spring; Summer; Autumn,images/JP-GN-1865128,,,
JP-GN-1865129,Ariake-ura,Japan,JP,Oita,JP-44,Tsurumi-ariakeura,"Ariake-ura (Ariake-ura) is a named seas and coastal areas location in Tsurumi-ariakeura, Oita, Japan.",Beach spots,Seas and coastal areas,Coastal feature,Drivable,32.95,131.98333,1,2088,No,Spring; Summer; Autumn,images/JP-GN-1865129,,,
JP-GN-1864745,Beppu Wan,Japan,JP,Oita,JP-44,Ikushi,"Beppu Wan (Beppu Wan) is a named seas and coastal areas location in Ikushi, Oita, Japan.",Beach spots,Seas and coastal areas,Coastal feature,Drivable,33.3,131.56694,-9999,2089,No,Spring; Summer; Autumn,images/JP-GN-1864745,,,
JP-GN-1861565,Inokushi Wan,Japan,JP,Oita,JP-44,Inokushiura,"Inokushi Wan (Inokushi Wan) is a named seas and coastal areas location in Inokushiura, Oita, Japan.",Beach spots,Seas and coastal areas,Coastal feature,Drivable,32.79616,131.89258,1,2090,No,Spring; Summer; Autumn,images/JP-GN-1861565,,,
JP-GN-1859232,Kitsuki Wan,Japan,JP,Oita,JP-44,Kitsuki,"Kitsuki Wan (Kitsuki Wan) is a named seas and coastal areas location in Kitsuki, Oita, Japan.",Beach spots,Seas and coastal areas,Coastal feature,Drivable,33.39103,131.67119,-9999,2091,No,Spring; Summer; Autumn,images/JP-GN-1859232,,,
JP-GN-1857996,Kusuya Bana,Japan,JP,Oita,JP-44,Tsukumi-shi,"Kusuya Bana (Kusuya Bana) is a named seas and coastal areas location in Tsukumi-shi, Oita, Japan.",Beach spots,Seas and coastal areas,Coastal feature,Drivable,33.1247,131.91398,50,2092,No,Spring; Summer; Autumn,images/JP-GN-1857996,,,
JP-GN-1854865,Nyuzu Wan,Japan,JP,Oita,JP-44,Kamae-hatanoura,"Nyuzu Wan (Nyūzu Wan) is a named seas and coastal areas location in Kamae-hatanoura, Oita, Japan.",Beach spots,Seas and coastal areas,Coastal feature,Drivable,32.84711,131.95575,1,2093,No,Spring; Summer; Autumn,images/JP-GN-1854865,,,
JP-GN-1853233,Saiki Wan,Japan,JP,Oita,JP-44,Yaishi,"Saiki Wan (Saiki Wan) is a named seas and coastal areas location in Yaishi, Oita, Japan.",Beach spots,Seas and coastal areas,Coastal feature,Drivable,33,132,-9999,2094,No,Spring; Summer; Autumn,images/JP-GN-1853233,,,
JP-GN-1852700,Sen-zaki,Japan,JP,Oita,JP-44,Saiki Shi,"Sen-zaki (Sen-zaki) is a named seas and coastal areas location in Saiki Shi, Oita, Japan.",Beach spots,Seas and coastal areas,Coastal feature,Drivable,32.83333,132,216,2095,No,Spring; Summer; Autumn,images/JP-GN-1852700,,,
JP-GN-1849566,Tsurumi-zaki,Japan,JP,Oita,JP-44,Saiki Shi,"Tsurumi-zaki (Tsurumi-zaki) is a named seas and coastal areas location in Saiki Shi, Oita, Japan.",Beach spots,Seas and coastal areas,Coastal feature,Drivable,32.9319,132.08455,1,2096,No,Spring; Summer; Autumn,images/JP-GN-1849566,,,
JP-GN-1849657,Tukumi Wan,Japan,JP,Oita,JP-44,Nagame,"Tukumi Wan (Tukumi Wan) is a named seas and coastal areas location in Nagame, Oita, Japan.",Beach spots,Seas and coastal areas,Coastal feature,Drivable,33.10333,131.92167,-9999,2097,No,Spring; Summer; Autumn,images/JP-GN-1849657,,,
JP-GN-1849091,Usuki Wan,Japan,JP,Oita,JP-44,Itachiya,"Usuki Wan (Usuki Wan) is a named seas and coastal areas location in Itachiya, Oita, Japan.",Beach spots,Seas and coastal areas,Coastal feature,Drivable,33.13944,131.83833,-9999,2098,No,Spring; Summer; Autumn,images/JP-GN-1849091,,,
JP-GN-1858998,Kojima Ko,Japan,JP,Okayama,JP-33,Kori,"Kojima Ko (Kojima Ko) is a named lakes location in Kori, Okayama, Japan.",Natural spots,Lakes,Inland water body,Drivable,34.57918,133.93854,-9999,2099,No,Spring; Summer; Autumn,images/JP-GN-1858998,,,
JP-GN-1865448,Akiba Yama,Japan,JP,Okayama,JP-33,Takahashi Shi,"Akiba Yama (Akiba Yama) is a named mountains location in Takahashi Shi, Okayama, Japan.",Adventure spots|Natural spots,Mountains,Natural landform,Drivable,34.88687,133.59799,588,2100,No,Late spring; Summer; Autumn,images/JP-GN-1865448,,,
JP-GN-6417557,Aosa Yama,Japan,JP,Okayama,JP-33,Kasaoka Shi,"Aosa Yama (Aosa Yama) is a named mountains location in Kasaoka Shi, Okayama, Japan.",Adventure spots|Natural spots,Mountains,Natural landform,Drivable,34.47056,133.57167,249,2101,No,Late spring; Summer; Autumn,images/JP-GN-6417557,,,
JP-GN-1865166,Ararega-sen,Japan,JP,Okayama,JP-33,Tomata-gun,"Ararega-sen (Ararega-sen) is a named mountains location in Tomata-gun, Okayama, Japan.",Adventure spots|Natural spots,Mountains,Natural landform,Drivable,35.19019,133.78159,1047,2102,No,Late spring; Summer; Autumn,images/JP-GN-1865166,,,
JP-GN-8624958,Arato Yama,Japan,JP,Okayama,JP-33,Niimi Shi,"Arato Yama (Arato Yama) is a named mountains location in Niimi Shi, Okayama, Japan.",Adventure spots|Natural spots,Mountains,Natural landform,Drivable,34.93185,133.37372,715,2103,No,Late spring; Summer; Autumn,images/JP-GN-8624958,,,
JP-GN-1863758,Futakami Yama,Japan,JP,Okayama,JP-33,Kume-gun,"Futakami Yama (Futakami Yama) is a named mountains location in Kume-gun, Okayama, Japan.",Adventure spots|Natural spots,Mountains,Natural landform,Drivable,34.9767,133.89698,643,2104,No,Late spring; Summer; Autumn,images/JP-GN-1863758,,,
JP-GN-6418740,Garyu Zan,Japan,JP,Okayama,JP-33,Tamano Shi,"Garyu Zan (Garyū Zan) is a named mountains location in Tamano Shi, Okayama, Japan.",Adventure spots|Natural spots,Mountains,Natural landform,Drivable,34.47892,133.92364,190,2105,No,Late spring; Summer; Autumn,images/JP-GN-6418740,,,
JP-GN-9194965,Gion Yama,Japan,JP,Okayama,JP-33,Takahashi Shi,"Gion Yama (Gion Yama) is a named mountains location in Takahashi Shi, Okayama, Japan.",Adventure spots|Natural spots,Mountains,Natural landform,Drivable,34.89949,133.60629,487,2106,No,Late spring; Summer; Autumn,images/JP-GN-9194965,,,
JP-GN-1863249,Hanachiga-sen,Japan,JP,Okayama,JP-33,Tomata-gun,"Hanachiga-sen (Hanachiga-sen) is a named mountains location in Tomata-gun, Okayama, Japan.",Adventure spots|Natural spots,Mountains,Natural landform,Drivable,35.25826,133.97561,1220,2107,No,Late spring; Summer; Autumn,images/JP-GN-1863249,,,
JP-GN-1862606,Hinakura-yama,Japan,JP,Okayama,JP-33,Nishiawakura,"Hinakura-yama (Hinakura-yama) is a named mountains location in Nishiawakura, Okayama, Japan.",Adventure spots|Natural spots,Mountains,Natural landform,Drivable,35.14766,134.40832,1023,2108,No,Late spring; Summer; Autumn,images/JP-GN-1862606,,,
JP-GN-1862393,Hiru-zen,Japan,JP,Okayama,JP-33,Maniwa Shi,"Hiru-zen (Hiru-zen) is a named mountains location in Maniwa Shi, Okayama, Japan.",Adventure spots|Natural spots,Mountains,Natural landform,Drivable,35.31667,133.68333,809,2109,No,Late spring; Summer; Autumn,images/JP-GN-1862393,,,
JP-GN-9194910,Iino Yama,Japan,JP,Okayama,JP-33,Takahashi Shi,"Iino Yama (Iino Yama) is a named mountains location in Takahashi Shi, Okayama, Japan.",Adventure spots|Natural spots,Mountains,Natural landform,Drivable,34.93839,133.71902,473,2110,No,Late spring; Summer; Autumn,images/JP-GN-9194910,,,
JP-GN-1861087,Izumi-yama,Japan,JP,Okayama,JP-33,Tomata-gun,"Izumi-yama (Izumi-yama) is a named mountains location in Tomata-gun, Okayama, Japan.",Adventure spots|Natural spots,Mountains,Natural landform,Drivable,35.20745,133.96739,1069,2111,No,Late spring; Summer; Autumn,images/JP-GN-1861087,,,
JP-GN-6417466,Jizo Yama,Japan,JP,Okayama,JP-33,Tamano Shi,"Jizo Yama (Jizō Yama) is a named mountains location in Tamano Shi, Okayama, Japan.",Adventure spots|Natural spots,Mountains,Natural landform,Drivable,34.46445,133.93253,48,2112,No,Late spring; Summer; Autumn,images/JP-GN-6417466,,,
JP-GN-9196996,Kagekiyo Yama,Japan,JP,Okayama,JP-33,Kume-gun,"Kagekiyo Yama (Kagekiyo Yama) is a named mountains location in Kume-gun, Okayama, Japan.",Adventure spots|Natural spots,Mountains,Natural landform,Drivable,34.88719,133.95129,336,2113,No,Late spring; Summer; Autumn,images/JP-GN-9196996,,,
JP-GN-9196992,Kannonji Yama,Japan,JP,Okayama,JP-33,Bizen Shi,"Kannonji Yama (Kannonji Yama) is a named mountains location in Bizen Shi, Okayama, Japan.",Adventure spots|Natural spots,Mountains,Natural landform,Drivable,34.76723,134.20179,363,2114,No,Late spring; Summer; Autumn,images/JP-GN-9196992,,,
JP-GN-9196998,Keisoku Zan,Japan,JP,Okayama,JP-33,Takahashi Shi,"Keisoku Zan (Keisoku Zan) is a named mountains location in Takahashi Shi, Okayama, Japan.",Adventure spots|Natural spots,Mountains,Natural landform,Drivable,34.76367,133.62855,580,2115,No,Late spring; Summer; Autumn,images/JP-GN-9196998,,,
JP-GN-1859558,Kenmori Yama,Japan,JP,Okayama,JP-33,Niimi Shi,"Kenmori Yama (Kenmori Yama) is a named mountains location in Niimi Shi, Okayama, Japan.",Adventure spots|Natural spots,Mountains,Natural landform,Drivable,35.09379,133.46534,1017,2116,No,Late spring; Summer; Autumn,images/JP-GN-1859558,,,
JP-GN-8624915,Kobuki Yama,Japan,JP,Okayama,JP-33,Takahashi Shi,"Kobuki Yama (Kobuki Yama) is a named mountains location in Takahashi Shi, Okayama, Japan.",Adventure spots|Natural spots,Mountains,Natural landform,Drivable,34.8687,133.41047,653,2117,No,Late spring; Summer; Autumn,images/JP-GN-8624915,,,
JP-GN-9196999,Masaki Yama,Japan,JP,Okayama,JP-33,Soja Shi,"Masaki Yama (Masaki Yama) is a named mountains location in Soja Shi, Okayama, Japan.",Adventure spots|Natural spots,Mountains,Natural landform,Drivable,34.69042,133.68724,361,2118,No,Late spring; Summer; Autumn,images/JP-GN-9196999,,,
JP-GN-1858769,Korakuen,Japan,JP,Okayama,JP-33,Okayama Shi,"Korakuen (Kōrakuen) is a named parks location in Okayama Shi, Okayama, Japan.",Natural spots,Parks,Public park or protected area,Drivable,34.66784,133.93609,4,2119,No,Spring; Summer; Autumn,images/JP-GN-1858769,,,
JP-GN-9196450,Ashimori Gawa,Japan,JP,Okayama,JP-33,Seno'o,"Ashimori Gawa (Ashimori Gawa) is a named rivers location in Seno'o, Okayama, Japan.",Natural spots,Rivers,Watercourse,Drivable,34.63259,133.87984,-8,2120,No,Spring; Summer; Autumn,images/JP-GN-9196450,,,
JP-GN-8624917,Hongo Gawa,Japan,JP,Okayama,JP-33,Shoden,"Hongo Gawa (Hongō Gawa) is a named rivers location in Shoden, Okayama, Japan.",Natural spots,Rivers,Watercourse,Drivable,34.96041,133.45864,181,2121,No,Spring; Summer; Autumn,images/JP-GN-8624917,,,
JP-GN-9196991,Iri Gawa,Japan,JP,Okayama,JP-33,Nada,"Iri Gawa (Iri Gawa) is a named rivers location in Nada, Okayama, Japan.",Natural spots,Rivers,Watercourse,Drivable,34.7313,134.22378,0,2122,No,Spring; Summer; Autumn,images/JP-GN-9196991,,,
JP-GN-1860330,Kamo-gawa,Japan,JP,Okayama,JP-33,Tsuyama,"Kamo-gawa (Kamo-gawa) is a named rivers location in Tsuyama, Okayama, Japan.",Natural spots,Rivers,Watercourse,Drivable,35.05,134.01667,98,2123,No,Spring; Summer; Autumn,images/JP-GN-1860330,,,
JP-GN-8624913,Kojiro Gawa,Japan,JP,Okayama,JP-33,Shinichi,"Kojiro Gawa (Kōjiro Gawa) is a named rivers location in Shinichi, Okayama, Japan.",Natural spots,Rivers,Watercourse,Drivable,34.99394,133.39886,248,2124,No,Spring; Summer; Autumn,images/JP-GN-8624913,,,
JP-GN-1858310,Kurashiki Gawa,Japan,JP,Okayama,JP-33,Hachihamacho-hachihama,"Kurashiki Gawa (Kurashiki Gawa) is a named rivers location in Hachihamacho-hachihama, Okayama, Japan.",Natural spots,Rivers,Watercourse,Drivable,34.57822,133.92445,1,2125,No,Spring; Summer; Autumn,images/JP-GN-1858310,,,
JP-GN-9197131,Makitani Gawa,Japan,JP,Okayama,JP-33,Shisawa,"Makitani Gawa (Makitani Gawa) is a named rivers location in Shisawa, Okayama, Japan.",Natural spots,Rivers,Watercourse,Drivable,34.70508,133.72778,19,2126,No,Spring; Summer; Autumn,images/JP-GN-9197131,,,
JP-GN-1855596,Nariwa Gawa,Japan,JP,Okayama,JP-33,Takahashi,"Nariwa Gawa (Nariwa Gawa) is a named rivers location in Takahashi, Okayama, Japan.",Natural spots,Rivers,Watercourse,Drivable,34.77629,133.59651,53,2127,No,Spring; Summer; Autumn,images/JP-GN-1855596,,,
JP-GN-9196448,Oda Gawa,Japan,JP,Okayama,JP-33,Sakazu,"Oda Gawa (Oda Gawa) is a named rivers location in Sakazu, Okayama, Japan.",Natural spots,Rivers,Watercourse,Drivable,34.62242,133.74229,15,2128,No,Spring; Summer; Autumn,images/JP-GN-9196448,,,
JP-GN-1853905,Osakabe Gawa,Japan,JP,Okayama,JP-33,Ikura,"Osakabe Gawa (Osakabe Gawa) is a named rivers location in Ikura, Okayama, Japan.",Natural spots,Rivers,Watercourse,Drivable,34.95216,133.49654,156,2129,No,Spring; Summer; Autumn,images/JP-GN-1853905,,,
JP-GN-9196435,Rokken Gawa,Japan,JP,Okayama,JP-33,Uematsu,"Rokken Gawa (Rokken Gawa) is a named rivers location in Uematsu, Okayama, Japan.",Natural spots,Rivers,Watercourse,Drivable,34.5648,133.81878,1,2130,No,Spring; Summer; Autumn,images/JP-GN-9196435,,,
JP-GN-1852919,Sasagase Gawa,Japan,JP,Okayama,JP-33,Kori,"Sasagase Gawa (Sasagase Gawa) is a named rivers location in Kori, Okayama, Japan.",Natural spots,Rivers,Watercourse,Drivable,34.58807,133.92146,1,2131,No,Spring; Summer; Autumn,images/JP-GN-1852919,,,
JP-GN-1852090,Shinjo-gawa,Japan,JP,Okayama,JP-33,Katsuyama,"Shinjo-gawa (Shinjō-gawa) is a named rivers location in Katsuyama, Okayama, Japan.",Natural spots,Rivers,Watercourse,Drivable,35.06667,133.66667,234,2132,No,Spring; Summer; Autumn,images/JP-GN-1852090,,,
JP-GN-9196444,Suna Gawa,Japan,JP,Okayama,JP-33,Samban,"Suna Gawa (Suna Gawa) is a named rivers location in Samban, Okayama, Japan.",Natural spots,Rivers,Watercourse,Drivable,34.64359,133.98773,0,2133,No,Spring; Summer; Autumn,images/JP-GN-9196444,,,
JP-GN-1851135,Takahashi Gawa,Japan,JP,Okayama,JP-33,Tsurajimacho-nishinoura,"Takahashi Gawa (Takahashi Gawa) is a named rivers location in Tsurajimacho-nishinoura, Okayama, Japan.",Natural spots,Rivers,Watercourse,Drivable,34.52758,133.69807,-9999,2134,No,Spring; Summer; Autumn,images/JP-GN-1851135,,,
JP-GN-9196997,Tanjoji Gawa,Japan,JP,Okayama,JP-33,Takebecho-fukuwatari,"Tanjoji Gawa (Tanjōji Gawa) is a named rivers location in Takebecho-fukuwatari, Okayama, Japan.",Natural spots,Rivers,Watercourse,Drivable,34.8836,133.89698,65,2135,No,Spring; Summer; Autumn,images/JP-GN-9196997,,,
JP-GN-9196451,Ukai Gawa,Japan,JP,Okayama,JP-33,Mitsu-kanagawa,"Ukai Gawa (Ukai Gawa) is a named rivers location in Mitsu-kanagawa, Okayama, Japan.",Natural spots,Rivers,Watercourse,Drivable,34.79508,133.93639,36,2136,No,Spring; Summer; Autumn,images/JP-GN-9196451,,,
JP-GN-1848192,Yoshii Gawa,Japan,JP,Okayama,JP-33,Kogushi,"Yoshii Gawa (Yoshii Gawa) is a named rivers location in Kogushi, Okayama, Japan.",Natural spots,Rivers,Watercourse,Drivable,34.60653,134.03741,0,2137,No,Spring; Summer; Autumn,images/JP-GN-1848192,,,
JP-GN-1848165,Yoshino Gawa,Japan,JP,Okayama,JP-33,Susai,"Yoshino Gawa (Yoshino Gawa) is a named rivers location in Susai, Okayama, Japan.",Natural spots,Rivers,Watercourse,Drivable,34.92435,134.09918,42,2138,No,Spring; Summer; Autumn,images/JP-GN-1848165,,,
JP-GN-9196436,Yoshioka Gawa,Japan,JP,Okayama,JP-33,Uematsu,"Yoshioka Gawa (Yoshioka Gawa) is a named rivers location in Uematsu, Okayama, Japan.",Natural spots,Rivers,Watercourse,Drivable,34.56471,133.80404,6,2139,No,Spring; Summer; Autumn,images/JP-GN-9196436,,,
JP-GN-6417573,Daimyojin-hana,Japan,JP,Okayama,JP-33,Kasaoka Shi,"Daimyojin-hana (Daimyōjin-hana) is a named seas and coastal areas location in Kasaoka Shi, Okayama, Japan.",Beach spots,Seas and coastal areas,Coastal feature,Drivable,34.36278,133.58611,16,2140,No,Spring; Summer; Autumn,images/JP-GN-6417573,,,
JP-GN-1860909,Kabura Zaki,Japan,JP,Okayama,JP-33,Setouchi Shi,"Kabura Zaki (Kabura Zaki) is a named seas and coastal areas location in Setouchi Shi, Okayama, Japan.",Beach spots,Seas and coastal areas,Coastal feature,Drivable,34.63165,134.18638,19,2141,No,Spring; Summer; Autumn,images/JP-GN-1860909,,,
JP-GN-1859855,Katakami Wan,Japan,JP,Okayama,JP-33,Nishikatakami,"Katakami Wan (Katakami Wan) is a named seas and coastal areas location in Nishikatakami, Okayama, Japan.",Beach spots,Seas and coastal areas,Coastal feature,Drivable,34.73689,134.18486,1,2142,No,Spring; Summer; Autumn,images/JP-GN-1859855,,,
JP-GN-1858994,Kojima Wan,Japan,JP,Okayama,JP-33,Kori,"Kojima Wan (Kojima Wan) is a named seas and coastal areas location in Kori, Okayama, Japan.",Beach spots,Seas and coastal areas,Coastal feature,Drivable,34.59278,133.96041,-9999,2143,No,Spring; Summer; Autumn,images/JP-GN-1858994,,,
JP-GN-1858887,Kome Zaki,Japan,JP,Okayama,JP-33,Okayama Shi,"Kome Zaki (Kome Zaki) is a named seas and coastal areas location in Okayama Shi, Okayama, Japan.",Beach spots,Seas and coastal areas,Coastal feature,Drivable,34.57697,134.04489,34,2144,No,Spring; Summer; Autumn,images/JP-GN-1858887,,,
JP-GN-6417560,Shikaochi-hana,Japan,JP,Okayama,JP-33,Kasaoka Shi,"Shikaochi-hana (Shikaochi-hana) is a named seas and coastal areas location in Kasaoka Shi, Okayama, Japan.",Beach spots,Seas and coastal areas,Coastal feature,Drivable,34.455,133.52556,93,2145,No,Spring; Summer; Autumn,images/JP-GN-6417560,,,
JP-GN-1851179,Takabe Bana,Japan,JP,Okayama,JP-33,Tamano Shi,"Takabe Bana (Takabe Bana) is a named seas and coastal areas location in Tamano Shi, Okayama, Japan.",Beach spots,Seas and coastal areas,Coastal feature,Drivable,34.49235,133.96171,22,2146,No,Spring; Summer; Autumn,images/JP-GN-1851179,,,
JP-GN-9280825,Abu Yama,Japan,JP,Osaka,JP-27,Ibaraki Shi,"Abu Yama (Abu Yama) is a named mountains location in Ibaraki Shi, Osaka, Japan.",Adventure spots|Natural spots,Mountains,Natural landform,Drivable,34.86856,135.56863,272,2147,No,Late spring; Summer; Autumn,images/JP-GN-9280825,,,
JP-GN-1865454,Akegatao San,Japan,JP,Osaka,JP-27,Minoo Shi,"Akegatao San (Akegatao San) is a named mountains location in Minoo Shi, Osaka, Japan.",Adventure spots|Natural spots,Mountains,Natural landform,Drivable,34.89012,135.47763,560,2148,No,Late spring; Summer; Autumn,images/JP-GN-1865454,,,
JP-GN-1865053,Asaka-yama,Japan,JP,Osaka,JP-27,Sakai Shi,"Asaka-yama (Asaka-yama) is a named mountains location in Sakai Shi, Osaka, Japan.",Adventure spots|Natural spots,Mountains,Natural landform,Drivable,34.58333,135.51667,15,2149,No,Late spring; Summer; Autumn,images/JP-GN-1865053,,,
JP-GN-9291315,Fudatate Yama,Japan,JP,Osaka,JP-27,Sennan-gun,"Fudatate Yama (Fudatate Yama) is a named mountains location in Sennan-gun, Osaka, Japan.",Adventure spots|Natural spots,Mountains,Natural landform,Drivable,34.28653,135.19164,331,2150,No,Late spring; Summer; Autumn,images/JP-GN-9291315,,,
JP-GN-9280888,Iimori Yama,Japan,JP,Osaka,JP-27,Daito Shi,"Iimori Yama (Iimori Yama) is a named mountains location in Daito Shi, Osaka, Japan.",Adventure spots|Natural spots,Mountains,Natural landform,Drivable,34.7268,135.65342,287,2151,No,Late spring; Summer; Autumn,images/JP-GN-9280888,,,
JP-GN-9291314,Iimori Yama,Japan,JP,Osaka,JP-27,Sennan-gun,"Iimori Yama (Iimori Yama) is a named mountains location in Sennan-gun, Osaka, Japan.",Adventure spots|Natural spots,Mountains,Natural landform,Drivable,34.30128,135.17816,345,2152,No,Late spring; Summer; Autumn,images/JP-GN-9291314,,,
JP-GN-9288709,Ittokubo San,Japan,JP,Osaka,JP-27,Kawachi-nagano Shi,"Ittokubo San (Ittokubō San) is a named mountains location in Kawachi-nagano Shi, Osaka, Japan.",Adventure spots|Natural spots,Mountains,Natural landform,Drivable,34.40277,135.54143,469,2153,No,Late spring; Summer; Autumn,images/JP-GN-9288709,,,
JP-GN-9288785,Iwao Yama,Japan,JP,Osaka,JP-27,Kishiwada Shi,"Iwao Yama (Iwao Yama) is a named mountains location in Kishiwada Shi, Osaka, Japan.",Adventure spots|Natural spots,Mountains,Natural landform,Drivable,34.37489,135.45976,550,2154,No,Late spring; Summer; Autumn,images/JP-GN-9288785,,,
JP-GN-1861161,Iwawaki San,Japan,JP,Osaka,JP-27,Kawachi-nagano Shi,"Iwawaki San (Iwawaki San) is a named mountains location in Kawachi-nagano Shi, Osaka, Japan.",Adventure spots|Natural spots,Mountains,Natural landform,Drivable,34.37535,135.54988,852,2155,No,Late spring; Summer; Autumn,images/JP-GN-1861161,,,
JP-GN-9288260,Katsuragi San,Japan,JP,Osaka,JP-27,Minamikawachi-gun,"Katsuragi San (Katsuragi San) is a named mountains location in Minamikawachi-gun, Osaka, Japan.",Adventure spots|Natural spots,Mountains,Natural landform,Drivable,34.45615,135.68231,858,2156,No,Late spring; Summer; Autumn,images/JP-GN-9288260,,,
JP-GN-1858779,Kono Yama,Japan,JP,Osaka,JP-27,Kishiwada Shi,"Kono Yama (Kōno Yama) is a named mountains location in Kishiwada Shi, Osaka, Japan.",Adventure spots|Natural spots,Mountains,Natural landform,Drivable,34.41445,135.42082,252,2157,No,Late spring; Summer; Autumn,images/JP-GN-1858779,,,
JP-GN-9291300,Manaitaishi Yama,Japan,JP,Osaka,JP-27,Sennan-gun,"Manaitaishi Yama (Manaitaishi Yama) is a named mountains location in Sennan-gun, Osaka, Japan.",Adventure spots|Natural spots,Mountains,Natural landform,Drivable,34.30822,135.20793,401,2158,No,Late spring; Summer; Autumn,images/JP-GN-9291300,,,
JP-GN-9631987,Me Dake,Japan,JP,Osaka,JP-27,Minamikawachi-gun,"Me Dake (Me Dake) is a named mountains location in Minamikawachi-gun, Osaka, Japan.",Adventure spots|Natural spots,Mountains,Natural landform,Drivable,34.52266,135.67578,456,2159,No,Late spring; Summer; Autumn,images/JP-GN-9631987,,,
JP-GN-9288786,Mikuni Yama,Japan,JP,Osaka,JP-27,Izumi Shi,"Mikuni Yama (Mikuni Yama) is a named mountains location in Izumi Shi, Osaka, Japan.",Adventure spots|Natural spots,Mountains,Natural landform,Drivable,34.36289,135.48523,877,2160,No,Late spring; Summer; Autumn,images/JP-GN-9288786,,,
JP-GN-12503546,Mikusayama,Japan,JP,Osaka,JP-27,Toyono Gun,"Mikusayama (Mikusayama) is a named mountains location in Toyono Gun, Osaka, Japan.",Adventure spots|Natural spots,Mountains,Natural landform,Drivable,34.95636,135.37574,400,2161,No,Late spring; Summer; Autumn,images/JP-GN-12503546,,,
JP-GN-9291162,Mitsumine Yama,Japan,JP,Osaka,JP-27,Izumisano Shi,"Mitsumine Yama (Mitsumine Yama) is a named mountains location in Izumisano Shi, Osaka, Japan.",Adventure spots|Natural spots,Mountains,Natural landform,Drivable,34.32965,135.36533,553,2162,No,Late spring; Summer; Autumn,images/JP-GN-9291162,,,
JP-GN-1856306,Myoken San,Japan,JP,Osaka,JP-27,Toyono Gun,"Myoken San (Myōken San) is a named mountains location in Toyono Gun, Osaka, Japan.",Adventure spots|Natural spots,Mountains,Natural landform,Drivable,34.92911,135.46696,645,2163,No,Late spring; Summer; Autumn,images/JP-GN-1856306,,,
JP-GN-9288784,Oishiga Mine,Japan,JP,Osaka,JP-27,Kishiwada Shi,"Oishiga Mine (Ōishiga Mine) is a named mountains location in Kishiwada Shi, Osaka, Japan.",Adventure spots|Natural spots,Mountains,Natural landform,Drivable,34.34985,135.45291,830,2164,No,Late spring; Summer; Autumn,images/JP-GN-9288784,,,
JP-GN-1853421,Ponpon Yama,Japan,JP,Osaka,JP-27,Takatsuki Shi,"Ponpon Yama (Ponpon Yama) is a named mountains location in Takatsuki Shi, Osaka, Japan.",Adventure spots|Natural spots,Mountains,Natural landform,Drivable,34.93487,135.62388,663,2165,No,Late spring; Summer; Autumn,images/JP-GN-1853421,,,
JP-GN-6697564,Banpaku Memorial Park,Japan,JP,Osaka,JP-27,Suita Shi,"Banpaku Memorial Park (Banpaku Memorial Park) is a named parks location in Suita Shi, Osaka, Japan.",Natural spots,Parks,Public park or protected area,Drivable,34.81063,135.527,35,2166,No,Spring; Summer; Autumn,images/JP-GN-6697564,,,
JP-GN-1858841,Komyo Ike,Japan,JP,Osaka,JP-27,Nyu,"Komyo Ike (Kōmyō Ike) is a named parks location in Nyu, Osaka, Japan.",Natural spots,Parks,Public park or protected area,Drivable,34.46369,135.4788,70,2167,No,Spring; Summer; Autumn,images/JP-GN-1858841,,,
JP-GN-9072610,Sayamaike,Japan,JP,Osaka,JP-27,Osaka-sayama,"Sayamaike (Sayamaike) is a named parks location in Osaka-sayama, Osaka, Japan.",Natural spots,Parks,Public park or protected area,Drivable,34.50627,135.55078,71,2168,No,Spring; Summer; Autumn,images/JP-GN-9072610,,,
JP-GN-11978660,Tenoji,Japan,JP,Osaka,JP-27,Osaka-shi,"Tenoji (Tenoji) is a named parks location in Osaka-shi, Osaka, Japan.",Natural spots,Parks,Public park or protected area,Drivable,34.64864,135.51084,13,2169,No,Spring; Summer; Autumn,images/JP-GN-11978660,,,
JP-GN-9277034,Ai Gawa,Japan,JP,Osaka,JP-27,Kamishinjo,"Ai Gawa (Ai Gawa) is a named rivers location in Kamishinjo, Osaka, Japan.",Natural spots,Rivers,Watercourse,Drivable,34.75437,135.52905,1,2170,No,Spring; Summer; Autumn,images/JP-GN-9277034,,,
JP-GN-1865628,Aji Gawa,Japan,JP,Osaka,JP-27,Yawataya,"Aji Gawa (Aji Gawa) is a named rivers location in Yawataya, Osaka, Japan.",Natural spots,Rivers,Watercourse,Drivable,34.65575,135.42641,-9999,2171,No,Spring; Summer; Autumn,images/JP-GN-1865628,,,
JP-GN-9291312,Ban Gawa,Japan,JP,Osaka,JP-27,Tannowa,"Ban Gawa (Ban Gawa) is a named rivers location in Tannowa, Osaka, Japan.",Natural spots,Rivers,Watercourse,Drivable,34.33467,135.16858,0,2172,No,Spring; Summer; Autumn,images/JP-GN-9291312,,,
JP-GN-9288253,Chihaya Gawa,Japan,JP,Osaka,JP-27,Higashiyama,"Chihaya Gawa (Chihaya Gawa) is a named rivers location in Higashiyama, Osaka, Japan.",Natural spots,Rivers,Watercourse,Drivable,34.508,135.61763,41,2173,No,Spring; Summer; Autumn,images/JP-GN-9288253,,,
JP-GN-1864333,Dotonbori Gawa,Japan,JP,Osaka,JP-27,Chiyozaki,"Dotonbori Gawa (Dōtonbori Gawa) is a named rivers location in Chiyozaki, Osaka, Japan.",Natural spots,Rivers,Watercourse,Drivable,34.66859,135.48098,3,2174,No,Spring; Summer; Autumn,images/JP-GN-1864333,,,
JP-GN-9277033,Ibaraki Gawa,Japan,JP,Osaka,JP-27,Ibaraki,"Ibaraki Gawa (Ibaraki Gawa) is a named rivers location in Ibaraki, Osaka, Japan.",Natural spots,Rivers,Watercourse,Drivable,34.82865,135.57212,13,2175,No,Spring; Summer; Autumn,images/JP-GN-9277033,,,
JP-GN-1861391,Ishi Kawa,Japan,JP,Osaka,JP-27,Tamatecho,"Ishi Kawa (Ishi Kawa) is a named rivers location in Tamatecho, Osaka, Japan.",Natural spots,Rivers,Watercourse,Drivable,34.57688,135.62747,15,2176,No,Spring; Summer; Autumn,images/JP-GN-1861391,,,
JP-GN-9289677,Ishizu Gawa,Japan,JP,Osaka,JP-27,Hamadera-Ishizucho,"Ishizu Gawa (Ishizu Gawa) is a named rivers location in Hamadera-Ishizucho, Osaka, Japan.",Natural spots,Rivers,Watercourse,Drivable,34.55671,135.44505,-4,2177,No,Spring; Summer; Autumn,images/JP-GN-9289677,,,
JP-GN-1859949,Kashii Gawa,Japan,JP,Osaka,JP-27,Okada,"Kashii Gawa (Kashii Gawa) is a named rivers location in Okada, Osaka, Japan.",Natural spots,Rivers,Watercourse,Drivable,34.39337,135.27811,-4,2178,No,Spring; Summer; Autumn,images/JP-GN-1859949,,,
JP-GN-9291214,Kinnyuji Gawa,Japan,JP,Osaka,JP-27,Onosato,"Kinnyuji Gawa (Kinnyūji Gawa) is a named rivers location in Onosato, Osaka, Japan.",Natural spots,Rivers,Watercourse,Drivable,34.35956,135.25375,7,2179,No,Spring; Summer; Autumn,images/JP-GN-9291214,,,
JP-GN-1859199,Kizu Gawa,Japan,JP,Osaka,JP-27,Hirabayashi-kita,"Kizu Gawa (Kizu Gawa) is a named rivers location in Hirabayashi-kita, Osaka, Japan.",Natural spots,Rivers,Watercourse,Drivable,34.62654,135.44847,-9999,2180,No,Spring; Summer; Autumn,images/JP-GN-1859199,,,
JP-GN-9291069,Kogi Gawa,Japan,JP,Osaka,JP-27,Nishiki,"Kogi Gawa (Kogi Gawa) is a named rivers location in Nishiki, Osaka, Japan.",Natural spots,Rivers,Watercourse,Drivable,34.44168,135.33699,-9999,2181,No,Spring; Summer; Autumn,images/JP-GN-9291069,,,
JP-GN-9291070,Mide Gawa,Japan,JP,Osaka,JP-27,Shimokawaraya,"Mide Gawa (Mide Gawa) is a named rivers location in Shimokawaraya, Osaka, Japan.",Natural spots,Rivers,Watercourse,Drivable,34.43427,135.32924,0,2182,No,Spring; Summer; Autumn,images/JP-GN-9291070,,,
JP-GN-1857044,Minoo Gawa,Japan,JP,Osaka,JP-27,Soen,"Minoo Gawa (Minoo Gawa) is a named rivers location in Soen, Osaka, Japan.",Natural spots,Rivers,Watercourse,Drivable,34.79654,135.42434,14,2183,No,Spring; Summer; Autumn,images/JP-GN-1857044,,,
JP-GN-1855494,Neya Gawa,Japan,JP,Osaka,JP-27,Otemae,"Neya Gawa (Neya Gawa) is a named rivers location in Otemae, Osaka, Japan.",Natural spots,Rivers,Watercourse,Drivable,34.69133,135.52066,4,2184,No,Spring; Summer; Autumn,images/JP-GN-1855494,,,
JP-GN-9291333,O Kawa,Japan,JP,Osaka,JP-27,Fuke,"O Kawa (Ō Kawa) is a named rivers location in Fuke, Osaka, Japan.",Natural spots,Rivers,Watercourse,Drivable,34.32167,135.14502,-9999,2185,No,Spring; Summer; Autumn,images/JP-GN-9291333,,,
JP-GN-9291205,Onosato Gawa,Japan,JP,Osaka,JP-27,Onosato,"Onosato Gawa (Onosato Gawa) is a named rivers location in Onosato, Osaka, Japan.",Natural spots,Rivers,Watercourse,Drivable,34.37682,135.24996,-9999,2186,No,Spring; Summer; Autumn,images/JP-GN-9291205,,,
JP-GN-9289376,Otsu Gawa,Japan,JP,Osaka,JP-27,Niihama,"Otsu Gawa (Ōtsu Gawa) is a named rivers location in Niihama, Osaka, Japan.",Natural spots,Rivers,Watercourse,Drivable,34.50265,135.38485,-9999,2187,No,Spring; Summer; Autumn,images/JP-GN-9289376,,,
JP-GN-1853405,Rokken'ya Gawa,Japan,JP,Osaka,JP-27,Kasugade-naka,"Rokken'ya Gawa (Rokken’ya Gawa) is a named rivers location in Kasugade-naka, Osaka, Japan.",Natural spots,Rivers,Watercourse,Drivable,34.67635,135.45521,1,2188,No,Spring; Summer; Autumn,images/JP-GN-1853405,,,
JP-GN-9291143,Sano Gawa,Japan,JP,Osaka,JP-27,Izumisano,"Sano Gawa (Sano Gawa) is a named rivers location in Izumisano, Osaka, Japan.",Natural spots,Rivers,Watercourse,Drivable,34.42261,135.31883,-9999,2189,No,Spring; Summer; Autumn,images/JP-GN-9291143,,,
JP-GN-1851839,Shirinashi Gawa,Japan,JP,Osaka,JP-27,Fukuzaki,"Shirinashi Gawa (Shirinashi Gawa) is a named rivers location in Fukuzaki, Osaka, Japan.",Natural spots,Rivers,Watercourse,Drivable,34.65522,135.46147,0,2190,No,Spring; Summer; Autumn,images/JP-GN-1851839,,,
JP-GN-1851669,Shorenji Gawa,Japan,JP,Osaka,JP-27,Torishima,"Shorenji Gawa (Shōrenji Gawa) is a named rivers location in Torishima, Osaka, Japan.",Natural spots,Rivers,Watercourse,Drivable,34.67143,135.41645,-9999,2191,No,Spring; Summer; Autumn,images/JP-GN-1851669,,,
JP-GN-1860153,Kannon Zaki,Japan,JP,Osaka,JP-27,Sennan-gun,"Kannon Zaki (Kannon Zaki) is a named seas and coastal areas location in Sennan-gun, Osaka, Japan.",Beach spots,Seas and coastal areas,Coastal feature,Drivable,34.32499,135.12493,2,2192,No,Spring; Summer; Autumn,images/JP-GN-1860153,,,
JP-GN-1858177,Kuro Saki,Japan,JP,Osaka,JP-27,Sennan-gun,"Kuro Saki (Kuro Saki) is a named seas and coastal areas location in Sennan-gun, Osaka, Japan.",Beach spots,Seas and coastal areas,Coastal feature,Drivable,34.3369,135.17581,6,2193,No,Spring; Summer; Autumn,images/JP-GN-1858177,,,
JP-GN-9890652,Atago Yama,Japan,JP,Saga,JP-41,Ogi-shi,"Atago Yama (Atago Yama) is a named mountains location in Ogi-shi, Saga, Japan.",Adventure spots|Natural spots,Mountains,Natural landform,Drivable,33.31374,130.17641,357,2194,No,Late spring; Summer; Autumn,images/JP-GN-9890652,,,
JP-GN-11352364,Bansyo-no-Tuzi,Japan,JP,Saga,JP-41,Karatsu Shi,"Bansyo-no-Tuzi (Bansyo-no-Tuzi) is a named mountains location in Karatsu Shi, Saga, Japan.",Adventure spots|Natural spots,Mountains,Natural landform,Drivable,33.57424,129.75006,224,2195,No,Late spring; Summer; Autumn,images/JP-GN-11352364,,,
JP-GN-9889559,Daitsu Zan,Japan,JP,Saga,JP-41,Imari Shi,"Daitsu Zan (Daitsū Zan) is a named mountains location in Imari Shi, Saga, Japan.",Adventure spots|Natural spots,Mountains,Natural landform,Drivable,33.26934,129.80326,563,2196,No,Late spring; Summer; Autumn,images/JP-GN-9889559,,,
JP-GN-9889551,Eboshi Dake,Japan,JP,Saga,JP-41,Imari Shi,"Eboshi Dake (Eboshi Dake) is a named mountains location in Imari Shi, Saga, Japan.",Adventure spots|Natural spots,Mountains,Natural landform,Drivable,33.25554,129.8238,584,2197,No,Late spring; Summer; Autumn,images/JP-GN-9889551,,,
JP-GN-9890609,Futago Yama,Japan,JP,Saga,JP-41,Taku Shi,"Futago Yama (Futago Yama) is a named mountains location in Taku Shi, Saga, Japan.",Adventure spots|Natural spots,Mountains,Natural landform,Drivable,33.25835,130.15606,350,2198,No,Late spring; Summer; Autumn,images/JP-GN-9890609,,,
JP-GN-8599406,Gongen Yama,Japan,JP,Saga,JP-41,Saga Shi,"Gongen Yama (Gongen Yama) is a named mountains location in Saga Shi, Saga, Japan.",Adventure spots|Natural spots,Mountains,Natural landform,Drivable,33.40486,130.22856,383,2199,No,Late spring; Summer; Autumn,images/JP-GN-8599406,,,
JP-GN-9888999,Hachiman Dake,Japan,JP,Saga,JP-41,Takeo Shi,"Hachiman Dake (Hachiman Dake) is a named mountains location in Takeo Shi, Saga, Japan.",Adventure spots|Natural spots,Mountains,Natural landform,Drivable,33.28233,130.02697,724,2200,No,Late spring; Summer; Autumn,images/JP-GN-9888999,,,
JP-GN-1863304,Hamaguri Dake,Japan,JP,Saga,JP-41,Kanzaki-gun,"Hamaguri Dake (Hamaguri Dake) is a named mountains location in Kanzaki-gun, Saga, Japan.",Adventure spots|Natural spots,Mountains,Natural landform,Drivable,33.40984,130.38345,841,2201,No,Late spring; Summer; Autumn,images/JP-GN-1863304,,,
JP-GN-11352365,Hati-no-o Yama,Japan,JP,Saga,JP-41,Karatsu Shi,"Hati-no-o Yama (Hati-no-o Yama) is a named mountains location in Karatsu Shi, Saga, Japan.",Adventure spots|Natural spots,Mountains,Natural landform,Drivable,33.57619,129.76025,161,2202,No,Late spring; Summer; Autumn,images/JP-GN-11352365,,,
JP-GN-9890118,Hatten Dake,Japan,JP,Saga,JP-41,Nishimatsuura-gun,"Hatten Dake (Hatten Dake) is a named mountains location in Nishimatsuura-gun, Saga, Japan.",Adventure spots|Natural spots,Mountains,Natural landform,Drivable,33.21135,129.80693,711,2203,No,Late spring; Summer; Autumn,images/JP-GN-9890118,,,
JP-GN-8599407,Hiko Dake,Japan,JP,Saga,JP-41,Ogi-shi,"Hiko Dake (Hiko Dake) is a named mountains location in Ogi-shi, Saga, Japan.",Adventure spots|Natural spots,Mountains,Natural landform,Drivable,33.34186,130.19477,818,2204,No,Late spring; Summer; Autumn,images/JP-GN-8599407,,,
JP-GN-9888950,Hinokochi Yama,Japan,JP,Saga,JP-41,Karatsu Shi,"Hinokochi Yama (Hinokōchi Yama) is a named mountains location in Karatsu Shi, Saga, Japan.",Adventure spots|Natural spots,Mountains,Natural landform,Drivable,33.33266,129.9965,175,2205,No,Late spring; Summer; Autumn,images/JP-GN-9888950,,,
JP-GN-9888382,Ishitani Yama,Japan,JP,Saga,JP-41,Miyaki-gun,"Ishitani Yama (Ishitani Yama) is a named mountains location in Miyaki-gun, Saga, Japan.",Adventure spots|Natural spots,Mountains,Natural landform,Drivable,33.39822,130.44055,749,2206,No,Late spring; Summer; Autumn,images/JP-GN-9888382,,,
JP-GN-9890199,Jinroku Yama,Japan,JP,Saga,JP-41,Takeo Shi,"Jinroku Yama (Jinroku Yama) is a named mountains location in Takeo Shi, Saga, Japan.",Adventure spots|Natural spots,Mountains,Natural landform,Drivable,33.16467,129.94332,404,2207,No,Late spring; Summer; Autumn,images/JP-GN-9890199,,,
JP-GN-1898232,Jo Yama,Japan,JP,Saga,JP-41,Karatsu Shi,"Jo Yama (Jō Yama) is a named mountains location in Karatsu Shi, Saga, Japan.",Adventure spots|Natural spots,Mountains,Natural landform,Drivable,33.45642,130.06338,374,2208,No,Late spring; Summer; Autumn,images/JP-GN-1898232,,,
JP-GN-9889586,Jo Yama,Japan,JP,Saga,JP-41,Imari Shi,"Jo Yama (Jō Yama) is a named mountains location in Imari Shi, Saga, Japan.",Adventure spots|Natural spots,Mountains,Natural landform,Drivable,33.30431,129.80145,329,2209,No,Late spring; Summer; Autumn,images/JP-GN-9889586,,,
JP-GN-9891165,Jo Yama,Japan,JP,Saga,JP-41,Tosu Shi,"Jo Yama (Jō Yama) is a named mountains location in Tosu Shi, Saga, Japan.",Adventure spots|Natural spots,Mountains,Natural landform,Drivable,33.40232,130.46599,471,2210,No,Late spring; Summer; Autumn,images/JP-GN-9891165,,,
JP-GN-8599643,Jodo Yama,Japan,JP,Saga,JP-41,Kashima,"Jodo Yama (Jōdo Yama) is a named mountains location in Kashima, Saga, Japan.",Adventure spots|Natural spots,Mountains,Natural landform,Drivable,33.05421,130.09536,145,2211,No,Late spring; Summer; Autumn,images/JP-GN-8599643,,,
JP-GN-9889522,Jogo Dake,Japan,JP,Saga,JP-41,Imari Shi,"Jogo Dake (Jōgo Dake) is a named mountains location in Imari Shi, Saga, Japan.",Adventure spots|Natural spots,Mountains,Natural landform,Drivable,33.30955,129.89792,394,2212,No,Late spring; Summer; Autumn,images/JP-GN-9889522,,,
JP-GN-9890948,Hokuzan Chosuichi,Japan,JP,Saga,JP-41,Mitsusemura-yuzuriha,"Hokuzan Chosuichi (Hokuzan Chosuichi) is a named parks location in Mitsusemura-yuzuriha, Saga, Japan.",Natural spots,Parks,Public park or protected area,Drivable,33.43019,130.25271,371,2213,No,Spring; Summer; Autumn,images/JP-GN-9890948,,,
JP-GN-1898150,Choda Gawa,Japan,JP,Saga,JP-41,Oishimachi,"Choda Gawa (Chōda Gawa) is a named rivers location in Oishimachi, Saga, Japan.",Natural spots,Rivers,Watercourse,Drivable,33.45146,129.9756,4,2214,No,Spring; Summer; Autumn,images/JP-GN-1898150,,,
JP-GN-9890877,Hatta E,Japan,JP,Saga,JP-41,Kawasoemachi-kogomori,"Hatta E (Hatta E) is a named rivers location in Kawasoemachi-kogomori, Saga, Japan.",Natural spots,Rivers,Watercourse,Drivable,33.16909,130.27831,1,2215,No,Spring; Summer; Autumn,images/JP-GN-9890877,,,
JP-GN-9890876,Honjo E,Japan,JP,Saga,JP-41,Kubotacho-edo,"Honjo E (Honjō E) is a named rivers location in Kubotacho-edo, Saga, Japan.",Natural spots,Rivers,Watercourse,Drivable,33.20297,130.25305,1,2216,No,Spring; Summer; Autumn,images/JP-GN-9890876,,,
JP-GN-9889488,Imari Gawa,Japan,JP,Saga,JP-41,Kisucho,"Imari Gawa (Imari Gawa) is a named rivers location in Kisucho, Saga, Japan.",Natural spots,Rivers,Watercourse,Drivable,33.28271,129.85931,-9999,2217,No,Spring; Summer; Autumn,images/JP-GN-9889488,,,
JP-GN-1859961,Kase Gawa,Japan,JP,Saga,JP-41,Kubotacho-edo,"Kase Gawa (Kase Gawa) is a named rivers location in Kubotacho-edo, Saga, Japan.",Natural spots,Rivers,Watercourse,Drivable,33.20305,130.24751,1,2218,No,Spring; Summer; Autumn,images/JP-GN-1859961,,,
JP-GN-9890889,Kose Gawa,Japan,JP,Saga,JP-41,Kitakawasoemachi-egami,"Kose Gawa (Kose Gawa) is a named rivers location in Kitakawasoemachi-egami, Saga, Japan.",Natural spots,Rivers,Watercourse,Drivable,33.24844,130.32664,5,2219,No,Spring; Summer; Autumn,images/JP-GN-9890889,,,
JP-GN-9888956,Kyuragi Gawa,Japan,JP,Saga,JP-41,Kuri,"Kyuragi Gawa (Kyūragi Gawa) is a named rivers location in Kuri, Saga, Japan.",Natural spots,Rivers,Watercourse,Drivable,33.40829,129.98093,0,2220,No,Spring; Summer; Autumn,images/JP-GN-9888956,,,
JP-GN-1857467,Matsuura Gawa,Japan,JP,Saga,JP-41,Oishimachi,"Matsuura Gawa (Matsuura Gawa) is a named rivers location in Oishimachi, Saga, Japan.",Natural spots,Rivers,Watercourse,Drivable,33.4516,129.98029,6,2221,No,Spring; Summer; Autumn,images/JP-GN-1857467,,,
JP-GN-1853407,Rokkaku Gawa,Japan,JP,Saga,JP-41,Kubotacho-edo,"Rokkaku Gawa (Rokkaku Gawa) is a named rivers location in Kubotacho-edo, Saga, Japan.",Natural spots,Rivers,Watercourse,Drivable,33.1921,130.23125,1,2222,No,Spring; Summer; Autumn,images/JP-GN-1853407,,,
JP-GN-1898160,Sashi Gawa,Japan,JP,Saga,JP-41,Sakuramachi,"Sashi Gawa (Sashi Gawa) is a named rivers location in Sakuramachi, Saga, Japan.",Natural spots,Rivers,Watercourse,Drivable,33.47386,129.94004,14,2223,No,Spring; Summer; Autumn,images/JP-GN-1898160,,,
JP-GN-9890168,Takeo Gawa,Japan,JP,Saga,JP-41,Tachibanacho-katajiro,"Takeo Gawa (Takeo Gawa) is a named rivers location in Tachibanacho-katajiro, Saga, Japan.",Natural spots,Rivers,Watercourse,Drivable,33.20792,130.05331,0,2224,No,Spring; Summer; Autumn,images/JP-GN-9890168,,,
JP-GN-1898226,Tamashima Gawa,Japan,JP,Saga,JP-41,Hamatamamachi-fuchinoue,"Tamashima Gawa (Tamashima Gawa) is a named rivers location in Hamatamamachi-fuchinoue, Saga, Japan.",Natural spots,Rivers,Watercourse,Drivable,33.45529,130.0411,1,2225,No,Spring; Summer; Autumn,images/JP-GN-1898226,,,
JP-GN-1850618,Tara Gawa,Japan,JP,Saga,JP-41,Tara,"Tara Gawa (Tara Gawa) is a named rivers location in Tara, Saga, Japan.",Natural spots,Rivers,Watercourse,Drivable,33.02938,130.17729,4,2226,No,Spring; Summer; Autumn,images/JP-GN-1850618,,,
JP-GN-9889145,Tokusue Gawa,Japan,JP,Saga,JP-41,Yabuta,"Tokusue Gawa (Tokusue Gawa) is a named rivers location in Yabuta, Saga, Japan.",Natural spots,Rivers,Watercourse,Drivable,33.4081,129.97765,8,2227,No,Spring; Summer; Autumn,images/JP-GN-9889145,,,
JP-GN-8599403,Ushizu Gawa,Japan,JP,Saga,JP-41,Suminoe-higashi,"Ushizu Gawa (Ushizu Gawa) is a named rivers location in Suminoe-higashi, Saga, Japan.",Natural spots,Rivers,Watercourse,Drivable,33.20598,130.19113,2,2228,No,Spring; Summer; Autumn,images/JP-GN-8599403,,,
JP-GN-9890250,Yoshida Gawa,Japan,JP,Saga,JP-41,Ureshinomachi-shimono,"Yoshida Gawa (Yoshida Gawa) is a named rivers location in Ureshinomachi-shimono, Saga, Japan.",Natural spots,Rivers,Watercourse,Drivable,33.11198,130.0104,33,2229,No,Spring; Summer; Autumn,images/JP-GN-9890250,,,
JP-GN-1864596,Chika Zaki,Japan,JP,Saga,JP-41,Higashimatsuura-gun,"Chika Zaki (Chika Zaki) is a named seas and coastal areas location in Higashimatsuura-gun, Saga, Japan.",Beach spots,Seas and coastal areas,Coastal feature,Drivable,33.51795,129.82952,-9999,2230,No,Spring; Summer; Autumn,images/JP-GN-1864596,,,
JP-GN-1864480,Dachiku-ura,Japan,JP,Saga,JP-41,Hizenmachi-nosa,"Dachiku-ura (Dachiku-ura) is a named seas and coastal areas location in Hizenmachi-nosa, Saga, Japan.",Beach spots,Seas and coastal areas,Coastal feature,Drivable,33.45987,129.79992,-9999,2231,No,Spring; Summer; Autumn,images/JP-GN-1864480,,,
JP-GN-1863347,Hako Zaki,Japan,JP,Saga,JP-41,Kashima,"Hako Zaki (Hako Zaki) is a named seas and coastal areas location in Kashima, Saga, Japan.",Beach spots,Seas and coastal areas,Coastal feature,Drivable,33.05149,130.16931,5,2232,No,Spring; Summer; Autumn,images/JP-GN-1863347,,,
JP-GN-1862281,Hokawazu Ura,Japan,JP,Saga,JP-41,Hokawazu,"Hokawazu Ura (Hokawazu Ura) is a named seas and coastal areas location in Hokawazu, Saga, Japan.",Beach spots,Seas and coastal areas,Coastal feature,Drivable,33.51808,129.84546,-9999,2233,No,Spring; Summer; Autumn,images/JP-GN-1862281,,,
JP-GN-1860632,Kame-saki,Japan,JP,Saga,JP-41,Fujitsu-gun,"Kame-saki (Kame-saki) is a named seas and coastal areas location in Fujitsu-gun, Saga, Japan.",Beach spots,Seas and coastal areas,Coastal feature,Drivable,33,130.18333,88,2234,No,Spring; Summer; Autumn,images/JP-GN-1860632,,,
JP-GN-1860062,Karatsu Wan,Japan,JP,Saga,JP-41,Hamatamamachi-fuchinoue,"Karatsu Wan (Karatsu Wan) is a named seas and coastal areas location in Hamatamamachi-fuchinoue, Saga, Japan.",Beach spots,Seas and coastal areas,Coastal feature,Drivable,33.49528,130.01167,-9999,2235,No,Spring; Summer; Autumn,images/JP-GN-1860062,,,
JP-GN-1860032,Kariya Wan,Japan,JP,Saga,JP-41,Kariya,"Kariya Wan (Kariya Wan) is a named seas and coastal areas location in Kariya, Saga, Japan.",Beach spots,Seas and coastal areas,Coastal feature,Drivable,33.46656,129.84279,-9999,2236,No,Spring; Summer; Autumn,images/JP-GN-1860032,,,
JP-GN-1858752,Ko Zaki,Japan,JP,Saga,JP-41,Karatsu Shi,"Ko Zaki (Ko Zaki) is a named seas and coastal areas location in Karatsu Shi, Saga, Japan.",Beach spots,Seas and coastal areas,Coastal feature,Drivable,33.61655,129.85626,-9999,2237,No,Spring; Summer; Autumn,images/JP-GN-1858752,,,
JP-GN-1858028,Kushi Ura,Japan,JP,Saga,JP-41,Chinzeimachi-kushi,"Kushi Ura (Kushi Ura) is a named seas and coastal areas location in Chinzeimachi-kushi, Saga, Japan.",Beach spots,Seas and coastal areas,Coastal feature,Drivable,33.52094,129.85375,-9999,2238,No,Spring; Summer; Autumn,images/JP-GN-1858028,,,
JP-GN-8599585,Matsuura Gata,Japan,JP,Saga,JP-41,Sunago,"Matsuura Gata (Matsuura Gata) is a named seas and coastal areas location in Sunago, Saga, Japan.",Beach spots,Seas and coastal areas,Coastal feature,Drivable,33.45119,130.01335,-9999,2239,No,Spring; Summer; Autumn,images/JP-GN-8599585,,,
JP-GN-1856052,Nagoya Ura,Japan,JP,Saga,JP-41,Yobukocho-tononoura,"Nagoya Ura (Nagoya Ura) is a named seas and coastal areas location in Yobukocho-tononoura, Saga, Japan.",Beach spots,Seas and coastal areas,Coastal feature,Drivable,33.52929,129.8813,1,2240,No,Spring; Summer; Autumn,images/JP-GN-1856052,,,
JP-GN-1853891,O Saki,Japan,JP,Saga,JP-41,Karatsu Shi,"O Saki (Ō Saki) is a named seas and coastal areas location in Karatsu Shi, Saga, Japan.",Beach spots,Seas and coastal areas,Coastal feature,Drivable,33.48488,129.80696,17,2241,No,Spring; Summer; Autumn,images/JP-GN-1853891,,,
JP-GN-9889343,Onoshita Hana,Japan,JP,Saga,JP-41,Karatsu Shi,"Onoshita Hana (Onoshita Hana) is a named seas and coastal areas location in Karatsu Shi, Saga, Japan.",Beach spots,Seas and coastal areas,Coastal feature,Drivable,33.5489,129.89713,-9999,2242,No,Spring; Summer; Autumn,images/JP-GN-9889343,,,
JP-GN-1864674,Buko-zan,Japan,JP,Saitama,JP-11,Chichibu-gun,"Buko-zan (Bukō-zan) is a named mountains location in Chichibu-gun, Saitama, Japan.",Adventure spots|Natural spots,Mountains,Natural landform,Drivable,35.95222,139.09944,1335,2243,No,Late spring; Summer; Autumn,images/JP-GN-1864674,,,
JP-GN-9192093,Dodaira San,Japan,JP,Saitama,JP-11,Hiki-gun,"Dodaira San (Dōdaira San) is a named mountains location in Hiki-gun, Saitama, Japan.",Adventure spots|Natural spots,Mountains,Natural landform,Drivable,36.00618,139.19027,870,2244,No,Late spring; Summer; Autumn,images/JP-GN-9192093,,,
JP-GN-9192033,Fudo Yama,Japan,JP,Saitama,JP-11,Honjo Shi,"Fudo Yama (Fudō Yama) is a named mountains location in Honjo Shi, Saitama, Japan.",Adventure spots|Natural spots,Mountains,Natural landform,Drivable,36.14654,139.10071,410,2245,No,Late spring; Summer; Autumn,images/JP-GN-9192033,,,
JP-GN-9185497,Futago Yama,Japan,JP,Saitama,JP-11,Chichibu-gun,"Futago Yama (Futago Yama) is a named mountains location in Chichibu-gun, Saitama, Japan.",Adventure spots|Natural spots,Mountains,Natural landform,Drivable,36.06972,138.86485,1066,2246,No,Late spring; Summer; Autumn,images/JP-GN-9185497,,,
JP-GN-1863328,Hakutai-san,Japan,JP,Saitama,JP-11,Chichibu Shi,"Hakutai-san (Hakutai-san) is a named mountains location in Chichibu Shi, Saitama, Japan.",Adventure spots|Natural spots,Mountains,Natural landform,Drivable,35.95,138.8,1368,2247,No,Late spring; Summer; Autumn,images/JP-GN-1863328,,,
JP-GN-9191704,Jinmi Yama,Japan,JP,Saitama,JP-11,Chichibu-gun,"Jinmi Yama (Jinmi Yama) is a named mountains location in Chichibu-gun, Saitama, Japan.",Adventure spots|Natural spots,Mountains,Natural landform,Drivable,36.14558,139.13666,526,2248,No,Late spring; Summer; Autumn,images/JP-GN-9191704,,,
JP-GN-1859975,Kasatori-yama,Japan,JP,Saitama,JP-11,Chichibu Shi,"Kasatori-yama (Kasatori-yama) is a named mountains location in Chichibu Shi, Saitama, Japan.",Adventure spots|Natural spots,Mountains,Natural landform,Drivable,35.86667,138.81667,1799,2249,No,Late spring; Summer; Autumn,images/JP-GN-1859975,,,
JP-GN-1857632,Maru-yama,Japan,JP,Saitama,JP-11,Chichibu-gun,"Maru-yama (Maru-yama) is a named mountains location in Chichibu-gun, Saitama, Japan.",Adventure spots|Natural spots,Mountains,Natural landform,Drivable,35.98861,139.15972,960,2250,No,Late spring; Summer; Autumn,images/JP-GN-1857632,,,
JP-GN-1857245,Mikuni-yama,Japan,JP,Saitama,JP-11,Chichibu Shi,"Mikuni-yama (Mikuni-yama) is a named mountains location in Chichibu Shi, Saitama, Japan.",Adventure spots|Natural spots,Mountains,Natural landform,Drivable,35.98333,138.71667,1645,2251,No,Late spring; Summer; Autumn,images/JP-GN-1857245,,,
JP-GN-1856932,Mitake-yama,Japan,JP,Saitama,JP-11,Chichibu Shi,"Mitake-yama (Mitake-yama) is a named mountains location in Chichibu Shi, Saitama, Japan.",Adventure spots|Natural spots,Mountains,Natural landform,Drivable,35.96667,138.93333,850,2252,No,Late spring; Summer; Autumn,images/JP-GN-1856932,,,
JP-GN-1856328,Myohoga-dake,Japan,JP,Saitama,JP-11,Chichibu Shi,"Myohoga-dake (Myōhōga-dake) is a named mountains location in Chichibu Shi, Saitama, Japan.",Adventure spots|Natural spots,Mountains,Natural landform,Drivable,35.91667,138.95,1123,2253,No,Late spring; Summer; Autumn,images/JP-GN-1856328,,,
JP-GN-1855626,Nanten Yama,Japan,JP,Saitama,JP-11,Chichibu Shi,"Nanten Yama (Nanten Yama) is a named mountains location in Chichibu Shi, Saitama, Japan.",Adventure spots|Natural spots,Mountains,Natural landform,Drivable,36.01217,138.78179,1360,2254,No,Late spring; Summer; Autumn,images/JP-GN-1855626,,,
JP-GN-1854695,Ogami-yama,Japan,JP,Saitama,JP-11,Iruma-gun,"Ogami-yama (Ogami-yama) is a named mountains location in Iruma-gun, Saitama, Japan.",Adventure spots|Natural spots,Mountains,Natural landform,Drivable,35.94056,139.23278,652,2255,No,Late spring; Summer; Autumn,images/JP-GN-1854695,,,
JP-GN-9191650,Ogiri Yama,Japan,JP,Saitama,JP-11,Chichibu-gun,"Ogiri Yama (Ōgiri Yama) is a named mountains location in Chichibu-gun, Saitama, Japan.",Adventure spots|Natural spots,Mountains,Natural landform,Drivable,36.03583,139.1568,712,2256,No,Late spring; Summer; Autumn,images/JP-GN-9191650,,,
JP-GN-8628975,Ogose Komagatake,Japan,JP,Saitama,JP-11,Iruma-gun,"Ogose Komagatake (Ogose Komagatake) is a named mountains location in Iruma-gun, Saitama, Japan.",Adventure spots|Natural spots,Mountains,Natural landform,Drivable,35.94692,139.25081,369,2257,No,Late spring; Summer; Autumn,images/JP-GN-8628975,,,
JP-GN-1853385,Ryogami San,Japan,JP,Saitama,JP-11,Chichibu-gun,"Ryogami San (Ryōgami San) is a named mountains location in Chichibu-gun, Saitama, Japan.",Adventure spots|Natural spots,Mountains,Natural landform,Drivable,36.02279,138.84086,1723,2258,No,Late spring; Summer; Autumn,images/JP-GN-1853385,,,
JP-GN-1851915,Shiraishi-yama,Japan,JP,Saitama,JP-11,Chichibu Shi,"Shiraishi-yama (Shiraishi-yama) is a named mountains location in Chichibu Shi, Saitama, Japan.",Adventure spots|Natural spots,Mountains,Natural landform,Drivable,35.9,138.88333,1961,2259,No,Late spring; Summer; Autumn,images/JP-GN-1851915,,,
JP-GN-1851252,Taihei-yama,Japan,JP,Saitama,JP-11,Chichibu Shi,"Taihei-yama (Taihei-yama) is a named mountains location in Chichibu Shi, Saitama, Japan.",Adventure spots|Natural spots,Mountains,Natural landform,Drivable,35.88333,139.05,1427,2260,No,Late spring; Summer; Autumn,images/JP-GN-1851252,,,
JP-GN-1850444,Temmoku-zan,Japan,JP,Saitama,JP-11,Chichibu Shi,"Temmoku-zan (Temmoku-zan) is a named mountains location in Chichibu Shi, Saitama, Japan.",Adventure spots|Natural spots,Mountains,Natural landform,Drivable,35.9,139.01667,1478,2261,No,Late spring; Summer; Autumn,images/JP-GN-1850444,,,
JP-GN-11019460,Ageo Undo Koen,Japan,JP,Saitama,JP-11,Ageo Shi,"Ageo Undo Koen (Ageo Undō Kōen) is a named parks location in Ageo Shi, Saitama, Japan.",Natural spots,Parks,Public park or protected area,Drivable,35.96868,139.60183,13,2262,No,Spring; Summer; Autumn,images/JP-GN-11019460,,,
JP-GN-11020182,Ageo-maruyama Koen,Japan,JP,Saitama,JP-11,Ageo Shi,"Ageo-maruyama Koen (Ageo-maruyama Kōen) is a named parks location in Ageo Shi, Saitama, Japan.",Natural spots,Parks,Public park or protected area,Drivable,35.95701,139.54819,14,2263,No,Spring; Summer; Autumn,images/JP-GN-11020182,,,
JP-GN-11020468,Akibanomori Koen,Japan,JP,Saitama,JP-11,Saitama-shi,"Akibanomori Koen (Akibanomori Kōen) is a named parks location in Saitama-shi, Saitama, Japan.",Natural spots,Parks,Public park or protected area,Drivable,35.93651,139.56544,22,2264,No,Spring; Summer; Autumn,images/JP-GN-11020468,,,
JP-GN-11028126,Akigase Koen,Japan,JP,Saitama,JP-11,Saitama-shi,"Akigase Koen (Akigase Kōen) is a named parks location in Saitama-shi, Saitama, Japan.",Natural spots,Parks,Public park or protected area,Drivable,35.85073,139.60095,7,2265,No,Spring; Summer; Autumn,images/JP-GN-11028126,,,
JP-GN-11033480,Aokimachi Koen,Japan,JP,Saitama,JP-11,Kawaguchi-shi,"Aokimachi Koen (Aokimachi Kōen) is a named parks location in Kawaguchi-shi, Saitama, Japan.",Natural spots,Parks,Public park or protected area,Drivable,35.82215,139.7117,7,2266,No,Spring; Summer; Autumn,images/JP-GN-11033480,,,
JP-GN-11011114,Arakawa Chosuichi,Japan,JP,Saitama,JP-11,Shimouchimagi,"Arakawa Chosuichi (Arakawa Chosuichi) is a named parks location in Shimouchimagi, Saitama, Japan.",Natural spots,Parks,Public park or protected area,Drivable,35.82004,139.62722,7,2267,No,Spring; Summer; Autumn,images/JP-GN-11011114,,,
JP-GN-10985995,Dewa Koen,Japan,JP,Saitama,JP-11,Koshigaya Shi,"Dewa Koen (Dewa Kōen) is a named parks location in Koshigaya Shi, Saitama, Japan.",Natural spots,Parks,Public park or protected area,Drivable,35.87481,139.76611,1,2268,No,Spring; Summer; Autumn,images/JP-GN-10985995,,,
JP-GN-11027458,Fukasaku Yusuichi,Japan,JP,Saitama,JP-11,Haruno,"Fukasaku Yusuichi (Fukasaku Yūsuichi) is a named parks location in Haruno, Saitama, Japan.",Natural spots,Parks,Public park or protected area,Drivable,35.95817,139.66932,0,2269,No,Spring; Summer; Autumn,images/JP-GN-11027458,,,
JP-GN-11034575,Green Center Koen,Japan,JP,Saitama,JP-11,Kawaguchi-shi,"Green Center Koen (Green Center Kōen) is a named parks location in Kawaguchi-shi, Saitama, Japan.",Natural spots,Parks,Public park or protected area,Drivable,35.84598,139.72693,15,2270,No,Spring; Summer; Autumn,images/JP-GN-11034575,,,
JP-GN-11027086,Iwatsuki Bunka Koen,Japan,JP,Saitama,JP-11,Saitama-shi,"Iwatsuki Bunka Koen (Iwatsuki Bunka Kōen) is a named parks location in Saitama-shi, Saitama, Japan.",Natural spots,Parks,Public park or protected area,Drivable,35.94535,139.72039,16,2271,No,Spring; Summer; Autumn,images/JP-GN-11027086,,,
JP-GN-11026835,Iwatsukijoshi Koen,Japan,JP,Saitama,JP-11,Saitama-shi,"Iwatsukijoshi Koen (Iwatsukijōshi Kōen) is a named parks location in Saitama-shi, Saitama, Japan.",Natural spots,Parks,Public park or protected area,Drivable,35.95143,139.71095,16,2272,No,Spring; Summer; Autumn,images/JP-GN-11026835,,,
JP-GN-11018176,Kamihira Koen,Japan,JP,Saitama,JP-11,Ageo Shi,"Kamihira Koen (Kamihira Kōen) is a named parks location in Ageo Shi, Saitama, Japan.",Natural spots,Parks,Public park or protected area,Drivable,35.99195,139.59357,21,2273,No,Spring; Summer; Autumn,images/JP-GN-11018176,,,
JP-GN-11027139,Kawadori Koen,Japan,JP,Saitama,JP-11,Saitama-shi,"Kawadori Koen (Kawadōri Kōen) is a named parks location in Saitama-shi, Saitama, Japan.",Natural spots,Parks,Public park or protected area,Drivable,35.95269,139.72833,8,2274,No,Spring; Summer; Autumn,images/JP-GN-11027139,,,
JP-GN-12624862,Kawagoe Aquatic Park,Japan,JP,Saitama,JP-11,Kawagoe Shi,"Kawagoe Aquatic Park (Kawagoe Aquatic Park) is a named parks location in Kawagoe Shi, Saitama, Japan.",Natural spots,Parks,Public park or protected area,Drivable,35.91142,139.44962,21,2275,No,Spring; Summer; Autumn,images/JP-GN-12624862,,,
JP-GN-10983159,Koshigaya Sogo Koen,Japan,JP,Saitama,JP-11,Koshigaya Shi,"Koshigaya Sogo Koen (Koshigaya Sōgō Kōen) is a named parks location in Koshigaya Shi, Saitama, Japan.",Natural spots,Parks,Public park or protected area,Drivable,35.90264,139.81545,7,2276,No,Spring; Summer; Autumn,images/JP-GN-10983159,,,
JP-GN-10979677,Matsubushi Kinen Koen,Japan,JP,Saitama,JP-11,Kitakatsushika Gun,"Matsubushi Kinen Koen (Matsubushi Kinen Kōen) is a named parks location in Kitakatsushika Gun, Saitama, Japan.",Natural spots,Parks,Public park or protected area,Drivable,35.92277,139.83051,5,2277,No,Spring; Summer; Autumn,images/JP-GN-10979677,,,
JP-GN-11027469,Minuma Shizen Koen,Japan,JP,Saitama,JP-11,Saitama-shi,"Minuma Shizen Koen (Minuma Shizen Kōen) is a named parks location in Saitama-shi, Saitama, Japan.",Natural spots,Parks,Public park or protected area,Drivable,35.90525,139.69704,10,2278,No,Spring; Summer; Autumn,images/JP-GN-11027469,,,
JP-GN-10975574,Misato Koen,Japan,JP,Saitama,JP-11,Misato Shi,"Misato Koen (Misato Kōen) is a named parks location in Misato Shi, Saitama, Japan.",Natural spots,Parks,Public park or protected area,Drivable,35.78666,139.87282,2,2279,No,Spring; Summer; Autumn,images/JP-GN-10975574,,,
JP-GN-11022895,Omiya Daini Koen,Japan,JP,Saitama,JP-11,Saitama-shi,"Omiya Daini Koen (Ōmiya Daini Kōen) is a named parks location in Saitama-shi, Saitama, Japan.",Natural spots,Parks,Public park or protected area,Drivable,35.91792,139.64112,8,2280,No,Spring; Summer; Autumn,images/JP-GN-11022895,,,
JP-GN-11022896,Omiya Daisan Koen,Japan,JP,Saitama,JP-11,Saitama-shi,"Omiya Daisan Koen (Ōmiya Daisan Kōen) is a named parks location in Saitama-shi, Saitama, Japan.",Natural spots,Parks,Public park or protected area,Drivable,35.91479,139.6422,5,2281,No,Spring; Summer; Autumn,images/JP-GN-11022896,,,
JP-GN-1865575,Akahira Gawa,Japan,JP,Saitama,JP-11,Minano,"Akahira Gawa (Akahira Gawa) is a named rivers location in Minano, Saitama, Japan.",Natural spots,Rivers,Watercourse,Drivable,36.06973,139.08669,157,2282,No,Spring; Summer; Autumn,images/JP-GN-1865575,,,
JP-GN-11022798,Binnuma Gawa,Japan,JP,Saitama,JP-11,Midorino-higashi,"Binnuma Gawa (Binnuma Gawa) is a named rivers location in Midorino-higashi, Saitama, Japan.",Natural spots,Rivers,Watercourse,Drivable,35.87203,139.57525,5,2283,No,Spring; Summer; Autumn,images/JP-GN-11022798,,,
JP-GN-10975301,Den'u Kawa,Japan,JP,Saitama,JP-11,Osone,"Den'u Kawa (Den’u Kawa) is a named rivers location in Osone, Saitama, Japan.",Natural spots,Rivers,Watercourse,Drivable,35.80922,139.82223,2,2284,No,Spring; Summer; Autumn,images/JP-GN-10975301,,,
JP-GN-10975404,Furuayase Gawa,Japan,JP,Saitama,JP-11,Shinmei,"Furuayase Gawa (Furuayase Gawa) is a named rivers location in Shinmei, Saitama, Japan.",Natural spots,Rivers,Watercourse,Drivable,35.83539,139.80995,3,2285,No,Spring; Summer; Autumn,images/JP-GN-10975404,,,
JP-GN-11037010,Hayatohori Kawa,Japan,JP,Saitama,JP-11,Umeda-honcho,"Hayatohori Kawa (Hayatohori Kawa) is a named rivers location in Umeda-honcho, Saitama, Japan.",Natural spots,Rivers,Watercourse,Drivable,35.99582,139.74476,4,2286,No,Spring; Summer; Autumn,images/JP-GN-11037010,,,
JP-GN-11016194,Ichino Kawa,Japan,JP,Saitama,JP-11,Mihoyajuku,"Ichino Kawa (Ichino Kawa) is a named rivers location in Mihoyajuku, Saitama, Japan.",Natural spots,Rivers,Watercourse,Drivable,35.99622,139.50474,10,2287,No,Spring; Summer; Autumn,images/JP-GN-11016194,,,
JP-GN-8572387,Iruma Gawa,Japan,JP,Saitama,JP-11,Furuya-hongo,"Iruma Gawa (Iruma Gawa) is a named rivers location in Furuya-hongo, Saitama, Japan.",Natural spots,Rivers,Watercourse,Drivable,35.91022,139.54489,8,2288,No,Spring; Summer; Autumn,images/JP-GN-8572387,,,
JP-GN-1860329,Kamo Gawa,Japan,JP,Saitama,JP-11,Kamiuchimagi,"Kamo Gawa (Kamo Gawa) is a named rivers location in Kamiuchimagi, Saitama, Japan.",Natural spots,Rivers,Watercourse,Drivable,35.83191,139.61284,2,2289,No,Spring; Summer; Autumn,images/JP-GN-1860329,,,
JP-GN-9192052,Karasawa Gawa,Japan,JP,Saitama,JP-11,Shingai,"Karasawa Gawa (Karasawa Gawa) is a named rivers location in Shingai, Saitama, Japan.",Natural spots,Rivers,Watercourse,Drivable,36.22007,139.29317,32,2290,No,Spring; Summer; Autumn,images/JP-GN-9192052,,,
JP-GN-11016186,Kuju Gawa,Japan,JP,Saitama,JP-11,Kawasaki,"Kuju Gawa (Kujū Gawa) is a named rivers location in Kawasaki, Saitama, Japan.",Natural spots,Rivers,Watercourse,Drivable,35.89063,139.518,11,2291,No,Spring; Summer; Autumn,images/JP-GN-11016186,,,
JP-GN-11011082,Kurome Gawa,Japan,JP,Saitama,JP-11,Dai,"Kurome Gawa (Kurome Gawa) is a named rivers location in Dai, Saitama, Japan.",Natural spots,Rivers,Watercourse,Drivable,35.81284,139.61173,4,2292,No,Spring; Summer; Autumn,images/JP-GN-11011082,,,
JP-GN-10983157,Motoara Kawa,Japan,JP,Saitama,JP-11,Yoshikawa Bashi,"Motoara Kawa (Motoara Kawa) is a named rivers location in Yoshikawa Bashi, Saitama, Japan.",Natural spots,Rivers,Watercourse,Drivable,35.88637,139.83699,-1,2293,No,Spring; Summer; Autumn,images/JP-GN-10983157,,,
JP-GN-1863810,Naka Gawa,Japan,JP,Saitama,JP-11,Takasu,"Naka Gawa (Naka Gawa) is a named rivers location in Takasu, Saitama, Japan.",Natural spots,Rivers,Watercourse,Drivable,35.72251,139.84337,0,2294,No,Spring; Summer; Autumn,images/JP-GN-1863810,,,
JP-GN-10983156,Niigata Gawa,Japan,JP,Saitama,JP-11,Yoshikawa,"Niigata Gawa (Niigata Gawa) is a named rivers location in Yoshikawa, Saitama, Japan.",Natural spots,Rivers,Watercourse,Drivable,35.89343,139.83931,6,2295,No,Spring; Summer; Autumn,images/JP-GN-10983156,,,
JP-GN-10983155,O'otoshifuru-tone Gawa,Japan,JP,Saitama,JP-11,Otoshimuko,"O'otoshifuru-tone Gawa (Ō’otoshifuru-tone Gawa) is a named rivers location in Otoshimuko, Saitama, Japan.",Natural spots,Rivers,Watercourse,Drivable,35.90723,139.83647,4,2296,No,Spring; Summer; Autumn,images/JP-GN-10983155,,,
JP-GN-1853951,Oppe-gawa,Japan,JP,Saitama,JP-11,Kami-igusa,"Oppe-gawa (Oppe-gawa) is a named rivers location in Kami-igusa, Saitama, Japan.",Natural spots,Rivers,Watercourse,Drivable,35.95861,139.48,10,2297,No,Spring; Summer; Autumn,images/JP-GN-1853951,,,
JP-GN-8572666,Shingashi Gawa,Japan,JP,Saitama,JP-11,Dai,"Shingashi Gawa (Shingashi Gawa) is a named rivers location in Dai, Saitama, Japan.",Natural spots,Rivers,Watercourse,Drivable,35.81141,139.61863,1,2298,No,Spring; Summer; Autumn,images/JP-GN-8572666,,,
JP-GN-11032559,Shobu Gawa,Japan,JP,Saitama,JP-11,Iiharacho,"Shobu Gawa (Shōbu Gawa) is a named rivers location in Iiharacho, Saitama, Japan.",Natural spots,Rivers,Watercourse,Drivable,35.79733,139.70168,8,2299,No,Spring; Summer; Autumn,images/JP-GN-11032559,,,
JP-GN-9192049,Tenjin Gawa,Japan,JP,Saitama,JP-11,Komaginu,"Tenjin Gawa (Tenjin Gawa) is a named rivers location in Komaginu, Saitama, Japan.",Natural spots,Rivers,Watercourse,Drivable,36.18574,139.18973,64,2300,No,Spring; Summer; Autumn,images/JP-GN-9192049,,,
JP-GN-9192639,Wada Gawa,Japan,JP,Saitama,JP-11,Koizumi,"Wada Gawa (Wada Gawa) is a named rivers location in Koizumi, Saitama, Japan.",Natural spots,Rivers,Watercourse,Drivable,36.10489,139.39184,22,2301,No,Spring; Summer; Autumn,images/JP-GN-9192639,,,
JP-GN-9192637,Wada-yoshino Gawa,Japan,JP,Saitama,JP-11,Oashi,"Wada-yoshino Gawa (Wada-yoshino Gawa) is a named rivers location in Oashi, Saitama, Japan.",Natural spots,Rivers,Watercourse,Drivable,36.0814,139.45275,14,2302,No,Spring; Summer; Autumn,images/JP-GN-9192637,,,
JP-GN-11011065,Yanase Gawa,Japan,JP,Saitama,JP-11,Shiki,"Yanase Gawa (Yanase Gawa) is a named rivers location in Shiki, Saitama, Japan.",Natural spots,Rivers,Watercourse,Drivable,35.83467,139.58217,10,2303,No,Spring; Summer; Autumn,images/JP-GN-11011065,,,
JP-GN-1864705,Biwa-ko,Japan,JP,Shiga,JP-25,Katsuno,"Biwa-ko (Biwa-ko) is a named lakes location in Katsuno, Shiga, Japan.",Natural spots,Lakes,Inland water body,Drivable,35.25,136.08333,81,2304,No,Spring; Summer; Autumn,images/JP-GN-1864705,,,
JP-GN-9637355,Aboshi Yama,Japan,JP,Shiga,JP-25,Konan-shi,"Aboshi Yama (Aboshi Yama) is a named mountains location in Konan-shi, Shiga, Japan.",Adventure spots|Natural spots,Mountains,Natural landform,Drivable,34.9666,136.06089,678,2305,No,Late spring; Summer; Autumn,images/JP-GN-9637355,,,
JP-GN-1865368,Amagoi Dake,Japan,JP,Shiga,JP-25,Higashiomi-shi,"Amagoi Dake (Amagoi Dake) is a named mountains location in Higashiomi-shi, Shiga, Japan.",Adventure spots|Natural spots,Mountains,Natural landform,Drivable,35.02295,136.38754,1157,2306,No,Late spring; Summer; Autumn,images/JP-GN-1865368,,,
JP-GN-1864673,Bunaga-dake,Japan,JP,Shiga,JP-25,Otsu Shi,"Bunaga-dake (Bunaga-dake) is a named mountains location in Otsu Shi, Shiga, Japan.",Adventure spots|Natural spots,Mountains,Natural landform,Drivable,35.26412,135.89676,1214,2307,No,Late spring; Summer; Autumn,images/JP-GN-1864673,,,
JP-GN-1863513,Gozaisho-yama,Japan,JP,Shiga,JP-25,Tsuchiyamacho-okawara,"Gozaisho-yama (Gozaisho-yama) is a named mountains location in Tsuchiyamacho-okawara, Shiga, Japan.",Adventure spots|Natural spots,Mountains,Natural landform,Drivable,35.02027,136.41945,1212,2308,No,Late spring; Summer; Autumn,images/JP-GN-1863513,,,
JP-GN-9637350,Hando Zan,Japan,JP,Shiga,JP-25,Koka-shi,"Hando Zan (Handō Zan) is a named mountains location in Koka-shi, Shiga, Japan.",Adventure spots|Natural spots,Mountains,Natural landform,Drivable,34.94447,136.10978,651,2309,No,Late spring; Summer; Autumn,images/JP-GN-9637350,,,
JP-GN-1862859,Hiei-zan,Japan,JP,Shiga,JP-25,Otsu Shi,"Hiei-zan (Hiei-zan) is a named mountains location in Otsu Shi, Shiga, Japan.",Adventure spots|Natural spots,Mountains,Natural landform,Drivable,35.06576,135.83445,848,2310,No,Late spring; Summer; Autumn,images/JP-GN-1862859,,,
JP-GN-1862170,Horai-san,Japan,JP,Shiga,JP-25,Otsu Shi,"Horai-san (Horai-san) is a named mountains location in Otsu Shi, Shiga, Japan.",Adventure spots|Natural spots,Mountains,Natural landform,Drivable,35.20944,135.88543,1163,2311,No,Late spring; Summer; Autumn,images/JP-GN-1862170,,,
JP-GN-1862013,Ibuki-yama,Japan,JP,Shiga,JP-25,Maibara-shi,"Ibuki-yama (Ibuki-yama) is a named mountains location in Maibara-shi, Shiga, Japan.",Adventure spots|Natural spots,Mountains,Natural landform,Drivable,35.41794,136.40591,1377,2312,No,Late spring; Summer; Autumn,images/JP-GN-1862013,,,
JP-GN-9637109,Inose Yama,Japan,JP,Shiga,JP-25,Otsu Shi,"Inose Yama (Inose Yama) is a named mountains location in Otsu Shi, Shiga, Japan.",Adventure spots|Natural spots,Mountains,Natural landform,Drivable,34.89132,135.96746,521,2313,No,Late spring; Summer; Autumn,images/JP-GN-9637109,,,
JP-GN-9637359,Keikan Zan,Japan,JP,Shiga,JP-25,Otsu Shi,"Keikan Zan (Keikan Zan) is a named mountains location in Otsu Shi, Shiga, Japan.",Adventure spots|Natural spots,Mountains,Natural landform,Drivable,34.97881,136.00714,417,2314,No,Late spring; Summer; Autumn,images/JP-GN-9637359,,,
JP-GN-6697603,Mikami-yama,Japan,JP,Shiga,JP-25,Yasu-shi,"Mikami-yama (Mikami-yama) is a named mountains location in Yasu-shi, Shiga, Japan.",Adventure spots|Natural spots,Mountains,Natural landform,Drivable,35.0508,136.03752,432,2315,No,Late spring; Summer; Autumn,images/JP-GN-6697603,,,
JP-GN-9637338,Mitsugo Yama,Japan,JP,Shiga,JP-25,Koka-shi,"Mitsugo Yama (Mitsugo Yama) is a named mountains location in Koka-shi, Shiga, Japan.",Adventure spots|Natural spots,Mountains,Natural landform,Drivable,34.89594,136.34836,507,2316,No,Late spring; Summer; Autumn,images/JP-GN-9637338,,,
JP-GN-9637341,Nasugahara Yama,Japan,JP,Shiga,JP-25,Koka-shi,"Nasugahara Yama (Nasugahara Yama) is a named mountains location in Koka-shi, Shiga, Japan.",Adventure spots|Natural spots,Mountains,Natural landform,Drivable,34.87554,136.29898,769,2317,No,Late spring; Summer; Autumn,images/JP-GN-9637341,,,
JP-GN-1855364,Nihon-koba,Japan,JP,Shiga,JP-25,Higashiomi-shi,"Nihon-koba (Nihon-koba) is a named mountains location in Higashiomi-shi, Shiga, Japan.",Adventure spots|Natural spots,Mountains,Natural landform,Drivable,35.1,136.35,772,2318,No,Late spring; Summer; Autumn,images/JP-GN-1855364,,,
JP-GN-1853367,Ryozen-zan,Japan,JP,Shiga,JP-25,Inukami-gun,"Ryozen-zan (Ryōzen-zan) is a named mountains location in Inukami-gun, Shiga, Japan.",Adventure spots|Natural spots,Mountains,Natural landform,Drivable,35.28233,136.37838,825,2319,No,Late spring; Summer; Autumn,images/JP-GN-1853367,,,
JP-GN-1852982,Sanjoga-take,Japan,JP,Shiga,JP-25,Takashima-shi,"Sanjoga-take (Sanjōga-take) is a named mountains location in Takashima-shi, Shiga, Japan.",Adventure spots|Natural spots,Mountains,Natural landform,Drivable,35.48178,135.95598,974,2320,No,Late spring; Summer; Autumn,images/JP-GN-1852982,,,
JP-GN-9637193,Sasaga Take,Japan,JP,Shiga,JP-25,Koka-shi,"Sasaga Take (Sasaga Take) is a named mountains location in Koka-shi, Shiga, Japan.",Adventure spots|Natural spots,Mountains,Natural landform,Drivable,34.84521,136.08665,519,2321,No,Late spring; Summer; Autumn,images/JP-GN-9637193,,,
JP-GN-9637495,Sasamaga Dake,Japan,JP,Shiga,JP-25,Otsu Shi,"Sasamaga Dake (Sasamaga Dake) is a named mountains location in Otsu Shi, Shiga, Japan.",Adventure spots|Natural spots,Mountains,Natural landform,Drivable,34.91823,135.9389,404,2322,No,Late spring; Summer; Autumn,images/JP-GN-9637495,,,
JP-GN-1852635,Shakaga-dake,Japan,JP,Shiga,JP-25,Higashiomi-shi,"Shakaga-dake (Shakaga-dake) is a named mountains location in Higashiomi-shi, Shiga, Japan.",Adventure spots|Natural spots,Mountains,Natural landform,Drivable,35.06667,136.43333,970,2323,No,Late spring; Summer; Autumn,images/JP-GN-1852635,,,
JP-GN-9637257,Ohara Chosuichi,Japan,JP,Shiga,JP-25,Uenogumi,"Ohara Chosuichi (Ōhara Chosuichi) is a named parks location in Uenogumi, Shiga, Japan.",Natural spots,Parks,Public park or protected area,Drivable,34.901,136.28374,295,2324,No,Spring; Summer; Autumn,images/JP-GN-9637257,,,
JP-GN-1865299,Ane-gawa,Japan,JP,Shiga,JP-25,Kawamichicho,"Ane-gawa (Ane-gawa) is a named rivers location in Kawamichicho, Shiga, Japan.",Natural spots,Rivers,Watercourse,Drivable,35.38839,136.21591,81,2325,No,Spring; Summer; Autumn,images/JP-GN-1865299,,,
JP-GN-9637214,Asano Gawa,Japan,JP,Shiga,JP-25,Konancho-kazuraki,"Asano Gawa (Asano Gawa) is a named rivers location in Konancho-kazuraki, Shiga, Japan.",Natural spots,Rivers,Watercourse,Drivable,34.92191,136.17508,173,2326,No,Spring; Summer; Autumn,images/JP-GN-9637214,,,
JP-GN-9637122,Daido Gawa,Japan,JP,Shiga,JP-25,Sekinotsu,"Daido Gawa (Daido Gawa) is a named rivers location in Sekinotsu, Shiga, Japan.",Natural spots,Rivers,Watercourse,Drivable,34.93412,135.91497,80,2327,No,Spring; Summer; Autumn,images/JP-GN-9637122,,,
JP-GN-1864262,Echi-gawa,Japan,JP,Shiga,JP-25,Onohama,"Echi-gawa (Echi-gawa) is a named rivers location in Onohama, Shiga, Japan.",Natural spots,Rivers,Watercourse,Drivable,35.2,136.11667,81,2328,No,Spring; Summer; Autumn,images/JP-GN-1864262,,,
JP-GN-9637333,Iashi Dani,Japan,JP,Shiga,JP-25,Tsuchiyamacho-okawara,"Iashi Dani (Iashi Dani) is a named rivers location in Tsuchiyamacho-okawara, Shiga, Japan.",Natural spots,Rivers,Watercourse,Drivable,34.98615,136.38404,486,2329,No,Spring; Summer; Autumn,images/JP-GN-9637333,,,
JP-GN-9637213,Iso'o Gawa,Japan,JP,Shiga,JP-25,Konancho-fukawa-ichiba,"Iso'o Gawa (Iso’o Gawa) is a named rivers location in Konancho-fukawa-ichiba, Shiga, Japan.",Natural spots,Rivers,Watercourse,Drivable,34.9282,136.16418,167,2330,No,Spring; Summer; Autumn,images/JP-GN-9637213,,,
JP-GN-1850932,Takatoki-gawa,Japan,JP,Shiga,JP-25,Kawamichicho,"Takatoki-gawa (Takatoki-gawa) is a named rivers location in Kawamichicho, Shiga, Japan.",Natural spots,Rivers,Watercourse,Drivable,35.4,136.23333,88,2331,No,Spring; Summer; Autumn,images/JP-GN-1850932,,,
JP-GN-9637121,Tashiro Gawa,Japan,JP,Shiga,JP-25,Kamitanakami-odoriicho,"Tashiro Gawa (Tashiro Gawa) is a named rivers location in Kamitanakami-odoriicho, Shiga, Japan.",Natural spots,Rivers,Watercourse,Drivable,34.93781,136.0297,220,2332,No,Spring; Summer; Autumn,images/JP-GN-9637121,,,
JP-GN-1848081,Yumiga-hama,Japan,JP,Shimane,JP-32,Mihonosekicho-mihonoseki,"Yumiga-hama (Yumiga-hama) is a named beaches location in Mihonosekicho-mihonoseki, Shimane, Japan.",Beach spots,Beaches,Coastal recreation area,Drivable,35.48333,133.33333,-9999,2333,No,Summer,images/JP-GN-1848081,,,
JP-GN-8601068,Banryu Ko,Japan,JP,Shimane,JP-32,Takatsu,"Banryu Ko (Banryū Ko) is a named lakes location in Takatsu, Shimane, Japan.",Natural spots,Lakes,Inland water body,Drivable,34.68157,131.80497,23,2334,No,Spring; Summer; Autumn,images/JP-GN-8601068,,,
JP-GN-1863192,Hane-ko,Japan,JP,Shimane,JP-32,Hane,"Hane-ko (Hane-ko) is a named lakes location in Hane, Shimane, Japan.",Natural spots,Lakes,Inland water body,Drivable,35.23333,132.51667,-3,2335,No,Spring; Summer; Autumn,images/JP-GN-1863192,,,
JP-GN-1861018,Jinzai Ko,Japan,JP,Shimane,JP-32,Ebisu,"Jinzai Ko (Jinzai Ko) is a named lakes location in Ebisu, Shimane, Japan.",Natural spots,Lakes,Inland water body,Drivable,35.32566,132.68294,-5,2336,No,Spring; Summer; Autumn,images/JP-GN-1861018,,,
JP-GN-1855738,Naka Umi,Japan,JP,Shimane,JP-32,Arashimacho,"Naka Umi (Naka Umi) is a named lakes location in Arashimacho, Shimane, Japan.",Natural spots,Lakes,Inland water body,Drivable,35.46667,133.2,0,2337,No,Spring; Summer; Autumn,images/JP-GN-1855738,,,
JP-GN-1852096,Shinji Ko,Japan,JP,Shimane,JP-32,Hamanishi,"Shinji Ko (Shinji Ko) is a named lakes location in Hamanishi, Shimane, Japan.",Natural spots,Lakes,Inland water body,Drivable,35.44843,132.95537,0,2338,No,Spring; Summer; Autumn,images/JP-GN-1852096,,,
JP-GN-8601008,Akadani Yama,Japan,JP,Shimane,JP-32,Masuda Shi,"Akadani Yama (Akadani Yama) is a named mountains location in Masuda Shi, Shimane, Japan.",Adventure spots|Natural spots,Mountains,Natural landform,Drivable,34.51503,132.029,1138,2339,No,Late spring; Summer; Autumn,images/JP-GN-8601008,,,
JP-GN-8649843,Akahage Yama,Japan,JP,Shimane,JP-32,Oki-gun,"Akahage Yama (Akahage Yama) is a named mountains location in Oki-gun, Shimane, Japan.",Adventure spots|Natural spots,Mountains,Natural landform,Drivable,36.02097,133.01468,310,2340,No,Late spring; Summer; Autumn,images/JP-GN-8649843,,,
JP-GN-1865560,Akaishi Yama,Japan,JP,Shimane,JP-32,Kanoashi Gun,"Akaishi Yama (Akaishi Yama) is a named mountains location in Kanoashi Gun, Shimane, Japan.",Adventure spots|Natural spots,Mountains,Natural landform,Drivable,34.58779,131.88577,579,2341,No,Late spring; Summer; Autumn,images/JP-GN-1865560,,,
JP-GN-1865244,Aono Yama,Japan,JP,Shimane,JP-32,Kanoashi Gun,"Aono Yama (Aono Yama) is a named mountains location in Kanoashi Gun, Shimane, Japan.",Adventure spots|Natural spots,Mountains,Natural landform,Drivable,34.46428,131.79748,810,2342,No,Late spring; Summer; Autumn,images/JP-GN-1865244,,,
JP-GN-1865061,Asahi-yama,Japan,JP,Shimane,JP-32,Matsue Shi,"Asahi-yama (Asahi-yama) is a named mountains location in Matsue Shi, Shimane, Japan.",Adventure spots|Natural spots,Mountains,Natural landform,Drivable,35.5,132.98333,113,2343,No,Late spring; Summer; Autumn,images/JP-GN-1865061,,,
JP-GN-1865062,Asahi-yama,Japan,JP,Shimane,JP-32,Oda Shi,"Asahi-yama (Asahi-yama) is a named mountains location in Oda Shi, Shimane, Japan.",Adventure spots|Natural spots,Mountains,Natural landform,Drivable,35.2,132.55,258,2344,No,Late spring; Summer; Autumn,images/JP-GN-1865062,,,
JP-GN-10286470,Atodo san,Japan,JP,Shimane,JP-32,Oki-gun,"Atodo san (Atodo san) is a named mountains location in Oki-gun, Shimane, Japan.",Adventure spots|Natural spots,Mountains,Natural landform,Drivable,36.09585,133.07174,246,2345,No,Late spring; Summer; Autumn,images/JP-GN-10286470,,,
JP-GN-1864848,Azoji San,Japan,JP,Shimane,JP-32,Masuda Shi,"Azoji San (Azōji San) is a named mountains location in Masuda Shi, Shimane, Japan.",Adventure spots|Natural spots,Mountains,Natural landform,Drivable,34.47531,131.96717,1218,2346,No,Late spring; Summer; Autumn,images/JP-GN-1864848,,,
JP-GN-1864784,Banzo Zan,Japan,JP,Shimane,JP-32,Ochi Gun,"Banzo Zan (Banzō Zan) is a named mountains location in Ochi Gun, Shimane, Japan.",Adventure spots|Natural spots,Mountains,Natural landform,Drivable,34.8566,132.66278,455,2347,No,Late spring; Summer; Autumn,images/JP-GN-1864784,,,
JP-GN-1864675,Bukkyo Zan,Japan,JP,Shimane,JP-32,Izumo Shi,"Bukkyo Zan (Bukkyō Zan) is a named mountains location in Izumo Shi, Shimane, Japan.",Adventure spots|Natural spots,Mountains,Natural landform,Drivable,35.35833,132.83353,285,2348,No,Late spring; Summer; Autumn,images/JP-GN-1864675,,,
JP-GN-1864645,Chausu Yama,Japan,JP,Shimane,JP-32,Hamada Shi,"Chausu Yama (Chausu Yama) is a named mountains location in Hamada Shi, Shimane, Japan.",Adventure spots|Natural spots,Mountains,Natural landform,Drivable,34.75529,131.94326,259,2349,No,Late spring; Summer; Autumn,images/JP-GN-1864645,,,
JP-GN-8650434,Dai Ryo,Japan,JP,Shimane,JP-32,Oki-gun,"Dai Ryo (Dai Ryō) is a named mountains location in Oki-gun, Shimane, Japan.",Adventure spots|Natural spots,Mountains,Natural landform,Drivable,36.25357,133.18181,221,2350,No,Late spring; Summer; Autumn,images/JP-GN-8650434,,,
JP-GN-1864450,Daimanji San,Japan,JP,Shimane,JP-32,Oki-gun,"Daimanji San (Daimanji San) is a named mountains location in Oki-gun, Shimane, Japan.",Adventure spots|Natural spots,Mountains,Natural landform,Drivable,36.25637,133.33179,565,2351,No,Late spring; Summer; Autumn,images/JP-GN-1864450,,,
JP-GN-1864408,Dake San,Japan,JP,Shimane,JP-32,Matsue Shi,"Dake San (Dake San) is a named mountains location in Matsue Shi, Shimane, Japan.",Adventure spots|Natural spots,Mountains,Natural landform,Drivable,35.48333,133.11667,94,2352,No,Late spring; Summer; Autumn,images/JP-GN-1864408,,,
JP-GN-8650770,Dake San,Japan,JP,Shimane,JP-32,Oki-gun,"Dake San (Dake San) is a named mountains location in Oki-gun, Shimane, Japan.",Adventure spots|Natural spots,Mountains,Natural landform,Drivable,36.29682,133.24255,253,2353,No,Late spring; Summer; Autumn,images/JP-GN-8650770,,,
JP-GN-1864271,Eboshi-yama,Japan,JP,Shimane,JP-32,Masuda Shi,"Eboshi-yama (Ebōshi-yama) is a named mountains location in Masuda Shi, Shimane, Japan.",Adventure spots|Natural spots,Mountains,Natural landform,Drivable,34.73333,131.9,238,2354,No,Late spring; Summer; Autumn,images/JP-GN-1864271,,,
JP-GN-1863727,Futatsumaru-yama,Japan,JP,Shimane,JP-32,Izumo Shi,"Futatsumaru-yama (Futatsumaru-yama) is a named mountains location in Izumo Shi, Shimane, Japan.",Adventure spots|Natural spots,Mountains,Natural landform,Drivable,35.28333,132.7,203,2355,No,Late spring; Summer; Autumn,images/JP-GN-1863727,,,
JP-GN-1863661,Genda Yama,Japan,JP,Shimane,JP-32,Hamada Shi,"Genda Yama (Genda Yama) is a named mountains location in Hamada Shi, Shimane, Japan.",Adventure spots|Natural spots,Mountains,Natural landform,Drivable,34.76447,131.90988,235,2356,No,Late spring; Summer; Autumn,images/JP-GN-1863661,,,
JP-GN-1863224,Hanataka Sen,Japan,JP,Shimane,JP-32,Izumo Shi,"Hanataka Sen (Hanataka Sen) is a named mountains location in Izumo Shi, Shimane, Japan.",Adventure spots|Natural spots,Mountains,Natural landform,Drivable,35.41667,132.75,381,2357,No,Late spring; Summer; Autumn,images/JP-GN-1863224,,,
JP-GN-1864199,Eno-kawa,Japan,JP,Shimane,JP-32,Gotsucho,"Eno-kawa (Eno-kawa) is a named rivers location in Gotsucho, Shimane, Japan.",Natural spots,Rivers,Watercourse,Drivable,35.0252,132.22629,-9999,2358,No,Spring; Summer; Autumn,images/JP-GN-1864199,,,
JP-GN-8601083,Fukugawa Gawa,Japan,JP,Shimane,JP-32,Okugano,"Fukugawa Gawa (Fukugawa Gawa) is a named rivers location in Okugano, Shimane, Japan.",Natural spots,Rivers,Watercourse,Drivable,34.43875,131.86312,180,2359,No,Spring; Summer; Autumn,images/JP-GN-8601083,,,
JP-GN-1863603,Gose River,Japan,JP,Shimane,JP-32,Gotsucho,"Gose River (Gose River) is a named rivers location in Gotsucho, Shimane, Japan.",Natural spots,Rivers,Watercourse,Drivable,35.02652,132.2284,-9999,2360,No,Spring; Summer; Autumn,images/JP-GN-1863603,,,
JP-GN-1863329,Hakuta Gawa,Japan,JP,Shimane,JP-32,Yasugicho,"Hakuta Gawa (Hakuta Gawa) is a named rivers location in Yasugicho, Shimane, Japan.",Natural spots,Rivers,Watercourse,Drivable,35.44441,133.24624,0,2361,No,Spring; Summer; Autumn,images/JP-GN-1863329,,,
JP-GN-8625807,Hamada Gawa,Japan,JP,Shimane,JP-32,Tonouracho,"Hamada Gawa (Hamada Gawa) is a named rivers location in Tonouracho, Shimane, Japan.",Natural spots,Rivers,Watercourse,Drivable,34.90551,132.07281,10,2362,No,Spring; Summer; Autumn,images/JP-GN-8625807,,,
JP-GN-1862692,Hii Kawa,Japan,JP,Shimane,JP-32,Nunozaki,"Hii Kawa (Hii Kawa) is a named rivers location in Nunozaki, Shimane, Japan.",Natural spots,Rivers,Watercourse,Drivable,35.43746,132.8777,0,2363,No,Spring; Summer; Autumn,images/JP-GN-1862692,,,
JP-GN-1862651,Hikimi Gawa,Japan,JP,Shimane,JP-32,Yokota,"Hikimi Gawa (Hikimi Gawa) is a named rivers location in Yokota, Shimane, Japan.",Natural spots,Rivers,Watercourse,Drivable,34.62244,131.8036,14,2364,No,Spring; Summer; Autumn,images/JP-GN-1862651,,,
JP-GN-1862154,Hori Kawa,Japan,JP,Shimane,JP-32,Taishacho-kizukikita,"Hori Kawa (Hori Kawa) is a named rivers location in Taishacho-kizukikita, Shimane, Japan.",Natural spots,Rivers,Watercourse,Drivable,35.38585,132.67515,3,2365,No,Spring; Summer; Autumn,images/JP-GN-1862154,,,
JP-GN-1861846,Iinashi Gawa,Japan,JP,Shimane,JP-32,Arashimacho,"Iinashi Gawa (Iinashi Gawa) is a named rivers location in Arashimacho, Shimane, Japan.",Natural spots,Rivers,Watercourse,Drivable,35.45246,133.22154,1,2366,No,Spring; Summer; Autumn,images/JP-GN-1861846,,,
JP-GN-1848116,Iu Gawa,Japan,JP,Shimane,JP-32,Adakae,"Iu Gawa (Iu Gawa) is a named rivers location in Adakae, Shimane, Japan.",Natural spots,Rivers,Watercourse,Drivable,35.4434,133.13453,0,2367,No,Spring; Summer; Autumn,images/JP-GN-1848116,,,
JP-GN-8623537,Kamitsui Gawa,Japan,JP,Shimane,JP-32,Ichimura,"Kamitsui Gawa (Kamitsui Gawa) is a named rivers location in Ichimura, Shimane, Japan.",Natural spots,Rivers,Watercourse,Drivable,34.99822,132.28842,7,2368,No,Spring; Summer; Autumn,images/JP-GN-8623537,,,
JP-GN-1860228,Kando Gawa,Japan,JP,Shimane,JP-32,Sotozonocho,"Kando Gawa (Kando Gawa) is a named rivers location in Sotozonocho, Shimane, Japan.",Natural spots,Rivers,Watercourse,Drivable,35.37144,132.67716,-9999,2369,No,Spring; Summer; Autumn,images/JP-GN-1860228,,,
JP-GN-8623996,Kimachi Gawa,Japan,JP,Shimane,JP-32,Hamanishi,"Kimachi Gawa (Kimachi Gawa) is a named rivers location in Hamanishi, Shimane, Japan.",Natural spots,Rivers,Watercourse,Drivable,35.42196,132.94367,-3,2370,No,Spring; Summer; Autumn,images/JP-GN-8623996,,,
JP-GN-1857745,Maki-gawa,Japan,JP,Shimane,JP-32,Minari,"Maki-gawa (Maki-gawa) is a named rivers location in Minari, Shimane, Japan.",Natural spots,Rivers,Watercourse,Drivable,35.2,133.01667,325,2371,No,Spring; Summer; Autumn,images/JP-GN-1857745,,,
JP-GN-1856958,Misumi Gawa,Japan,JP,Shimane,JP-32,Misumicho-misumi,"Misumi Gawa (Misumi Gawa) is a named rivers location in Misumicho-misumi, Shimane, Japan.",Natural spots,Rivers,Watercourse,Drivable,34.78908,131.9389,19,2372,No,Spring; Summer; Autumn,images/JP-GN-1856958,,,
JP-GN-8650777,Nakamura Gawa,Japan,JP,Shimane,JP-32,Nakamura,"Nakamura Gawa (Nakamura Gawa) is a named rivers location in Nakamura, Shimane, Japan.",Natural spots,Rivers,Watercourse,Drivable,36.32361,133.30574,3,2373,No,Spring; Summer; Autumn,images/JP-GN-8650777,,,
JP-GN-1854561,Ohashi Gawa,Japan,JP,Shimane,JP-32,Makatacho,"Ohashi Gawa (Ōhashi Gawa) is a named rivers location in Makatacho, Shimane, Japan.",Natural spots,Rivers,Watercourse,Drivable,35.45188,133.12777,0,2374,No,Spring; Summer; Autumn,images/JP-GN-1854561,,,
JP-GN-1853322,Sada Gawa,Japan,JP,Shimane,JP-32,Kashimacho-etomo,"Sada Gawa (Sada Gawa) is a named rivers location in Kashimacho-etomo, Shimane, Japan.",Natural spots,Rivers,Watercourse,Drivable,35.52485,132.97469,1,2375,No,Spring; Summer; Autumn,images/JP-GN-1853322,,,
JP-GN-8623832,Sanbe Gawa,Japan,JP,Shimane,JP-32,Wae,"Sanbe Gawa (Sanbe Gawa) is a named rivers location in Wae, Shimane, Japan.",Natural spots,Rivers,Watercourse,Drivable,35.1964,132.47401,8,2376,No,Spring; Summer; Autumn,images/JP-GN-8623832,,,
JP-GN-1852276,Shimoko Gawa,Japan,JP,Shimane,JP-32,Togane,"Shimoko Gawa (Shimokō Gawa) is a named rivers location in Togane, Shimane, Japan.",Natural spots,Rivers,Watercourse,Drivable,34.93229,132.10148,34,2377,No,Spring; Summer; Autumn,images/JP-GN-1852276,,,
JP-GN-8601067,Shirakami Gawa,Japan,JP,Shimane,JP-32,Masuda,"Shirakami Gawa (Shirakami Gawa) is a named rivers location in Masuda, Shimane, Japan.",Natural spots,Rivers,Watercourse,Drivable,34.67415,131.8211,1,2378,No,Spring; Summer; Autumn,images/JP-GN-8601067,,,
JP-GN-1851722,Shizuma Gawa,Japan,JP,Shimane,JP-32,Wae,"Shizuma Gawa (Shizuma Gawa) is a named rivers location in Wae, Shimane, Japan.",Natural spots,Rivers,Watercourse,Drivable,35.20933,132.46617,1,2379,No,Spring; Summer; Autumn,images/JP-GN-1851722,,,
JP-GN-1864744,Beppu Wan,Japan,JP,Shimane,JP-32,Mita,"Beppu Wan (Beppu Wan) is a named seas and coastal areas location in Mita, Shimane, Japan.",Beach spots,Seas and coastal areas,Coastal feature,Drivable,36.10045,133.05531,-9999,2380,No,Spring; Summer; Autumn,images/JP-GN-1864744,,,
JP-GN-1864584,Chikumi Wan,Japan,JP,Shimane,JP-32,Mihonosekicho-chikumi,"Chikumi Wan (Chikumi Wan) is a named seas and coastal areas location in Mihonosekicho-chikumi, Shimane, Japan.",Beach spots,Seas and coastal areas,Coastal feature,Drivable,35.56958,133.14833,-9999,2381,No,Spring; Summer; Autumn,images/JP-GN-1864584,,,
JP-GN-1862580,Hinomi Saki,Japan,JP,Shimane,JP-32,Izumo Shi,"Hinomi Saki (Hinomi Saki) is a named seas and coastal areas location in Izumo Shi, Shimane, Japan.",Beach spots,Seas and coastal areas,Coastal feature,Drivable,35.43516,132.63032,-9999,2382,No,Spring; Summer; Autumn,images/JP-GN-1862580,,,
JP-GN-1860838,Kaga-ura,Japan,JP,Shimane,JP-32,Kaka-hama,"Kaga-ura (Kaga-ura) is a named seas and coastal areas location in Kaka-hama, Shimane, Japan.",Beach spots,Seas and coastal areas,Coastal feature,Drivable,35.57043,133.05382,-9999,2383,No,Spring; Summer; Autumn,images/JP-GN-1860838,,,
JP-GN-1860096,Kan Saki,Japan,JP,Shimane,JP-32,Matsue Shi,"Kan Saki (Kan Saki) is a named seas and coastal areas location in Matsue Shi, Shimane, Japan.",Beach spots,Seas and coastal areas,Coastal feature,Drivable,35.48643,133.18726,-2,2384,No,Spring; Summer; Autumn,images/JP-GN-1860096,,,
JP-GN-1858388,Kumi Zaki,Japan,JP,Shimane,JP-32,Oki-gun,"Kumi Zaki (Kumi Zaki) is a named seas and coastal areas location in Oki-gun, Shimane, Japan.",Beach spots,Seas and coastal areas,Coastal feature,Drivable,36.32809,133.22513,9,2385,No,Spring; Summer; Autumn,images/JP-GN-1858388,,,
JP-GN-1858302,Kurauchi Wan,Japan,JP,Shimane,JP-32,Kashimacho-etomo,"Kurauchi Wan (Kurauchi Wan) is a named seas and coastal areas location in Kashimacho-etomo, Shimane, Japan.",Beach spots,Seas and coastal areas,Coastal feature,Drivable,35.54311,132.97775,-9999,2386,No,Spring; Summer; Autumn,images/JP-GN-1858302,,,
JP-GN-1858107,Kuroshima-saki,Japan,JP,Shimane,JP-32,Oki-gun,"Kuroshima-saki (Kuroshima-saki) is a named seas and coastal areas location in Oki-gun, Shimane, Japan.",Beach spots,Seas and coastal areas,Coastal feature,Drivable,36.26936,133.38535,-9999,2387,No,Spring; Summer; Autumn,images/JP-GN-1858107,,,
JP-GN-1857015,Mi Saki,Japan,JP,Shimane,JP-32,Oki-gun,"Mi Saki (Mi Saki) is a named seas and coastal areas location in Oki-gun, Shimane, Japan.",Beach spots,Seas and coastal areas,Coastal feature,Drivable,36.28813,133.18013,-9999,2388,No,Spring; Summer; Autumn,images/JP-GN-1857015,,,
JP-GN-1856042,Nagu Saki,Japan,JP,Shimane,JP-32,Oki-gun,"Nagu Saki (Nagu Saki) is a named seas and coastal areas location in Oki-gun, Shimane, Japan.",Beach spots,Seas and coastal areas,Coastal feature,Drivable,36.21218,133.18434,19,2389,No,Spring; Summer; Autumn,images/JP-GN-1856042,,,
JP-GN-1855942,Nakai Guchi,Japan,JP,Shimane,JP-32,Uka,"Nakai Guchi (Nakai Guchi) is a named seas and coastal areas location in Uka, Shimane, Japan.",Beach spots,Seas and coastal areas,Coastal feature,Drivable,36.11667,133.08333,1,2390,No,Spring; Summer; Autumn,images/JP-GN-1855942,,,
JP-GN-10286473,Notabana,Japan,JP,Shimane,JP-32,Oki-gun,"Notabana (Notabana) is a named seas and coastal areas location in Oki-gun, Shimane, Japan.",Beach spots,Seas and coastal areas,Coastal feature,Drivable,36.11103,133.13245,-1,2391,No,Spring; Summer; Autumn,images/JP-GN-10286473,,,
JP-GN-1854620,O Guchi,Japan,JP,Shimane,JP-32,Usuge,"O Guchi (Ō Guchi) is a named seas and coastal areas location in Usuge, Shimane, Japan.",Beach spots,Seas and coastal areas,Coastal feature,Drivable,36.02653,133.06354,-9999,2392,No,Spring; Summer; Autumn,images/JP-GN-1854620,,,
JP-GN-1853362,Ryuga-saki,Japan,JP,Shimane,JP-32,Oki-gun,"Ryuga-saki (Ryūga-saki) is a named seas and coastal areas location in Oki-gun, Shimane, Japan.",Beach spots,Seas and coastal areas,Coastal feature,Drivable,36.25,133.18333,52,2393,No,Spring; Summer; Autumn,images/JP-GN-1853362,,,
JP-GN-1853249,Saigo Wan,Japan,JP,Shimane,JP-32,Saigo,"Saigo Wan (Saigō Wan) is a named seas and coastal areas location in Saigo, Shimane, Japan.",Beach spots,Seas and coastal areas,Coastal feature,Drivable,36.2011,133.3383,1,2394,No,Spring; Summer; Autumn,images/JP-GN-1853249,,,
JP-GN-1852570,Shichirui-wan,Japan,JP,Shimane,JP-32,Mihonosekicho-shichirui,"Shichirui-wan (Shichirui-wan) is a named seas and coastal areas location in Mihonosekicho-shichirui, Shimane, Japan.",Beach spots,Seas and coastal areas,Coastal feature,Drivable,35.57504,133.24128,-9999,2395,No,Spring; Summer; Autumn,images/JP-GN-1852570,,,
JP-GN-1851867,Shirashima Zaki,Japan,JP,Shimane,JP-32,Oki-gun,"Shirashima Zaki (Shirashima Zaki) is a named seas and coastal areas location in Oki-gun, Shimane, Japan.",Beach spots,Seas and coastal areas,Coastal feature,Drivable,36.34837,133.27638,0,2396,No,Spring; Summer; Autumn,images/JP-GN-1851867,,,
JP-GN-10481033,Fukiageno Hama,Japan,JP,Shizuoka,JP-22,Shizuoka Shi,"Fukiageno Hama (Fukiageno Hama) is a named beaches location in Shizuoka Shi, Shizuoka, Japan.",Beach spots,Beaches,Coastal recreation area,Drivable,35.11517,138.61356,-2,2397,No,Summer,images/JP-GN-10481033,,,
JP-GN-1859215,Kiyomi Gata,Japan,JP,Shizuoka,JP-22,Shizuoka Shi,"Kiyomi Gata (Kiyomi Gata) is a named beaches location in Shizuoka Shi, Shizuoka, Japan.",Beach spots,Beaches,Coastal recreation area,Drivable,35.05841,138.5347,0,2398,No,Summer,images/JP-GN-1859215,,,
JP-GN-1851263,Tagono Ura,Japan,JP,Shizuoka,JP-22,Fuji Shi,"Tagono Ura (Tagono Ura) is a named beaches location in Fuji Shi, Shizuoka, Japan.",Beach spots,Beaches,Coastal recreation area,Drivable,35.13722,138.71016,12,2399,No,Summer,images/JP-GN-1851263,,,
JP-GN-10805149,Komakado Fuketsu,Japan,JP,Shizuoka,JP-22,Gotenba Shi,"Komakado Fuketsu (Komakado Fūketsu) is a named caves location in Gotenba Shi, Shizuoka, Japan.",Natural spots,Caves,Natural cave,Drivable,35.25056,138.91378,356,2400,No,Spring; Summer; Autumn,images/JP-GN-10805149,,,
JP-GN-10474348,Fuji Susono,Japan,JP,Shizuoka,JP-22,Obuchi,"Fuji Susono (Fuji Susono) is a named forests location in Obuchi, Shizuoka, Japan.",Natural spots,Forests,Forest area,Drivable,35.23368,138.727,551,2401,No,Spring; Summer; Autumn,images/JP-GN-10474348,,,
JP-GN-10798864,Tanuki Ko,Japan,JP,Shizuoka,JP-22,Inokashira,"Tanuki Ko (Tanuki Ko) is a named lakes location in Inokashira, Shizuoka, Japan.",Natural spots,Lakes,Inland water body,Drivable,35.3445,138.56129,659,2402,No,Spring; Summer; Autumn,images/JP-GN-10798864,,,
JP-GN-10409442,Ashigara Sekisho Ato,Japan,JP,Shizuoka,JP-22,Sunto-gun,"Ashigara Sekisho Ato (Ashigara Sekisho Ato) is a named monuments location in Sunto-gun, Shizuoka, Japan.",Historical spots,Monuments,Public historic site or monument,Drivable,35.32019,139.01343,745,2403,No,Year-round,images/JP-GN-10409442,,,
JP-GN-1865665,Aino-dake,Japan,JP,Shizuoka,JP-22,Shizuoka Shi,"Aino-dake (Aino-dake) is a named mountains location in Shizuoka Shi, Shizuoka, Japan.",Adventure spots|Natural spots,Mountains,Natural landform,Drivable,35.64572,138.22826,3189,2404,No,Late spring; Summer; Autumn,images/JP-GN-1865665,,,
JP-GN-1865565,Akaishi-dake,Japan,JP,Shizuoka,JP-22,Shizuoka Shi,"Akaishi-dake (Akaishi-dake) is a named mountains location in Shizuoka Shi, Shizuoka, Japan.",Adventure spots|Natural spots,Mountains,Natural landform,Drivable,35.46074,138.15728,3120,2405,No,Late spring; Summer; Autumn,images/JP-GN-1865565,,,
JP-GN-1865440,Akiha-san,Japan,JP,Shizuoka,JP-22,Hamamatsu Shi,"Akiha-san (Akiha-san) is a named mountains location in Hamamatsu Shi, Shizuoka, Japan.",Adventure spots|Natural spots,Mountains,Natural landform,Drivable,34.98333,137.86667,866,2406,No,Late spring; Summer; Autumn,images/JP-GN-1865440,,,
JP-GN-1865379,Amaga-take,Japan,JP,Shizuoka,JP-22,Fujinomiya Shi,"Amaga-take (Amaga-take) is a named mountains location in Fujinomiya Shi, Shizuoka, Japan.",Adventure spots|Natural spots,Mountains,Natural landform,Drivable,35.43396,138.55914,1758,2407,No,Late spring; Summer; Autumn,images/JP-GN-1865379,,,
JP-GN-1865370,Amagi Sanmyaku,Japan,JP,Shizuoka,JP-22,Ike,"Amagi Sanmyaku (Amagi Sanmyaku) is a named mountains location in Ike, Shizuoka, Japan.",Adventure spots|Natural spots,Mountains,Natural landform,Drivable,34.88358,139.03674,981,2408,No,Late spring; Summer; Autumn,images/JP-GN-1865370,,,
JP-GN-10479134,Amagoi Yama,Japan,JP,Shizuoka,JP-22,Fuji Shi,"Amagoi Yama (Amagoi Yama) is a named mountains location in Fuji Shi, Shizuoka, Japan.",Adventure spots|Natural spots,Mountains,Natural landform,Drivable,35.16274,138.60597,369,2409,No,Late spring; Summer; Autumn,images/JP-GN-10479134,,,
JP-GN-10798388,Anmo Yama,Japan,JP,Shizuoka,JP-22,Fujinomiya Shi,"Anmo Yama (Anmo Yama) is a named mountains location in Fujinomiya Shi, Shizuoka, Japan.",Adventure spots|Natural spots,Mountains,Natural landform,Drivable,35.27959,138.63066,492,2410,No,Late spring; Summer; Autumn,images/JP-GN-10798388,,,
JP-GN-1865249,Aonagi-yama,Japan,JP,Shizuoka,JP-22,Shizuoka Shi,"Aonagi-yama (Aonagi-yama) is a named mountains location in Shizuoka Shi, Shizuoka, Japan.",Adventure spots|Natural spots,Mountains,Natural landform,Drivable,35.36667,138.23333,2075,2411,No,Late spring; Summer; Autumn,images/JP-GN-1865249,,,
JP-GN-8504675,Arakawa-Naka-dake,Japan,JP,Shizuoka,JP-22,Shizuoka Shi,"Arakawa-Naka-dake (Arakawa-Naka-dake) is a named mountains location in Shizuoka Shi, Shizuoka, Japan.",Adventure spots|Natural spots,Mountains,Natural landform,Drivable,35.49611,138.16715,3083,2412,No,Late spring; Summer; Autumn,images/JP-GN-8504675,,,
JP-GN-10479133,Arashi Yama,Japan,JP,Shizuoka,JP-22,Fuji Shi,"Arashi Yama (Arashi Yama) is a named mountains location in Fuji Shi, Shizuoka, Japan.",Adventure spots|Natural spots,Mountains,Natural landform,Drivable,35.15893,138.59611,459,2413,No,Late spring; Summer; Autumn,images/JP-GN-10479133,,,
JP-GN-10367276,Asahi Yama,Japan,JP,Shizuoka,JP-22,Atami-shi,"Asahi Yama (Asahi Yama) is a named mountains location in Atami-shi, Shizuoka, Japan.",Adventure spots|Natural spots,Mountains,Natural landform,Drivable,35.0454,139.09684,141,2414,No,Late spring; Summer; Autumn,images/JP-GN-10367276,,,
JP-GN-13428780,Ashitaka Yama,Japan,JP,Shizuoka,JP-22,Susono Shi,"Ashitaka Yama (Ashitaka Yama) is a named mountains location in Susono Shi, Shizuoka, Japan.",Adventure spots|Natural spots,Mountains,Natural landform,Drivable,35.22734,138.80283,1150,2415,No,Late spring; Summer; Autumn,images/JP-GN-13428780,,,
JP-GN-1864989,Ashitaka Yama,Japan,JP,Shizuoka,JP-22,Numazu-shi,"Ashitaka Yama (Ashitaka Yama) is a named mountains location in Numazu-shi, Shizuoka, Japan.",Adventure spots|Natural spots,Mountains,Natural landform,Drivable,35.19846,138.80772,1504,2416,No,Late spring; Summer; Autumn,images/JP-GN-1864989,,,
JP-GN-1864904,Awaga Dake,Japan,JP,Shizuoka,JP-22,Kakegawa Shi,"Awaga Dake (Awaga Dake) is a named mountains location in Kakegawa Shi, Shizuoka, Japan.",Adventure spots|Natural spots,Mountains,Natural landform,Drivable,34.8419,138.06863,535,2417,No,Late spring; Summer; Autumn,images/JP-GN-1864904,,,
JP-GN-1864806,Banjiro Dake,Japan,JP,Shizuoka,JP-22,Kamo-gun,"Banjiro Dake (Banjirō Dake) is a named mountains location in Kamo-gun, Shizuoka, Japan.",Adventure spots|Natural spots,Mountains,Natural landform,Drivable,34.86004,139.02085,1279,2418,No,Late spring; Summer; Autumn,images/JP-GN-1864806,,,
JP-GN-1864786,Banzaburo Dake,Japan,JP,Shizuoka,JP-22,Izu-shi,"Banzaburo Dake (Banzaburō Dake) is a named mountains location in Izu-shi, Shizuoka, Japan.",Adventure spots|Natural spots,Mountains,Natural landform,Drivable,34.86299,139.00182,1370,2419,No,Late spring; Summer; Autumn,images/JP-GN-1864786,,,
JP-GN-1864782,Basara Yama,Japan,JP,Shizuoka,JP-22,Kamo-gun,"Basara Yama (Basara Yama) is a named mountains location in Kamo-gun, Shizuoka, Japan.",Adventure spots|Natural spots,Mountains,Natural landform,Drivable,34.73767,138.85914,610,2420,No,Late spring; Summer; Autumn,images/JP-GN-1864782,,,
JP-GN-1864695,Bodai San,Japan,JP,Shizuoka,JP-22,Fujieda Shi,"Bodai San (Bodai San) is a named mountains location in Fujieda Shi, Shizuoka, Japan.",Adventure spots|Natural spots,Mountains,Natural landform,Drivable,34.94164,138.16026,673,2421,No,Late spring; Summer; Autumn,images/JP-GN-1864695,,,
JP-GN-1864503,Chokuro Yama,Japan,JP,Shizuoka,JP-22,Kamo-gun,"Chokuro Yama (Chōkurō Yama) is a named mountains location in Kamo-gun, Shizuoka, Japan.",Adventure spots|Natural spots,Mountains,Natural landform,Drivable,34.78861,138.86741,984,2422,No,Late spring; Summer; Autumn,images/JP-GN-1864503,,,
JP-GN-10797030,Adano Chosuichi,Japan,JP,Shizuoka,JP-22,Suganuma,"Adano Chosuichi (Adano Chosuichi) is a named parks location in Suganuma, Shizuoka, Japan.",Natural spots,Parks,Public park or protected area,Drivable,35.35182,138.96491,410,2423,No,Spring; Summer; Autumn,images/JP-GN-10797030,,,
JP-GN-10796920,Chichibunomiya Kinen Koen,Japan,JP,Shizuoka,JP-22,Gotenba Shi,"Chichibunomiya Kinen Koen (Chichibunomiya Kinen Kōen) is a named parks location in Gotenba Shi, Shizuoka, Japan.",Natural spots,Parks,Public park or protected area,Drivable,35.28851,138.95343,470,2424,No,Spring; Summer; Autumn,images/JP-GN-10796920,,,
JP-GN-10798879,Eisawa Chosuchi,Japan,JP,Shizuoka,JP-22,Nebara,"Eisawa Chosuchi (Eisawa Chosuchi) is a named parks location in Nebara, Shizuoka, Japan.",Natural spots,Parks,Public park or protected area,Drivable,35.43155,138.58077,945,2425,No,Spring; Summer; Autumn,images/JP-GN-10798879,,,
JP-GN-1864127,Fuji-Hakone-Izu-kokuritsu-koen,Japan,JP,Shizuoka,JP-22,Numazu-shi,"Fuji-Hakone-Izu-kokuritsu-koen (Fuji-Hakone-Izu-kokuritsu-kōen) is a named parks location in Numazu-shi, Shizuoka, Japan.",Natural spots,Parks,Public park or protected area,Drivable,35,138.83333,348,2426,No,Spring; Summer; Autumn,images/JP-GN-1864127,,,
JP-GN-10478211,Fujikawa Ryokuchi Koen,Japan,JP,Shizuoka,JP-22,Fuji Shi,"Fujikawa Ryokuchi Koen (Fujikawa Ryokuchi Kōen) is a named parks location in Fuji Shi, Shizuoka, Japan.",Natural spots,Parks,Public park or protected area,Drivable,35.12754,138.64292,7,2427,No,Spring; Summer; Autumn,images/JP-GN-10478211,,,
JP-GN-10796788,Fujisan Juku no Mori,Japan,JP,Shizuoka,JP-22,Gotenba Shi,"Fujisan Juku no Mori (Fujisan Jukū no Mori) is a named parks location in Gotenba Shi, Shizuoka, Japan.",Natural spots,Parks,Public park or protected area,Drivable,35.29677,138.86811,644,2428,No,Spring; Summer; Autumn,images/JP-GN-10796788,,,
JP-GN-10796983,Fujisan Kodomo no Kuni,Japan,JP,Shizuoka,JP-22,Fuji Shi,"Fujisan Kodomo no Kuni (Fujisan Kodomo no Kuni) is a named parks location in Fuji Shi, Shizuoka, Japan.",Natural spots,Parks,Public park or protected area,Drivable,35.25364,138.77247,871,2429,No,Spring; Summer; Autumn,images/JP-GN-10796983,,,
JP-GN-10796921,Higashiyama Ko,Japan,JP,Shizuoka,JP-22,Higashiyama,"Higashiyama Ko (Higashiyama Ko) is a named parks location in Higashiyama, Shizuoka, Japan.",Natural spots,Parks,Public park or protected area,Drivable,35.29112,138.95686,465,2430,No,Spring; Summer; Autumn,images/JP-GN-10796921,,,
JP-GN-10370346,Himenosawa Koen,Japan,JP,Shizuoka,JP-22,Atami-shi,"Himenosawa Koen (Himenosawa Kōen) is a named parks location in Atami-shi, Shizuoka, Japan.",Natural spots,Parks,Public park or protected area,Drivable,35.11847,139.04947,507,2431,No,Spring; Summer; Autumn,images/JP-GN-10370346,,,
JP-GN-10469954,Hiromi Koen,Japan,JP,Shizuoka,JP-22,Fuji Shi,"Hiromi Koen (Hiromi Kōen) is a named parks location in Fuji Shi, Shizuoka, Japan.",Natural spots,Parks,Public park or protected area,Drivable,35.18602,138.67817,104,2432,No,Spring; Summer; Autumn,images/JP-GN-10469954,,,
JP-GN-10474279,Marubi Shizen Koen,Japan,JP,Shizuoka,JP-22,Fuji Shi,"Marubi Shizen Koen (Marubi Shizen Kōen) is a named parks location in Fuji Shi, Shizuoka, Japan.",Natural spots,Parks,Public park or protected area,Drivable,35.23789,138.72606,592,2433,No,Spring; Summer; Autumn,images/JP-GN-10474279,,,
JP-GN-10496453,Miho Bunka Land,Japan,JP,Shizuoka,JP-22,Shizuoka Shi,"Miho Bunka Land (Miho Bunka Land) is a named parks location in Shizuoka Shi, Shizuoka, Japan.",Natural spots,Parks,Public park or protected area,Drivable,35.01603,138.52202,6,2434,No,Spring; Summer; Autumn,images/JP-GN-10496453,,,
JP-GN-10367169,Mobility Park,Japan,JP,Shizuoka,JP-22,Izunokuni-shi,"Mobility Park (Mobility Park) is a named parks location in Izunokuni-shi, Shizuoka, Japan.",Natural spots,Parks,Public park or protected area,Drivable,35.01098,139.02368,320,2435,No,Spring; Summer; Autumn,images/JP-GN-10367169,,,
JP-GN-10642043,Senbonhama Koen,Japan,JP,Shizuoka,JP-22,Numazu-shi,"Senbonhama Koen (Senbonhama Kōen) is a named parks location in Numazu-shi, Shizuoka, Japan.",Natural spots,Parks,Public park or protected area,Drivable,35.09435,138.84734,10,2436,No,Spring; Summer; Autumn,images/JP-GN-10642043,,,
JP-GN-10728953,Susono Ground,Japan,JP,Shizuoka,JP-22,Susono Shi,"Susono Ground (Susono Ground) is a named parks location in Susono Shi, Shizuoka, Japan.",Natural spots,Parks,Public park or protected area,Drivable,35.23335,138.88013,383,2437,No,Spring; Summer; Autumn,images/JP-GN-10728953,,,
JP-GN-1865772,Abe Kawa,Japan,JP,Shizuoka,JP-22,Nishijima,"Abe Kawa (Abe Kawa) is a named rivers location in Nishijima, Shizuoka, Japan.",Natural spots,Rivers,Watercourse,Drivable,34.92954,138.39922,1,2438,No,Spring; Summer; Autumn,images/JP-GN-1865772,,,
JP-GN-10466961,Akabuchi Gawa,Japan,JP,Shizuoka,JP-22,Higashi-tagonoura,"Akabuchi Gawa (Akabuchi Gawa) is a named rivers location in Higashi-tagonoura, Shizuoka, Japan.",Natural spots,Rivers,Watercourse,Drivable,35.14621,138.72999,-1,2439,No,Spring; Summer; Autumn,images/JP-GN-10466961,,,
JP-GN-1865247,Aono Gawa,Japan,JP,Shizuoka,JP-22,Teishi,"Aono Gawa (Aono Gawa) is a named rivers location in Teishi, Shizuoka, Japan.",Natural spots,Rivers,Watercourse,Drivable,34.62921,138.88894,1,2440,No,Spring; Summer; Autumn,images/JP-GN-1865247,,,
JP-GN-8659880,Asahina Gawa,Japan,JP,Shizuoka,JP-22,Yaizu,"Asahina Gawa (Asahina Gawa) is a named rivers location in Yaizu, Shizuoka, Japan.",Natural spots,Rivers,Watercourse,Drivable,34.87798,138.3145,5,2441,No,Spring; Summer; Autumn,images/JP-GN-8659880,,,
JP-GN-8659946,Asahina Gawa,Japan,JP,Shizuoka,JP-22,Ikeshinden,"Asahina Gawa (Asahina Gawa) is a named rivers location in Ikeshinden, Shizuoka, Japan.",Natural spots,Rivers,Watercourse,Drivable,34.65197,138.1346,14,2442,No,Spring; Summer; Autumn,images/JP-GN-8659946,,,
JP-GN-10645854,Bishamon Gawa,Japan,JP,Shizuoka,JP-22,Nagasaki,"Bishamon Gawa (Bishamon Gawa) is a named rivers location in Nagasaki, Shizuoka, Japan.",Natural spots,Rivers,Watercourse,Drivable,35.07502,138.95655,11,2443,No,Spring; Summer; Autumn,images/JP-GN-10645854,,,
JP-GN-10481020,Chinagare Gawa,Japan,JP,Shizuoka,JP-22,Nakano,"Chinagare Gawa (Chinagare Gawa) is a named rivers location in Nakano, Shizuoka, Japan.",Natural spots,Rivers,Watercourse,Drivable,35.18177,138.60901,41,2444,No,Spring; Summer; Autumn,images/JP-GN-10481020,,,
JP-GN-10642908,Daiba Gawa,Japan,JP,Shizuoka,JP-22,Misono,"Daiba Gawa (Daiba Gawa) is a named rivers location in Misono, Shizuoka, Japan.",Natural spots,Rivers,Watercourse,Drivable,35.07581,138.92316,9,2445,No,Spring; Summer; Autumn,images/JP-GN-10642908,,,
JP-GN-10468363,Denpo Zawa,Japan,JP,Shizuoka,JP-22,Hinodecho,"Denpo Zawa (Denpō Zawa) is a named rivers location in Hinodecho, Shizuoka, Japan.",Natural spots,Rivers,Watercourse,Drivable,35.16703,138.66652,16,2446,No,Spring; Summer; Autumn,images/JP-GN-10468363,,,
JP-GN-10645852,Do Gawa,Japan,JP,Shizuoka,JP-22,Nagasaki,"Do Gawa (Dō Gawa) is a named rivers location in Nagasaki, Shizuoka, Japan.",Natural spots,Rivers,Watercourse,Drivable,35.07166,138.94606,10,2447,No,Spring; Summer; Autumn,images/JP-GN-10645852,,,
JP-GN-10645528,Ema Gawa,Japan,JP,Shizuoka,JP-22,Minamiema,"Ema Gawa (Ema Gawa) is a named rivers location in Minamiema, Shizuoka, Japan.",Natural spots,Rivers,Watercourse,Drivable,35.04725,138.91679,7,2448,No,Spring; Summer; Autumn,images/JP-GN-10645528,,,
JP-GN-10479138,Fujikawa Tunnel,Japan,JP,Shizuoka,JP-22,Kitamatsuno,"Fujikawa Tunnel (Fujikawa Tunnel) is a named rivers location in Kitamatsuno, Shizuoka, Japan.",Natural spots,Rivers,Watercourse,Drivable,35.1609,138.56487,405,2449,No,Spring; Summer; Autumn,images/JP-GN-10479138,,,
JP-GN-10731441,Fukara Gawa,Japan,JP,Shizuoka,JP-22,Iwanami,"Fukara Gawa (Fukara Gawa) is a named rivers location in Iwanami, Shizuoka, Japan.",Natural spots,Rivers,Watercourse,Drivable,35.21288,138.91782,230,2450,No,Spring; Summer; Autumn,images/JP-GN-10731441,,,
JP-GN-10645855,Funaguchi Gawa,Japan,JP,Shizuoka,JP-22,Nirayama-tada,"Funaguchi Gawa (Funaguchi Gawa) is a named rivers location in Nirayama-tada, Shizuoka, Japan.",Natural spots,Rivers,Watercourse,Drivable,35.07465,138.95723,13,2451,No,Spring; Summer; Autumn,images/JP-GN-10645855,,,
JP-GN-10642852,Goten Gawa,Japan,JP,Shizuoka,JP-22,Umena,"Goten Gawa (Goten Gawa) is a named rivers location in Umena, Shizuoka, Japan.",Natural spots,Rivers,Watercourse,Drivable,35.09056,138.93451,12,2452,No,Spring; Summer; Autumn,images/JP-GN-10642852,,,
JP-GN-8659905,Hagima Gawa,Japan,JP,Shizuoka,JP-22,Sagara,"Hagima Gawa (Hagima Gawa) is a named rivers location in Sagara, Shizuoka, Japan.",Natural spots,Rivers,Watercourse,Drivable,34.6891,138.20742,5,2453,No,Spring; Summer; Autumn,images/JP-GN-8659905,,,
JP-GN-10728777,Haruyama Gawa,Japan,JP,Shizuoka,JP-22,Ueda,"Haruyama Gawa (Haruyama Gawa) is a named rivers location in Ueda, Shizuoka, Japan.",Natural spots,Rivers,Watercourse,Drivable,35.13999,138.75887,2,2454,No,Spring; Summer; Autumn,images/JP-GN-10728777,,,
JP-GN-10482932,Hatauchi Gawa,Japan,JP,Shizuoka,JP-22,Yokosuna-higashicho,"Hatauchi Gawa (Hatauchi Gawa) is a named rivers location in Yokosuna-higashicho, Shizuoka, Japan.",Natural spots,Rivers,Watercourse,Drivable,35.04386,138.50805,4,2455,No,Spring; Summer; Autumn,images/JP-GN-10482932,,,
JP-GN-10370320,Hatsu Kawa,Japan,JP,Shizuoka,JP-22,Nagisacho,"Hatsu Kawa (Hatsu Kawa) is a named rivers location in Nagisacho, Shizuoka, Japan.",Natural spots,Rivers,Watercourse,Drivable,35.09347,139.07493,10,2456,No,Spring; Summer; Autumn,images/JP-GN-10370320,,,
JP-GN-8659925,Heda Okawa,Japan,JP,Shizuoka,JP-22,Heda,"Heda Okawa (Heda Ōkawa) is a named rivers location in Heda, Shizuoka, Japan.",Natural spots,Rivers,Watercourse,Drivable,34.97504,138.77596,3,2457,No,Spring; Summer; Autumn,images/JP-GN-8659925,,,
JP-GN-10643954,Hie Kawa,Japan,JP,Shizuoka,JP-22,Odake,"Hie Kawa (Hie Kawa) is a named rivers location in Odake, Shizuoka, Japan.",Natural spots,Rivers,Watercourse,Drivable,35.10615,138.96668,45,2458,No,Spring; Summer; Autumn,images/JP-GN-10643954,,,
JP-GN-1861876,Ihara Gawa,Japan,JP,Shizuoka,JP-22,Yokosuna-minamicho,"Ihara Gawa (Ihara Gawa) is a named rivers location in Yokosuna-minamicho, Shizuoka, Japan.",Natural spots,Rivers,Watercourse,Drivable,35.03662,138.50024,5,2459,No,Spring; Summer; Autumn,images/JP-GN-1861876,,,
JP-GN-1864188,Eno-ura,Japan,JP,Shizuoka,JP-22,Enoura,"Eno-ura (Eno-ura) is a named seas and coastal areas location in Enoura, Shizuoka, Japan.",Beach spots,Seas and coastal areas,Coastal feature,Drivable,35.04595,138.89607,-9999,2460,No,Spring; Summer; Autumn,images/JP-GN-1864188,,,
JP-GN-1863421,Hagachi Zaki,Japan,JP,Shizuoka,JP-22,Kamo-gun,"Hagachi Zaki (Hagachi Zaki) is a named seas and coastal areas location in Kamo-gun, Shizuoka, Japan.",Beach spots,Seas and coastal areas,Coastal feature,Drivable,34.69062,138.73969,17,2461,No,Spring; Summer; Autumn,images/JP-GN-1863421,,,
JP-GN-1861604,Inatori Misaki,Japan,JP,Shizuoka,JP-22,Kamo-gun,"Inatori Misaki (Inatori Misaki) is a named seas and coastal areas location in Kamo-gun, Shizuoka, Japan.",Beach spots,Seas and coastal areas,Coastal feature,Drivable,34.7689,139.04745,40,2462,No,Spring; Summer; Autumn,images/JP-GN-1861604,,,
JP-GN-1861247,Iwachi-ko,Japan,JP,Shizuoka,JP-22,Iwachi,"Iwachi-ko (Iwachi-kō) is a named seas and coastal areas location in Iwachi, Shizuoka, Japan.",Beach spots,Seas and coastal areas,Coastal feature,Drivable,34.73984,138.7594,86,2463,No,Spring; Summer; Autumn,images/JP-GN-1861247,,,
JP-GN-1858383,Kumomi Saki,Japan,JP,Shizuoka,JP-22,Kamo-gun,"Kumomi Saki (Kumomi Saki) is a named seas and coastal areas location in Kamo-gun, Shizuoka, Japan.",Beach spots,Seas and coastal areas,Coastal feature,Drivable,34.72566,138.74059,50,2464,No,Spring; Summer; Autumn,images/JP-GN-1858383,,,
JP-GN-1856884,Mitsuishi Misaki,Japan,JP,Shizuoka,JP-22,Kamo-gun,"Mitsuishi Misaki (Mitsuishi Misaki) is a named seas and coastal areas location in Kamo-gun, Shizuoka, Japan.",Beach spots,Seas and coastal areas,Coastal feature,Drivable,34.62242,138.79467,19,2465,No,Spring; Summer; Autumn,images/JP-GN-1856884,,,
JP-GN-1855472,Nichiren Zaki,Japan,JP,Shizuoka,JP-22,Ito Shi,"Nichiren Zaki (Nichiren Zaki) is a named seas and coastal areas location in Ito Shi, Shizuoka, Japan.",Beach spots,Seas and coastal areas,Coastal feature,Drivable,34.88002,139.13118,26,2466,No,Spring; Summer; Autumn,images/JP-GN-1855472,,,
JP-GN-1854574,Ohama Misaki,Japan,JP,Shizuoka,JP-22,Numazu-shi,"Ohama Misaki (Ohama Misaki) is a named seas and coastal areas location in Numazu-shi, Shizuoka, Japan.",Beach spots,Seas and coastal areas,Coastal feature,Drivable,34.97652,138.76633,17,2467,No,Spring; Summer; Autumn,images/JP-GN-1854574,,,
JP-GN-1854182,Omae Zaki,Japan,JP,Shizuoka,JP-22,Omaezaki-shi,"Omae Zaki (Omae Zaki) is a named seas and coastal areas location in Omaezaki-shi, Shizuoka, Japan.",Beach spots,Seas and coastal areas,Coastal feature,Drivable,34.59498,138.22645,1,2468,No,Spring; Summer; Autumn,images/JP-GN-1854182,,,
JP-GN-1853935,Orido Wan,Japan,JP,Shizuoka,JP-22,Orido,"Orido Wan (Orido Wan) is a named seas and coastal areas location in Orido, Shizuoka, Japan.",Beach spots,Seas and coastal areas,Coastal feature,Drivable,34.99439,138.50536,-9999,2469,No,Spring; Summer; Autumn,images/JP-GN-1853935,,,
JP-GN-1853809,Ose Zaki,Japan,JP,Shizuoka,JP-22,Numazu-shi,"Ose Zaki (Ose Zaki) is a named seas and coastal areas location in Numazu-shi, Shizuoka, Japan.",Beach spots,Seas and coastal areas,Coastal feature,Drivable,35.02987,138.78899,-9999,2470,No,Spring; Summer; Autumn,images/JP-GN-1853809,,,
JP-GN-1851561,Sotoura Wan,Japan,JP,Shizuoka,JP-22,Suzaki,"Sotoura Wan (Sotoura Wan) is a named seas and coastal areas location in Suzaki, Shizuoka, Japan.",Beach spots,Seas and coastal areas,Coastal feature,Drivable,34.67376,138.98395,1,2471,No,Spring; Summer; Autumn,images/JP-GN-1851561,,,
JP-GN-1849453,Uchiura Wan,Japan,JP,Shizuoka,JP-22,Uchiura-koumi,"Uchiura Wan (Uchiura Wan) is a named seas and coastal areas location in Uchiura-koumi, Shizuoka, Japan.",Beach spots,Seas and coastal areas,Coastal feature,Drivable,35.02534,138.89065,-9999,2472,No,Spring; Summer; Autumn,images/JP-GN-1849453,,,
JP-GN-1849003,Wada-hana,Japan,JP,Shizuoka,JP-22,Yaizu Shi,"Wada-hana (Wada-hana) is a named seas and coastal areas location in Yaizu Shi, Shizuoka, Japan.",Beach spots,Seas and coastal areas,Coastal feature,Drivable,34.83333,138.33333,5,2473,No,Spring; Summer; Autumn,images/JP-GN-1849003,,,
JP-GN-1864483,Chuzenji Ko,Japan,JP,Tochigi,JP-09,Umagaeshi,"Chuzenji Ko (Chūzenji Ko) is a named lakes location in Umagaeshi, Tochigi, Japan.",Natural spots,Lakes,Inland water body,Drivable,36.74085,139.46022,1269,2474,No,Spring; Summer; Autumn,images/JP-GN-1864483,,,
JP-GN-1848064,Yuno Ko,Japan,JP,Tochigi,JP-09,Yumoto,"Yuno Ko (Yuno Ko) is a named lakes location in Yumoto, Tochigi, Japan.",Natural spots,Lakes,Inland water body,Drivable,36.79981,139.42483,1480,2475,No,Spring; Summer; Autumn,images/JP-GN-1848064,,,
JP-GN-9190643,Akayuki Yama,Japan,JP,Tochigi,JP-09,Sano Shi,"Akayuki Yama (Akayuki Yama) is a named mountains location in Sano Shi, Tochigi, Japan.",Adventure spots|Natural spots,Mountains,Natural landform,Drivable,36.44128,139.42565,599,2476,No,Late spring; Summer; Autumn,images/JP-GN-9190643,,,
JP-GN-9006637,Asahi Dake,Japan,JP,Tochigi,JP-09,Nasu-gun,"Asahi Dake (Asahi Dake) is a named mountains location in Nasu-gun, Tochigi, Japan.",Adventure spots|Natural spots,Mountains,Natural landform,Drivable,37.13653,139.97144,1779,2477,No,Late spring; Summer; Autumn,images/JP-GN-9006637,,,
JP-GN-1864648,Chausu Dake,Japan,JP,Tochigi,JP-09,Nasu-gun,"Chausu Dake (Chausu Dake) is a named mountains location in Nasu-gun, Tochigi, Japan.",Adventure spots|Natural spots,Mountains,Natural landform,Drivable,37.12361,139.96006,1916,2478,No,Late spring; Summer; Autumn,images/JP-GN-1864648,,,
JP-GN-9190396,Daikurataka Yama,Japan,JP,Tochigi,JP-09,Nikko-shi,"Daikurataka Yama (Daikurataka Yama) is a named mountains location in Nikko-shi, Tochigi, Japan.",Adventure spots|Natural spots,Mountains,Natural landform,Drivable,36.94742,139.442,2042,2479,No,Late spring; Summer; Autumn,images/JP-GN-9190396,,,
JP-GN-1863402,Haguro-san,Japan,JP,Tochigi,JP-09,Utsunomiya Shi,"Haguro-san (Haguro-san) is a named mountains location in Utsunomiya Shi, Tochigi, Japan.",Adventure spots|Natural spots,Mountains,Natural landform,Drivable,36.7,139.88333,226,2480,No,Late spring; Summer; Autumn,images/JP-GN-1863402,,,
JP-GN-9190636,Himuro Yama,Japan,JP,Tochigi,JP-09,Sano Shi,"Himuro Yama (Himuro Yama) is a named mountains location in Sano Shi, Tochigi, Japan.",Adventure spots|Natural spots,Mountains,Natural landform,Drivable,36.56965,139.47408,1106,2481,No,Late spring; Summer; Autumn,images/JP-GN-9190636,,,
JP-GN-9006915,Hiruga Take,Japan,JP,Tochigi,JP-09,Nasu-shiobara Shi,"Hiruga Take (Hiruga Take) is a named mountains location in Nasu-shiobara Shi, Tochigi, Japan.",Adventure spots|Natural spots,Mountains,Natural landform,Drivable,37.03817,139.79362,2141,2482,No,Late spring; Summer; Autumn,images/JP-GN-9006915,,,
JP-GN-9190637,Hosho San,Japan,JP,Tochigi,JP-09,Sano Shi,"Hosho San (Hōshō San) is a named mountains location in Sano Shi, Tochigi, Japan.",Adventure spots|Natural spots,Mountains,Natural landform,Drivable,36.56508,139.4724,1141,2483,No,Late spring; Summer; Autumn,images/JP-GN-9190637,,,
JP-GN-9190635,Jizo Dake,Japan,JP,Tochigi,JP-09,Kanuma Shi,"Jizo Dake (Jizō Dake) is a named mountains location in Kanuma Shi, Tochigi, Japan.",Adventure spots|Natural spots,Mountains,Natural landform,Drivable,36.60918,139.46504,1249,2484,No,Late spring; Summer; Autumn,images/JP-GN-9190635,,,
JP-GN-1859571,Keicho-zan,Japan,JP,Tochigi,JP-09,Nikko-shi,"Keicho-zan (Keichō-zan) is a named mountains location in Nikko-shi, Tochigi, Japan.",Adventure spots|Natural spots,Mountains,Natural landform,Drivable,36.90315,139.76563,1639,2485,No,Late spring; Summer; Autumn,images/JP-GN-1859571,,,
JP-GN-1859542,Kesamaru Yama,Japan,JP,Tochigi,JP-09,Nikko-shi,"Kesamaru Yama (Kesamaru Yama) is a named mountains location in Nikko-shi, Tochigi, Japan.",Adventure spots|Natural spots,Mountains,Natural landform,Drivable,36.62829,139.32986,1833,2486,No,Late spring; Summer; Autumn,images/JP-GN-1859542,,,
JP-GN-1858917,Ko-manago-yama,Japan,JP,Tochigi,JP-09,Nikko-shi,"Ko-manago-yama (Ko-manago-yama) is a named mountains location in Nikko-shi, Tochigi, Japan.",Adventure spots|Natural spots,Mountains,Natural landform,Drivable,36.80551,139.51097,2261,2487,No,Late spring; Summer; Autumn,images/JP-GN-1858917,,,
JP-GN-1858778,Konsei Zan,Japan,JP,Tochigi,JP-09,Nikko-shi,"Konsei Zan (Konsei Zan) is a named mountains location in Nikko-shi, Tochigi, Japan.",Adventure spots|Natural spots,Mountains,Natural landform,Drivable,36.81439,139.39112,2216,2488,No,Late spring; Summer; Autumn,images/JP-GN-1858778,,,
JP-GN-1858214,Kuroiwa Yama,Japan,JP,Tochigi,JP-09,Nikko-shi,"Kuroiwa Yama (Kuroiwa Yama) is a named mountains location in Nikko-shi, Tochigi, Japan.",Adventure spots|Natural spots,Mountains,Natural landform,Drivable,36.90867,139.39415,2130,2489,No,Late spring; Summer; Autumn,images/JP-GN-1858214,,,
JP-GN-1857830,Maeguro-yama,Japan,JP,Tochigi,JP-09,Nasu-shiobara Shi,"Maeguro-yama (Maeguro-yama) is a named mountains location in Nasu-shiobara Shi, Tochigi, Japan.",Adventure spots|Natural spots,Mountains,Natural landform,Drivable,36.93013,139.78241,1659,2490,No,Late spring; Summer; Autumn,images/JP-GN-1857830,,,
JP-GN-1857743,Makihata-yama,Japan,JP,Tochigi,JP-09,Nasu-shiobara Shi,"Makihata-yama (Makihata-yama) is a named mountains location in Nasu-shiobara Shi, Tochigi, Japan.",Adventure spots|Natural spots,Mountains,Natural landform,Drivable,36.98333,139.96667,391,2491,No,Late spring; Summer; Autumn,images/JP-GN-1857743,,,
JP-GN-9190638,Maruiwa Dake,Japan,JP,Tochigi,JP-09,Sano Shi,"Maruiwa Dake (Maruiwa Dake) is a named mountains location in Sano Shi, Tochigi, Japan.",Adventure spots|Natural spots,Mountains,Natural landform,Drivable,36.53034,139.45344,1095,2492,No,Late spring; Summer; Autumn,images/JP-GN-9190638,,,
JP-GN-9006636,Minamigas San,Japan,JP,Tochigi,JP-09,Nasu-gun,"Minamigas San (Minamigas San) is a named mountains location in Nasu-gun, Tochigi, Japan.",Adventure spots|Natural spots,Mountains,Natural landform,Drivable,37.10979,139.95878,1735,2493,No,Late spring; Summer; Autumn,images/JP-GN-9006636,,,
JP-GN-1855627,Nantai San,Japan,JP,Tochigi,JP-09,Umagaeshi,"Nantai San (Nantai San) is a named mountains location in Umagaeshi, Tochigi, Japan.",Adventure spots|Natural spots,Mountains,Natural landform,Drivable,36.768,139.48741,2486,2494,No,Late spring; Summer; Autumn,images/JP-GN-1855627,,,
JP-GN-1855392,Nikko-kokuritsu-koen,Japan,JP,Tochigi,JP-09,Nikko-shi,"Nikko-kokuritsu-koen (Nikkō-kokuritsu-kōen) is a named parks location in Nikko-shi, Tochigi, Japan.",Natural spots,Parks,Public park or protected area,Drivable,36.91667,139.75,1392,2495,No,Spring; Summer; Autumn,images/JP-GN-1855392,,,
JP-GN-2113094,Ara-kawa,Japan,JP,Tochigi,JP-09,Minami-mukada,"Ara-kawa (Ara-kawa) is a named rivers location in Minami-mukada, Tochigi, Japan.",Natural spots,Rivers,Watercourse,Drivable,36.61868,140.16271,66,2496,No,Spring; Summer; Autumn,images/JP-GN-2113094,,,
JP-GN-1864410,Daiya-gawa,Japan,JP,Tochigi,JP-09,Funyu,"Daiya-gawa (Daiya-gawa) is a named rivers location in Funyu, Tochigi, Japan.",Natural spots,Rivers,Watercourse,Drivable,36.75623,139.7734,268,2497,No,Spring; Summer; Autumn,images/JP-GN-1864410,,,
JP-GN-1863843,Furu-daiya-gawa,Japan,JP,Tochigi,JP-09,Takatoku,"Furu-daiya-gawa (Furu-daiya-gawa) is a named rivers location in Takatoku, Tochigi, Japan.",Natural spots,Rivers,Watercourse,Drivable,36.76759,139.7318,292,2498,No,Spring; Summer; Autumn,images/JP-GN-1863843,,,
JP-GN-2112689,Hoki-gawa,Japan,JP,Tochigi,JP-09,Ogawa,"Hoki-gawa (Hōki-gawa) is a named rivers location in Ogawa, Tochigi, Japan.",Natural spots,Rivers,Watercourse,Drivable,36.78286,140.13156,111,2499,No,Spring; Summer; Autumn,images/JP-GN-2112689,,,
JP-GN-9006913,Kinomata Gawa,Japan,JP,Tochigi,JP-09,Itamuro,"Kinomata Gawa (Kinomata Gawa) is a named rivers location in Itamuro, Tochigi, Japan.",Natural spots,Rivers,Watercourse,Drivable,37.05104,139.93942,502,2500,No,Spring; Summer; Autumn,images/JP-GN-9006913,,,
JP-GN-1858205,Kuro-kawa,Japan,JP,Tochigi,JP-09,Mibu,"Kuro-kawa (Kuro-kawa) is a named rivers location in Mibu, Tochigi, Japan.",Natural spots,Rivers,Watercourse,Drivable,36.40241,139.79698,48,2501,No,Spring; Summer; Autumn,images/JP-GN-1858205,,,
JP-GN-2112075,Kuro-kawa,Japan,JP,Tochigi,JP-09,Nabekake,"Kuro-kawa (Kuro-kawa) is a named rivers location in Nabekake, Tochigi, Japan.",Natural spots,Rivers,Watercourse,Drivable,36.93333,140.13333,218,2502,No,Spring; Summer; Autumn,images/JP-GN-2112075,,,
JP-GN-1855695,Name-kawa,Japan,JP,Tochigi,JP-09,Kanuma,"Name-kawa (Name-kawa) is a named rivers location in Kanuma, Tochigi, Japan.",Natural spots,Rivers,Watercourse,Drivable,36.5907,139.74007,159,2503,No,Spring; Summer; Autumn,images/JP-GN-1855695,,,
JP-GN-1854454,Ojika-gawa,Japan,JP,Tochigi,JP-09,Kawaji,"Ojika-gawa (Ojika-gawa) is a named rivers location in Kawaji, Tochigi, Japan.",Natural spots,Rivers,Watercourse,Drivable,36.89285,139.70475,476,2504,No,Spring; Summer; Autumn,images/JP-GN-1854454,,,
JP-GN-1854115,Omoi-gawa,Japan,JP,Tochigi,JP-09,Heya,"Omoi-gawa (Omoi-gawa) is a named rivers location in Heya, Tochigi, Japan.",Natural spots,Rivers,Watercourse,Drivable,36.22022,139.69822,15,2505,No,Spring; Summer; Autumn,images/JP-GN-1854115,,,
JP-GN-2111252,Sabi-kawa,Japan,JP,Tochigi,JP-09,Chikasono,"Sabi-kawa (Sabi-kawa) is a named rivers location in Chikasono, Tochigi, Japan.",Natural spots,Rivers,Watercourse,Drivable,36.81232,140.05419,145,2506,No,Spring; Summer; Autumn,images/JP-GN-2111252,,,
JP-GN-1849459,Uchino Umi,Japan,JP,Tokushima,JP-36,Narutocho-mitsuishi,"Uchino Umi (Uchino Umi) is a named lakes location in Narutocho-mitsuishi, Tokushima, Japan.",Natural spots,Lakes,Inland water body,Drivable,34.21913,134.60439,1,2507,No,Spring; Summer; Autumn,images/JP-GN-1849459,,,
JP-GN-8631768,Akagio Yama,Japan,JP,Tokushima,JP-36,Hirano,"Akagio Yama (Akagio Yama) is a named mountains location in Hirano, Tokushima, Japan.",Adventure spots|Natural spots,Mountains,Natural landform,Drivable,33.73509,134.06183,1428,2508,No,Late spring; Summer; Autumn,images/JP-GN-8631768,,,
JP-GN-8635391,Asahiga Maru,Japan,JP,Tokushima,JP-36,Katsuura Gun,"Asahiga Maru (Asahiga Maru) is a named mountains location in Katsuura Gun, Tokushima, Japan.",Adventure spots|Natural spots,Mountains,Natural landform,Drivable,33.95062,134.40126,999,2509,No,Late spring; Summer; Autumn,images/JP-GN-8635391,,,
JP-GN-8634206,Doiiri Zan,Japan,JP,Tokushima,JP-36,Kaifu Gun,"Doiiri Zan (Dōiiri Zan) is a named mountains location in Kaifu Gun, Tokushima, Japan.",Adventure spots|Natural spots,Mountains,Natural landform,Drivable,33.71816,134.39298,859,2510,No,Late spring; Summer; Autumn,images/JP-GN-8634206,,,
JP-GN-8631420,Eboshi Yama,Japan,JP,Tokushima,JP-36,Miyoshi Shi,"Eboshi Yama (Eboshi Yama) is a named mountains location in Miyoshi Shi, Tokushima, Japan.",Adventure spots|Natural spots,Mountains,Natural landform,Drivable,33.91562,133.94155,1573,2511,No,Late spring; Summer; Autumn,images/JP-GN-8631420,,,
JP-GN-1863537,Gose Yama,Japan,JP,Tokushima,JP-36,Kaifu Gun,"Gose Yama (Gose Yama) is a named mountains location in Kaifu Gun, Tokushima, Japan.",Adventure spots|Natural spots,Mountains,Natural landform,Drivable,33.80474,134.54888,526,2512,No,Late spring; Summer; Autumn,images/JP-GN-1863537,,,
JP-GN-8634045,Hachiro San,Japan,JP,Tokushima,JP-36,Kaifu Gun,"Hachiro San (Hachirō San) is a named mountains location in Kaifu Gun, Tokushima, Japan.",Adventure spots|Natural spots,Mountains,Natural landform,Drivable,33.7419,134.40861,888,2513,No,Late spring; Summer; Autumn,images/JP-GN-8634045,,,
JP-GN-8634974,Hinden Maru,Japan,JP,Tokushima,JP-36,Kaifu Gun,"Hinden Maru (Hinden Maru) is a named mountains location in Kaifu Gun, Tokushima, Japan.",Adventure spots|Natural spots,Mountains,Natural landform,Drivable,33.6484,134.18372,1019,2514,No,Late spring; Summer; Autumn,images/JP-GN-8634974,,,
JP-GN-1862583,Hinomaru Yama,Japan,JP,Tokushima,JP-36,Miyoshi Shi,"Hinomaru Yama (Hinomaru Yama) is a named mountains location in Miyoshi Shi, Tokushima, Japan.",Adventure spots|Natural spots,Mountains,Natural landform,Drivable,33.97677,133.91809,1225,2515,No,Late spring; Summer; Autumn,images/JP-GN-1862583,,,
JP-GN-1861769,Ikenoko Yama,Japan,JP,Tokushima,JP-36,Naka Gun,"Ikenoko Yama (Ikenoko Yama) is a named mountains location in Naka Gun, Tokushima, Japan.",Adventure spots|Natural spots,Mountains,Natural landform,Drivable,33.71695,134.07882,1170,2516,No,Late spring; Summer; Autumn,images/JP-GN-1861769,,,
JP-GN-1860781,Kaino Yama,Japan,JP,Tokushima,JP-36,Miyoshi Shi,"Kaino Yama (Kaino Yama) is a named mountains location in Miyoshi Shi, Tokushima, Japan.",Adventure spots|Natural spots,Mountains,Natural landform,Drivable,33.94999,133.89156,1309,2517,No,Late spring; Summer; Autumn,images/JP-GN-1860781,,,
JP-GN-9197275,Kinobe Yama,Japan,JP,Tokushima,JP-36,Myozai Gun,"Kinobe Yama (Kinobe Yama) is a named mountains location in Myozai Gun, Tokushima, Japan.",Adventure spots|Natural spots,Mountains,Natural landform,Drivable,34.06661,134.46204,68,2518,No,Late spring; Summer; Autumn,images/JP-GN-9197275,,,
JP-GN-1859164,Kobe Maru,Japan,JP,Tokushima,JP-36,Naka Gun,"Kobe Maru (Kōbe Maru) is a named mountains location in Naka Gun, Tokushima, Japan.",Adventure spots|Natural spots,Mountains,Natural landform,Drivable,33.73148,134.20374,1073,2519,No,Late spring; Summer; Autumn,images/JP-GN-1859164,,,
JP-GN-8634979,Kotani Yama,Japan,JP,Tokushima,JP-36,Kaifu Gun,"Kotani Yama (Kotani Yama) is a named mountains location in Kaifu Gun, Tokushima, Japan.",Adventure spots|Natural spots,Mountains,Natural landform,Drivable,33.61901,134.26483,657,2520,No,Late spring; Summer; Autumn,images/JP-GN-8634979,,,
JP-GN-9197296,Kotsu Zan,Japan,JP,Tokushima,JP-36,Yoshinogawa Shi,"Kotsu Zan (Kōtsu Zan) is a named mountains location in Yoshinogawa Shi, Tokushima, Japan.",Adventure spots|Natural spots,Mountains,Natural landform,Drivable,34.01838,134.19658,1109,2521,No,Late spring; Summer; Autumn,images/JP-GN-9197296,,,
JP-GN-1858382,Kumoso Yama,Japan,JP,Tokushima,JP-36,Myozai Gun,"Kumoso Yama (Kumosō Yama) is a named mountains location in Myozai Gun, Tokushima, Japan.",Adventure spots|Natural spots,Mountains,Natural landform,Drivable,33.9068,134.29452,1464,2522,No,Late spring; Summer; Autumn,images/JP-GN-1858382,,,
JP-GN-1858363,Kunimi Yama,Japan,JP,Tokushima,JP-36,Miyoshi Shi,"Kunimi Yama (Kunimi Yama) is a named mountains location in Miyoshi Shi, Tokushima, Japan.",Adventure spots|Natural spots,Mountains,Natural landform,Drivable,33.90944,133.78307,1295,2523,No,Late spring; Summer; Autumn,images/JP-GN-1858363,,,
JP-GN-8631764,Maruzasa Yama,Japan,JP,Tokushima,JP-36,Miyoshi Shi,"Maruzasa Yama (Maruzasa Yama) is a named mountains location in Miyoshi Shi, Tokushima, Japan.",Adventure spots|Natural spots,Mountains,Natural landform,Drivable,33.87407,134.08991,1689,2524,No,Late spring; Summer; Autumn,images/JP-GN-8631764,,,
JP-GN-8635002,Myojin Yama,Japan,JP,Tokushima,JP-36,Kaifu Gun,"Myojin Yama (Myōjin Yama) is a named mountains location in Kaifu Gun, Tokushima, Japan.",Adventure spots|Natural spots,Mountains,Natural landform,Drivable,33.80542,134.65096,420,2525,No,Late spring; Summer; Autumn,images/JP-GN-8635002,,,
JP-GN-1856322,Myojin-dake,Japan,JP,Tokushima,JP-36,Mima Shi,"Myojin-dake (Myōjin-dake) is a named mountains location in Mima Shi, Tokushima, Japan.",Adventure spots|Natural spots,Mountains,Natural landform,Drivable,33.93333,134.16667,974,2526,No,Late spring; Summer; Autumn,images/JP-GN-1856322,,,
JP-GN-1865402,Akui Gawa,Japan,JP,Tokushima,JP-36,Minami-maegawacho,"Akui Gawa (Akui Gawa) is a named rivers location in Minami-maegawacho, Tokushima, Japan.",Natural spots,Rivers,Watercourse,Drivable,34.09601,134.53548,0,2527,No,Spring; Summer; Autumn,images/JP-GN-1865402,,,
JP-GN-8635001,Hiwasa Gawa,Japan,JP,Tokushima,JP-36,Hiwasaura,"Hiwasa Gawa (Hiwasa Gawa) is a named rivers location in Hiwasaura, Tokushima, Japan.",Natural spots,Rivers,Watercourse,Drivable,33.73067,134.54122,0,2528,No,Spring; Summer; Autumn,images/JP-GN-8635001,,,
JP-GN-1861685,Imagire Gawa,Japan,JP,Tokushima,JP-36,Kagasuno,"Imagire Gawa (Imagire Gawa) is a named rivers location in Kagasuno, Tokushima, Japan.",Natural spots,Rivers,Watercourse,Drivable,34.10519,134.60281,-9999,2529,No,Spring; Summer; Autumn,images/JP-GN-1861685,,,
JP-GN-1861145,Iya Gawa,Japan,JP,Tokushima,JP-36,Yamashirocho-okawamochi,"Iya Gawa (Iya Gawa) is a named rivers location in Yamashirocho-okawamochi, Tokushima, Japan.",Natural spots,Rivers,Watercourse,Drivable,33.97059,133.77868,111,2530,No,Spring; Summer; Autumn,images/JP-GN-1861145,,,
JP-GN-1860804,Kaifu Gawa,Japan,JP,Tokushima,JP-36,Tomoura,"Kaifu Gawa (Kaifu Gawa) is a named rivers location in Tomoura, Tokushima, Japan.",Natural spots,Rivers,Watercourse,Drivable,33.5947,134.3621,4,2531,No,Spring; Summer; Autumn,images/JP-GN-1860804,,,
JP-GN-1857963,Kuwano Gawa,Japan,JP,Tokushima,JP-36,Tomiokacho,"Kuwano Gawa (Kuwano Gawa) is a named rivers location in Tomiokacho, Tokushima, Japan.",Natural spots,Rivers,Watercourse,Drivable,33.92371,134.66296,0,2532,No,Spring; Summer; Autumn,images/JP-GN-1857963,,,
JP-GN-1856485,Mugi Gawa,Japan,JP,Tokushima,JP-36,Mugiura,"Mugi Gawa (Mugi Gawa) is a named rivers location in Mugiura, Tokushima, Japan.",Natural spots,Rivers,Watercourse,Drivable,33.66535,134.42245,1,2533,No,Spring; Summer; Autumn,images/JP-GN-1856485,,,
JP-GN-1856338,Muya Gawa,Japan,JP,Tokushima,JP-36,Tosadomari,"Muya Gawa (Muya Gawa) is a named rivers location in Tosadomari, Tokushima, Japan.",Natural spots,Rivers,Watercourse,Drivable,34.18604,134.61779,0,2534,No,Spring; Summer; Autumn,images/JP-GN-1856338,,,
JP-GN-1855984,Naka Gawa,Japan,JP,Tokushima,JP-36,Nakagawacho-nakashima,"Naka Gawa (Naka Gawa) is a named rivers location in Nakagawacho-nakashima, Tokushima, Japan.",Natural spots,Rivers,Watercourse,Drivable,33.94274,134.69379,1,2535,No,Spring; Summer; Autumn,images/JP-GN-1855984,,,
JP-GN-9197262,Orino Gawa,Japan,JP,Tokushima,JP-36,Kitanadacho-orino,"Orino Gawa (Orino Gawa) is a named rivers location in Kitanadacho-orino, Tokushima, Japan.",Natural spots,Rivers,Watercourse,Drivable,34.22004,134.48675,3,2536,No,Spring; Summer; Autumn,images/JP-GN-9197262,,,
JP-GN-9197264,Otani Gawa,Japan,JP,Tokushima,JP-36,Matsushige,"Otani Gawa (Ōtani Gawa) is a named rivers location in Matsushige, Tokushima, Japan.",Natural spots,Rivers,Watercourse,Drivable,34.14866,134.58569,3,2537,No,Spring; Summer; Autumn,images/JP-GN-9197264,,,
JP-GN-1853316,Sadamitsu Gawa,Japan,JP,Tokushima,JP-36,Sadamitsu,"Sadamitsu Gawa (Sadamitsu Gawa) is a named rivers location in Sadamitsu, Tokushima, Japan.",Natural spots,Rivers,Watercourse,Drivable,34.04524,134.06503,46,2538,No,Spring; Summer; Autumn,images/JP-GN-1853316,,,
JP-GN-8634047,Sakashu-kito Gawa,Japan,JP,Tokushima,JP-36,Sakashu,"Sakashu-kito Gawa (Sakashū-kitō Gawa) is a named rivers location in Sakashu, Tokushima, Japan.",Natural spots,Rivers,Watercourse,Drivable,33.80397,134.3282,228,2539,No,Spring; Summer; Autumn,images/JP-GN-8634047,,,
JP-GN-1852389,Shinmachi Gawa,Japan,JP,Tokushima,JP-36,Tsudacho,"Shinmachi Gawa (Shinmachi Gawa) is a named rivers location in Tsudacho, Tokushima, Japan.",Natural spots,Rivers,Watercourse,Drivable,34.0569,134.57744,-9999,2540,No,Spring; Summer; Autumn,images/JP-GN-1852389,,,
JP-GN-1850513,Tatsue Gawa,Japan,JP,Tokushima,JP-36,Akaishicho,"Tatsue Gawa (Tatsue Gawa) is a named rivers location in Akaishicho, Tokushima, Japan.",Natural spots,Rivers,Watercourse,Drivable,33.98272,134.60671,2,2541,No,Spring; Summer; Autumn,images/JP-GN-1850513,,,
JP-GN-9199274,Umaji Gawa,Japan,JP,Tokushima,JP-36,Ikedacho-itano,"Umaji Gawa (Umaji Gawa) is a named rivers location in Ikedacho-itano, Tokushima, Japan.",Natural spots,Rivers,Watercourse,Drivable,34.01982,133.78179,93,2542,No,Spring; Summer; Autumn,images/JP-GN-9199274,,,
JP-GN-1865611,Ajiro Zaki,Japan,JP,Tokushima,JP-36,Kaifu Gun,"Ajiro Zaki (Ajiro Zaki) is a named seas and coastal areas location in Kaifu Gun, Tokushima, Japan.",Beach spots,Seas and coastal areas,Coastal feature,Drivable,33.62211,134.38479,30,2543,No,Spring; Summer; Autumn,images/JP-GN-1865611,,,
JP-GN-1865054,Asakawa Wan,Japan,JP,Tokushima,JP-36,Asakawa,"Asakawa Wan (Asakawa Wan) is a named seas and coastal areas location in Asakawa, Tokushima, Japan.",Beach spots,Seas and coastal areas,Coastal feature,Drivable,33.63333,134.38333,-9999,2544,No,Spring; Summer; Autumn,images/JP-GN-1865054,,,
JP-GN-1862336,Hyude Wan,Japan,JP,Tokushima,JP-36,Setocho-akinokami,"Hyude Wan (Hyūde Wan) is a named seas and coastal areas location in Setocho-akinokami, Tokushima, Japan.",Beach spots,Seas and coastal areas,Coastal feature,Drivable,34.22627,134.56806,-9999,2545,No,Spring; Summer; Autumn,images/JP-GN-1862336,,,
JP-GN-1860124,Kanokubi Misaki,Japan,JP,Tokushima,JP-36,Kaifu Gun,"Kanokubi Misaki (Kanokubi Misaki) is a named seas and coastal areas location in Kaifu Gun, Tokushima, Japan.",Beach spots,Seas and coastal areas,Coastal feature,Drivable,33.78308,134.64041,3,2546,No,Spring; Summer; Autumn,images/JP-GN-1860124,,,
JP-GN-1858899,Komatsushima Wan,Japan,JP,Tokushima,JP-36,Motonei,"Komatsushima Wan (Komatsushima Wan) is a named seas and coastal areas location in Motonei, Tokushima, Japan.",Beach spots,Seas and coastal areas,Coastal feature,Drivable,34.00846,134.61093,-9999,2547,No,Spring; Summer; Autumn,images/JP-GN-1858899,,,
JP-GN-1853890,O Saki,Japan,JP,Tokushima,JP-36,Tokushima Shi,"O Saki (Ō Saki) is a named seas and coastal areas location in Tokushima Shi, Tokushima, Japan.",Beach spots,Seas and coastal areas,Coastal feature,Drivable,34.034,134.59427,37,2548,No,Spring; Summer; Autumn,images/JP-GN-1853890,,,
JP-GN-1854114,Omoi Zaki,Japan,JP,Tokushima,JP-36,Naruto-shi,"Omoi Zaki (Omoi Zaki) is a named seas and coastal areas location in Naruto-shi, Tokushima, Japan.",Beach spots,Seas and coastal areas,Coastal feature,Drivable,34.24943,134.614,34,2549,No,Spring; Summer; Autumn,images/JP-GN-1854114,,,
JP-GN-1848998,Wadano Hana,Japan,JP,Tokushima,JP-36,Komatsushima Shi,"Wadano Hana (Wadano Hana) is a named seas and coastal areas location in Komatsushima Shi, Tokushima, Japan.",Beach spots,Seas and coastal areas,Coastal feature,Drivable,33.99961,134.6374,5,2550,No,Spring; Summer; Autumn,images/JP-GN-1848998,,,
JP-GN-10038389,Chidoriga Hama,Japan,JP,Tokyo,JP-13,Ogasawara Shicho,"Chidoriga Hama (Chidoriga Hama) is a named beaches location in Ogasawara Shicho, Tokyo, Japan.",Beach spots,Beaches,Coastal recreation area,Drivable,24.77013,141.29366,0,2551,No,Summer,images/JP-GN-10038389,,,
JP-GN-10038391,Hinode Hama,Japan,JP,Tokyo,JP-13,Ogasawara Shicho,"Hinode Hama (Hinode Hama) is a named beaches location in Ogasawara Shicho, Tokyo, Japan.",Beach spots,Beaches,Coastal recreation area,Drivable,24.78866,141.34438,2,2552,No,Summer,images/JP-GN-10038391,,,
JP-GN-10035815,Minami Hama,Japan,JP,Tokyo,JP-13,Ogasawara,"Minami Hama (Minami Hama) is a named beaches location in Ogasawara, Tokyo, Japan.",Beach spots,Beaches,Coastal recreation area,Drivable,27.68155,142.13498,7,2553,No,Summer,images/JP-GN-10035815,,,
JP-GN-10038390,Okina Hama,Japan,JP,Tokyo,JP-13,Ogasawara Shicho,"Okina Hama (Okina Hama) is a named beaches location in Ogasawara Shicho, Tokyo, Japan.",Beach spots,Beaches,Coastal recreation area,Drivable,24.76136,141.30879,11,2554,No,Summer,images/JP-GN-10038390,,,
JP-GN-1854203,Okutama-ko,Japan,JP,Tokyo,JP-13,Nippara,"Okutama-ko (Okutama-ko) is a named lakes location in Nippara, Tokyo, Japan.",Natural spots,Lakes,Inland water body,Drivable,35.78,139.03417,518,2555,No,Spring; Summer; Autumn,images/JP-GN-1854203,,,
JP-GN-2110980,Sodonasaka-ura,Japan,JP,Tokyo,JP-13,Higashi,"Sodonasaka-ura (Sodonasaka-ura) is a named lakes location in Higashi, Tokyo, Japan.",Natural spots,Lakes,Inland water body,Drivable,25.91667,140.6,-9999,2556,No,Spring; Summer; Autumn,images/JP-GN-2110980,,,
JP-GN-10903387,Edojo Ato,Japan,JP,Tokyo,JP-13,Chiyoda-ku,"Edojo Ato (Edojō Ato) is a named monuments location in Chiyoda-ku, Tokyo, Japan.",Historical spots,Monuments,Public historic site or monument,Drivable,35.68668,139.74991,29,2557,No,Year-round,images/JP-GN-10903387,,,
JP-GN-12038308,Hookaku,Japan,JP,Tokyo,JP-13,Kamiikedai,"Hookaku (Hōōkaku) is a named monuments location in Kamiikedai, Tokyo, Japan.",Historical spots,Monuments,Public historic site or monument,Drivable,35.60211,139.69227,28,2558,No,Year-round,images/JP-GN-12038308,,,
JP-GN-2113072,Asahi Yama,Japan,JP,Tokyo,JP-13,Aogashima,"Asahi Yama (Asahi Yama) is a named mountains location in Aogashima, Tokyo, Japan.",Adventure spots|Natural spots,Mountains,Natural landform,Drivable,30.48595,140.30777,336,2559,No,Late spring; Summer; Autumn,images/JP-GN-2113072,,,
JP-GN-10865640,Atago Yama,Japan,JP,Tokyo,JP-13,Minato-ku,"Atago Yama (Atago Yama) is a named mountains location in Minato-ku, Tokyo, Japan.",Adventure spots|Natural spots,Mountains,Natural landform,Drivable,35.66479,139.74879,27,2560,No,Late spring; Summer; Autumn,images/JP-GN-10865640,,,
JP-GN-2113988,Byobu Yama,Japan,JP,Tokyo,JP-13,Ogasawara Shicho,"Byobu Yama (Byōbu Yama) is a named mountains location in Ogasawara Shicho, Tokyo, Japan.",Adventure spots|Natural spots,Mountains,Natural landform,Drivable,27.62803,142.18348,57,2561,No,Late spring; Summer; Autumn,images/JP-GN-2113988,,,
JP-GN-2113495,Chibusa Yama,Japan,JP,Tokyo,JP-13,Ogasawara Shicho,"Chibusa Yama (Chibusa Yama) is a named mountains location in Ogasawara Shicho, Tokyo, Japan.",Adventure spots|Natural spots,Mountains,Natural landform,Drivable,26.65918,142.16134,436,2562,No,Late spring; Summer; Autumn,images/JP-GN-2113495,,,
JP-GN-2113738,Chuo Zan,Japan,JP,Tokyo,JP-13,Ogasawara Shicho,"Chuo Zan (Chūō Zan) is a named mountains location in Ogasawara Shicho, Tokyo, Japan.",Adventure spots|Natural spots,Mountains,Natural landform,Drivable,27.07337,142.21692,245,2563,No,Late spring; Summer; Autumn,images/JP-GN-2113738,,,
JP-GN-1863508,Gozen-yama,Japan,JP,Tokyo,JP-13,Nishitama-gun,"Gozen-yama (Gozen-yama) is a named mountains location in Nishitama-gun, Tokyo, Japan.",Adventure spots|Natural spots,Mountains,Natural landform,Drivable,35.76667,139.08333,1271,2564,No,Late spring; Summer; Autumn,images/JP-GN-1863508,,,
JP-GN-2113511,Heisuke Yama,Japan,JP,Tokyo,JP-13,Ogasawara Shicho,"Heisuke Yama (Heisuke Yama) is a named mountains location in Ogasawara Shicho, Tokyo, Japan.",Adventure spots|Natural spots,Mountains,Natural landform,Drivable,26.61117,142.18091,66,2565,No,Late spring; Summer; Autumn,images/JP-GN-2113511,,,
JP-GN-1862712,Higashi Yama,Japan,JP,Tokyo,JP-13,Hachijo Shicho,"Higashi Yama (Higashi Yama) is a named mountains location in Hachijo Shicho, Tokyo, Japan.",Adventure spots|Natural spots,Mountains,Natural landform,Drivable,33.09215,139.81181,560,2566,No,Late spring; Summer; Autumn,images/JP-GN-1862712,,,
JP-GN-2113481,Higashi Yama,Japan,JP,Tokyo,JP-13,Ogasawara Shicho,"Higashi Yama (Higashi Yama) is a named mountains location in Ogasawara Shicho, Tokyo, Japan.",Adventure spots|Natural spots,Mountains,Natural landform,Drivable,26.69982,142.14961,245,2567,No,Late spring; Summer; Autumn,images/JP-GN-2113481,,,
JP-GN-6324651,Hinode-san,Japan,JP,Tokyo,JP-13,Ome-shi,"Hinode-san (Hinode-san) is a named mountains location in Ome-shi, Tokyo, Japan.",Adventure spots|Natural spots,Mountains,Natural landform,Drivable,35.78121,139.16746,880,2568,No,Late spring; Summer; Autumn,images/JP-GN-6324651,,,
JP-GN-10035821,Hirone Yama,Japan,JP,Tokyo,JP-13,Ogasawara Shicho,"Hirone Yama (Hirone Yama) is a named mountains location in Ogasawara Shicho, Tokyo, Japan.",Adventure spots|Natural spots,Mountains,Natural landform,Drivable,27.1786,142.18976,156,2569,No,Late spring; Summer; Autumn,images/JP-GN-10035821,,,
JP-GN-10026194,Io Yama,Japan,JP,Tokyo,JP-13,Aogashima,"Io Yama (Iō Yama) is a named mountains location in Aogashima, Tokyo, Japan.",Adventure spots|Natural spots,Mountains,Natural landform,Drivable,30.48389,140.30283,351,2570,No,Late spring; Summer; Autumn,images/JP-GN-10026194,,,
JP-GN-2113561,Kamaaoi-yama,Japan,JP,Tokyo,JP-13,Ogasawara Shicho,"Kamaaoi-yama (Kamaaoi-yama) is a named mountains location in Ogasawara Shicho, Tokyo, Japan.",Adventure spots|Natural spots,Mountains,Natural landform,Drivable,26.56722,142.23056,53,2571,No,Late spring; Summer; Autumn,images/JP-GN-2113561,,,
JP-GN-1859665,Kawanori-yama,Japan,JP,Tokyo,JP-13,Nishitama-gun,"Kawanori-yama (Kawanori-yama) is a named mountains location in Nishitama-gun, Tokyo, Japan.",Adventure spots|Natural spots,Mountains,Natural landform,Drivable,35.85,139.10694,1363,2572,No,Late spring; Summer; Autumn,images/JP-GN-1859665,,,
JP-GN-2113499,Kensaki Yama,Japan,JP,Tokyo,JP-13,Ogasawara Shicho,"Kensaki Yama (Kensaki Yama) is a named mountains location in Ogasawara Shicho, Tokyo, Japan.",Adventure spots|Natural spots,Mountains,Natural landform,Drivable,26.64755,142.16819,194,2573,No,Late spring; Summer; Autumn,images/JP-GN-2113499,,,
JP-GN-2113560,Kenzaka-yama,Japan,JP,Tokyo,JP-13,Ogasawara Shicho,"Kenzaka-yama (Kenzaka-yama) is a named mountains location in Ogasawara Shicho, Tokyo, Japan.",Adventure spots|Natural spots,Mountains,Natural landform,Drivable,26.56667,142.23056,26,2574,No,Late spring; Summer; Autumn,images/JP-GN-2113560,,,
JP-GN-2113512,Ko Fuji,Japan,JP,Tokyo,JP-13,Ogasawara Shicho,"Ko Fuji (Ko Fuji) is a named mountains location in Ogasawara Shicho, Tokyo, Japan.",Adventure spots|Natural spots,Mountains,Natural landform,Drivable,26.60861,142.17818,38,2575,No,Late spring; Summer; Autumn,images/JP-GN-2113512,,,
JP-GN-1858381,Kumotori-yama,Japan,JP,Tokyo,JP-13,Nishitama-gun,"Kumotori-yama (Kumotori-yama) is a named mountains location in Nishitama-gun, Tokyo, Japan.",Adventure spots|Natural spots,Mountains,Natural landform,Drivable,35.85,138.95,2017,2576,No,Late spring; Summer; Autumn,images/JP-GN-1858381,,,
JP-GN-2113749,Kuwanoki Yama,Japan,JP,Tokyo,JP-13,Ogasawara Shicho,"Kuwanoki Yama (Kuwanoki Yama) is a named mountains location in Ogasawara Shicho, Tokyo, Japan.",Adventure spots|Natural spots,Mountains,Natural landform,Drivable,27.07435,142.21689,267,2577,No,Late spring; Summer; Autumn,images/JP-GN-2113749,,,
JP-GN-11010206,Akatsuka Koen,Japan,JP,Tokyo,JP-13,Itabashi-ku,"Akatsuka Koen (Akatsuka Kōen) is a named parks location in Itabashi-ku, Tokyo, Japan.",Natural spots,Parks,Public park or protected area,Drivable,35.78493,139.65645,8,2578,No,Spring; Summer; Autumn,images/JP-GN-11010206,,,
JP-GN-8504830,Aoyama park,Japan,JP,Tokyo,JP-13,Minato-ku,"Aoyama park (Aoyama park) is a named parks location in Minato-ku, Tokyo, Japan.",Natural spots,Parks,Public park or protected area,Drivable,35.66354,139.72468,32,2579,No,Spring; Summer; Autumn,images/JP-GN-8504830,,,
JP-GN-10962321,Ariake Tennis no Mori Koen,Japan,JP,Tokyo,JP-13,Koto-ku,"Ariake Tennis no Mori Koen (Ariake Tennis no Mori Kōen) is a named parks location in Koto-ku, Tokyo, Japan.",Natural spots,Parks,Public park or protected area,Drivable,35.63531,139.78817,3,2580,No,Spring; Summer; Autumn,images/JP-GN-10962321,,,
JP-GN-8504829,Arisugawa park,Japan,JP,Tokyo,JP-13,Minato-ku,"Arisugawa park (Arisugawa park) is a named parks location in Minato-ku, Tokyo, Japan.",Natural spots,Parks,Public park or protected area,Drivable,35.65201,139.72562,36,2581,No,Spring; Summer; Autumn,images/JP-GN-8504829,,,
JP-GN-11010170,Asukayama Koen,Japan,JP,Tokyo,JP-13,Kita-ku,"Asukayama Koen (Asukayama Kōen) is a named parks location in Kita-ku, Tokyo, Japan.",Natural spots,Parks,Public park or protected area,Drivable,35.75074,139.73848,19,2582,No,Spring; Summer; Autumn,images/JP-GN-11010170,,,
JP-GN-7113950,Futakotamagawa Sports Ground,Japan,JP,Tokyo,JP-13,Setagaya-ku,"Futakotamagawa Sports Ground (Futakotamagawa Sports Ground) is a named parks location in Setagaya-ku, Tokyo, Japan.",Natural spots,Parks,Public park or protected area,Drivable,35.61518,139.61725,6,2583,No,Spring; Summer; Autumn,images/JP-GN-7113950,,,
JP-GN-10865104,Haginaka Koen,Japan,JP,Tokyo,JP-13,Ota-ku,"Haginaka Koen (Haginaka Kōen) is a named parks location in Ota-ku, Tokyo, Japan.",Natural spots,Parks,Public park or protected area,Drivable,35.55007,139.73788,6,2584,No,Spring; Summer; Autumn,images/JP-GN-10865104,,,
JP-GN-12149536,Hamacho Koen,Japan,JP,Tokyo,JP-13,Nihonbashi-hamacho,"Hamacho Koen (Hamachō Kōen) is a named parks location in Nihonbashi-hamacho, Tokyo, Japan.",Natural spots,Parks,Public park or protected area,Drivable,35.68788,139.78873,12,2585,No,Spring; Summer; Autumn,images/JP-GN-12149536,,,
JP-GN-10866863,Hanegi Koen,Japan,JP,Tokyo,JP-13,Setagaya-ku,"Hanegi Koen (Hanegi Kōen) is a named parks location in Setagaya-ku, Tokyo, Japan.",Natural spots,Parks,Public park or protected area,Drivable,35.65874,139.65514,47,2586,No,Spring; Summer; Autumn,images/JP-GN-10866863,,,
JP-GN-10865198,Heiwanomori Koen,Japan,JP,Tokyo,JP-13,Ota-ku,"Heiwanomori Koen (Heiwanomori Kōen) is a named parks location in Ota-ku, Tokyo, Japan.",Natural spots,Parks,Public park or protected area,Drivable,35.58106,139.73929,8,2587,No,Spring; Summer; Autumn,images/JP-GN-10865198,,,
JP-GN-8504824,Hibiya park,Japan,JP,Tokyo,JP-13,Chiyoda-ku,"Hibiya park (Hibiya park) is a named parks location in Chiyoda-ku, Tokyo, Japan.",Natural spots,Parks,Public park or protected area,Drivable,35.67487,139.75654,-1,2588,No,Spring; Summer; Autumn,images/JP-GN-8504824,,,
JP-GN-7303700,Higashi Kanamachi sports park,Japan,JP,Tokyo,JP-13,Katsushika Ku,"Higashi Kanamachi sports park (Higashi Kanamachi sports park) is a named parks location in Katsushika Ku, Tokyo, Japan.",Natural spots,Parks,Public park or protected area,Drivable,35.78147,139.88747,1,2589,No,Spring; Summer; Autumn,images/JP-GN-7303700,,,
JP-GN-11778517,Hikarigaoka Koen,Japan,JP,Tokyo,JP-13,Nerima-ku,"Hikarigaoka Koen (Hikarigaoka Kōen) is a named parks location in Nerima-ku, Tokyo, Japan.",Natural spots,Parks,Public park or protected area,Drivable,35.76687,139.62988,39,2590,No,Spring; Summer; Autumn,images/JP-GN-11778517,,,
JP-GN-12037942,Honmonji Koen,Japan,JP,Tokyo,JP-13,Minamimagome,"Honmonji Koen (Honmonji Kōen) is a named parks location in Minamimagome, Tokyo, Japan.",Natural spots,Parks,Public park or protected area,Drivable,35.57909,139.7071,22,2591,No,Spring; Summer; Autumn,images/JP-GN-12037942,,,
JP-GN-7115998,Hyogo Island Park,Japan,JP,Tokyo,JP-13,Setagaya-ku,"Hyogo Island Park (Hyogo Island Park) is a named parks location in Setagaya-ku, Tokyo, Japan.",Natural spots,Parks,Public park or protected area,Drivable,35.61184,139.62382,10,2592,No,Spring; Summer; Autumn,images/JP-GN-7115998,,,
JP-GN-12037967,Ikegami Baien Koen,Japan,JP,Tokyo,JP-13,Nakaikegami,"Ikegami Baien Koen (Ikegami Baien Kōen) is a named parks location in Nakaikegami, Tokyo, Japan.",Natural spots,Parks,Public park or protected area,Drivable,35.58114,139.70297,14,2593,No,Spring; Summer; Autumn,images/JP-GN-12037967,,,
JP-GN-8572826,Inokashira Koen,Japan,JP,Tokyo,JP-13,Musashino-shi,"Inokashira Koen (Inokashira Kōen) is a named parks location in Musashino-shi, Tokyo, Japan.",Natural spots,Parks,Public park or protected area,Drivable,35.70018,139.57413,60,2594,No,Spring; Summer; Autumn,images/JP-GN-8572826,,,
JP-GN-10866986,Jindai Shokubutsu Koen,Japan,JP,Tokyo,JP-13,Chofu-shi,"Jindai Shokubutsu Koen (Jindai Shokubutsu Kōen) is a named parks location in Chofu-shi, Tokyo, Japan.",Natural spots,Parks,Public park or protected area,Drivable,35.67081,139.5491,66,2595,No,Spring; Summer; Autumn,images/JP-GN-10866986,,,
JP-GN-12150099,Jingudori Koen,Japan,JP,Tokyo,JP-13,Udagawacho,"Jingudori Koen (Jingūdōri Kōen) is a named parks location in Udagawacho, Tokyo, Japan.",Natural spots,Parks,Public park or protected area,Drivable,35.66486,139.702,29,2596,No,Spring; Summer; Autumn,images/JP-GN-12150099,,,
JP-GN-11010246,Johokuchuo Koen,Japan,JP,Tokyo,JP-13,Nerima-ku,"Johokuchuo Koen (Jōhokuchūō Kōen) is a named parks location in Nerima-ku, Tokyo, Japan.",Natural spots,Parks,Public park or protected area,Drivable,35.75625,139.6731,35,2597,No,Spring; Summer; Autumn,images/JP-GN-11010246,,,
JP-GN-1864865,Ayase Gawa,Japan,JP,Tokyo,JP-13,Higashisumida,"Ayase Gawa (Ayase Gawa) is a named rivers location in Higashisumida, Tokyo, Japan.",Natural spots,Rivers,Watercourse,Drivable,35.72353,139.84172,-10,2598,No,Spring; Summer; Autumn,images/JP-GN-1864865,,,
JP-GN-10922476,Bunka,Japan,JP,Tokyo,JP-13,Tachibana,"Bunka (Bunka) is a named rivers location in Tachibana, Tokyo, Japan.",Natural spots,Rivers,Watercourse,Drivable,35.70927,139.82379,3,2599,No,Spring; Summer; Autumn,images/JP-GN-10922476,,,
JP-GN-10957428,Ebitori Kawa,Japan,JP,Tokyo,JP-13,Haneda-asahicho,"Ebitori Kawa (Ebitori Kawa) is a named rivers location in Haneda-asahicho, Tokyo, Japan.",Natural spots,Rivers,Watercourse,Drivable,35.54635,139.75225,4,2600,No,Spring; Summer; Autumn,images/JP-GN-10957428,,,
JP-GN-1860233,Kanda Gawa,Japan,JP,Tokyo,JP-13,Higashi-nihombashi,"Kanda Gawa (Kanda Gawa) is a named rivers location in Higashi-nihombashi, Tokyo, Japan.",Natural spots,Rivers,Watercourse,Drivable,35.69502,139.78774,11,2601,No,Spring; Summer; Autumn,images/JP-GN-1860233,,,
JP-GN-10918030,Kyunaka Gawa,Japan,JP,Tokyo,JP-13,Kitakasai,"Kyunaka Gawa (Kyūnaka Gawa) is a named rivers location in Kitakasai, Tokyo, Japan.",Natural spots,Rivers,Watercourse,Drivable,35.6828,139.84783,1,2602,No,Spring; Summer; Autumn,images/JP-GN-10918030,,,
JP-GN-10866809,Maruko Gawa,Japan,JP,Tokyo,JP-13,Unane,"Maruko Gawa (Maruko Gawa) is a named rivers location in Unane, Tokyo, Japan.",Natural spots,Rivers,Watercourse,Drivable,35.62428,139.61329,17,2603,No,Spring; Summer; Autumn,images/JP-GN-10866809,,,
JP-GN-1857421,Meguro Gawa,Japan,JP,Tokyo,JP-13,Konan,"Meguro Gawa (Meguro Gawa) is a named rivers location in Konan, Tokyo, Japan.",Natural spots,Rivers,Watercourse,Drivable,35.61856,139.75111,-1,2604,No,Spring; Summer; Autumn,images/JP-GN-1857421,,,
JP-GN-10866812,No Gawa,Japan,JP,Tokyo,JP-13,Unane,"No Gawa (No Gawa) is a named rivers location in Unane, Tokyo, Japan.",Natural spots,Rivers,Watercourse,Drivable,35.61078,139.62537,4,2605,No,Spring; Summer; Autumn,images/JP-GN-10866812,,,
JP-GN-10957430,Nomi Kawa,Japan,JP,Tokyo,JP-13,Haneda-asahicho,"Nomi Kawa (Nomi Kawa) is a named rivers location in Haneda-asahicho, Tokyo, Japan.",Natural spots,Rivers,Watercourse,Drivable,35.56078,139.75205,6,2606,No,Spring; Summer; Autumn,images/JP-GN-10957430,,,
JP-GN-10917058,Sakon Gawa,Japan,JP,Tokyo,JP-13,Higashikasai,"Sakon Gawa (Sakon Gawa) is a named rivers location in Higashikasai, Tokyo, Japan.",Natural spots,Rivers,Watercourse,Drivable,35.65009,139.88378,1,2607,No,Spring; Summer; Autumn,images/JP-GN-10917058,,,
JP-GN-10866885,Sen Kawa,Japan,JP,Tokyo,JP-13,Unane,"Sen Kawa (Sen Kawa) is a named rivers location in Unane, Tokyo, Japan.",Natural spots,Rivers,Watercourse,Drivable,35.62047,139.61247,17,2608,No,Spring; Summer; Autumn,images/JP-GN-10866885,,,
JP-GN-11010200,Shingashi Gawa,Japan,JP,Tokyo,JP-13,Iwabuchimachi,"Shingashi Gawa (Shingashi Gawa) is a named rivers location in Iwabuchimachi, Tokyo, Japan.",Natural spots,Rivers,Watercourse,Drivable,35.78393,139.73341,1,2609,No,Spring; Summer; Autumn,images/JP-GN-11010200,,,
JP-GN-10917379,Shinnaka Gawa,Japan,JP,Tokyo,JP-13,Nishimizue,"Shinnaka Gawa (Shinnaka Gawa) is a named rivers location in Nishimizue, Tokyo, Japan.",Natural spots,Rivers,Watercourse,Drivable,35.67973,139.88597,4,2610,No,Spring; Summer; Autumn,images/JP-GN-10917379,,,
JP-GN-1851453,Sumida Gawa,Japan,JP,Tokyo,JP-13,Toyomicho,"Sumida Gawa (Sumida Gawa) is a named rivers location in Toyomicho, Tokyo, Japan.",Natural spots,Rivers,Watercourse,Drivable,35.65137,139.76455,3,2611,No,Spring; Summer; Autumn,images/JP-GN-1851453,,,
JP-GN-1851320,Tachiai Gawa,Japan,JP,Tokyo,JP-13,Oi-Kaigancho,"Tachiai Gawa (Tachiai Gawa) is a named rivers location in Oi-Kaigancho, Tokyo, Japan.",Natural spots,Rivers,Watercourse,Drivable,35.59683,139.74099,8,2612,No,Spring; Summer; Autumn,images/JP-GN-1851320,,,
JP-GN-10866816,Yazawa Gawa,Japan,JP,Tokyo,JP-13,Oyamadai,"Yazawa Gawa (Yazawa Gawa) is a named rivers location in Oyamadai, Tokyo, Japan.",Natural spots,Rivers,Watercourse,Drivable,35.59752,139.64456,7,2613,No,Spring; Summer; Autumn,images/JP-GN-10866816,,,
JP-GN-1865516,Aka Saki,Japan,JP,Tokyo,JP-13,Oshima Shicho,"Aka Saki (Aka Saki) is a named seas and coastal areas location in Oshima Shicho, Tokyo, Japan.",Beach spots,Seas and coastal areas,Coastal feature,Drivable,34.24128,139.13666,2,2614,No,Spring; Summer; Autumn,images/JP-GN-1865516,,,
JP-GN-2113108,Anejima Seto,Japan,JP,Tokyo,JP-13,Kitamura,"Anejima Seto (Anejima Seto) is a named seas and coastal areas location in Kitamura, Tokyo, Japan.",Beach spots,Seas and coastal areas,Coastal feature,Drivable,26.5685,142.14744,-9999,2615,No,Spring; Summer; Autumn,images/JP-GN-2113108,,,
JP-GN-2113103,Anijima Seto,Japan,JP,Tokyo,JP-13,Ogasawara,"Anijima Seto (Anijima Seto) is a named seas and coastal areas location in Ogasawara, Tokyo, Japan.",Beach spots,Seas and coastal areas,Coastal feature,Drivable,27.10691,142.20405,71,2616,No,Spring; Summer; Autumn,images/JP-GN-2113103,,,
JP-GN-2113756,Futamata Misaki,Japan,JP,Tokyo,JP-13,Ogasawara Shicho,"Futamata Misaki (Futamata Misaki) is a named seas and coastal areas location in Ogasawara Shicho, Tokyo, Japan.",Beach spots,Seas and coastal areas,Coastal feature,Drivable,27.14397,142.19143,-9999,2617,No,Spring; Summer; Autumn,images/JP-GN-2113756,,,
JP-GN-2113500,Higashizaki Wan,Japan,JP,Tokyo,JP-13,Kitamura,"Higashizaki Wan (Higashizaki Wan) is a named seas and coastal areas location in Kitamura, Tokyo, Japan.",Beach spots,Seas and coastal areas,Coastal feature,Drivable,26.64346,142.17828,-9999,2618,No,Spring; Summer; Autumn,images/JP-GN-2113500,,,
JP-GN-2113493,Iguma Wan,Japan,JP,Tokyo,JP-13,Kitamura,"Iguma Wan (Iguma Wan) is a named seas and coastal areas location in Kitamura, Tokyo, Japan.",Beach spots,Seas and coastal areas,Coastal feature,Drivable,26.66405,142.14618,75,2619,No,Spring; Summer; Autumn,images/JP-GN-2113493,,,
JP-GN-1861673,Ima Saki,Japan,JP,Tokyo,JP-13,Miyake Shicho,"Ima Saki (Ima Saki) is a named seas and coastal areas location in Miyake Shicho, Tokyo, Japan.",Beach spots,Seas and coastal areas,Coastal feature,Drivable,34.07685,139.47561,20,2620,No,Spring; Summer; Autumn,images/JP-GN-1861673,,,
JP-GN-1861093,Izu Misaki,Japan,JP,Tokyo,JP-13,Miyake Shicho,"Izu Misaki (Izu Misaki) is a named seas and coastal areas location in Miyake Shicho, Tokyo, Japan.",Beach spots,Seas and coastal areas,Coastal feature,Drivable,34.11277,139.48992,14,2621,No,Spring; Summer; Autumn,images/JP-GN-1861093,,,
JP-GN-2113722,Kanaimi Saki,Japan,JP,Tokyo,JP-13,Ogasawara Shicho,"Kanaimi Saki (Kanaimi Saki) is a named seas and coastal areas location in Ogasawara Shicho, Tokyo, Japan.",Beach spots,Seas and coastal areas,Coastal feature,Drivable,27.10987,142.23557,-9999,2622,No,Spring; Summer; Autumn,images/JP-GN-2113722,,,
JP-GN-2113474,Kita Misaki,Japan,JP,Tokyo,JP-13,Ogasawara Shicho,"Kita Misaki (Kita Misaki) is a named seas and coastal areas location in Ogasawara Shicho, Tokyo, Japan.",Beach spots,Seas and coastal areas,Coastal feature,Drivable,26.7079,142.14114,14,2623,No,Spring; Summer; Autumn,images/JP-GN-2113474,,,
JP-GN-2113543,Kita Ura,Japan,JP,Tokyo,JP-13,Kitamura,"Kita Ura (Kita Ura) is a named seas and coastal areas location in Kitamura, Tokyo, Japan.",Beach spots,Seas and coastal areas,Coastal feature,Drivable,26.56201,142.15741,146,2624,No,Spring; Summer; Autumn,images/JP-GN-2113543,,,
JP-GN-2113735,Kominato Misaki,Japan,JP,Tokyo,JP-13,Ogasawara Shicho,"Kominato Misaki (Kominato Misaki) is a named seas and coastal areas location in Ogasawara Shicho, Tokyo, Japan.",Beach spots,Seas and coastal areas,Coastal feature,Drivable,27.06411,142.1912,9,2625,No,Spring; Summer; Autumn,images/JP-GN-2113735,,,
JP-GN-2112009,Maruberi Wan,Japan,JP,Tokyo,JP-13,Hutami,"Maruberi Wan (Maruberi Wan) is a named seas and coastal areas location in Hutami, Tokyo, Japan.",Beach spots,Seas and coastal areas,Coastal feature,Drivable,27.04192,142.20046,3,2626,No,Spring; Summer; Autumn,images/JP-GN-2112009,,,
JP-GN-2113518,Marujima Seto,Japan,JP,Tokyo,JP-13,Kitamura,"Marujima Seto (Marujima Seto) is a named seas and coastal areas location in Kitamura, Tokyo, Japan.",Beach spots,Seas and coastal areas,Coastal feature,Drivable,26.59673,142.17234,-9999,2627,No,Spring; Summer; Autumn,images/JP-GN-2113518,,,
JP-GN-2113547,Meijima Seto,Japan,JP,Tokyo,JP-13,Kitamura,"Meijima Seto (Meijima Seto) is a named seas and coastal areas location in Kitamura, Tokyo, Japan.",Beach spots,Seas and coastal areas,Coastal feature,Drivable,26.56512,142.22147,-9999,2628,No,Spring; Summer; Autumn,images/JP-GN-2113547,,,
JP-GN-10038394,Minami Zaki,Japan,JP,Tokyo,JP-13,Ogasawara Shicho,"Minami Zaki (Minami Zaki) is a named seas and coastal areas location in Ogasawara Shicho, Tokyo, Japan.",Beach spots,Seas and coastal areas,Coastal feature,Drivable,24.22532,141.45599,-9999,2629,No,Spring; Summer; Autumn,images/JP-GN-10038394,,,
JP-GN-2113751,Minamishima-seto,Japan,JP,Tokyo,JP-13,Hutami,"Minamishima-seto (Minamishima-seto) is a named seas and coastal areas location in Hutami, Tokyo, Japan.",Beach spots,Seas and coastal areas,Coastal feature,Drivable,27.02917,142.18333,-9999,2630,No,Spring; Summer; Autumn,images/JP-GN-2113751,,,
JP-GN-1858614,Koyama-ike,Japan,JP,Tottori,JP-31,Karocho,"Koyama-ike (Koyama-ike) is a named lakes location in Karocho, Tottori, Japan.",Natural spots,Lakes,Inland water body,Drivable,35.50731,134.15132,-5,2631,No,Spring; Summer; Autumn,images/JP-GN-1858614,,,
JP-GN-1850262,Togo-ike,Japan,JP,Tottori,JP-31,Matsuzaki,"Togo-ike (Tōgō-ike) is a named lakes location in Matsuzaki, Tottori, Japan.",Natural spots,Lakes,Inland water body,Drivable,35.48167,133.89101,-2,2632,No,Spring; Summer; Autumn,images/JP-GN-1850262,,,
JP-GN-1864428,Daisen,Japan,JP,Tottori,JP-31,Saihaku-gun,"Daisen (Daisen) is a named mountains location in Saihaku-gun, Tottori, Japan.",Adventure spots|Natural spots,Mountains,Natural landform,Drivable,35.37146,133.543,1729,2633,No,Late spring; Summer; Autumn,images/JP-GN-1864428,,,
JP-GN-1863606,Goen-zan,Japan,JP,Tottori,JP-31,Saihaku-gun,"Goen-zan (Gōen-zan) is a named mountains location in Saihaku-gun, Tottori, Japan.",Adventure spots|Natural spots,Mountains,Natural landform,Drivable,35.40027,133.53128,851,2634,No,Late spring; Summer; Autumn,images/JP-GN-1863606,,,
JP-GN-1863463,Hachibuse-yama,Japan,JP,Tottori,JP-31,Tohaku-gun,"Hachibuse-yama (Hachibuse-yama) is a named mountains location in Tohaku-gun, Tottori, Japan.",Adventure spots|Natural spots,Mountains,Natural landform,Drivable,35.45201,133.95021,402,2635,No,Late spring; Summer; Autumn,images/JP-GN-1863463,,,
JP-GN-8625049,Hobutsu Zan,Japan,JP,Tottori,JP-31,Hino Gun,"Hobutsu Zan (Hōbutsu Zan) is a named mountains location in Hino Gun, Tottori, Japan.",Adventure spots|Natural spots,Mountains,Natural landform,Drivable,35.235,133.46752,1005,2636,No,Late spring; Summer; Autumn,images/JP-GN-8625049,,,
JP-GN-1861599,Inazumi Yama,Japan,JP,Tottori,JP-31,Hino Gun,"Inazumi Yama (Inazumi Yama) is a named mountains location in Hino Gun, Tottori, Japan.",Adventure spots|Natural spots,Mountains,Natural landform,Drivable,35.10293,133.22826,1118,2637,No,Late spring; Summer; Autumn,images/JP-GN-1861599,,,
JP-GN-1861041,Jimbachi-yama,Japan,JP,Tottori,JP-31,Yazu-gun,"Jimbachi-yama (Jimbachi-yama) is a named mountains location in Yazu-gun, Tottori, Japan.",Adventure spots|Natural spots,Mountains,Natural landform,Drivable,35.36667,134.45,856,2638,No,Late spring; Summer; Autumn,images/JP-GN-1861041,,,
JP-GN-1860904,Kabutoga-sen,Japan,JP,Tottori,JP-31,Saihaku-gun,"Kabutoga-sen (Kabutoga-sen) is a named mountains location in Saihaku-gun, Tottori, Japan.",Adventure spots|Natural spots,Mountains,Natural landform,Drivable,35.39374,133.582,1267,2639,No,Late spring; Summer; Autumn,images/JP-GN-1860904,,,
JP-GN-8625071,Kamakura Yama,Japan,JP,Tottori,JP-31,Saihaku-gun,"Kamakura Yama (Kamakura Yama) is a named mountains location in Saihaku-gun, Tottori, Japan.",Adventure spots|Natural spots,Mountains,Natural landform,Drivable,35.26461,133.36518,608,2640,No,Late spring; Summer; Autumn,images/JP-GN-8625071,,,
JP-GN-1859410,Kirin Zan,Japan,JP,Tottori,JP-31,Hino Gun,"Kirin Zan (Kirin Zan) is a named mountains location in Hino Gun, Tottori, Japan.",Adventure spots|Natural spots,Mountains,Natural landform,Drivable,35.13333,133.28333,983,2641,No,Late spring; Summer; Autumn,images/JP-GN-1859410,,,
JP-GN-1858767,Korei Zan,Japan,JP,Tottori,JP-31,Saihaku-gun,"Korei Zan (Kōrei Zan) is a named mountains location in Saihaku-gun, Tottori, Japan.",Adventure spots|Natural spots,Mountains,Natural landform,Drivable,35.43776,133.47923,723,2642,No,Late spring; Summer; Autumn,images/JP-GN-1858767,,,
JP-GN-1851201,Kumogai Yama,Japan,JP,Tottori,JP-31,Tohaku-gun,"Kumogai Yama (Kumogai Yama) is a named mountains location in Tohaku-gun, Tottori, Japan.",Adventure spots|Natural spots,Mountains,Natural landform,Drivable,35.47125,133.79787,124,2643,No,Late spring; Summer; Autumn,images/JP-GN-1851201,,,
JP-GN-1857852,Mado Yama,Japan,JP,Tottori,JP-31,Hino Gun,"Mado Yama (Mado Yama) is a named mountains location in Hino Gun, Tottori, Japan.",Adventure spots|Natural spots,Mountains,Natural landform,Drivable,35.11622,133.16183,1017,2644,No,Late spring; Summer; Autumn,images/JP-GN-1857852,,,
JP-GN-1857300,Mikanmuri Yama,Japan,JP,Tottori,JP-31,Tohaku-gun,"Mikanmuri Yama (Mikanmuri Yama) is a named mountains location in Tohaku-gun, Tottori, Japan.",Adventure spots|Natural spots,Mountains,Natural landform,Drivable,35.48333,133.91667,89,2645,No,Late spring; Summer; Autumn,images/JP-GN-1857300,,,
JP-GN-1857252,Mikuniga-sen,Japan,JP,Tottori,JP-31,Tottori Shi,"Mikuniga-sen (Mikuniga-sen) is a named mountains location in Tottori Shi, Tottori, Japan.",Adventure spots|Natural spots,Mountains,Natural landform,Drivable,35.35,134.01667,1139,2646,No,Late spring; Summer; Autumn,images/JP-GN-1857252,,,
JP-GN-1856305,Myoken Zan,Japan,JP,Tottori,JP-31,Takashiro,"Myoken Zan (Myōken Zan) is a named mountains location in Takashiro, Tottori, Japan.",Adventure spots|Natural spots,Mountains,Natural landform,Drivable,35.10379,133.29866,706,2647,No,Late spring; Summer; Autumn,images/JP-GN-1856305,,,
JP-GN-1854219,Okura Yama,Japan,JP,Tottori,JP-31,Hino Gun,"Okura Yama (Ōkura Yama) is a named mountains location in Hino Gun, Tottori, Japan.",Adventure spots|Natural spots,Mountains,Natural landform,Drivable,35.13334,133.35615,1071,2648,No,Late spring; Summer; Autumn,images/JP-GN-1854219,,,
JP-GN-1852722,Senjo-san,Japan,JP,Tottori,JP-31,Tohaku-gun,"Senjo-san (Senjō-san) is a named mountains location in Tohaku-gun, Tottori, Japan.",Adventure spots|Natural spots,Mountains,Natural landform,Drivable,35.42884,133.59189,689,2649,No,Late spring; Summer; Autumn,images/JP-GN-1852722,,,
JP-GN-1850893,Taka-yama,Japan,JP,Tottori,JP-31,Tottori Shi,"Taka-yama (Taka-yama) is a named mountains location in Tottori Shi, Tottori, Japan.",Adventure spots|Natural spots,Mountains,Natural landform,Drivable,35.38484,134.0716,945,2650,No,Late spring; Summer; Autumn,images/JP-GN-1850893,,,
JP-GN-1850952,Takashiro-yama,Japan,JP,Tottori,JP-31,Kurayoshi Shi,"Takashiro-yama (Takashiro-yama) is a named mountains location in Kurayoshi Shi, Tottori, Japan.",Adventure spots|Natural spots,Mountains,Natural landform,Drivable,35.41667,133.75,114,2651,No,Late spring; Summer; Autumn,images/JP-GN-1850952,,,
JP-GN-1865333,Amida Gawa,Japan,JP,Tottori,JP-31,Sueyoshi,"Amida Gawa (Amida Gawa) is a named rivers location in Sueyoshi, Tottori, Japan.",Natural spots,Rivers,Watercourse,Drivable,35.49804,133.45841,3,2652,No,Spring; Summer; Autumn,images/JP-GN-1865333,,,
JP-GN-1863687,Gamo-gawa,Japan,JP,Tottori,JP-31,Ajiro,"Gamo-gawa (Gamō-gawa) is a named rivers location in Ajiro, Tottori, Japan.",Natural spots,Rivers,Watercourse,Drivable,35.5805,134.2972,2,2653,No,Spring; Summer; Autumn,images/JP-GN-1863687,,,
JP-GN-1862591,Hino Gawa,Japan,JP,Tottori,JP-31,Kaike-onsen,"Hino Gawa (Hino Gawa) is a named rivers location in Kaike-onsen, Tottori, Japan.",Natural spots,Rivers,Watercourse,Drivable,35.45665,133.37426,2,2654,No,Spring; Summer; Autumn,images/JP-GN-1862591,,,
JP-GN-1861594,Inga-gawa,Japan,JP,Tottori,JP-31,Kojinbara,"Inga-gawa (Inga-gawa) is a named rivers location in Kojinbara, Tottori, Japan.",Natural spots,Rivers,Watercourse,Drivable,35.18333,133.33333,414,2655,No,Spring; Summer; Autumn,images/JP-GN-1861594,,,
JP-GN-1859777,Katsuta-gawa,Japan,JP,Tottori,JP-31,Akasaki,"Katsuta-gawa (Katsuta-gawa) is a named rivers location in Akasaki, Tottori, Japan.",Natural spots,Rivers,Watercourse,Drivable,35.52002,133.62171,-9999,2656,No,Spring; Summer; Autumn,images/JP-GN-1859777,,,
JP-GN-1859447,Kinoe-gawa,Japan,JP,Tottori,JP-31,Mi-saki,"Kinoe-gawa (Kinoe-gawa) is a named rivers location in Mi-saki, Tottori, Japan.",Natural spots,Rivers,Watercourse,Drivable,35.53056,133.57522,-9999,2657,No,Spring; Summer; Autumn,images/JP-GN-1859447,,,
JP-GN-1859134,Kochi-gawa,Japan,JP,Tottori,JP-31,Ketakacho-hogi,"Kochi-gawa (Kōchi-gawa) is a named rivers location in Ketakacho-hogi, Tottori, Japan.",Natural spots,Rivers,Watercourse,Drivable,35.52278,134.08089,-1,2658,No,Spring; Summer; Autumn,images/JP-GN-1859134,,,
JP-GN-1859959,Kosechi Gawa,Japan,JP,Tottori,JP-31,Otani,"Kosechi Gawa (Kosechi Gawa) is a named rivers location in Otani, Tottori, Japan.",Natural spots,Rivers,Watercourse,Drivable,35.5,133.71667,5,2659,No,Spring; Summer; Autumn,images/JP-GN-1859959,,,
JP-GN-1858206,Kuro-kawa,Japan,JP,Tottori,JP-31,Akasaki,"Kuro-kawa (Kuro-kawa) is a named rivers location in Akasaki, Tottori, Japan.",Natural spots,Rivers,Watercourse,Drivable,35.51667,133.61667,8,2660,No,Spring; Summer; Autumn,images/JP-GN-1858206,,,
JP-GN-8625093,Sada Gawa,Japan,JP,Tottori,JP-31,Yodoecho-sada,"Sada Gawa (Sada Gawa) is a named rivers location in Yodoecho-sada, Tottori, Japan.",Natural spots,Rivers,Watercourse,Drivable,35.45316,133.40283,-9999,2661,No,Spring; Summer; Autumn,images/JP-GN-8625093,,,
JP-GN-1852734,Sendai-gawa,Japan,JP,Tottori,JP-31,Karocho,"Sendai-gawa (Sendai-gawa) is a named rivers location in Karocho, Tottori, Japan.",Natural spots,Rivers,Watercourse,Drivable,35.54174,134.19523,-9999,2662,No,Spring; Summer; Autumn,images/JP-GN-1852734,,,
JP-GN-1850416,Tenjin-gawa,Japan,JP,Tottori,JP-31,Egita,"Tenjin-gawa (Tenjin-gawa) is a named rivers location in Egita, Tottori, Japan.",Natural spots,Rivers,Watercourse,Drivable,35.50476,133.85462,-9999,2663,No,Spring; Summer; Autumn,images/JP-GN-1850416,,,
JP-GN-1848043,Yura-kawa,Japan,JP,Tottori,JP-31,Yura,"Yura-kawa (Yura-kawa) is a named rivers location in Yura, Tottori, Japan.",Natural spots,Rivers,Watercourse,Drivable,35.5,133.76667,6,2664,No,Spring; Summer; Autumn,images/JP-GN-1848043,,,
JP-GN-1862556,Hirada-saki,Japan,JP,Tottori,JP-31,Saihaku-gun,"Hirada-saki (Hirada-saki) is a named seas and coastal areas location in Saihaku-gun, Tottori, Japan.",Beach spots,Seas and coastal areas,Coastal feature,Drivable,35.48129,133.43331,1,2665,No,Spring; Summer; Autumn,images/JP-GN-1862556,,,
JP-GN-1857236,Mikuriya-saki,Japan,JP,Tottori,JP-31,Saihaku-gun,"Mikuriya-saki (Mikuriya-saki) is a named seas and coastal areas location in Saihaku-gun, Tottori, Japan.",Beach spots,Seas and coastal areas,Coastal feature,Drivable,35.515,133.49724,5,2666,No,Spring; Summer; Autumn,images/JP-GN-1857236,,,
JP-GN-1857314,Mino Wan,Japan,JP,Tottori,JP-31,Kamiguchi,"Mino Wan (Mino Wan) is a named seas and coastal areas location in Kamiguchi, Tottori, Japan.",Beach spots,Seas and coastal areas,Coastal feature,Drivable,35.5,133.33333,-9999,2667,No,Spring; Summer; Autumn,images/JP-GN-1857314,,,
JP-GN-1853456,Ozakai-dokutsu,Japan,JP,Toyama,JP-16,Himi Shi,"Ozakai-dokutsu (Ōzakai-dōkutsu) is a named caves location in Himi Shi, Toyama, Japan.",Natural spots,Caves,Natural cave,Drivable,36.9227,137.03023,9,2668,No,Spring; Summer; Autumn,images/JP-GN-1853456,,,
JP-GN-8663562,Masuyama Ko,Japan,JP,Toyama,JP-16,Taniguchi,"Masuyama Ko (Masuyama Ko) is a named lakes location in Taniguchi, Toyama, Japan.",Natural spots,Lakes,Inland water body,Drivable,36.65122,137.03783,48,2669,No,Spring; Summer; Autumn,images/JP-GN-8663562,,,
JP-GN-8672645,Akaotoko Yama,Japan,JP,Toyama,JP-16,Shimoniikawa Gun,"Akaotoko Yama (Akaotoko Yama) is a named mountains location in Shimoniikawa Gun, Toyama, Japan.",Adventure spots|Natural spots,Mountains,Natural landform,Drivable,36.81216,137.74526,2155,2670,No,Late spring; Summer; Autumn,images/JP-GN-8672645,,,
JP-GN-8664057,Akasobu Yama,Japan,JP,Toyama,JP-16,Nanto Shi,"Akasobu Yama (Akasobu Yama) is a named mountains location in Nanto Shi, Toyama, Japan.",Adventure spots|Natural spots,Mountains,Natural landform,Drivable,36.50488,136.96213,936,2671,No,Late spring; Summer; Autumn,images/JP-GN-8664057,,,
JP-GN-8667953,Akatan Yama,Japan,JP,Toyama,JP-16,Kurobe Shi,"Akatan Yama (Akatan Yama) is a named mountains location in Kurobe Shi, Toyama, Japan.",Adventure spots|Natural spots,Mountains,Natural landform,Drivable,36.66031,137.61091,2219,2672,No,Late spring; Summer; Autumn,images/JP-GN-8667953,,,
JP-GN-8664526,Akaushi Dake,Japan,JP,Toyama,JP-16,Toyama Shi,"Akaushi Dake (Akaushi Dake) is a named mountains location in Toyama Shi, Toyama, Japan.",Adventure spots|Natural spots,Mountains,Natural landform,Drivable,36.46128,137.60376,2815,2673,No,Late spring; Summer; Autumn,images/JP-GN-8664526,,,
JP-GN-1865456,Akazawa-dake,Japan,JP,Toyama,JP-16,Nakaniikawa Gun,"Akazawa-dake (Akazawa-dake) is a named mountains location in Nakaniikawa Gun, Toyama, Japan.",Adventure spots|Natural spots,Mountains,Natural landform,Drivable,36.56205,137.68736,2633,2674,No,Late spring; Summer; Autumn,images/JP-GN-1865456,,,
JP-GN-13416203,Asahi Dake,Japan,JP,Toyama,JP-16,Kurobe Shi,"Asahi Dake (Asahi Dake) is a named mountains location in Kurobe Shi, Toyama, Japan.",Adventure spots|Natural spots,Mountains,Natural landform,Drivable,36.75529,137.7407,2500,2675,No,Late spring; Summer; Autumn,images/JP-GN-13416203,,,
JP-GN-1865083,Asahi-dake,Japan,JP,Toyama,JP-16,Shimoniikawa Gun,"Asahi-dake (Asahi-dake) is a named mountains location in Shimoniikawa Gun, Toyama, Japan.",Adventure spots|Natural spots,Mountains,Natural landform,Drivable,36.82681,137.72993,2410,2676,No,Late spring; Summer; Autumn,images/JP-GN-1865083,,,
JP-GN-8670123,Eboshi Yama,Japan,JP,Toyama,JP-16,Kurobe Shi,"Eboshi Yama (Eboshi Yama) is a named mountains location in Kurobe Shi, Toyama, Japan.",Adventure spots|Natural spots,Mountains,Natural landform,Drivable,36.79976,137.55531,1221,2677,No,Late spring; Summer; Autumn,images/JP-GN-8670123,,,
JP-GN-8672339,Eboshi Yama,Japan,JP,Toyama,JP-16,Shimoniikawa Gun,"Eboshi Yama (Eboshi Yama) is a named mountains location in Shimoniikawa Gun, Toyama, Japan.",Adventure spots|Natural spots,Mountains,Natural landform,Drivable,36.96162,137.62261,453,2678,No,Late spring; Summer; Autumn,images/JP-GN-8672339,,,
JP-GN-8664550,Etchuzawa Dake,Japan,JP,Toyama,JP-16,Toyama Shi,"Etchuzawa Dake (Etchūzawa Dake) is a named mountains location in Toyama Shi, Toyama, Japan.",Adventure spots|Natural spots,Mountains,Natural landform,Drivable,36.50713,137.58216,2292,2679,No,Late spring; Summer; Autumn,images/JP-GN-8664550,,,
JP-GN-8674920,Fujio San,Japan,JP,Toyama,JP-16,Koiwadake,"Fujio San (Fujio San) is a named mountains location in Koiwadake, Toyama, Japan.",Adventure spots|Natural spots,Mountains,Natural landform,Drivable,36.35916,137.80888,1121,2680,No,Late spring; Summer; Autumn,images/JP-GN-8674920,,,
JP-GN-1863771,Futakami Yama,Japan,JP,Toyama,JP-16,Takaoka Shi,"Futakami Yama (Futakami Yama) is a named mountains location in Takaoka Shi, Toyama, Japan.",Adventure spots|Natural spots,Mountains,Natural landform,Drivable,36.79031,137.01828,201,2681,No,Late spring; Summer; Autumn,images/JP-GN-1863771,,,
JP-GN-8670014,Gaki Yama,Japan,JP,Toyama,JP-16,Kurobe Shi,"Gaki Yama (Gaki Yama) is a named mountains location in Kurobe Shi, Toyama, Japan.",Adventure spots|Natural spots,Mountains,Natural landform,Drivable,36.68052,137.71852,2098,2682,No,Late spring; Summer; Autumn,images/JP-GN-8670014,,,
JP-GN-8664572,Gokurakuzaka Yama,Japan,JP,Toyama,JP-16,Toyama Shi,"Gokurakuzaka Yama (Gokurakuzaka Yama) is a named mountains location in Toyama Shi, Toyama, Japan.",Adventure spots|Natural spots,Mountains,Natural landform,Drivable,36.55942,137.42999,1171,2683,No,Late spring; Summer; Autumn,images/JP-GN-8664572,,,
JP-GN-6697599,Goryuh-dake,Japan,JP,Toyama,JP-16,Kurobe Shi,"Goryuh-dake (Goryuh-dake) is a named mountains location in Kurobe Shi, Toyama, Japan.",Adventure spots|Natural spots,Mountains,Natural landform,Drivable,36.65864,137.75259,2784,2684,No,Late spring; Summer; Autumn,images/JP-GN-6697599,,,
JP-GN-8664574,Hachibuse Yama,Japan,JP,Toyama,JP-16,Toyama Shi,"Hachibuse Yama (Hachibuse Yama) is a named mountains location in Toyama Shi, Toyama, Japan.",Adventure spots|Natural spots,Mountains,Natural landform,Drivable,36.51507,137.4255,1761,2685,No,Late spring; Summer; Autumn,images/JP-GN-8664574,,,
JP-GN-8672359,Hachiga Dake,Japan,JP,Toyama,JP-16,Shimoniikawa Gun,"Hachiga Dake (Hachiga Dake) is a named mountains location in Shimoniikawa Gun, Toyama, Japan.",Adventure spots|Natural spots,Mountains,Natural landform,Drivable,36.78033,137.74892,2548,2686,No,Late spring; Summer; Autumn,images/JP-GN-8672359,,,
JP-GN-1863133,Harinoki-dake,Japan,JP,Toyama,JP-16,Nakaniikawa Gun,"Harinoki-dake (Harinoki-dake) is a named mountains location in Nakaniikawa Gun, Toyama, Japan.",Adventure spots|Natural spots,Mountains,Natural landform,Drivable,36.53723,137.6841,2749,2687,No,Late spring; Summer; Autumn,images/JP-GN-1863133,,,
JP-GN-8672374,Hatsuyuki Yama,Japan,JP,Toyama,JP-16,Shimoniikawa Gun,"Hatsuyuki Yama (Hatsuyuki Yama) is a named mountains location in Shimoniikawa Gun, Toyama, Japan.",Adventure spots|Natural spots,Mountains,Natural landform,Drivable,36.90006,137.69999,1233,2688,No,Late spring; Summer; Autumn,images/JP-GN-8672374,,,
JP-GN-8664575,Arimine Ko,Japan,JP,Toyama,JP-16,Kamegai,"Arimine Ko (Arimine Ko) is a named parks location in Kamegai, Toyama, Japan.",Natural spots,Parks,Public park or protected area,Drivable,36.47163,137.43874,1054,2689,No,Spring; Summer; Autumn,images/JP-GN-8664575,,,
JP-GN-1865267,Ao Kawa,Japan,JP,Toyama,JP-16,Ao,"Ao Kawa (Ao Kawa) is a named rivers location in Ao, Toyama, Japan.",Natural spots,Rivers,Watercourse,Drivable,36.88384,136.99461,-2,2690,No,Spring; Summer; Autumn,images/JP-GN-1865267,,,
JP-GN-1863797,Fuse Gawa,Japan,JP,Toyama,JP-16,Shinkyoden,"Fuse Gawa (Fuse Gawa) is a named rivers location in Shinkyoden, Toyama, Japan.",Natural spots,Rivers,Watercourse,Drivable,36.85777,137.41709,2,2691,No,Spring; Summer; Autumn,images/JP-GN-1863797,,,
JP-GN-1862962,Hayatsuki Gawa,Japan,JP,Toyama,JP-16,Sanga,"Hayatsuki Gawa (Hayatsuki Gawa) is a named rivers location in Sanga, Toyama, Japan.",Natural spots,Rivers,Watercourse,Drivable,36.80081,137.38316,-11,2692,No,Spring; Summer; Autumn,images/JP-GN-1862962,,,
JP-GN-8670006,Higashi Dani,Japan,JP,Toyama,JP-16,Koyanodaira,"Higashi Dani (Higashi Dani) is a named rivers location in Koyanodaira, Toyama, Japan.",Natural spots,Rivers,Watercourse,Drivable,36.64516,137.68597,935,2693,No,Spring; Summer; Autumn,images/JP-GN-8670006,,,
JP-GN-1861017,Jinzu Gawa,Japan,JP,Toyama,JP-16,Higashiiwasemachi,"Jinzu Gawa (Jinzū Gawa) is a named rivers location in Higashiiwasemachi, Toyama, Japan.",Natural spots,Rivers,Watercourse,Drivable,36.76063,137.22273,-9999,2694,No,Spring; Summer; Autumn,images/JP-GN-1861017,,,
JP-GN-1860986,Jogangi Gawa,Japan,JP,Toyama,JP-16,Mizuhashi-tsujigado,"Jogangi Gawa (Jōgangi Gawa) is a named rivers location in Mizuhashi-tsujigado, Toyama, Japan.",Natural spots,Rivers,Watercourse,Drivable,36.75713,137.29627,2,2695,No,Spring; Summer; Autumn,images/JP-GN-1860986,,,
JP-GN-8668028,Kado Kawa,Japan,JP,Toyama,JP-16,Motoshinmachi,"Kado Kawa (Kado Kawa) is a named rivers location in Motoshinmachi, Toyama, Japan.",Natural spots,Rivers,Watercourse,Drivable,36.81097,137.3936,-1,2696,No,Spring; Summer; Autumn,images/JP-GN-8668028,,,
JP-GN-1860562,Kamiichi Gawa,Japan,JP,Toyama,JP-16,Takatsuki,"Kamiichi Gawa (Kamiichi Gawa) is a named rivers location in Takatsuki, Toyama, Japan.",Natural spots,Rivers,Watercourse,Drivable,36.75828,137.31953,0,2697,No,Spring; Summer; Autumn,images/JP-GN-1860562,,,
JP-GN-1860419,Kamisho Gawa,Japan,JP,Toyama,JP-16,Himimachi,"Kamisho Gawa (Kamishō Gawa) is a named rivers location in Himimachi, Toyama, Japan.",Natural spots,Rivers,Watercourse,Drivable,36.86336,136.98906,1,2698,No,Spring; Summer; Autumn,images/JP-GN-1860419,,,
JP-GN-1859859,Katakai Gawa,Japan,JP,Toyama,JP-16,Ishida,"Katakai Gawa (Katakai Gawa) is a named rivers location in Ishida, Toyama, Japan.",Natural spots,Rivers,Watercourse,Drivable,36.8603,137.40915,2,2699,No,Spring; Summer; Autumn,images/JP-GN-1859859,,,
JP-GN-1859071,Koguchi Gawa,Japan,JP,Toyama,JP-16,Oyama-matsunoki,"Koguchi Gawa (Koguchi Gawa) is a named rivers location in Oyama-matsunoki, Toyama, Japan.",Natural spots,Rivers,Watercourse,Drivable,36.56998,137.36064,282,2700,No,Spring; Summer; Autumn,images/JP-GN-1859071,,,
JP-GN-1858524,Kubusu Gawa,Japan,JP,Toyama,JP-16,Yatsuomachi-konagatani,"Kubusu Gawa (Kubusu Gawa) is a named rivers location in Yatsuomachi-konagatani, Toyama, Japan.",Natural spots,Rivers,Watercourse,Drivable,36.58577,137.14265,66,2701,No,Spring; Summer; Autumn,images/JP-GN-1858524,,,
JP-GN-1858411,Kumano Gawa,Japan,JP,Toyama,JP-16,Kanaya,"Kumano Gawa (Kumano Gawa) is a named rivers location in Kanaya, Toyama, Japan.",Natural spots,Rivers,Watercourse,Drivable,36.67848,137.19579,0,2702,No,Spring; Summer; Autumn,images/JP-GN-1858411,,,
JP-GN-1858255,Kurobe Gawa,Japan,JP,Toyama,JP-16,Ashizaki,"Kurobe Gawa (Kurobe Gawa) is a named rivers location in Ashizaki, Toyama, Japan.",Natural spots,Rivers,Watercourse,Drivable,36.92121,137.42562,-9999,2703,No,Spring; Summer; Autumn,images/JP-GN-1858255,,,
JP-GN-1858189,Kuronagi Gawa,Japan,JP,Toyama,JP-16,Koyanodaira,"Kuronagi Gawa (Kuronagi Gawa) is a named rivers location in Koyanodaira, Toyama, Japan.",Natural spots,Rivers,Watercourse,Drivable,36.74509,137.64812,381,2704,No,Spring; Summer; Autumn,images/JP-GN-1858189,,,
JP-GN-8664128,Mizunashi Dani,Japan,JP,Toyama,JP-16,Togamura-abetto,"Mizunashi Dani (Mizunashi Dani) is a named rivers location in Togamura-abetto, Toyama, Japan.",Natural spots,Rivers,Watercourse,Drivable,36.32731,137.00415,897,2705,No,Spring; Summer; Autumn,images/JP-GN-8664128,,,
JP-GN-1856400,Muromaki Gawa,Japan,JP,Toyama,JP-16,Yamadayu,"Muromaki Gawa (Muromaki Gawa) is a named rivers location in Yamadayu, Toyama, Japan.",Natural spots,Rivers,Watercourse,Drivable,36.55861,137.09831,185,2706,No,Spring; Summer; Autumn,images/JP-GN-1856400,,,
JP-GN-1854919,Nozumi Gawa,Japan,JP,Toyama,JP-16,Yatsuomachi-higashikumisaka,"Nozumi Gawa (Nozumi Gawa) is a named rivers location in Yatsuomachi-higashikumisaka, Toyama, Japan.",Natural spots,Rivers,Watercourse,Drivable,36.57811,137.12966,85,2707,No,Spring; Summer; Autumn,images/JP-GN-1854919,,,
JP-GN-1854876,Nyu Gawa,Japan,JP,Toyama,JP-16,Yokoyama,"Nyu Gawa (Nyū Gawa) is a named rivers location in Yokoyama, Toyama, Japan.",Natural spots,Rivers,Watercourse,Drivable,36.96016,137.53138,1,2708,No,Spring; Summer; Autumn,images/JP-GN-1854876,,,
JP-GN-1854474,Oiwa Gawa,Japan,JP,Toyama,JP-16,Kakizawa,"Oiwa Gawa (Ōiwa Gawa) is a named rivers location in Kakizawa, Toyama, Japan.",Natural spots,Rivers,Watercourse,Drivable,36.68986,137.35123,21,2709,No,Spring; Summer; Autumn,images/JP-GN-1854474,,,
JP-GN-1853506,Oyabe Gawa,Japan,JP,Toyama,JP-16,Fushiki-minatomachi,"Oyabe Gawa (Oyabe Gawa) is a named rivers location in Fushiki-minatomachi, Toyama, Japan.",Natural spots,Rivers,Watercourse,Drivable,36.79419,137.06683,-9999,2710,No,Spring; Summer; Autumn,images/JP-GN-1853506,,,
JP-GN-8674964,Senjo Zawa,Japan,JP,Toyama,JP-16,Koiwadake,"Senjo Zawa (Senjō Zawa) is a named rivers location in Koiwadake, Toyama, Japan.",Natural spots,Rivers,Watercourse,Drivable,36.37553,137.66916,1596,2711,No,Spring; Summer; Autumn,images/JP-GN-8674964,,,
JP-GN-1855359,Niriga Hama,Japan,JP,Wakayama,JP-30,Wakayama Shi,"Niriga Hama (Niriga Hama) is a named beaches location in Wakayama Shi, Wakayama, Japan.",Beach spots,Beaches,Coastal recreation area,Drivable,34.25952,135.09312,46,2712,No,Summer,images/JP-GN-1855359,,,
JP-GN-1865335,Ame Yama,Japan,JP,Wakayama,JP-30,Arida-gun,"Ame Yama (Ame Yama) is a named mountains location in Arida-gun, Wakayama, Japan.",Adventure spots|Natural spots,Mountains,Natural landform,Drivable,34.12589,135.47777,827,2713,No,Late spring; Summer; Autumn,images/JP-GN-1865335,,,
JP-GN-9291808,Ame Yama,Japan,JP,Wakayama,JP-30,Kaiso-gun,"Ame Yama (Ame Yama) is a named mountains location in Kaiso-gun, Wakayama, Japan.",Adventure spots|Natural spots,Mountains,Natural landform,Drivable,34.18341,135.3645,447,2714,No,Late spring; Summer; Autumn,images/JP-GN-9291808,,,
JP-GN-1864954,Atago-yama,Japan,JP,Wakayama,JP-30,Kainan Shi,"Atago-yama (Atago-yama) is a named mountains location in Kainan Shi, Wakayama, Japan.",Adventure spots|Natural spots,Mountains,Natural landform,Drivable,34.13333,135.13333,15,2715,No,Late spring; Summer; Autumn,images/JP-GN-1864954,,,
JP-GN-1864794,Bansho-yama,Japan,JP,Wakayama,JP-30,Nishimuro-gun,"Bansho-yama (Bansho-yama) is a named mountains location in Nishimuro-gun, Wakayama, Japan.",Adventure spots|Natural spots,Mountains,Natural landform,Drivable,33.68409,135.34123,-9999,2716,No,Late spring; Summer; Autumn,images/JP-GN-1864794,,,
JP-GN-9291955,Benten Dake,Japan,JP,Wakayama,JP-30,Ito-gun,"Benten Dake (Benten Dake) is a named mountains location in Ito-gun, Wakayama, Japan.",Adventure spots|Natural spots,Mountains,Natural landform,Drivable,34.22047,135.57217,967,2717,No,Late spring; Summer; Autumn,images/JP-GN-9291955,,,
JP-GN-1864397,Daruma-yama,Japan,JP,Wakayama,JP-30,Shingu Shi,"Daruma-yama (Daruma-yama) is a named mountains location in Shingu Shi, Wakayama, Japan.",Adventure spots|Natural spots,Mountains,Natural landform,Drivable,33.71667,135.86667,853,2718,No,Late spring; Summer; Autumn,images/JP-GN-1864397,,,
JP-GN-9291645,Donarumi Yama,Japan,JP,Wakayama,JP-30,Kaiso-gun,"Donarumi Yama (Dōnarumi Yama) is a named mountains location in Kaiso-gun, Wakayama, Japan.",Adventure spots|Natural spots,Mountains,Natural landform,Drivable,34.11319,135.37458,868,2719,No,Late spring; Summer; Autumn,images/JP-GN-9291645,,,
JP-GN-1864272,Eboshi-yama,Japan,JP,Wakayama,JP-30,Shingu Shi,"Eboshi-yama (Eboshi-yama) is a named mountains location in Shingu Shi, Wakayama, Japan.",Adventure spots|Natural spots,Mountains,Natural landform,Drivable,33.7,135.9,745,2720,No,Late spring; Summer; Autumn,images/JP-GN-1864272,,,
JP-GN-1864140,Fudonto-rei,Japan,JP,Wakayama,JP-30,Tanabe Shi,"Fudonto-rei (Fudontō-rei) is a named mountains location in Tanabe Shi, Wakayama, Japan.",Adventure spots|Natural spots,Mountains,Natural landform,Drivable,33.73333,135.55,452,2721,No,Late spring; Summer; Autumn,images/JP-GN-1864140,,,
JP-GN-1863580,Gomadan Zan,Japan,JP,Wakayama,JP-30,Tanabe Shi,"Gomadan Zan (Gomadan Zan) is a named mountains location in Tanabe Shi, Wakayama, Japan.",Adventure spots|Natural spots,Mountains,Natural landform,Drivable,34.05726,135.56705,1349,2722,No,Late spring; Summer; Autumn,images/JP-GN-1863580,,,
JP-GN-9291431,Hachimaki Yama,Japan,JP,Wakayama,JP-30,Wakayama Shi,"Hachimaki Yama (Hachimaki Yama) is a named mountains location in Wakayama Shi, Wakayama, Japan.",Adventure spots|Natural spots,Mountains,Natural landform,Drivable,34.26529,135.07443,111,2723,No,Late spring; Summer; Autumn,images/JP-GN-9291431,,,
JP-GN-1863438,Hachiro-yama,Japan,JP,Wakayama,JP-30,Higashimuro-gun,"Hachiro-yama (Hachirō-yama) is a named mountains location in Higashimuro-gun, Wakayama, Japan.",Adventure spots|Natural spots,Mountains,Natural landform,Drivable,33.56667,135.88333,127,2724,No,Late spring; Summer; Autumn,images/JP-GN-1863438,,,
JP-GN-1863205,Handa-mine,Japan,JP,Wakayama,JP-30,Tanabe Shi,"Handa-mine (Handa-mine) is a named mountains location in Tanabe Shi, Wakayama, Japan.",Adventure spots|Natural spots,Mountains,Natural landform,Drivable,33.7,135.58333,410,2725,No,Late spring; Summer; Autumn,images/JP-GN-1863205,,,
JP-GN-1862916,Heisogen,Japan,JP,Wakayama,JP-30,Nishimuro-gun,"Heisogen (Heisōgen) is a named mountains location in Nishimuro-gun, Wakayama, Japan.",Adventure spots|Natural spots,Mountains,Natural landform,Drivable,33.66667,135.35,94,2726,No,Late spring; Summer; Autumn,images/JP-GN-1862916,,,
JP-GN-1862861,Hiehata-toge,Japan,JP,Wakayama,JP-30,Nishimuro-gun,"Hiehata-toge (Hiehata-tōge) is a named mountains location in Nishimuro-gun, Wakayama, Japan.",Adventure spots|Natural spots,Mountains,Natural landform,Drivable,33.7,135.41667,13,2727,No,Late spring; Summer; Autumn,images/JP-GN-1862861,,,
JP-GN-9291669,Higashidani Yama,Japan,JP,Wakayama,JP-30,Arida-gun,"Higashidani Yama (Higashidani Yama) is a named mountains location in Arida-gun, Wakayama, Japan.",Adventure spots|Natural spots,Mountains,Natural landform,Drivable,34.01493,135.40099,916,2728,No,Late spring; Summer; Autumn,images/JP-GN-9291669,,,
JP-GN-9291587,Hirami Yama,Japan,JP,Wakayama,JP-30,Arida Shi,"Hirami Yama (Hirami Yama) is a named mountains location in Arida Shi, Wakayama, Japan.",Adventure spots|Natural spots,Mountains,Natural landform,Drivable,34.0675,135.16266,196,2729,No,Late spring; Summer; Autumn,images/JP-GN-9291587,,,
JP-GN-1862273,Hokodai-dake,Japan,JP,Wakayama,JP-30,Tanabe Shi,"Hokodai-dake (Hokodai-dake) is a named mountains location in Tanabe Shi, Wakayama, Japan.",Adventure spots|Natural spots,Mountains,Natural landform,Drivable,34,135.61667,1001,2730,No,Late spring; Summer; Autumn,images/JP-GN-1862273,,,
JP-GN-12495638,Hokotsuku Yama,Japan,JP,Wakayama,JP-30,Hidaka-gun,"Hokotsuku Yama (Hokotsuku Yama) is a named mountains location in Hidaka-gun, Wakayama, Japan.",Adventure spots|Natural spots,Mountains,Natural landform,Drivable,33.90306,135.06039,-9999,2731,No,Late spring; Summer; Autumn,images/JP-GN-12495638,,,
JP-GN-9291822,Sakura Ike,Japan,JP,Wakayama,JP-30,Kitashino,"Sakura Ike (Sakura Ike) is a named parks location in Kitashino, Wakayama, Japan.",Natural spots,Parks,Public park or protected area,Drivable,34.29197,135.38564,143,2732,No,Spring; Summer; Autumn,images/JP-GN-9291822,,,
JP-GN-9291701,Yamada Chosuichi,Japan,JP,Wakayama,JP-30,Kishigawacho-kishiono,"Yamada Chosuichi (Yamada Chosuichi) is a named parks location in Kishigawacho-kishiono, Wakayama, Japan.",Natural spots,Parks,Public park or protected area,Drivable,34.19564,135.34045,106,2733,No,Spring; Summer; Autumn,images/JP-GN-9291701,,,
JP-GN-1865124,Arida Gawa,Japan,JP,Wakayama,JP-30,Miyazakicho,"Arida Gawa (Arida Gawa) is a named rivers location in Miyazakicho, Wakayama, Japan.",Natural spots,Rivers,Watercourse,Drivable,34.08261,135.09995,-9999,2734,No,Spring; Summer; Autumn,images/JP-GN-1865124,,,
JP-GN-9291953,Goten Gawa,Japan,JP,Wakayama,JP-30,Ainoura,"Goten Gawa (Goten Gawa) is a named rivers location in Ainoura, Wakayama, Japan.",Natural spots,Rivers,Watercourse,Drivable,34.16642,135.581,542,2735,No,Spring; Summer; Autumn,images/JP-GN-9291953,,,
JP-GN-1860333,Kamo Gawa,Japan,JP,Wakayama,JP-30,Mera,"Kamo Gawa (Kamo Gawa) is a named rivers location in Mera, Wakayama, Japan.",Natural spots,Rivers,Watercourse,Drivable,34.11876,135.13978,-6,2736,No,Spring; Summer; Autumn,images/JP-GN-1860333,,,
JP-GN-1859445,Kino Kawa,Japan,JP,Wakayama,JP-30,Minato,"Kino Kawa (Kino Kawa) is a named rivers location in Minato, Wakayama, Japan.",Natural spots,Rivers,Watercourse,Drivable,34.22202,135.1317,-9999,2737,No,Spring; Summer; Autumn,images/JP-GN-1859445,,,
JP-GN-9291772,Kishi Gawa,Japan,JP,Wakayama,JP-30,Iwade,"Kishi Gawa (Kishi Gawa) is a named rivers location in Iwade, Wakayama, Japan.",Natural spots,Rivers,Watercourse,Drivable,34.24601,135.32398,12,2738,No,Spring; Summer; Autumn,images/JP-GN-9291772,,,
JP-GN-9291717,Makuni Gawa,Japan,JP,Wakayama,JP-30,Fukuda,"Makuni Gawa (Makuni Gawa) is a named rivers location in Fukuda, Wakayama, Japan.",Natural spots,Rivers,Watercourse,Drivable,34.15888,135.33601,75,2739,No,Spring; Summer; Autumn,images/JP-GN-9291717,,,
JP-GN-9291967,Nyu Gawa,Japan,JP,Wakayama,JP-30,Shiide,"Nyu Gawa (Nyū Gawa) is a named rivers location in Shiide, Wakayama, Japan.",Natural spots,Rivers,Watercourse,Drivable,34.27686,135.56524,131,2740,No,Spring; Summer; Autumn,images/JP-GN-9291967,,,
JP-GN-9291685,Suri Gawa,Japan,JP,Wakayama,JP-30,Matsubara,"Suri Gawa (Suri Gawa) is a named rivers location in Matsubara, Wakayama, Japan.",Natural spots,Rivers,Watercourse,Drivable,34.03668,135.28871,67,2741,No,Spring; Summer; Autumn,images/JP-GN-9291685,,,
JP-GN-9291516,Waka Gawa,Japan,JP,Wakayama,JP-30,Wakaura-naka,"Waka Gawa (Waka Gawa) is a named rivers location in Wakaura-naka, Wakayama, Japan.",Natural spots,Rivers,Watercourse,Drivable,34.18756,135.17951,-9999,2742,No,Spring; Summer; Autumn,images/JP-GN-9291516,,,
JP-GN-9291681,Yomura Gawa,Japan,JP,Wakayama,JP-30,Ao,"Yomura Gawa (Yomura Gawa) is a named rivers location in Ao, Wakayama, Japan.",Natural spots,Rivers,Watercourse,Drivable,34.05099,135.35704,125,2743,No,Spring; Summer; Autumn,images/JP-GN-9291681,,,
JP-GN-9291653,Yukawa Gawa,Japan,JP,Wakayama,JP-30,Nishihara,"Yukawa Gawa (Yukawa Gawa) is a named rivers location in Nishihara, Wakayama, Japan.",Natural spots,Rivers,Watercourse,Drivable,34.08585,135.42702,230,2744,No,Spring; Summer; Autumn,images/JP-GN-9291653,,,
JP-GN-12495620,Yura River,Japan,JP,Wakayama,JP-30,Hidaka-gun,"Yura River (Yura River) is a named rivers location in Hidaka-gun, Wakayama, Japan.",Natural spots,Rivers,Watercourse,Drivable,33.95909,135.11519,1,2745,No,Spring; Summer; Autumn,images/JP-GN-12495620,,,
JP-GN-9291784,Zakuro Gawa,Japan,JP,Wakayama,JP-30,Momoyamacho-ichiba,"Zakuro Gawa (Zakuro Gawa) is a named rivers location in Momoyamacho-ichiba, Wakayama, Japan.",Natural spots,Rivers,Watercourse,Drivable,34.23505,135.33657,20,2746,No,Spring; Summer; Autumn,images/JP-GN-9291784,,,
JP-GN-1865303,Andakino-saki,Japan,JP,Wakayama,JP-30,Higashimuro-gun,"Andakino-saki (Andakino-saki) is a named seas and coastal areas location in Higashimuro-gun, Wakayama, Japan.",Beach spots,Seas and coastal areas,Coastal feature,Drivable,33.49048,135.66329,-9999,2747,No,Spring; Summer; Autumn,images/JP-GN-1865303,,,
JP-GN-1863104,Hasedeno Hana,Japan,JP,Wakayama,JP-30,Hidaka-gun,"Hasedeno Hana (Hasedeno Hana) is a named seas and coastal areas location in Hidaka-gun, Wakayama, Japan.",Beach spots,Seas and coastal areas,Coastal feature,Drivable,33.90542,135.06002,-9999,2748,No,Spring; Summer; Autumn,images/JP-GN-1863104,,,
JP-GN-1862582,Hino Misaki,Japan,JP,Wakayama,JP-30,Hidaka-gun,"Hino Misaki (Hino Misaki) is a named seas and coastal areas location in Hidaka-gun, Wakayama, Japan.",Beach spots,Seas and coastal areas,Coastal feature,Drivable,33.87978,135.05779,-9999,2749,No,Spring; Summer; Autumn,images/JP-GN-1862582,,,
JP-GN-1861152,Iwaya-hana,Japan,JP,Wakayama,JP-30,Higashimuro-gun,"Iwaya-hana (Iwaya-hana) is a named seas and coastal areas location in Higashimuro-gun, Wakayama, Japan.",Beach spots,Seas and coastal areas,Coastal feature,Drivable,33.55,135.9,42,2750,No,Spring; Summer; Autumn,images/JP-GN-1861152,,,
JP-GN-1860926,Kabego Saki,Japan,JP,Wakayama,JP-30,Gobo Shi,"Kabego Saki (Kabego Saki) is a named seas and coastal areas location in Gobo Shi, Wakayama, Japan.",Beach spots,Seas and coastal areas,Coastal feature,Drivable,33.84605,135.16387,14,2751,No,Spring; Summer; Autumn,images/JP-GN-1860926,,,
JP-GN-1860154,Kannon-zaki,Japan,JP,Wakayama,JP-30,Kainan Shi,"Kannon-zaki (Kannon-zaki) is a named seas and coastal areas location in Kainan Shi, Wakayama, Japan.",Beach spots,Seas and coastal areas,Coastal feature,Drivable,34.11667,135.11667,42,2752,No,Spring; Summer; Autumn,images/JP-GN-1860154,,,
JP-GN-1859412,Kirime Zaki,Japan,JP,Wakayama,JP-30,Hidaka-gun,"Kirime Zaki (Kirime Zaki) is a named seas and coastal areas location in Hidaka-gun, Wakayama, Japan.",Beach spots,Seas and coastal areas,Coastal feature,Drivable,33.78309,135.23397,-9999,2753,No,Spring; Summer; Autumn,images/JP-GN-1859412,,,
JP-GN-1858896,Koma-zaki,Japan,JP,Wakayama,JP-30,Higashimuro-gun,"Koma-zaki (Koma-zaki) is a named seas and coastal areas location in Higashimuro-gun, Wakayama, Japan.",Beach spots,Seas and coastal areas,Coastal feature,Drivable,33.64946,135.97946,-9999,2754,No,Spring; Summer; Autumn,images/JP-GN-1858896,,,
JP-GN-1857733,Maki-saki,Japan,JP,Wakayama,JP-30,Higashimuro-gun,"Maki-saki (Maki-saki) is a named seas and coastal areas location in Higashimuro-gun, Wakayama, Japan.",Beach spots,Seas and coastal areas,Coastal feature,Drivable,33.43834,135.78801,-9999,2755,No,Spring; Summer; Autumn,images/JP-GN-1857733,,,
JP-GN-1857223,Mimino-hana,Japan,JP,Wakayama,JP-30,Higashimuro-gun,"Mimino-hana (Mimino-hana) is a named seas and coastal areas location in Higashimuro-gun, Wakayama, Japan.",Beach spots,Seas and coastal areas,Coastal feature,Drivable,33.55915,135.92371,3,2756,No,Spring; Summer; Autumn,images/JP-GN-1857223,,,
JP-GN-12495606,Obiki Ura,Japan,JP,Wakayama,JP-30,Hidaka-gun,"Obiki Ura (Obiki Ura) is a named seas and coastal areas location in Hidaka-gun, Wakayama, Japan.",Beach spots,Seas and coastal areas,Coastal feature,Drivable,33.96517,135.07939,-9999,2757,No,Spring; Summer; Autumn,images/JP-GN-12495606,,,
JP-GN-1851982,Shiono Misaki,Japan,JP,Wakayama,JP-30,Higashimuro-gun,"Shiono Misaki (Shiono Misaki) is a named seas and coastal areas location in Higashimuro-gun, Wakayama, Japan.",Beach spots,Seas and coastal areas,Coastal feature,Drivable,33.43755,135.75299,-9999,2758,No,Spring; Summer; Autumn,images/JP-GN-1851982,,,
JP-GN-1851540,Sue-zaki,Japan,JP,Wakayama,JP-30,Higashimuro-gun,"Sue-zaki (Sue-zaki) is a named seas and coastal areas location in Higashimuro-gun, Wakayama, Japan.",Beach spots,Seas and coastal areas,Coastal feature,Drivable,33.44925,135.8315,3,2759,No,Spring; Summer; Autumn,images/JP-GN-1851540,,,
JP-GN-1850772,Takura Zaki,Japan,JP,Wakayama,JP-30,Wakayama Shi,"Takura Zaki (Takura Zaki) is a named seas and coastal areas location in Wakayama Shi, Wakayama, Japan.",Beach spots,Seas and coastal areas,Coastal feature,Drivable,34.26313,135.06098,-9999,2760,No,Spring; Summer; Autumn,images/JP-GN-1850772,,,
JP-GN-1850704,Tanabe-wan,Japan,JP,Wakayama,JP-30,Tanabe,"Tanabe-wan (Tanabe-wan) is a named seas and coastal areas location in Tanabe, Wakayama, Japan.",Beach spots,Seas and coastal areas,Coastal feature,Drivable,33.71022,135.35999,-9999,2761,No,Spring; Summer; Autumn,images/JP-GN-1850704,,,
JP-GN-1848940,Wakaura Wan,Japan,JP,Wakayama,JP-30,Nunohiki,"Wakaura Wan (Wakaura Wan) is a named seas and coastal areas location in Nunohiki, Wakayama, Japan.",Beach spots,Seas and coastal areas,Coastal feature,Drivable,34.16667,135.16667,-9999,2762,No,Spring; Summer; Autumn,images/JP-GN-1848940,,,
JP-GN-1848130,Yuasa Wan,Japan,JP,Wakayama,JP-30,Yamachi,"Yuasa Wan (Yuasa Wan) is a named seas and coastal areas location in Yamachi, Wakayama, Japan.",Beach spots,Seas and coastal areas,Coastal feature,Drivable,34.03333,135.11667,-9999,2763,No,Spring; Summer; Autumn,images/JP-GN-1848130,,,
JP-GN-1862915,Heiza-hama,Japan,JP,Yamagata,JP-06,Tsuruoka Shi,"Heiza-hama (Heiza-hama) is a named beaches location in Tsuruoka Shi, Yamagata, Japan.",Beach spots,Beaches,Coastal recreation area,Drivable,38.56667,139.55,5,2764,No,Summer,images/JP-GN-1862915,,,
JP-GN-2114071,Tokura Ko,Japan,JP,Yamagata,JP-06,Shogon,"Tokura Ko (Tokura Ko) is a named lakes location in Shogon, Yamagata, Japan.",Natural spots,Lakes,Inland water body,Drivable,38.59806,140.44167,139,2765,No,Spring; Summer; Autumn,images/JP-GN-2114071,,,
JP-GN-1865774,Abegadate Yama,Japan,JP,Yamagata,JP-06,Nagai-shi,"Abegadate Yama (Abegadate Yama) is a named mountains location in Nagai-shi, Yamagata, Japan.",Adventure spots|Natural spots,Mountains,Natural landform,Drivable,38.15727,139.94684,1041,2766,No,Late spring; Summer; Autumn,images/JP-GN-1865774,,,
JP-GN-8997862,Akakuzure Yama,Japan,JP,Yamagata,JP-06,Nishiokitama-gun,"Akakuzure Yama (Akakuzure Yama) is a named mountains location in Nishiokitama-gun, Yamagata, Japan.",Adventure spots|Natural spots,Mountains,Natural landform,Drivable,37.80583,139.81423,1062,2767,No,Late spring; Summer; Autumn,images/JP-GN-8997862,,,
JP-GN-1865541,Akamido Dake,Japan,JP,Yamagata,JP-06,Tsuruoka Shi,"Akamido Dake (Akamidō Dake) is a named mountains location in Tsuruoka Shi, Yamagata, Japan.",Adventure spots|Natural spots,Mountains,Natural landform,Drivable,38.44806,139.9332,1435,2768,No,Late spring; Summer; Autumn,images/JP-GN-1865541,,,
JP-GN-2113117,Amayobari Yama,Japan,JP,Yamagata,JP-06,Tendo Shi,"Amayobari Yama (Amayobari Yama) is a named mountains location in Tendo Shi, Yamagata, Japan.",Adventure spots|Natural spots,Mountains,Natural landform,Drivable,38.33917,140.44778,905,2769,No,Late spring; Summer; Autumn,images/JP-GN-2113117,,,
JP-GN-8716940,Arasawa Yama,Japan,JP,Yamagata,JP-06,Nishiokitama-gun,"Arasawa Yama (Arasawa Yama) is a named mountains location in Nishiokitama-gun, Yamagata, Japan.",Adventure spots|Natural spots,Mountains,Natural landform,Drivable,38.10003,139.85511,1003,2770,No,Late spring; Summer; Autumn,images/JP-GN-8716940,,,
JP-GN-2113995,Arisawa Yama,Japan,JP,Yamagata,JP-06,Mogami-gun,"Arisawa Yama (Arisawa Yama) is a named mountains location in Mogami-gun, Yamagata, Japan.",Adventure spots|Natural spots,Mountains,Natural landform,Drivable,39.00167,140.22,970,2771,No,Late spring; Summer; Autumn,images/JP-GN-2113995,,,
JP-GN-1865082,Asahi Dake,Japan,JP,Yamagata,JP-06,Hara,"Asahi Dake (Asahi Dake) is a named mountains location in Hara, Yamagata, Japan.",Adventure spots|Natural spots,Mountains,Natural landform,Drivable,38.2729,139.91961,1567,2772,No,Late spring; Summer; Autumn,images/JP-GN-1865082,,,
JP-GN-1865013,Ashida Yama,Japan,JP,Yamagata,JP-06,Nishiokitama-gun,"Ashida Yama (Ashida Yama) is a named mountains location in Nishiokitama-gun, Yamagata, Japan.",Adventure spots|Natural spots,Mountains,Natural landform,Drivable,38.17657,139.84289,1036,2773,No,Late spring; Summer; Autumn,images/JP-GN-1865013,,,
JP-GN-1864925,Atsumi Dake,Japan,JP,Yamagata,JP-06,Tsuruoka Shi,"Atsumi Dake (Atsumi Dake) is a named mountains location in Tsuruoka Shi, Yamagata, Japan.",Adventure spots|Natural spots,Mountains,Natural landform,Drivable,38.62079,139.63124,716,2774,No,Late spring; Summer; Autumn,images/JP-GN-1864925,,,
JP-GN-2113029,Benkei Yama,Japan,JP,Yamagata,JP-06,Sakata Shi,"Benkei Yama (Benkei Yama) is a named mountains location in Sakata Shi, Yamagata, Japan.",Adventure spots|Natural spots,Mountains,Natural landform,Drivable,38.92159,140.12388,867,2775,No,Late spring; Summer; Autumn,images/JP-GN-2113029,,,
JP-GN-8997883,Bunatsubure Yama,Japan,JP,Yamagata,JP-06,Nishiokitama-gun,"Bunatsubure Yama (Bunatsubure Yama) is a named mountains location in Nishiokitama-gun, Yamagata, Japan.",Adventure spots|Natural spots,Mountains,Natural landform,Drivable,37.91195,139.812,899,2776,No,Late spring; Summer; Autumn,images/JP-GN-8997883,,,
JP-GN-1864654,Chabatake Yama,Japan,JP,Yamagata,JP-06,Tsuruoka Shi,"Chabatake Yama (Chabatake Yama) is a named mountains location in Tsuruoka Shi, Yamagata, Japan.",Adventure spots|Natural spots,Mountains,Natural landform,Drivable,38.39526,139.83421,1307,2777,No,Late spring; Summer; Autumn,images/JP-GN-1864654,,,
JP-GN-2113002,Chokai-zan,Japan,JP,Yamagata,JP-06,Akumi-gun,"Chokai-zan (Chōkai-zan) is a named mountains location in Akumi-gun, Yamagata, Japan.",Adventure spots|Natural spots,Mountains,Natural landform,Drivable,39.10236,140.04573,2236,2778,No,Late spring; Summer; Autumn,images/JP-GN-2113002,,,
JP-GN-2112985,Daimyojin Yama,Japan,JP,Yamagata,JP-06,Mogami-gun,"Daimyojin Yama (Daimyōjin Yama) is a named mountains location in Mogami-gun, Yamagata, Japan.",Adventure spots|Natural spots,Mountains,Natural landform,Drivable,38.70761,140.58832,717,2779,No,Late spring; Summer; Autumn,images/JP-GN-2112985,,,
JP-GN-8716965,Daishimori Yama,Japan,JP,Yamagata,JP-06,Higashiokitama-gun,"Daishimori Yama (Daishimori Yama) is a named mountains location in Higashiokitama-gun, Yamagata, Japan.",Adventure spots|Natural spots,Mountains,Natural landform,Drivable,38.05441,140.20955,476,2780,No,Late spring; Summer; Autumn,images/JP-GN-8716965,,,
JP-GN-8997891,Dashiga Mine,Japan,JP,Yamagata,JP-06,Nishiokitama-gun,"Dashiga Mine (Dashiga Mine) is a named mountains location in Nishiokitama-gun, Yamagata, Japan.",Adventure spots|Natural spots,Mountains,Natural landform,Drivable,37.98959,139.89997,669,2781,No,Late spring; Summer; Autumn,images/JP-GN-8997891,,,
JP-GN-2112973,Dewa Sanzan,Japan,JP,Yamagata,JP-06,Onakajima,"Dewa Sanzan (Dewa Sanzan) is a named mountains location in Onakajima, Yamagata, Japan.",Adventure spots|Natural spots,Mountains,Natural landform,Drivable,38.63864,139.98847,460,2782,No,Late spring; Summer; Autumn,images/JP-GN-2112973,,,
JP-GN-8997581,Eboshi Yama,Japan,JP,Yamagata,JP-06,Yonezawa Shi,"Eboshi Yama (Eboshi Yama) is a named mountains location in Yonezawa Shi, Yamagata, Japan.",Adventure spots|Natural spots,Mountains,Natural landform,Drivable,37.84976,139.93601,1177,2783,No,Late spring; Summer; Autumn,images/JP-GN-8997581,,,
JP-GN-8716596,Fujikura Yama,Japan,JP,Yamagata,JP-06,Tsuruoka Shi,"Fujikura Yama (Fujikura Yama) is a named mountains location in Tsuruoka Shi, Yamagata, Japan.",Adventure spots|Natural spots,Mountains,Natural landform,Drivable,38.65744,139.68033,570,2784,No,Late spring; Summer; Autumn,images/JP-GN-8716596,,,
JP-GN-8313661,Arao Kohan Koen,Japan,JP,Yamagata,JP-06,Hachimanhara,"Arao Kohan Koen (Arao Kohan Kōen) is a named parks location in Hachimanhara, Yamagata, Japan.",Natural spots,Parks,Public park or protected area,Drivable,38.79224,140.66859,261,2785,No,Spring; Summer; Autumn,images/JP-GN-8313661,,,
JP-GN-8313528,Keiryu Koen,Japan,JP,Yamagata,JP-06,Mogami-gun,"Keiryu Koen (Keiryū Kōen) is a named parks location in Mogami-gun, Yamagata, Japan.",Natural spots,Parks,Public park or protected area,Drivable,38.81372,140.51409,287,2786,No,Spring; Summer; Autumn,images/JP-GN-8313528,,,
JP-GN-1865647,Aizawa Gawa,Japan,JP,Yamagata,JP-06,Asuka,"Aizawa Gawa (Aizawa Gawa) is a named rivers location in Asuka, Yamagata, Japan.",Natural spots,Rivers,Watercourse,Drivable,38.87812,139.92912,2,2787,No,Spring; Summer; Autumn,images/JP-GN-1865647,,,
JP-GN-1865592,Aka Gawa,Japan,JP,Yamagata,JP-06,Hamanaka,"Aka Gawa (Aka Gawa) is a named rivers location in Hamanaka, Yamagata, Japan.",Natural spots,Rivers,Watercourse,Drivable,38.84806,139.78371,-9999,2788,No,Spring; Summer; Autumn,images/JP-GN-1865592,,,
JP-GN-8313394,Ara Sawa,Japan,JP,Yamagata,JP-06,Akakura,"Ara Sawa (Ara Sawa) is a named rivers location in Akakura, Yamagata, Japan.",Natural spots,Rivers,Watercourse,Drivable,38.71018,140.5588,257,2789,No,Spring; Summer; Autumn,images/JP-GN-8313394,,,
JP-GN-1865149,Arase Gawa,Japan,JP,Yamagata,JP-06,Miyauchi,"Arase Gawa (Arase Gawa) is a named rivers location in Miyauchi, Yamagata, Japan.",Natural spots,Rivers,Watercourse,Drivable,38.97865,139.90108,8,2790,No,Spring; Summer; Autumn,images/JP-GN-1865149,,,
JP-GN-2113076,Asahi Gawa,Japan,JP,Yamagata,JP-06,Kamigo,"Asahi Gawa (Asahi Gawa) is a named rivers location in Kamigo, Yamagata, Japan.",Natural spots,Rivers,Watercourse,Drivable,38.28028,140.13694,171,2791,No,Spring; Summer; Autumn,images/JP-GN-2113076,,,
JP-GN-8313391,Asahi Zawa,Japan,JP,Yamagata,JP-06,Yashikidaira,"Asahi Zawa (Asahi Zawa) is a named rivers location in Yashikidaira, Yamagata, Japan.",Natural spots,Rivers,Watercourse,Drivable,38.68218,140.59172,343,2792,No,Spring; Summer; Autumn,images/JP-GN-8313391,,,
JP-GN-1864923,Atsumi Gawa,Japan,JP,Yamagata,JP-06,Atsumi,"Atsumi Gawa (Atsumi Gawa) is a named rivers location in Atsumi, Yamagata, Japan.",Natural spots,Rivers,Watercourse,Drivable,38.62168,139.58465,2,2793,No,Spring; Summer; Autumn,images/JP-GN-1864923,,,
JP-GN-1864692,Bonji Gawa,Japan,JP,Yamagata,JP-06,Shimohongo,"Bonji Gawa (Bonji Gawa) is a named rivers location in Shimohongo, Yamagata, Japan.",Natural spots,Rivers,Watercourse,Drivable,38.61756,139.83964,77,2794,No,Spring; Summer; Autumn,images/JP-GN-1864692,,,
JP-GN-2112355,Dozan Gawa,Japan,JP,Yamagata,JP-06,Shirasuka,"Dozan Gawa (Dōzan Gawa) is a named rivers location in Shirasuka, Yamagata, Japan.",Natural spots,Rivers,Watercourse,Drivable,38.69028,140.24556,45,2795,No,Spring; Summer; Autumn,images/JP-GN-2112355,,,
JP-GN-1864087,Fujishima Gawa,Japan,JP,Yamagata,JP-06,Kaneai,"Fujishima Gawa (Fujishima Gawa) is a named rivers location in Kaneai, Yamagata, Japan.",Natural spots,Rivers,Watercourse,Drivable,38.8317,139.86067,-1,2796,No,Spring; Summer; Autumn,images/JP-GN-1864087,,,
JP-GN-8313659,Fukiage Sawa,Japan,JP,Yamagata,JP-06,Hachimanhara,"Fukiage Sawa (Fukiage Sawa) is a named rivers location in Hachimanhara, Yamagata, Japan.",Natural spots,Rivers,Watercourse,Drivable,38.79262,140.66675,259,2797,No,Spring; Summer; Autumn,images/JP-GN-8313659,,,
JP-GN-1863951,Fukura Gawa,Japan,JP,Yamagata,JP-06,Fukura,"Fukura Gawa (Fukura Gawa) is a named rivers location in Fukura, Yamagata, Japan.",Natural spots,Rivers,Watercourse,Drivable,39.0705,139.87627,1,2798,No,Spring; Summer; Autumn,images/JP-GN-1863951,,,
JP-GN-8997886,HIrokawara Gawa,Japan,JP,Yamagata,JP-06,Kazuma,"HIrokawara Gawa (HIrokawara Gawa) is a named rivers location in Kazuma, Yamagata, Japan.",Natural spots,Rivers,Watercourse,Drivable,37.92732,139.91216,345,2799,No,Spring; Summer; Autumn,images/JP-GN-8997886,,,
JP-GN-8997861,Higashi Zawa,Japan,JP,Yamagata,JP-06,Koya,"Higashi Zawa (Higashi Zawa) is a named rivers location in Koya, Yamagata, Japan.",Natural spots,Rivers,Watercourse,Drivable,37.87743,139.88678,453,2800,No,Spring; Summer; Autumn,images/JP-GN-8997861,,,
JP-GN-8313457,Higashino Sawa,Japan,JP,Yamagata,JP-06,Shimizusawa,"Higashino Sawa (Higashino Sawa) is a named rivers location in Shimizusawa, Yamagata, Japan.",Natural spots,Rivers,Watercourse,Drivable,38.79926,140.57694,465,2801,No,Spring; Summer; Autumn,images/JP-GN-8313457,,,
JP-GN-8313646,Higashinomata Zawa,Japan,JP,Yamagata,JP-06,Madofutagi,"Higashinomata Zawa (Higashinomata Zawa) is a named rivers location in Madofutagi, Yamagata, Japan.",Natural spots,Rivers,Watercourse,Drivable,38.81372,140.51546,300,2802,No,Spring; Summer; Autumn,images/JP-GN-8313646,,,
JP-GN-8997897,Hiyama Zawa,Japan,JP,Yamagata,JP-06,Kotamagawa,"Hiyama Zawa (Hiyama Zawa) is a named rivers location in Kotamagawa, Yamagata, Japan.",Natural spots,Rivers,Watercourse,Drivable,37.90827,139.68667,509,2803,No,Spring; Summer; Autumn,images/JP-GN-8997897,,,
JP-GN-8313481,Hotokezawa Gawa,Japan,JP,Yamagata,JP-06,Tachikoji,"Hotokezawa Gawa (Hotokezawa Gawa) is a named rivers location in Tachikoji, Yamagata, Japan.",Natural spots,Rivers,Watercourse,Drivable,38.75176,140.5556,256,2804,No,Spring; Summer; Autumn,images/JP-GN-8313481,,,
JP-GN-1861507,Ira Gawa,Japan,JP,Yamagata,JP-06,Iragawa,"Ira Gawa (Ira Gawa) is a named rivers location in Iragawa, Yamagata, Japan.",Natural spots,Rivers,Watercourse,Drivable,38.67194,139.61566,4,2805,No,Spring; Summer; Autumn,images/JP-GN-1861507,,,
JP-GN-2112366,Kaneyama Gawa,Japan,JP,Yamagata,JP-06,Aramachi,"Kaneyama Gawa (Kaneyama Gawa) is a named rivers location in Aramachi, Yamagata, Japan.",Natural spots,Rivers,Watercourse,Drivable,38.86179,140.25602,70,2806,No,Spring; Summer; Autumn,images/JP-GN-2112366,,,
JP-GN-8997551,Karasu Gawa,Japan,JP,Yamagata,JP-06,Sekimachi,"Karasu Gawa (Karasu Gawa) is a named rivers location in Sekimachi, Yamagata, Japan.",Natural spots,Rivers,Watercourse,Drivable,37.83341,140.04041,461,2807,No,Spring; Summer; Autumn,images/JP-GN-8997551,,,
JP-GN-8313469,Kinude Gawa,Japan,JP,Yamagata,JP-06,Mukaimachi,"Kinude Gawa (Kinude Gawa) is a named rivers location in Mukaimachi, Yamagata, Japan.",Natural spots,Rivers,Watercourse,Drivable,38.75039,140.5185,199,2808,No,Spring; Summer; Autumn,images/JP-GN-8313469,,,
JP-GN-1864306,Ebisumae Zaki,Japan,JP,Yamagata,JP-06,Sakata Shi,"Ebisumae Zaki (Ebisumae Zaki) is a named seas and coastal areas location in Sakata Shi, Yamagata, Japan.",Beach spots,Seas and coastal areas,Coastal feature,Drivable,39.18333,139.55,-9999,2809,No,Spring; Summer; Autumn,images/JP-GN-1864306,,,
JP-GN-1863445,Hachiman Zaki,Japan,JP,Yamagata,JP-06,Sakata Shi,"Hachiman Zaki (Hachiman Zaki) is a named seas and coastal areas location in Sakata Shi, Yamagata, Japan.",Beach spots,Seas and coastal areas,Coastal feature,Drivable,39.2077,139.55017,26,2810,No,Spring; Summer; Autumn,images/JP-GN-1863445,,,
JP-GN-1857014,Mi-saki,Japan,JP,Yamagata,JP-06,Akumi-gun,"Mi-saki (Mi-saki) is a named seas and coastal areas location in Akumi-gun, Yamagata, Japan.",Beach spots,Seas and coastal areas,Coastal feature,Drivable,39.1165,139.87227,31,2811,No,Spring; Summer; Autumn,images/JP-GN-1857014,,,
JP-GN-1865418,Akiyoshi-do,Japan,JP,Yamaguchi,JP-35,Mine Shi,"Akiyoshi-do (Akiyoshi-dō) is a named caves location in Mine Shi, Yamaguchi, Japan.",Natural spots,Caves,Natural cave,Drivable,34.21667,131.3,89,2812,No,Spring; Summer; Autumn,images/JP-GN-1865418,,,
JP-GN-8600999,Kodo Ko,Japan,JP,Yamaguchi,JP-35,Kanoji,"Kodo Ko (Kōdō Ko) is a named lakes location in Kanoji, Yamaguchi, Japan.",Natural spots,Lakes,Inland water body,Drivable,34.16478,131.82339,328,2813,No,Spring; Summer; Autumn,images/JP-GN-8600999,,,
JP-GN-8600898,Ono Ko,Japan,JP,Yamaguchi,JP-35,Kibe-ichi,"Ono Ko (Ono Ko) is a named lakes location in Kibe-ichi, Yamaguchi, Japan.",Natural spots,Lakes,Inland water body,Drivable,34.09443,131.30627,42,2814,No,Spring; Summer; Autumn,images/JP-GN-8600898,,,
JP-GN-1850191,Tokiwa Ike,Japan,JP,Yamaguchi,JP-35,Tokonami,"Tokiwa Ike (Tokiwa Ike) is a named lakes location in Tokonami, Yamaguchi, Japan.",Natural spots,Lakes,Inland water body,Drivable,33.95247,131.28472,17,2815,No,Spring; Summer; Autumn,images/JP-GN-1850191,,,
JP-GN-8601122,Toyota Ko,Japan,JP,Yamaguchi,JP-35,Kitsu,"Toyota Ko (Toyota Ko) is a named lakes location in Kitsu, Yamaguchi, Japan.",Natural spots,Lakes,Inland water body,Drivable,34.24703,131.12023,96,2816,No,Spring; Summer; Autumn,images/JP-GN-8601122,,,
JP-GN-1898949,Amagoe-zan,Japan,JP,Yamaguchi,JP-35,Nagato Shi,"Amagoe-zan (Amagoe-zan) is a named mountains location in Nagato Shi, Yamaguchi, Japan.",Adventure spots|Natural spots,Mountains,Natural landform,Drivable,34.4,131.06667,245,2817,No,Late spring; Summer; Autumn,images/JP-GN-1898949,,,
JP-GN-1865369,Amagoi Dake,Japan,JP,Yamaguchi,JP-35,Nagato Shi,"Amagoi Dake (Amagoi Dake) is a named mountains location in Nagato Shi, Yamaguchi, Japan.",Adventure spots|Natural spots,Mountains,Natural landform,Drivable,34.4,131.05,223,2818,No,Late spring; Summer; Autumn,images/JP-GN-1865369,,,
JP-GN-1865138,Arauchi-yama,Japan,JP,Yamaguchi,JP-35,Hikoshima-oimachi,"Arauchi-yama (Arauchi-yama) is a named mountains location in Hikoshima-oimachi, Yamaguchi, Japan.",Adventure spots|Natural spots,Mountains,Natural landform,Drivable,33.95016,130.90503,66,2819,No,Late spring; Summer; Autumn,images/JP-GN-1865138,,,
JP-GN-1864855,Azamiga Dake,Japan,JP,Yamaguchi,JP-35,Shunan Shi,"Azamiga Dake (Azamiga Dake) is a named mountains location in Shunan Shi, Yamaguchi, Japan.",Adventure spots|Natural spots,Mountains,Natural landform,Drivable,34.33264,131.77755,981,2820,No,Late spring; Summer; Autumn,images/JP-GN-1864855,,,
JP-GN-1864647,Chausu Yama,Japan,JP,Yamaguchi,JP-35,Shimonoseki Shi,"Chausu Yama (Chausu Yama) is a named mountains location in Shimonoseki Shi, Yamaguchi, Japan.",Adventure spots|Natural spots,Mountains,Natural landform,Drivable,33.97676,130.97183,90,2821,No,Late spring; Summer; Autumn,images/JP-GN-1864647,,,
JP-GN-1896346,Chausu Yama,Japan,JP,Yamaguchi,JP-35,Kudamatsu Shi,"Chausu Yama (Chausu Yama) is a named mountains location in Kudamatsu Shi, Yamaguchi, Japan.",Adventure spots|Natural spots,Mountains,Natural landform,Drivable,33.99152,131.8985,314,2822,No,Late spring; Summer; Autumn,images/JP-GN-1896346,,,
JP-GN-1899711,Do Yama,Japan,JP,Yamaguchi,JP-35,Shimonoseki Shi,"Do Yama (Dō Yama) is a named mountains location in Shimonoseki Shi, Yamaguchi, Japan.",Adventure spots|Natural spots,Mountains,Natural landform,Drivable,34.28472,130.88639,93,2823,No,Late spring; Summer; Autumn,images/JP-GN-1899711,,,
JP-GN-1864287,Eboshiga-dake,Japan,JP,Yamaguchi,JP-35,Shunan Shi,"Eboshiga-dake (Eboshiga-dake) is a named mountains location in Shunan Shi, Yamaguchi, Japan.",Adventure spots|Natural spots,Mountains,Natural landform,Drivable,34.08333,131.96667,608,2824,No,Late spring; Summer; Autumn,images/JP-GN-1864287,,,
JP-GN-1896322,Fuka-yama,Japan,JP,Yamaguchi,JP-35,Yanai Shi,"Fuka-yama (Fuka-yama) is a named mountains location in Yanai Shi, Yamaguchi, Japan.",Adventure spots|Natural spots,Mountains,Natural landform,Drivable,33.79028,132.22917,377,2825,No,Late spring; Summer; Autumn,images/JP-GN-1896322,,,
JP-GN-8600717,Ge Zan,Japan,JP,Yamaguchi,JP-35,Shimonoseki Shi,"Ge Zan (Ge Zan) is a named mountains location in Shimonoseki Shi, Yamaguchi, Japan.",Adventure spots|Natural spots,Mountains,Natural landform,Drivable,34.18836,131.03645,529,2826,No,Late spring; Summer; Autumn,images/JP-GN-8600717,,,
JP-GN-1863615,Gobanga-dake,Japan,JP,Yamaguchi,JP-35,Hagi Shi,"Gobanga-dake (Gobanga-dake) is a named mountains location in Hagi Shi, Yamaguchi, Japan.",Adventure spots|Natural spots,Mountains,Natural landform,Drivable,34.4,131.45,262,2827,No,Late spring; Summer; Autumn,images/JP-GN-1863615,,,
JP-GN-10314937,Gongen Yama,Japan,JP,Yamaguchi,JP-35,Shimonoseki Shi,"Gongen Yama (Gongen Yama) is a named mountains location in Shimonoseki Shi, Yamaguchi, Japan.",Adventure spots|Natural spots,Mountains,Natural landform,Drivable,33.99043,130.93775,65,2828,No,Late spring; Summer; Autumn,images/JP-GN-10314937,,,
JP-GN-1863564,Gongen Yama,Japan,JP,Yamaguchi,JP-35,Yamaguchi Shi,"Gongen Yama (Gongen Yama) is a named mountains location in Yamaguchi Shi, Yamaguchi, Japan.",Adventure spots|Natural spots,Mountains,Natural landform,Drivable,34.5044,131.65747,620,2829,No,Late spring; Summer; Autumn,images/JP-GN-1863564,,,
JP-GN-1863565,Gongen-yama,Japan,JP,Yamaguchi,JP-35,Mine Shi,"Gongen-yama (Gongen-yama) is a named mountains location in Mine Shi, Yamaguchi, Japan.",Adventure spots|Natural spots,Mountains,Natural landform,Drivable,34.33333,131.28333,431,2830,No,Late spring; Summer; Autumn,images/JP-GN-1863565,,,
JP-GN-8601115,Hanao Yama,Japan,JP,Yamaguchi,JP-35,Mine Shi,"Hanao Yama (Hanao Yama) is a named mountains location in Mine Shi, Yamaguchi, Japan.",Adventure spots|Natural spots,Mountains,Natural landform,Drivable,34.28286,131.22047,621,2831,No,Late spring; Summer; Autumn,images/JP-GN-8601115,,,
JP-GN-1862924,Heikega Dake,Japan,JP,Yamaguchi,JP-35,Iwakuni Shi,"Heikega Dake (Heikega Dake) is a named mountains location in Iwakuni Shi, Yamaguchi, Japan.",Adventure spots|Natural spots,Mountains,Natural landform,Drivable,34.31813,131.89955,1057,2832,No,Late spring; Summer; Autumn,images/JP-GN-1862924,,,
JP-GN-1862820,Higashi-hoben-zan,Japan,JP,Yamaguchi,JP-35,Yamaguchi Shi,"Higashi-hoben-zan (Higashi-hōben-zan) is a named mountains location in Yamaguchi Shi, Yamaguchi, Japan.",Adventure spots|Natural spots,Mountains,Natural landform,Drivable,34.21667,131.43333,461,2833,No,Late spring; Summer; Autumn,images/JP-GN-1862820,,,
JP-GN-8625719,Himuro Dake,Japan,JP,Yamaguchi,JP-35,Iwakuni Shi,"Himuro Dake (Himuro Dake) is a named mountains location in Iwakuni Shi, Yamaguchi, Japan.",Adventure spots|Natural spots,Mountains,Natural landform,Drivable,34.04928,132.12509,464,2834,No,Late spring; Summer; Autumn,images/JP-GN-8625719,,,
JP-GN-1862571,Hino Yama,Japan,JP,Yamaguchi,JP-35,Shimonoseki Shi,"Hino Yama (Hino Yama) is a named mountains location in Shimonoseki Shi, Yamaguchi, Japan.",Adventure spots|Natural spots,Mountains,Natural landform,Drivable,33.97431,130.96069,259,2835,No,Late spring; Summer; Autumn,images/JP-GN-1862571,,,
JP-GN-10314967,Hinoyama Koen,Japan,JP,Yamaguchi,JP-35,Shimonoseki Shi,"Hinoyama Koen (Hinoyama Kōen) is a named parks location in Shimonoseki Shi, Yamaguchi, Japan.",Natural spots,Parks,Public park or protected area,Drivable,33.97365,130.95966,250,2836,No,Spring; Summer; Autumn,images/JP-GN-10314967,,,
JP-GN-10314859,Hiyoriyama Koen,Japan,JP,Yamaguchi,JP-35,Shimonoseki Shi,"Hiyoriyama Koen (Hiyoriyama Kōen) is a named parks location in Shimonoseki Shi, Yamaguchi, Japan.",Natural spots,Parks,Public park or protected area,Drivable,33.95427,130.93093,45,2837,No,Spring; Summer; Autumn,images/JP-GN-10314859,,,
JP-GN-10314459,Oinoyama Koen,Japan,JP,Yamaguchi,JP-35,Shimonoseki Shi,"Oinoyama Koen (Oinoyama Kōen) is a named parks location in Shimonoseki Shi, Yamaguchi, Japan.",Natural spots,Parks,Public park or protected area,Drivable,33.94646,130.90416,100,2838,No,Spring; Summer; Autumn,images/JP-GN-10314459,,,
JP-GN-1865763,Abu Gawa,Japan,JP,Yamaguchi,JP-35,Nakaobata,"Abu Gawa (Abu Gawa) is a named rivers location in Nakaobata, Yamaguchi, Japan.",Natural spots,Rivers,Watercourse,Drivable,34.42353,131.39988,0,2839,No,Spring; Summer; Autumn,images/JP-GN-1865763,,,
JP-GN-8600897,Ariho Gawa,Japan,JP,Yamaguchi,JP-35,Onoda,"Ariho Gawa (Ariho Gawa) is a named rivers location in Onoda, Yamaguchi, Japan.",Natural spots,Rivers,Watercourse,Drivable,33.98755,131.15938,1,2840,No,Spring; Summer; Autumn,images/JP-GN-8600897,,,
JP-GN-8600896,Asa Gawa,Japan,JP,Yamaguchi,JP-35,Sanyoonoda,"Asa Gawa (Asa Gawa) is a named rivers location in Sanyoonoda, Yamaguchi, Japan.",Natural spots,Rivers,Watercourse,Drivable,34.00418,131.14652,1,2841,No,Spring; Summer; Autumn,images/JP-GN-8600896,,,
JP-GN-1864896,Awano Gawa,Japan,JP,Yamaguchi,JP-35,Ura,"Awano Gawa (Awano Gawa) is a named rivers location in Ura, Yamaguchi, Japan.",Natural spots,Rivers,Watercourse,Drivable,34.36277,130.97511,-9999,2842,No,Spring; Summer; Autumn,images/JP-GN-1864896,,,
JP-GN-1864866,Ayaragi Gawa,Japan,JP,Yamaguchi,JP-35,Furuyacho,"Ayaragi Gawa (Ayaragi Gawa) is a named rivers location in Furuyacho, Yamaguchi, Japan.",Natural spots,Rivers,Watercourse,Drivable,34.00673,130.91489,1,2843,No,Spring; Summer; Autumn,images/JP-GN-1864866,,,
JP-GN-1864036,Fukawa Gawa,Japan,JP,Yamaguchi,JP-35,Minato,"Fukawa Gawa (Fukawa Gawa) is a named rivers location in Minato, Yamaguchi, Japan.",Natural spots,Rivers,Watercourse,Drivable,34.37562,131.17526,-9999,2844,No,Spring; Summer; Autumn,images/JP-GN-1864036,,,
JP-GN-1863783,Fushino Gawa,Japan,JP,Yamaguchi,JP-35,Ogori-shimogo,"Fushino Gawa (Fushino Gawa) is a named rivers location in Ogori-shimogo, Yamaguchi, Japan.",Natural spots,Rivers,Watercourse,Drivable,34.05085,131.39765,1,2845,No,Spring; Summer; Autumn,images/JP-GN-1863783,,,
JP-GN-8600877,Hino Gawa,Japan,JP,Yamaguchi,JP-35,Nishiichi,"Hino Gawa (Hino Gawa) is a named rivers location in Nishiichi, Yamaguchi, Japan.",Natural spots,Rivers,Watercourse,Drivable,34.17612,131.06879,31,2846,No,Spring; Summer; Autumn,images/JP-GN-8600877,,,
JP-GN-1861659,Imazu Gawa,Japan,JP,Yamaguchi,JP-35,Shimminatomachi,"Imazu Gawa (Imazu Gawa) is a named rivers location in Shimminatomachi, Yamaguchi, Japan.",Natural spots,Rivers,Watercourse,Drivable,34.16245,132.24613,1,2847,No,Spring; Summer; Autumn,images/JP-GN-1861659,,,
JP-GN-8600715,Kawatana Gawa,Japan,JP,Yamaguchi,JP-35,Kogushi,"Kawatana Gawa (Kawatana Gawa) is a named rivers location in Kogushi, Yamaguchi, Japan.",Natural spots,Rivers,Watercourse,Drivable,34.15803,130.91293,-9999,2848,No,Spring; Summer; Autumn,images/JP-GN-8600715,,,
JP-GN-1858669,Koto Gawa,Japan,JP,Yamaguchi,JP-35,Ube,"Koto Gawa (Kotō Gawa) is a named rivers location in Ube, Yamaguchi, Japan.",Natural spots,Rivers,Watercourse,Drivable,33.95056,131.21472,1,2849,No,Spring; Summer; Autumn,images/JP-GN-1858669,,,
JP-GN-1848205,Koya Gawa,Japan,JP,Yamaguchi,JP-35,Kagawa,"Koya Gawa (Koya Gawa) is a named rivers location in Kagawa, Yamaguchi, Japan.",Natural spots,Rivers,Watercourse,Drivable,34.05779,131.03867,1,2850,No,Spring; Summer; Autumn,images/JP-GN-1848205,,,
JP-GN-1857601,Majime Gawa,Japan,JP,Yamaguchi,JP-35,Ube,"Majime Gawa (Majime Gawa) is a named rivers location in Ube, Yamaguchi, Japan.",Natural spots,Rivers,Watercourse,Drivable,33.94629,131.24224,3,2851,No,Spring; Summer; Autumn,images/JP-GN-1857601,,,
JP-GN-1856957,Misumi Gawa,Japan,JP,Yamaguchi,JP-35,Senzaki,"Misumi Gawa (Misumi Gawa) is a named rivers location in Senzaki, Yamaguchi, Japan.",Natural spots,Rivers,Watercourse,Drivable,34.37605,131.22219,-9999,2852,No,Spring; Summer; Autumn,images/JP-GN-1856957,,,
JP-GN-1856592,Monzen Gawa,Japan,JP,Yamaguchi,JP-35,Iwakuni,"Monzen Gawa (Monzen Gawa) is a named rivers location in Iwakuni, Yamaguchi, Japan.",Natural spots,Rivers,Watercourse,Drivable,34.13317,132.22572,-9999,2853,No,Spring; Summer; Autumn,images/JP-GN-1856592,,,
JP-GN-8601111,Niho Gawa,Japan,JP,Yamaguchi,JP-35,Yamaguchi,"Niho Gawa (Niho Gawa) is a named rivers location in Yamaguchi, Yamaguchi, Japan.",Natural spots,Rivers,Watercourse,Drivable,34.16436,131.47934,14,2854,No,Spring; Summer; Autumn,images/JP-GN-8601111,,,
JP-GN-1855264,Nishiki Gawa,Japan,JP,Yamaguchi,JP-35,Muronokimachi,"Nishiki Gawa (Nishiki Gawa) is a named rivers location in Muronokimachi, Yamaguchi, Japan.",Natural spots,Rivers,Watercourse,Drivable,34.15839,132.20122,51,2855,No,Spring; Summer; Autumn,images/JP-GN-1855264,,,
JP-GN-1854519,Oi Gawa,Japan,JP,Yamaguchi,JP-35,Oi,"Oi Gawa (Ōi Gawa) is a named rivers location in Oi, Yamaguchi, Japan.",Natural spots,Rivers,Watercourse,Drivable,34.47247,131.44307,1,2856,No,Spring; Summer; Autumn,images/JP-GN-1854519,,,
JP-GN-1853336,Saba Gawa,Japan,JP,Yamaguchi,JP-35,Daido,"Saba Gawa (Saba Gawa) is a named rivers location in Daido, Yamaguchi, Japan.",Natural spots,Rivers,Watercourse,Drivable,34.03058,131.49075,1,2857,No,Spring; Summer; Autumn,images/JP-GN-1853336,,,
JP-GN-8601084,Shimaji Gawa,Japan,JP,Yamaguchi,JP-35,Hori,"Shimaji Gawa (Shimaji Gawa) is a named rivers location in Hori, Yamaguchi, Japan.",Natural spots,Rivers,Watercourse,Drivable,34.18272,131.65009,74,2858,No,Spring; Summer; Autumn,images/JP-GN-8601084,,,
JP-GN-1896347,Shimata Gawa,Japan,JP,Yamaguchi,JP-35,Asae,"Shimata Gawa (Shimata Gawa) is a named rivers location in Asae, Yamaguchi, Japan.",Natural spots,Rivers,Watercourse,Drivable,33.95822,131.92416,-9999,2859,No,Spring; Summer; Autumn,images/JP-GN-1896347,,,
JP-GN-8601106,Ssasanami Gawa,Japan,JP,Yamaguchi,JP-35,Sasanami-ichi,"Ssasanami Gawa (Ssasanami Gawa) is a named rivers location in Sasanami-ichi, Yamaguchi, Japan.",Natural spots,Rivers,Watercourse,Drivable,34.31306,131.48066,222,2860,No,Spring; Summer; Autumn,images/JP-GN-8601106,,,
JP-GN-1865651,Aio Wan,Japan,JP,Yamaguchi,JP-35,Aioura,"Aio Wan (Aio Wan) is a named seas and coastal areas location in Aioura, Yamaguchi, Japan.",Beach spots,Seas and coastal areas,Coastal feature,Drivable,34,131.41667,-9999,2861,No,Spring; Summer; Autumn,images/JP-GN-1865651,,,
JP-GN-1864050,Fukai-wan,Japan,JP,Yamaguchi,JP-35,Futaoi,"Fukai-wan (Fukai-wan) is a named seas and coastal areas location in Futaoi, Yamaguchi, Japan.",Beach spots,Seas and coastal areas,Coastal feature,Drivable,34.09756,130.78972,1,2862,No,Spring; Summer; Autumn,images/JP-GN-1864050,,,
JP-GN-11352251,Hanano Iso,Japan,JP,Yamaguchi,JP-35,Oshima-gun,"Hanano Iso (Hanano Iso) is a named seas and coastal areas location in Oshima-gun, Yamaguchi, Japan.",Beach spots,Seas and coastal areas,Coastal feature,Drivable,33.9949,132.26608,-9999,2863,No,Spring; Summer; Autumn,images/JP-GN-11352251,,,
JP-GN-1862382,Hi Saki,Japan,JP,Yamaguchi,JP-35,Hagi Shi,"Hi Saki (Hi Saki) is a named seas and coastal areas location in Hagi Shi, Yamaguchi, Japan.",Beach spots,Seas and coastal areas,Coastal feature,Drivable,34.77761,131.16322,13,2864,No,Spring; Summer; Autumn,images/JP-GN-1862382,,,
JP-GN-1862383,Hi Zaki,Japan,JP,Yamaguchi,JP-35,Hagi Shi,"Hi Zaki (Hi Zaki) is a named seas and coastal areas location in Hagi Shi, Yamaguchi, Japan.",Beach spots,Seas and coastal areas,Coastal feature,Drivable,34.49743,131.27849,5,2865,No,Spring; Summer; Autumn,images/JP-GN-1862383,,,
JP-GN-1861682,Ima Misaki,Japan,JP,Yamaguchi,JP-35,Nagato Shi,"Ima Misaki (Ima Misaki) is a named seas and coastal areas location in Nagato Shi, Yamaguchi, Japan.",Beach spots,Seas and coastal areas,Coastal feature,Drivable,34.41669,131.131,43,2866,No,Spring; Summer; Autumn,images/JP-GN-1861682,,,
JP-GN-1860231,Kanda Misaki,Japan,JP,Yamaguchi,JP-35,Shimonoseki Shi,"Kanda Misaki (Kanda Misaki) is a named seas and coastal areas location in Shimonoseki Shi, Yamaguchi, Japan.",Beach spots,Seas and coastal areas,Coastal feature,Drivable,34.28805,130.8692,47,2867,No,Spring; Summer; Autumn,images/JP-GN-1860231,,,
JP-GN-1860227,Kandori-misaki,Japan,JP,Yamaguchi,JP-35,Kumage-gun,"Kandori-misaki (Kandori-misaki) is a named seas and coastal areas location in Kumage-gun, Yamaguchi, Japan.",Beach spots,Seas and coastal areas,Coastal feature,Drivable,33.90219,132.02556,31,2868,No,Spring; Summer; Autumn,images/JP-GN-1860227,,,
JP-GN-1860155,Kannon Zaki,Japan,JP,Yamaguchi,JP-35,Shimonoseki Shi,"Kannon Zaki (Kannon Zaki) is a named seas and coastal areas location in Shimonoseki Shi, Yamaguchi, Japan.",Beach spots,Seas and coastal areas,Coastal feature,Drivable,34.13667,130.86693,-9999,2869,No,Spring; Summer; Autumn,images/JP-GN-1860155,,,
JP-GN-1860014,Kasado Wan,Japan,JP,Yamaguchi,JP-35,Oshima,"Kasado Wan (Kasado Wan) is a named seas and coastal areas location in Oshima, Yamaguchi, Japan.",Beach spots,Seas and coastal areas,Coastal feature,Drivable,33.98361,131.83361,-9999,2870,No,Spring; Summer; Autumn,images/JP-GN-1860014,,,
JP-GN-1859623,Kawashiri Misaki,Japan,JP,Yamaguchi,JP-35,Nagato Shi,"Kawashiri Misaki (Kawashiri Misaki) is a named seas and coastal areas location in Nagato Shi, Yamaguchi, Japan.",Beach spots,Seas and coastal areas,Coastal feature,Drivable,34.44075,130.97359,29,2871,No,Spring; Summer; Autumn,images/JP-GN-1859623,,,
JP-GN-1859244,Kita Zaki,Japan,JP,Yamaguchi,JP-35,Shimonoseki Shi,"Kita Zaki (Kita Zaki) is a named seas and coastal areas location in Shimonoseki Shi, Yamaguchi, Japan.",Beach spots,Seas and coastal areas,Coastal feature,Drivable,33.9778,130.86855,2,2872,No,Spring; Summer; Autumn,images/JP-GN-1859244,,,
JP-GN-1858613,Koyama Misaki,Japan,JP,Yamaguchi,JP-35,Hagi Shi,"Koyama Misaki (Kōyama Misaki) is a named seas and coastal areas location in Hagi Shi, Yamaguchi, Japan.",Beach spots,Seas and coastal areas,Coastal feature,Drivable,34.6653,131.6128,55,2873,No,Spring; Summer; Autumn,images/JP-GN-1858613,,,
JP-GN-1858175,Kuro Saki,Japan,JP,Yamaguchi,JP-35,Abu-gun,"Kuro Saki (Kuro Saki) is a named seas and coastal areas location in Abu-gun, Yamaguchi, Japan.",Beach spots,Seas and coastal areas,Coastal feature,Drivable,34.59346,131.55176,25,2874,No,Spring; Summer; Autumn,images/JP-GN-1858175,,,
JP-GN-1858062,Kusayama Zaki,Japan,JP,Yamaguchi,JP-35,Yamaguchi Shi,"Kusayama Zaki (Kusayama Zaki) is a named seas and coastal areas location in Yamaguchi Shi, Yamaguchi, Japan.",Beach spots,Seas and coastal areas,Coastal feature,Drivable,33.98434,131.4409,93,2875,No,Spring; Summer; Autumn,images/JP-GN-1858062,,,
JP-GN-1858015,Kushiyama Saki,Japan,JP,Yamaguchi,JP-35,Hagi Shi,"Kushiyama Saki (Kushiyama Saki) is a named seas and coastal areas location in Hagi Shi, Yamaguchi, Japan.",Beach spots,Seas and coastal areas,Coastal feature,Drivable,34.47191,131.43253,35,2876,No,Spring; Summer; Autumn,images/JP-GN-1858015,,,
JP-GN-1856633,Modoro Misaki,Japan,JP,Yamaguchi,JP-35,Abu-gun,"Modoro Misaki (Modoro Misaki) is a named seas and coastal areas location in Abu-gun, Yamaguchi, Japan.",Beach spots,Seas and coastal areas,Coastal feature,Drivable,34.535,131.4677,132,2877,No,Spring; Summer; Autumn,images/JP-GN-1856633,,,
JP-GN-10799592,Fugaku Fuketsu,Japan,JP,Yamanashi,JP-19,Minamitsuru-gun,"Fugaku Fuketsu (Fugaku Fūketsu) is a named caves location in Minamitsuru-gun, Yamanashi, Japan.",Natural spots,Caves,Natural cave,Drivable,35.47745,138.65733,1009,2878,No,Spring; Summer; Autumn,images/JP-GN-10799592,,,
JP-GN-10799585,Fuji Fuketsu,Japan,JP,Yamanashi,JP-19,Minamitsuru-gun,"Fuji Fuketsu (Fuji Fūketsu) is a named caves location in Minamitsuru-gun, Yamanashi, Japan.",Natural spots,Caves,Natural cave,Drivable,35.45076,138.65218,1124,2879,No,Spring; Summer; Autumn,images/JP-GN-10799585,,,
JP-GN-10799583,Jinza Fuketsu Tsuketari Kamabokoana oyobi Megane Ana,Japan,JP,Yamanashi,JP-19,Minamitsuru-gun,"Jinza Fuketsu Tsuketari Kamabokoana oyobi Megane Ana (Jinza Fūketsu Tsuketari Kamabokoana oyobi Megane Ana) is a named caves location in Minamitsuru-gun, Yamanashi, Japan.",Natural spots,Caves,Natural cave,Drivable,35.44352,138.6613,1267,2880,No,Spring; Summer; Autumn,images/JP-GN-10799583,,,
JP-GN-10799600,Komori Ana,Japan,JP,Yamanashi,JP-19,Minamitsuru-gun,"Komori Ana (Kōmori Ana) is a named caves location in Minamitsuru-gun, Yamanashi, Japan.",Natural spots,Caves,Natural cave,Drivable,35.47483,138.68297,1015,2881,No,Spring; Summer; Autumn,images/JP-GN-10799600,,,
JP-GN-10799584,Motosu Fuketsu,Japan,JP,Yamanashi,JP-19,Minamitsuru-gun,"Motosu Fuketsu (Motosu Fūketsu) is a named caves location in Minamitsuru-gun, Yamanashi, Japan.",Natural spots,Caves,Natural cave,Drivable,35.44635,138.64995,1163,2882,No,Spring; Summer; Autumn,images/JP-GN-10799584,,,
JP-GN-10799591,Narusawa Hyoketsu,Japan,JP,Yamanashi,JP-19,Minamitsuru-gun,"Narusawa Hyoketsu (Narusawa Hyōketsu) is a named caves location in Minamitsuru-gun, Yamanashi, Japan.",Natural spots,Caves,Natural cave,Drivable,35.47491,138.66645,1031,2883,No,Spring; Summer; Autumn,images/JP-GN-10799591,,,
JP-GN-10799586,Omuro Doketsu,Japan,JP,Yamanashi,JP-19,Minamitsuru-gun,"Omuro Doketsu (Ōmuro Dōketsu) is a named caves location in Minamitsuru-gun, Yamanashi, Japan.",Natural spots,Caves,Natural cave,Drivable,35.44784,138.66147,1185,2884,No,Spring; Summer; Autumn,images/JP-GN-10799586,,,
JP-GN-10799593,Ryugu Doketsu,Japan,JP,Yamanashi,JP-19,Minamitsuru-gun,"Ryugu Doketsu (Ryūgū Dōketsu) is a named caves location in Minamitsuru-gun, Yamanashi, Japan.",Natural spots,Caves,Natural cave,Drivable,35.48458,138.66827,963,2885,No,Spring; Summer; Autumn,images/JP-GN-10799593,,,
JP-GN-10799589,Aokiga Hara,Japan,JP,Yamanashi,JP-19,Shoji,"Aokiga Hara (Aokiga Hara) is a named forests location in Shoji, Yamanashi, Japan.",Natural spots,Forests,Forest area,Drivable,35.47178,138.63171,975,2886,No,Spring; Summer; Autumn,images/JP-GN-10799589,,,
JP-GN-10799588,Fujisan Genshirin,Japan,JP,Yamanashi,JP-19,Motosu,"Fujisan Genshirin (Fujisan Genshirin) is a named forests location in Motosu, Yamanashi, Japan.",Natural spots,Forests,Forest area,Drivable,35.45581,138.64755,1090,2887,No,Spring; Summer; Autumn,images/JP-GN-10799588,,,
JP-GN-10799615,Goten Niwa,Japan,JP,Yamanashi,JP-19,Shoji,"Goten Niwa (Goten Niwa) is a named forests location in Shoji, Yamanashi, Japan.",Natural spots,Forests,Forest area,Drivable,35.4887,138.64308,973,2888,No,Spring; Summer; Autumn,images/JP-GN-10799615,,,
JP-GN-1856505,Lake Motosu,Japan,JP,Yamanashi,JP-19,Fuji-yoshida Shi,"Lake Motosu (Lake Motosu) is a named lakes location in Fuji-yoshida Shi, Yamanashi, Japan.",Natural spots,Lakes,Inland water body,Drivable,35.46259,138.58278,896,2889,No,Spring; Summer; Autumn,images/JP-GN-1856505,,,
JP-GN-10346480,Lake Shoji,Japan,JP,Yamanashi,JP-19,Fuji-yoshida Shi,"Lake Shoji (Lake Shoji) is a named lakes location in Fuji-yoshida Shi, Yamanashi, Japan.",Natural spots,Lakes,Inland water body,Drivable,35.48967,138.60705,899,2890,No,Spring; Summer; Autumn,images/JP-GN-10346480,,,
JP-GN-1853232,Saiko Lake,Japan,JP,Yamanashi,JP-19,Fuji-yoshida Shi,"Saiko Lake (Saiko Lake) is a named lakes location in Fuji-yoshida Shi, Yamanashi, Japan.",Natural spots,Lakes,Inland water body,Drivable,35.49902,138.68694,899,2891,No,Spring; Summer; Autumn,images/JP-GN-1853232,,,
JP-GN-1848655,Yamanaka Ko,Japan,JP,Yamanashi,JP-19,Hirano,"Yamanaka Ko (Yamanaka Ko) is a named lakes location in Hirano, Yamanashi, Japan.",Natural spots,Lakes,Inland water body,Drivable,35.41593,138.87466,984,2892,No,Spring; Summer; Autumn,images/JP-GN-1848655,,,
JP-GN-10799596,Ashiwada Yama,Japan,JP,Yamanashi,JP-19,Minamitsuru-gun,"Ashiwada Yama (Ashiwada Yama) is a named mountains location in Minamitsuru-gun, Yamanashi, Japan.",Adventure spots|Natural spots,Mountains,Natural landform,Drivable,35.49419,138.70741,1350,2893,No,Late spring; Summer; Autumn,images/JP-GN-10799596,,,
JP-GN-10800419,Chojaga Take,Japan,JP,Yamanashi,JP-19,Minamikoma-gun,"Chojaga Take (Chōjaga Take) is a named mountains location in Minamikoma-gun, Yamanashi, Japan.",Adventure spots|Natural spots,Mountains,Natural landform,Drivable,35.34123,138.53469,1328,2894,No,Late spring; Summer; Autumn,images/JP-GN-10800419,,,
JP-GN-1864474,Daibosatsu-mine,Japan,JP,Yamanashi,JP-19,Kitatsuru-gun,"Daibosatsu-mine (Daibosatsu-mine) is a named mountains location in Kitatsuru-gun, Yamanashi, Japan.",Adventure spots|Natural spots,Mountains,Natural landform,Drivable,35.75,138.85,2057,2895,No,Late spring; Summer; Autumn,images/JP-GN-1864474,,,
JP-GN-1864462,Daigo-yama,Japan,JP,Yamanashi,JP-19,Minamikoma-gun,"Daigo-yama (Daigo-yama) is a named mountains location in Minamikoma-gun, Yamanashi, Japan.",Adventure spots|Natural spots,Mountains,Natural landform,Drivable,35.43333,138.46667,441,2896,No,Late spring; Summer; Autumn,images/JP-GN-1864462,,,
JP-GN-1864269,Eboshi-yama,Japan,JP,Yamanashi,JP-19,Kofu-shi,"Eboshi-yama (Eboshi-yama) is a named mountains location in Kofu-shi, Yamanashi, Japan.",Adventure spots|Natural spots,Mountains,Natural landform,Drivable,35.51667,138.61667,749,2897,No,Late spring; Summer; Autumn,images/JP-GN-1864269,,,
JP-GN-1864286,Eboshiga-take,Japan,JP,Yamanashi,JP-19,Minamitsuru-gun,"Eboshiga-take (Ebōshiga-take) is a named mountains location in Minamitsuru-gun, Yamanashi, Japan.",Adventure spots|Natural spots,Mountains,Natural landform,Drivable,35.47759,138.6006,1241,2898,No,Late spring; Summer; Autumn,images/JP-GN-1864286,,,
JP-GN-1864111,Fujimi-yama,Japan,JP,Yamanashi,JP-19,Minamikoma-gun,"Fujimi-yama (Fujimi-yama) is a named mountains location in Minamikoma-gun, Yamanashi, Japan.",Adventure spots|Natural spots,Mountains,Natural landform,Drivable,35.47018,138.38104,1620,2899,No,Late spring; Summer; Autumn,images/JP-GN-1864111,,,
JP-GN-1863562,Gongen-yama,Japan,JP,Yamanashi,JP-19,Otsuki Shi,"Gongen-yama (Gongen-yama) is a named mountains location in Otsuki Shi, Yamanashi, Japan.",Adventure spots|Natural spots,Mountains,Natural landform,Drivable,35.66667,139.01667,1217,2900,No,Late spring; Summer; Autumn,images/JP-GN-1863562,,,
JP-GN-1863532,Gosho-yama,Japan,JP,Yamanashi,JP-19,Nirasaki Shi,"Gosho-yama (Gosho-yama) is a named mountains location in Nirasaki Shi, Yamanashi, Japan.",Adventure spots|Natural spots,Mountains,Natural landform,Drivable,35.68333,138.35,1812,2901,No,Late spring; Summer; Autumn,images/JP-GN-1863532,,,
JP-GN-1863524,Goten-zan,Japan,JP,Yamanashi,JP-19,Minamikoma-gun,"Goten-zan (Goten-zan) is a named mountains location in Minamikoma-gun, Yamanashi, Japan.",Adventure spots|Natural spots,Mountains,Natural landform,Drivable,35.48793,138.3704,1665,2902,No,Late spring; Summer; Autumn,images/JP-GN-1863524,,,
JP-GN-10799563,Higashiken,Japan,JP,Yamanashi,JP-19,Minamitsuru-gun,"Higashiken (Higashiken) is a named mountains location in Minamitsuru-gun, Yamanashi, Japan.",Adventure spots|Natural spots,Mountains,Natural landform,Drivable,35.41812,138.71123,1616,2903,No,Late spring; Summer; Autumn,images/JP-GN-10799563,,,
JP-GN-10797109,Ishiwari Yama,Japan,JP,Yamanashi,JP-19,Minamitsuru-gun,"Ishiwari Yama (Ishiwari Yama) is a named mountains location in Minamitsuru-gun, Yamanashi, Japan.",Adventure spots|Natural spots,Mountains,Natural landform,Drivable,35.45032,138.90137,1378,2904,No,Late spring; Summer; Autumn,images/JP-GN-10797109,,,
JP-GN-1861003,Jizoga-take,Japan,JP,Yamanashi,JP-19,Hokuto Shi,"Jizoga-take (Jizōga-take) is a named mountains location in Hokuto Shi, Yamanashi, Japan.",Adventure spots|Natural spots,Mountains,Natural landform,Drivable,35.7107,138.29684,2723,2905,No,Late spring; Summer; Autumn,images/JP-GN-1861003,,,
JP-GN-1859567,Keikan-zan,Japan,JP,Yamanashi,JP-19,Koshu Shi,"Keikan-zan (Keikan-zan) is a named mountains location in Koshu Shi, Yamanashi, Japan.",Adventure spots|Natural spots,Mountains,Natural landform,Drivable,35.78333,138.83333,1474,2906,No,Late spring; Summer; Autumn,images/JP-GN-1859567,,,
JP-GN-1859551,Kenno-mine,Japan,JP,Yamanashi,JP-19,Yamanashi Shi,"Kenno-mine (Kenno-mine) is a named mountains location in Yamanashi Shi, Yamanashi, Japan.",Adventure spots|Natural spots,Mountains,Natural landform,Drivable,35.83333,138.65,1948,2907,No,Late spring; Summer; Autumn,images/JP-GN-1859551,,,
JP-GN-1859463,Kimpo-zan,Japan,JP,Yamanashi,JP-19,Hokuto Shi,"Kimpo-zan (Kimpō-zan) is a named mountains location in Hokuto Shi, Yamanashi, Japan.",Adventure spots|Natural spots,Mountains,Natural landform,Drivable,35.86667,138.61667,2208,2908,No,Late spring; Summer; Autumn,images/JP-GN-1859463,,,
JP-GN-1859084,Ko-garasu-yama,Japan,JP,Yamanashi,JP-19,Yamanashi Shi,"Ko-garasu-yama (Ko-garasu-yama) is a named mountains location in Yamanashi Shi, Yamanashi, Japan.",Adventure spots|Natural spots,Mountains,Natural landform,Drivable,35.8,138.68333,1284,2909,No,Late spring; Summer; Autumn,images/JP-GN-1859084,,,
JP-GN-1859150,Kobushiga-dake,Japan,JP,Yamanashi,JP-19,Yamanashi Shi,"Kobushiga-dake (Kobushiga-dake) is a named mountains location in Yamanashi Shi, Yamanashi, Japan.",Adventure spots|Natural spots,Mountains,Natural landform,Drivable,35.9,138.73333,2311,2910,No,Late spring; Summer; Autumn,images/JP-GN-1859150,,,
JP-GN-1858949,Kokushiga-dake,Japan,JP,Yamanashi,JP-19,Yamanashi Shi,"Kokushiga-dake (Kokushiga-dake) is a named mountains location in Yamanashi Shi, Yamanashi, Japan.",Adventure spots|Natural spots,Mountains,Natural landform,Drivable,35.86667,138.66667,2473,2911,No,Late spring; Summer; Autumn,images/JP-GN-1858949,,,
JP-GN-1864635,Chichibu-Tama-kokuritsu-koen,Japan,JP,Yamanashi,JP-19,Koshu Shi,"Chichibu-Tama-kokuritsu-koen (Chichibu-Tama-kokuritsu-kōen) is a named parks location in Koshu Shi, Yamanashi, Japan.",Natural spots,Parks,Public park or protected area,Drivable,35.83333,138.83333,1247,2912,No,Spring; Summer; Autumn,images/JP-GN-1864635,,,
JP-GN-10798352,Fuji Subaru Land,Japan,JP,Yamanashi,JP-19,Minamitsuru-gun,"Fuji Subaru Land (Fuji Subaru Land) is a named parks location in Minamitsuru-gun, Yamanashi, Japan.",Natural spots,Parks,Public park or protected area,Drivable,35.45718,138.75888,1019,2913,No,Spring; Summer; Autumn,images/JP-GN-10798352,,,
JP-GN-10797139,Hananomiyako Koen,Japan,JP,Yamanashi,JP-19,Minamitsuru-gun,"Hananomiyako Koen (Hananomiyako Kōen) is a named parks location in Minamitsuru-gun, Yamanashi, Japan.",Natural spots,Parks,Public park or protected area,Drivable,35.44022,138.84742,971,2914,No,Spring; Summer; Autumn,images/JP-GN-10797139,,,
JP-GN-10798357,Kawaguchiko Sogo Koen,Japan,JP,Yamanashi,JP-19,Minamitsuru-gun,"Kawaguchiko Sogo Koen (Kawaguchiko Sōgō Kōen) is a named parks location in Minamitsuru-gun, Yamanashi, Japan.",Natural spots,Parks,Public park or protected area,Drivable,35.47967,138.75911,891,2915,No,Spring; Summer; Autumn,images/JP-GN-10798357,,,
JP-GN-10800415,Tenshi Ko,Japan,JP,Yamanashi,JP-19,Shimosano,"Tenshi Ko (Tenshi Ko) is a named parks location in Shimosano, Yamanashi, Japan.",Natural spots,Parks,Public park or protected area,Drivable,35.28514,138.51342,331,2916,No,Spring; Summer; Autumn,images/JP-GN-10800415,,,
JP-GN-10797150,Ichinosuna Gawa,Japan,JP,Yamanashi,JP-19,Hirano,"Ichinosuna Gawa (Ichinosuna Gawa) is a named rivers location in Hirano, Yamanashi, Japan.",Natural spots,Rivers,Watercourse,Drivable,35.42398,138.90018,984,2917,No,Spring; Summer; Autumn,images/JP-GN-10797150,,,
JP-GN-10798366,Kakemizu Sawa,Japan,JP,Yamanashi,JP-19,Kawamura,"Kakemizu Sawa (Kakemizu Sawa) is a named rivers location in Kawamura, Yamanashi, Japan.",Natural spots,Rivers,Watercourse,Drivable,35.49388,138.9797,739,2918,No,Spring; Summer; Autumn,images/JP-GN-10798366,,,
JP-GN-10798371,Kanayama Sawa,Japan,JP,Yamanashi,JP-19,Nagamata,"Kanayama Sawa (Kanayama Sawa) is a named rivers location in Nagamata, Yamanashi, Japan.",Natural spots,Rivers,Watercourse,Drivable,35.43535,138.96981,648,2919,No,Spring; Summer; Autumn,images/JP-GN-10798371,,,
JP-GN-10798372,Mizunoki Sawa,Japan,JP,Yamanashi,JP-19,Nagamata,"Mizunoki Sawa (Mizunoki Sawa) is a named rivers location in Nagamata, Yamanashi, Japan.",Natural spots,Rivers,Watercourse,Drivable,35.43542,138.96987,647,2920,No,Spring; Summer; Autumn,images/JP-GN-10798372,,,
JP-GN-10798375,Odana Sawa,Japan,JP,Yamanashi,JP-19,Nagamata,"Odana Sawa (Ōdana Sawa) is a named rivers location in Nagamata, Yamanashi, Japan.",Natural spots,Rivers,Watercourse,Drivable,35.42622,138.96708,574,2921,No,Spring; Summer; Autumn,images/JP-GN-10798375,,,
JP-GN-10797100,Ohori Gawa,Japan,JP,Yamanashi,JP-19,Hirano,"Ohori Gawa (Ōhori Gawa) is a named rivers location in Hirano, Yamanashi, Japan.",Natural spots,Rivers,Watercourse,Drivable,35.41943,138.89861,984,2922,No,Spring; Summer; Autumn,images/JP-GN-10797100,,,
JP-GN-10798369,Sangase Gawa,Japan,JP,Yamanashi,JP-19,Zennoki,"Sangase Gawa (Sangase Gawa) is a named rivers location in Zennoki, Yamanashi, Japan.",Natural spots,Rivers,Watercourse,Drivable,35.49941,138.98784,712,2923,No,Spring; Summer; Autumn,images/JP-GN-10798369,,,
JP-GN-1852962,Sano Gawa,Japan,JP,Yamanashi,JP-19,Ide,"Sano Gawa (Sano Gawa) is a named rivers location in Ide, Yamanashi, Japan.",Natural spots,Rivers,Watercourse,Drivable,35.23622,138.50842,84,2924,No,Spring; Summer; Autumn,images/JP-GN-1852962,,,
JP-GN-10804771,Soriki Gawa,Japan,JP,Yamanashi,JP-19,Furuseki,"Soriki Gawa (Soriki Gawa) is a named rivers location in Furuseki, Yamanashi, Japan.",Natural spots,Rivers,Watercourse,Drivable,35.47432,138.52364,366,2925,No,Spring; Summer; Autumn,images/JP-GN-10804771,,,
JP-GN-10798362,Toyano Sawa,Japan,JP,Yamanashi,JP-19,Nagamata,"Toyano Sawa (Toyano Sawa) is a named rivers location in Nagamata, Yamanashi, Japan.",Natural spots,Rivers,Watercourse,Drivable,35.47834,138.95383,836,2926,No,Spring; Summer; Autumn,images/JP-GN-10798362,,,
JP-GN-10798377,Tsuchi Sawa,Japan,JP,Yamanashi,JP-19,Arai,"Tsuchi Sawa (Tsuchi Sawa) is a named rivers location in Arai, Yamanashi, Japan.",Natural spots,Rivers,Watercourse,Drivable,35.41331,138.97115,502,2927,No,Spring; Summer; Autumn,images/JP-GN-10798377,,,
JP-GN-1865212,Ara-hama,Japan,JP,Okinawa,JP-47,Uehara,"Ara-hama (Ara-hama) is a named beaches location in Uehara, Okinawa, Japan.",Beach spots,Beaches,Coastal recreation area,Drivable,26.68333,128.1,-9999,2928,No,Summer,images/JP-GN-1865212,,,
JP-GN-1865213,Ara-hama,Japan,JP,Okinawa,JP-47,Gima,"Ara-hama (Ara-hama) is a named beaches location in Gima, Okinawa, Japan.",Beach spots,Beaches,Coastal recreation area,Drivable,26.3,126.76667,-9999,2929,No,Summer,images/JP-GN-1865213,,,
JP-GN-8601769,Hateno Hama,Japan,JP,Okinawa,JP-47,Shimajiri-gun,"Hateno Hama (Hateno Hama) is a named beaches location in Shimajiri-gun, Okinawa, Japan.",Beach spots,Beaches,Coastal recreation area,Drivable,26.34804,126.88855,1,2930,No,Summer,images/JP-GN-8601769,,,
JP-GN-1860287,Kana-hama,Japan,JP,Okinawa,JP-47,Tokujimo,"Kana-hama (Kana-hama) is a named beaches location in Tokujimo, Okinawa, Japan.",Beach spots,Beaches,Coastal recreation area,Drivable,26.28333,126.81667,-9999,2931,No,Summer,images/JP-GN-1860287,,,
JP-GN-1856249,Naga-hama,Japan,JP,Okinawa,JP-47,Takou,"Naga-hama (Naga-hama) is a named beaches location in Takou, Okinawa, Japan.",Beach spots,Beaches,Coastal recreation area,Drivable,30.55,130.93333,-9999,2932,No,Summer,images/JP-GN-1856249,,,
JP-GN-1855707,Nako-hama,Japan,JP,Okinawa,JP-47,Nago Shi,"Nako-hama (Nakō-hama) is a named beaches location in Nago Shi, Okinawa, Japan.",Beach spots,Beaches,Coastal recreation area,Drivable,26.63333,128.03333,5,2933,No,Summer,images/JP-GN-1855707,,,
JP-GN-1855531,Neda-hama,Japan,JP,Okinawa,JP-47,Shimajiri-gun,"Neda-hama (Neda-hama) is a named beaches location in Shimajiri-gun, Okinawa, Japan.",Beach spots,Beaches,Coastal recreation area,Drivable,26.23333,127.3,116,2934,No,Summer,images/JP-GN-1855531,,,
JP-GN-1862072,White Beach,Japan,JP,Okinawa,JP-47,Uruma Shi,"White Beach (White Beach) is a named beaches location in Uruma Shi, Okinawa, Japan.",Beach spots,Beaches,Coastal recreation area,Drivable,26.30167,127.90917,5,2935,No,Summer,images/JP-GN-1862072,,,
JP-GN-1865497,Akasachi,Japan,JP,Okinawa,JP-47,Asa,"Akasachi (Akasachi) is a named forests location in Asa, Okinawa, Japan.",Natural spots,Forests,Forest area,Drivable,26.24679,127.30943,71,2936,No,Spring; Summer; Autumn,images/JP-GN-1865497,,,
JP-GN-8602782,Kurushi Mui,Japan,JP,Okinawa,JP-47,Shitaaka,"Kurushi Mui (Kurushi Mui) is a named forests location in Shitaaka, Okinawa, Japan.",Natural spots,Forests,Forest area,Drivable,26.36667,126.80457,106,2937,No,Spring; Summer; Autumn,images/JP-GN-8602782,,,
JP-GN-8601770,Nishi Mui,Japan,JP,Okinawa,JP-47,Tonaki,"Nishi Mui (Nishi Mui) is a named forests location in Tonaki, Okinawa, Japan.",Natural spots,Forests,Forest area,Drivable,26.37893,127.14881,99,2938,No,Spring; Summer; Autumn,images/JP-GN-8601770,,,
JP-GN-9866035,Man Ko,Japan,JP,Okinawa,JP-47,Yogi,"Man Ko (Man Ko) is a named lakes location in Yogi, Okinawa, Japan.",Natural spots,Lakes,Inland water body,Drivable,26.19678,127.68353,1,2939,No,Spring; Summer; Autumn,images/JP-GN-9866035,,,
JP-GN-1865597,Aga Yama,Japan,JP,Okinawa,JP-47,Shimajiri-gun,"Aga Yama (Āga Yama) is a named mountains location in Shimajiri-gun, Okinawa, Japan.",Adventure spots|Natural spots,Mountains,Natural landform,Drivable,26.92704,127.93916,70,2940,No,Late spring; Summer; Autumn,images/JP-GN-1865597,,,
JP-GN-1865543,Akama-yama,Japan,JP,Okinawa,JP-47,Shimajiri-gun,"Akama-yama (Akama-yama) is a named mountains location in Shimajiri-gun, Okinawa, Japan.",Adventure spots|Natural spots,Mountains,Natural landform,Drivable,26.2,127.36667,14,2941,No,Late spring; Summer; Autumn,images/JP-GN-1865543,,,
JP-GN-1865364,Amagusuku,Japan,JP,Okinawa,JP-47,Shimajiri-gun,"Amagusuku (Amagusuku) is a named mountains location in Shimajiri-gun, Okinawa, Japan.",Adventure spots|Natural spots,Mountains,Natural landform,Drivable,26.93646,127.93566,61,2942,No,Late spring; Summer; Autumn,images/JP-GN-1865364,,,
JP-GN-1865143,Ara Dake,Japan,JP,Okinawa,JP-47,Shimajiri-gun,"Ara Dake (Āra Dake) is a named mountains location in Shimajiri-gun, Okinawa, Japan.",Adventure spots|Natural spots,Mountains,Natural landform,Drivable,26.31248,126.78299,270,2943,No,Late spring; Summer; Autumn,images/JP-GN-1865143,,,
JP-GN-1864905,Awa-dake,Japan,JP,Okinawa,JP-47,Shimajiri-gun,"Awa-dake (Awa-dake) is a named mountains location in Shimajiri-gun, Okinawa, Japan.",Adventure spots|Natural spots,Mountains,Natural landform,Drivable,27.01667,127.93333,22,2944,No,Late spring; Summer; Autumn,images/JP-GN-1864905,,,
JP-GN-1864802,Banna Dake,Japan,JP,Okinawa,JP-47,Ishigaki-shi,"Banna Dake (Banna Dake) is a named mountains location in Ishigaki-shi, Okinawa, Japan.",Adventure spots|Natural spots,Mountains,Natural landform,Drivable,24.37177,124.16206,165,2945,No,Late spring; Summer; Autumn,images/JP-GN-1864802,,,
JP-GN-1864793,Bansho-yama,Japan,JP,Okinawa,JP-47,Shimajiri-gun,"Bansho-yama (Bansho-yama) is a named mountains location in Shimajiri-gun, Okinawa, Japan.",Adventure spots|Natural spots,Mountains,Natural landform,Drivable,26.23333,127.3,116,2946,No,Late spring; Summer; Autumn,images/JP-GN-1864793,,,
JP-GN-9865998,Benga Dake,Japan,JP,Okinawa,JP-47,Naha Shi,"Benga Dake (Benga Dake) is a named mountains location in Naha Shi, Okinawa, Japan.",Adventure spots|Natural spots,Mountains,Natural landform,Drivable,26.21844,127.73149,145,2947,No,Late spring; Summer; Autumn,images/JP-GN-9865998,,,
JP-GN-1861045,Chijin Yama,Japan,JP,Okinawa,JP-47,Shimajiri-gun,"Chijin Yama (Chijin Yama) is a named mountains location in Shimajiri-gun, Okinawa, Japan.",Adventure spots|Natural spots,Mountains,Natural landform,Drivable,26.91966,127.94451,102,2948,No,Late spring; Summer; Autumn,images/JP-GN-1861045,,,
JP-GN-1863781,Fusoko-dake,Japan,JP,Okinawa,JP-47,Shimajiri-gun,"Fusoko-dake (Fusoko-dake) is a named mountains location in Shimajiri-gun, Okinawa, Japan.",Adventure spots|Natural spots,Mountains,Natural landform,Drivable,26.35,126.75,37,2949,No,Late spring; Summer; Autumn,images/JP-GN-1863781,,,
JP-GN-8601775,Gichu Yama,Japan,JP,Okinawa,JP-47,Shimajiri-gun,"Gichu Yama (Gichu Yama) is a named mountains location in Shimajiri-gun, Okinawa, Japan.",Adventure spots|Natural spots,Mountains,Natural landform,Drivable,26.36473,127.14234,121,2950,No,Late spring; Summer; Autumn,images/JP-GN-8601775,,,
JP-GN-1863510,Goza-take,Japan,JP,Okinawa,JP-47,Yaeyama-gun,"Goza-take (Goza-take) is a named mountains location in Yaeyama-gun, Okinawa, Japan.",Adventure spots|Natural spots,Mountains,Natural landform,Drivable,24.3,123.81667,221,2951,No,Late spring; Summer; Autumn,images/JP-GN-1863510,,,
JP-GN-1861854,Gusuku-yama,Japan,JP,Okinawa,JP-47,Kunigami-gun,"Gusuku-yama (Gusuku-yama) is a named mountains location in Kunigami-gun, Okinawa, Japan.",Adventure spots|Natural spots,Mountains,Natural landform,Drivable,26.71972,127.80667,172,2952,No,Late spring; Summer; Autumn,images/JP-GN-1861854,,,
JP-GN-1863174,Hanta-yama,Japan,JP,Okinawa,JP-47,Shimajiri-gun,"Hanta-yama (Hanta-yama) is a named mountains location in Shimajiri-gun, Okinawa, Japan.",Adventure spots|Natural spots,Mountains,Natural landform,Drivable,26.18333,127.28333,31,2953,No,Late spring; Summer; Autumn,images/JP-GN-1863174,,,
JP-GN-1862525,Hiramatsu-yama,Japan,JP,Okinawa,JP-47,Shimajiri-gun,"Hiramatsu-yama (Hiramatsu-yama) is a named mountains location in Shimajiri-gun, Okinawa, Japan.",Adventure spots|Natural spots,Mountains,Natural landform,Drivable,26.2,127.35,122,2954,No,Late spring; Summer; Autumn,images/JP-GN-1862525,,,
JP-GN-1894454,Hitotsu Dake,Japan,JP,Okinawa,JP-47,Nago Shi,"Hitotsu Dake (Hitotsu Dake) is a named mountains location in Nago Shi, Okinawa, Japan.",Adventure spots|Natural spots,Mountains,Natural landform,Drivable,26.58611,128.08105,272,2955,No,Late spring; Summer; Autumn,images/JP-GN-1894454,,,
JP-GN-1862006,Ibu Dake,Japan,JP,Okinawa,JP-47,Kunigami-gun,"Ibu Dake (Ibu Dake) is a named mountains location in Kunigami-gun, Okinawa, Japan.",Adventure spots|Natural spots,Mountains,Natural landform,Drivable,26.76128,128.29248,320,2956,No,Late spring; Summer; Autumn,images/JP-GN-1862006,,,
JP-GN-1861886,Igira-yama,Japan,JP,Okinawa,JP-47,Nago Shi,"Igira-yama (Igira-yama) is a named mountains location in Nago Shi, Okinawa, Japan.",Adventure spots|Natural spots,Mountains,Natural landform,Drivable,26.55,128.03333,79,2957,No,Late spring; Summer; Autumn,images/JP-GN-1861886,,,
JP-GN-1861425,Ishi Dake,Japan,JP,Okinawa,JP-47,Nago Shi,"Ishi Dake (Ishi Dake) is a named mountains location in Nago Shi, Okinawa, Japan.",Adventure spots|Natural spots,Mountains,Natural landform,Drivable,26.53944,127.98806,224,2958,No,Late spring; Summer; Autumn,images/JP-GN-1861425,,,
JP-GN-9972584,Fukuyamonoson Park,Japan,JP,Okinawa,JP-47,Miyakojima Shi,"Fukuyamonoson Park (Fukuyamonoson Park) is a named parks location in Miyakojima Shi, Okinawa, Japan.",Natural spots,Parks,Public park or protected area,Drivable,24.82349,125.31844,56,2959,No,Spring; Summer; Autumn,images/JP-GN-9972584,,,
JP-GN-11072705,Izumisho Park,Japan,JP,Okinawa,JP-47,Urasoe Shi,"Izumisho Park (Izumisho Park) is a named parks location in Urasoe Shi, Okinawa, Japan.",Natural spots,Parks,Public park or protected area,Drivable,26.25617,127.71392,32,2960,No,Spring; Summer; Autumn,images/JP-GN-11072705,,,
JP-GN-11072704,Miyagi Park,Japan,JP,Okinawa,JP-47,Urasoe Shi,"Miyagi Park (Miyagi Park) is a named parks location in Urasoe Shi, Okinawa, Japan.",Natural spots,Parks,Public park or protected area,Drivable,26.24842,127.70891,39,2961,No,Spring; Summer; Autumn,images/JP-GN-11072704,,,
JP-GN-1865701,Aha Gawa,Japan,JP,Okinawa,JP-47,Aha,"Aha Gawa (Aha Gawa) is a named rivers location in Aha, Okinawa, Japan.",Natural spots,Rivers,Watercourse,Drivable,26.71538,128.29497,27,2962,No,Spring; Summer; Autumn,images/JP-GN-1865701,,,
JP-GN-1865019,Aja Gawa,Japan,JP,Okinawa,JP-47,Jitchaku,"Aja Gawa (Aja Gawa) is a named rivers location in Jitchaku, Okinawa, Japan.",Natural spots,Rivers,Watercourse,Drivable,26.24306,127.68472,3,2963,No,Spring; Summer; Autumn,images/JP-GN-1865019,,,
JP-GN-1865298,Anen-gawa,Japan,JP,Okinawa,JP-47,Uehara,"Anen-gawa (Anen-gawa) is a named rivers location in Uehara, Okinawa, Japan.",Natural spots,Rivers,Watercourse,Drivable,26.68419,128.1046,8,2964,No,Spring; Summer; Autumn,images/JP-GN-1865298,,,
JP-GN-1865195,Arakawa Gawa,Japan,JP,Okinawa,JP-47,Takae,"Arakawa Gawa (Arakawa Gawa) is a named rivers location in Takae, Okinawa, Japan.",Natural spots,Rivers,Watercourse,Drivable,26.65922,128.25678,0,2965,No,Spring; Summer; Autumn,images/JP-GN-1865195,,,
JP-GN-1865026,Asato Gawa,Japan,JP,Okinawa,JP-47,Asato,"Asato Gawa (Asato Gawa) is a named rivers location in Asato, Okinawa, Japan.",Natural spots,Rivers,Watercourse,Drivable,26.22557,127.6843,4,2966,No,Spring; Summer; Autumn,images/JP-GN-1865026,,,
JP-GN-1864772,Benoki Gawa,Japan,JP,Okinawa,JP-47,Benoki,"Benoki Gawa (Benoki Gawa) is a named rivers location in Benoki, Okinawa, Japan.",Natural spots,Rivers,Watercourse,Drivable,26.79811,128.23162,-9999,2967,No,Spring; Summer; Autumn,images/JP-GN-1864772,,,
JP-GN-1864012,Fukuchi Gawa,Japan,JP,Okinawa,JP-47,Taira,"Fukuchi Gawa (Fukuchi Gawa) is a named rivers location in Taira, Okinawa, Japan.",Natural spots,Rivers,Watercourse,Drivable,26.63044,128.15661,4,2968,No,Spring; Summer; Autumn,images/JP-GN-1864012,,,
JP-GN-1863988,Fun Gawa,Japan,JP,Okinawa,JP-47,Aha,"Fun Gawa (Fun Gawa) is a named rivers location in Aha, Okinawa, Japan.",Natural spots,Rivers,Watercourse,Drivable,26.71707,128.28856,6,2969,No,Spring; Summer; Autumn,images/JP-GN-1863988,,,
JP-GN-9865640,Gabusoka Gawa,Japan,JP,Okinawa,JP-47,Goga,"Gabusoka Gawa (Gabusoka Gawa) is a named rivers location in Goga, Okinawa, Japan.",Natural spots,Rivers,Watercourse,Drivable,26.62916,127.99845,5,2970,No,Spring; Summer; Autumn,images/JP-GN-9865640,,,
JP-GN-1863656,Genka Okawa,Japan,JP,Okinawa,JP-47,Genka,"Genka Okawa (Genka Ōkawa) is a named rivers location in Genka, Okinawa, Japan.",Natural spots,Rivers,Watercourse,Drivable,26.64028,128.06333,5,2971,No,Spring; Summer; Autumn,images/JP-GN-1863656,,,
JP-GN-1863194,Haneji Okawa,Japan,JP,Okinawa,JP-47,Nakaoshi,"Haneji Okawa (Haneji Ōkawa) is a named rivers location in Nakaoshi, Okinawa, Japan.",Natural spots,Rivers,Watercourse,Drivable,26.62713,128.02551,9,2972,No,Spring; Summer; Autumn,images/JP-GN-1863194,,,
JP-GN-1862315,Hija Gawa,Japan,JP,Okinawa,JP-47,Toguchi,"Hija Gawa (Hija Gawa) is a named rivers location in Toguchi, Okinawa, Japan.",Natural spots,Rivers,Watercourse,Drivable,26.36291,127.74085,-9999,2973,No,Spring; Summer; Autumn,images/JP-GN-1862315,,,
JP-GN-1862688,Hiji Gawa,Japan,JP,Okinawa,JP-47,Hanji,"Hiji Gawa (Hiji Gawa) is a named rivers location in Hanji, Okinawa, Japan.",Natural spots,Rivers,Watercourse,Drivable,26.72806,128.16073,3,2974,No,Spring; Summer; Autumn,images/JP-GN-1862688,,,
JP-GN-9866126,Hiyara Gawa,Japan,JP,Okinawa,JP-47,Ujidomari,"Hiyara Gawa (Hiyara Gawa) is a named rivers location in Ujidomari, Okinawa, Japan.",Natural spots,Rivers,Watercourse,Drivable,26.26793,127.72773,9,2975,No,Spring; Summer; Autumn,images/JP-GN-9866126,,,
JP-GN-1859815,Kategaru-gawa,Japan,JP,Okinawa,JP-47,Kanegusuku,"Kategaru-gawa (Kategaru-gawa) is a named rivers location in Kanegusuku, Okinawa, Japan.",Natural spots,Rivers,Watercourse,Drivable,26.33333,126.75,-9999,2976,No,Spring; Summer; Autumn,images/JP-GN-1859815,,,
JP-GN-1859476,Kinbaru Gawa,Japan,JP,Okinawa,JP-47,Madeira,"Kinbaru Gawa (Kinbaru Gawa) is a named rivers location in Madeira, Okinawa, Japan.",Natural spots,Rivers,Watercourse,Drivable,26.50454,127.99178,10,2977,No,Spring; Summer; Autumn,images/JP-GN-1859476,,,
JP-GN-1858973,Kokuba Gawa,Japan,JP,Okinawa,JP-47,Madanbashi,"Kokuba Gawa (Kokuba Gawa) is a named rivers location in Madanbashi, Okinawa, Japan.",Natural spots,Rivers,Watercourse,Drivable,26.19531,127.68788,1,2978,No,Spring; Summer; Autumn,images/JP-GN-1858973,,,
JP-GN-9866127,Makiminato Gawa,Japan,JP,Okinawa,JP-47,Makiminato,"Makiminato Gawa (Makiminato Gawa) is a named rivers location in Makiminato, Okinawa, Japan.",Natural spots,Rivers,Watercourse,Drivable,26.26775,127.72713,9,2979,No,Spring; Summer; Autumn,images/JP-GN-9866127,,,
JP-GN-1857680,Manna Gawa,Japan,JP,Okinawa,JP-47,Toguchi,"Manna Gawa (Manna Gawa) is a named rivers location in Toguchi, Okinawa, Japan.",Natural spots,Rivers,Watercourse,Drivable,26.66083,127.895,8,2980,No,Spring; Summer; Autumn,images/JP-GN-1857680,,,
JP-GN-1856732,Miyara-gawa,Japan,JP,Okinawa,JP-47,Miyara,"Miyara-gawa (Miyara-gawa) is a named rivers location in Miyara, Okinawa, Japan.",Natural spots,Rivers,Watercourse,Drivable,24.35615,124.21385,2,2981,No,Spring; Summer; Autumn,images/JP-GN-1856732,,,
JP-GN-1856448,Mukue Gawa,Japan,JP,Okinawa,JP-47,Onaga,"Mukue Gawa (Mukue Gawa) is a named rivers location in Onaga, Okinawa, Japan.",Natural spots,Rivers,Watercourse,Drivable,26.15033,127.66475,7,2982,No,Spring; Summer; Autumn,images/JP-GN-1856448,,,
JP-GN-1855055,Noha Gawa,Japan,JP,Okinawa,JP-47,Madanbashi,"Noha Gawa (Noha Gawa) is a named rivers location in Madanbashi, Okinawa, Japan.",Natural spots,Rivers,Watercourse,Drivable,26.19402,127.68605,1,2983,No,Spring; Summer; Autumn,images/JP-GN-1855055,,,
JP-GN-1865757,Abu Zaki,Japan,JP,Okinawa,JP-47,Nago Shi,"Abu Zaki (Abu Zaki) is a named seas and coastal areas location in Nago Shi, Okinawa, Japan.",Beach spots,Seas and coastal areas,Coastal feature,Drivable,26.53473,128.09477,14,2984,No,Spring; Summer; Autumn,images/JP-GN-1865757,,,
JP-GN-1865708,Agono Ura,Japan,JP,Okinawa,JP-47,Asa,"Agono Ura (Agono Ura) is a named seas and coastal areas location in Asa, Okinawa, Japan.",Beach spots,Seas and coastal areas,Coastal feature,Drivable,26.23333,127.31667,-9999,2985,No,Spring; Summer; Autumn,images/JP-GN-1865708,,,
JP-GN-1865518,Aka Saki,Japan,JP,Okinawa,JP-47,Kunigami-gun,"Aka Saki (Aka Saki) is a named seas and coastal areas location in Kunigami-gun, Okinawa, Japan.",Beach spots,Seas and coastal areas,Coastal feature,Drivable,26.82091,128.3158,9,2986,No,Spring; Summer; Autumn,images/JP-GN-1865518,,,
JP-GN-1865555,Aka-kaikyo,Japan,JP,Okinawa,JP-47,Ama,"Aka-kaikyo (Aka-kaikyō) is a named seas and coastal areas location in Ama, Okinawa, Japan.",Beach spots,Seas and coastal areas,Coastal feature,Drivable,26.21306,127.28972,-9999,2987,No,Spring; Summer; Autumn,images/JP-GN-1865555,,,
JP-GN-1865548,Akamaku Misaki,Japan,JP,Okinawa,JP-47,Kunigami-gun,"Akamaku Misaki (Akamaku Misaki) is a named seas and coastal areas location in Kunigami-gun, Okinawa, Japan.",Beach spots,Seas and coastal areas,Coastal feature,Drivable,26.74291,128.15342,22,2988,No,Spring; Summer; Autumn,images/JP-GN-1865548,,,
JP-GN-1865537,Akamori-saki,Japan,JP,Okinawa,JP-47,Shimajiri-gun,"Akamori-saki (Akamori-saki) is a named seas and coastal areas location in Shimajiri-gun, Okinawa, Japan.",Beach spots,Seas and coastal areas,Coastal feature,Drivable,26.39111,126.77611,3,2989,No,Spring; Summer; Autumn,images/JP-GN-1865537,,,
JP-GN-1865337,Ameno-saki,Japan,JP,Okinawa,JP-47,Gima,"Ameno-saki (Ameno-saki) is a named seas and coastal areas location in Gima, Okinawa, Japan.",Beach spots,Seas and coastal areas,Coastal feature,Drivable,26.32139,126.76611,-9999,2990,No,Spring; Summer; Autumn,images/JP-GN-1865337,,,
JP-GN-1898441,Amitori-wan,Japan,JP,Okinawa,JP-47,Funauke,"Amitori-wan (Amitori-wan) is a named seas and coastal areas location in Funauke, Okinawa, Japan.",Beach spots,Seas and coastal areas,Coastal feature,Drivable,24.32561,123.70367,1,2991,No,Spring; Summer; Autumn,images/JP-GN-1898441,,,
JP-GN-1865136,Ara Saki,Japan,JP,Okinawa,JP-47,Itoman Shi,"Ara Saki (Ara Saki) is a named seas and coastal areas location in Itoman Shi, Okinawa, Japan.",Beach spots,Seas and coastal areas,Coastal feature,Drivable,26.07528,127.68056,6,2992,No,Spring; Summer; Autumn,images/JP-GN-1865136,,,
JP-GN-1864801,Ban Saki,Japan,JP,Okinawa,JP-47,Nago Shi,"Ban Saki (Ban Saki) is a named seas and coastal areas location in Nago Shi, Okinawa, Japan.",Beach spots,Seas and coastal areas,Coastal feature,Drivable,26.55492,128.13867,54,2993,No,Spring; Summer; Autumn,images/JP-GN-1864801,,,
JP-GN-1864716,Bise Zaki,Japan,JP,Okinawa,JP-47,Bise,"Bise Zaki (Bise Zaki) is a named seas and coastal areas location in Bise, Okinawa, Japan.",Beach spots,Seas and coastal areas,Coastal feature,Drivable,26.71194,127.87667,-9999,2994,No,Spring; Summer; Autumn,images/JP-GN-1864716,,,
JP-GN-1864664,Busena Misaki,Japan,JP,Okinawa,JP-47,Kise,"Busena Misaki (Busena Misaki) is a named seas and coastal areas location in Kise, Okinawa, Japan.",Beach spots,Seas and coastal areas,Coastal feature,Drivable,26.54278,127.93222,-9999,2995,No,Spring; Summer; Autumn,images/JP-GN-1864664,,,
JP-GN-1864564,China Zaki,Japan,JP,Okinawa,JP-47,Nanjo Shi,"China Zaki (China Zaki) is a named seas and coastal areas location in Nanjo Shi, Okinawa, Japan.",Beach spots,Seas and coastal areas,Coastal feature,Drivable,26.18975,127.8216,6,2996,No,Spring; Summer; Autumn,images/JP-GN-1864564,,,
JP-GN-1864559,Chinen Misaki,Japan,JP,Okinawa,JP-47,Nanjo Shi,"Chinen Misaki (Chinen Misaki) is a named seas and coastal areas location in Nanjo Shi, Okinawa, Japan.",Beach spots,Seas and coastal areas,Coastal feature,Drivable,26.16583,127.83056,1,2997,No,Spring; Summer; Autumn,images/JP-GN-1864559,,,
JP-GN-1864145,Fuden Saki,Japan,JP,Okinawa,JP-47,Shimajiri-gun,"Fuden Saki (Fuden Saki) is a named seas and coastal areas location in Shimajiri-gun, Okinawa, Japan.",Beach spots,Seas and coastal areas,Coastal feature,Drivable,26.57577,127.20899,37,2998,No,Spring; Summer; Autumn,images/JP-GN-1864145,,,
JP-GN-1864043,Fukashirono Saki,Japan,JP,Okinawa,JP-47,Shimajiri-gun,"Fukashirono Saki (Fukashirono Saki) is a named seas and coastal areas location in Shimajiri-gun, Okinawa, Japan.",Beach spots,Seas and coastal areas,Coastal feature,Drivable,26.22565,127.28394,14,2999,No,Spring; Summer; Autumn,images/JP-GN-1864043,,,
JP-GN-1898439,Funauki-wan,Japan,JP,Okinawa,JP-47,Funauke,"Funauki-wan (Funauki-wan) is a named seas and coastal areas location in Funauke, Okinawa, Japan.",Beach spots,Seas and coastal areas,Coastal feature,Drivable,24.34153,123.71389,-9999,3000,No,Spring; Summer; Autumn,images/JP-GN-1898439,,,
