source_id,name,country,country_code,state_province,state_code,city,description,spot_types,category_raw,subcategory_raw,travel_info,latitude,longitude,altitude,display_order,unesco,best_season,image_folder,image_1,image_2,image_3
FR-000001,Historic Site Paris 001,France,FR,Île-de-France,75,Paris,"Historic Site location in Paris, Île-de-France, France.",Historical spots,Historic Site,Landmark,Drivable,48.8476,2.3432,,1,No,Spring; Summer; Autumn,images/FR-000001,,,
FR-000002,Museum Lyon 001,France,FR,Auvergne-Rhône-Alpes,69,Lyon,"Museum location in Lyon, Auvergne-Rhône-Alpes, France.",Historical spots|Cultural spots,Museum,Cultural Attraction,Drivable,45.757,4.8287,,2,No,Spring; Summer; Autumn,images/FR-000002,,,
FR-000003,Castle Marseille 001,France,FR,Provence-Alpes-Côte d'Azur,13,Marseille,"Castle location in Marseille, Provence-Alpes-Côte d'Azur, France.",Historical spots,Castle,Historic Landmark,Drivable,43.2915,5.3648,,3,No,Spring; Summer; Autumn,images/FR-000003,,,
FR-000004,Cathedral Bordeaux 001,France,FR,Nouvelle-Aquitaine,33,Bordeaux,"Cathedral location in Bordeaux, Nouvelle-Aquitaine, France.",Religious/spiritual spots,Cathedral,Religious Site,Drivable,44.8348,-0.5822,,4,No,Spring; Summer; Autumn,images/FR-000004,,,
FR-000005,Park Toulouse 001,France,FR,Occitanie,31,Toulouse,"Park location in Toulouse, Occitanie, France.",Natural spots,Park,Nature & Recreation,Drivable,43.6037,1.4432,,5,No,Spring; Summer; Autumn,images/FR-000005,,,
FR-000006,Garden Lille 001,France,FR,Hauts-de-France,59,Lille,"Garden location in Lille, Hauts-de-France, France.",Cultural spots|Natural spots,Garden,Nature & Recreation,Drivable,50.6302,3.0583,,6,No,Spring; Summer; Autumn,images/FR-000006,,,
FR-000007,Monument Strasbourg 001,France,FR,Grand Est,67,Strasbourg,"Monument location in Strasbourg, Grand Est, France.",Historical spots,Monument,Landmark,Drivable,48.5764,7.7551,,7,No,Spring; Summer; Autumn,images/FR-000007,,,
FR-000008,Beach Nantes 001,France,FR,Pays de la Loire,44,Nantes,"Beach location in Nantes, Pays de la Loire, France.",Beach spots|Natural spots,Beach,Nature & Recreation,Drivable,47.2234,-1.5486,,8,No,Spring; Summer; Autumn,images/FR-000008,,,
FR-000009,Viewpoint Rennes 001,France,FR,Bretagne,35,Rennes,"Viewpoint location in Rennes, Bretagne, France.",Adventure spots|Natural spots,Viewpoint,Scenic Attraction,Drivable,48.1243,-1.6708,,9,No,Spring; Summer; Autumn,images/FR-000009,,,
FR-000010,Market Rouen 001,France,FR,Normandie,76,Rouen,"Market location in Rouen, Normandie, France.",Cultural spots,Market,Local Attraction,Drivable,49.4522,1.1083,,10,No,Spring; Summer; Autumn,images/FR-000010,,,
FR-000011,Art Gallery Dijon 001,France,FR,Bourgogne-Franche-Comté,21,Dijon,"Art Gallery location in Dijon, Bourgogne-Franche-Comté, France.",Cultural spots,Art Gallery,Cultural Attraction,Drivable,47.313,5.0325,,11,No,Spring; Summer; Autumn,images/FR-000011,,,
FR-000012,Theatre Tours 001,France,FR,Centre-Val de Loire,37,Tours,"Theatre location in Tours, Centre-Val de Loire, France.",Historical spots,Theatre,Performing Arts,Drivable,47.3871,0.6778,,12,No,Spring; Summer; Autumn,images/FR-000012,,,
FR-000013,Church Ajaccio 001,France,FR,Corse,2A,Ajaccio,"Church location in Ajaccio, Corse, France.",Religious/spiritual spots,Church,Religious Site,Drivable,41.9142,8.7336,,13,No,Spring; Summer; Autumn,images/FR-000013,,,
FR-000014,Abbey Saint-Denis 001,France,FR,La Réunion,974,Saint-Denis,"Abbey location in Saint-Denis, La Réunion, France.",Religious/spiritual spots,Abbey,Religious Site,Drivable,-20.8819,55.4451,,14,No,Spring; Summer; Autumn,images/FR-000014,,,
FR-000015,Fortress Paris 002,France,FR,Île-de-France,75,Paris,"Fortress location in Paris, Île-de-France, France.",Historical spots,Fortress,Historic Landmark,Drivable,48.8556,2.3512,,15,No,Spring; Summer; Autumn,images/FR-000015,,,
FR-000016,Archaeological Site Lyon 002,France,FR,Auvergne-Rhône-Alpes,69,Lyon,"Archaeological Site location in Lyon, Auvergne-Rhône-Alpes, France.",Historical spots,Archaeological Site,Historic Site,Drivable,45.765,4.8367,,16,No,Spring; Summer; Autumn,images/FR-000016,,,
FR-000017,Zoo Marseille 002,France,FR,Provence-Alpes-Côte d'Azur,13,Marseille,"Zoo location in Marseille, Provence-Alpes-Côte d'Azur, France.",Wildlife spots,Zoo,Family Attraction,Drivable,43.2995,5.3728,,17,No,Spring; Summer; Autumn,images/FR-000017,,,
FR-000018,Aquarium Bordeaux 002,France,FR,Nouvelle-Aquitaine,33,Bordeaux,"Aquarium location in Bordeaux, Nouvelle-Aquitaine, France.",Wildlife spots,Aquarium,Family Attraction,Drivable,44.8428,-0.5742,,18,No,Spring; Summer; Autumn,images/FR-000018,,,
FR-000019,Botanical Garden Toulouse 002,France,FR,Occitanie,31,Toulouse,"Botanical Garden location in Toulouse, Occitanie, France.",Cultural spots|Natural spots,Botanical Garden,Nature & Recreation,Drivable,43.6117,1.4512,,19,No,Spring; Summer; Autumn,images/FR-000019,,,
FR-000020,Marina Lille 002,France,FR,Hauts-de-France,59,Lille,"Marina location in Lille, Hauts-de-France, France.",Beach spots|Cultural spots,Marina,Leisure,Drivable,50.6382,3.0663,,20,No,Spring; Summer; Autumn,images/FR-000020,,,
FR-000021,Historic Site Strasbourg 002,France,FR,Grand Est,67,Strasbourg,"Historic Site location in Strasbourg, Grand Est, France.",Historical spots,Historic Site,Landmark,Drivable,48.5644,7.7431,,21,No,Spring; Summer; Autumn,images/FR-000021,,,
FR-000022,Museum Nantes 002,France,FR,Pays de la Loire,44,Nantes,"Museum location in Nantes, Pays de la Loire, France.",Historical spots|Cultural spots,Museum,Cultural Attraction,Drivable,47.2114,-1.5606,,22,No,Spring; Summer; Autumn,images/FR-000022,,,
FR-000023,Castle Rennes 002,France,FR,Bretagne,35,Rennes,"Castle location in Rennes, Bretagne, France.",Historical spots,Castle,Historic Landmark,Drivable,48.1123,-1.6828,,23,No,Spring; Summer; Autumn,images/FR-000023,,,
FR-000024,Cathedral Rouen 002,France,FR,Normandie,76,Rouen,"Cathedral location in Rouen, Normandie, France.",Religious/spiritual spots,Cathedral,Religious Site,Drivable,49.4402,1.0963,,24,No,Spring; Summer; Autumn,images/FR-000024,,,
FR-000025,Park Dijon 002,France,FR,Bourgogne-Franche-Comté,21,Dijon,"Park location in Dijon, Bourgogne-Franche-Comté, France.",Natural spots,Park,Nature & Recreation,Drivable,47.321,5.0405,,25,No,Spring; Summer; Autumn,images/FR-000025,,,
FR-000026,Garden Tours 002,France,FR,Centre-Val de Loire,37,Tours,"Garden location in Tours, Centre-Val de Loire, France.",Cultural spots|Natural spots,Garden,Nature & Recreation,Drivable,47.3951,0.6858,,26,No,Spring; Summer; Autumn,images/FR-000026,,,
FR-000027,Monument Ajaccio 002,France,FR,Corse,2A,Ajaccio,"Monument location in Ajaccio, Corse, France.",Historical spots,Monument,Landmark,Drivable,41.9222,8.7416,,27,No,Spring; Summer; Autumn,images/FR-000027,,,
FR-000028,Beach Saint-Denis 002,France,FR,La Réunion,974,Saint-Denis,"Beach location in Saint-Denis, La Réunion, France.",Beach spots|Natural spots,Beach,Nature & Recreation,Drivable,-20.8739,55.4531,,28,No,Spring; Summer; Autumn,images/FR-000028,,,
FR-000029,Viewpoint Paris 003,France,FR,Île-de-France,75,Paris,"Viewpoint location in Paris, Île-de-France, France.",Adventure spots|Natural spots,Viewpoint,Scenic Attraction,Drivable,48.8636,2.3592,,29,No,Spring; Summer; Autumn,images/FR-000029,,,
FR-000030,Market Lyon 003,France,FR,Auvergne-Rhône-Alpes,69,Lyon,"Market location in Lyon, Auvergne-Rhône-Alpes, France.",Cultural spots,Market,Local Attraction,Drivable,45.773,4.8447,,30,No,Spring; Summer; Autumn,images/FR-000030,,,
FR-000031,Art Gallery Marseille 003,France,FR,Provence-Alpes-Côte d'Azur,13,Marseille,"Art Gallery location in Marseille, Provence-Alpes-Côte d'Azur, France.",Cultural spots,Art Gallery,Cultural Attraction,Drivable,43.2875,5.3608,,31,No,Spring; Summer; Autumn,images/FR-000031,,,
FR-000032,Theatre Bordeaux 003,France,FR,Nouvelle-Aquitaine,33,Bordeaux,"Theatre location in Bordeaux, Nouvelle-Aquitaine, France.",Historical spots,Theatre,Performing Arts,Drivable,44.8308,-0.5862,,32,No,Spring; Summer; Autumn,images/FR-000032,,,
FR-000033,Church Toulouse 003,France,FR,Occitanie,31,Toulouse,"Church location in Toulouse, Occitanie, France.",Religious/spiritual spots,Church,Religious Site,Drivable,43.5997,1.4392,,33,No,Spring; Summer; Autumn,images/FR-000033,,,
FR-000034,Abbey Lille 003,France,FR,Hauts-de-France,59,Lille,"Abbey location in Lille, Hauts-de-France, France.",Religious/spiritual spots,Abbey,Religious Site,Drivable,50.6262,3.0543,,34,No,Spring; Summer; Autumn,images/FR-000034,,,
FR-000035,Fortress Strasbourg 003,France,FR,Grand Est,67,Strasbourg,"Fortress location in Strasbourg, Grand Est, France.",Historical spots,Fortress,Historic Landmark,Drivable,48.5724,7.7511,,35,No,Spring; Summer; Autumn,images/FR-000035,,,
FR-000036,Archaeological Site Nantes 003,France,FR,Pays de la Loire,44,Nantes,"Archaeological Site location in Nantes, Pays de la Loire, France.",Historical spots,Archaeological Site,Historic Site,Drivable,47.2194,-1.5526,,36,No,Spring; Summer; Autumn,images/FR-000036,,,
FR-000037,Zoo Rennes 003,France,FR,Bretagne,35,Rennes,"Zoo location in Rennes, Bretagne, France.",Wildlife spots,Zoo,Family Attraction,Drivable,48.1203,-1.6748,,37,No,Spring; Summer; Autumn,images/FR-000037,,,
FR-000038,Aquarium Rouen 003,France,FR,Normandie,76,Rouen,"Aquarium location in Rouen, Normandie, France.",Wildlife spots,Aquarium,Family Attraction,Drivable,49.4482,1.1043,,38,No,Spring; Summer; Autumn,images/FR-000038,,,
FR-000039,Botanical Garden Dijon 003,France,FR,Bourgogne-Franche-Comté,21,Dijon,"Botanical Garden location in Dijon, Bourgogne-Franche-Comté, France.",Cultural spots|Natural spots,Botanical Garden,Nature & Recreation,Drivable,47.329,5.0485,,39,No,Spring; Summer; Autumn,images/FR-000039,,,
FR-000040,Marina Tours 003,France,FR,Centre-Val de Loire,37,Tours,"Marina location in Tours, Centre-Val de Loire, France.",Beach spots|Cultural spots,Marina,Leisure,Drivable,47.4031,0.6938,,40,No,Spring; Summer; Autumn,images/FR-000040,,,
FR-000041,Historic Site Ajaccio 003,France,FR,Corse,2A,Ajaccio,"Historic Site location in Ajaccio, Corse, France.",Historical spots,Historic Site,Landmark,Drivable,41.9102,8.7296,,41,No,Spring; Summer; Autumn,images/FR-000041,,,
FR-000042,Museum Saint-Denis 003,France,FR,La Réunion,974,Saint-Denis,"Museum location in Saint-Denis, La Réunion, France.",Historical spots|Cultural spots,Museum,Cultural Attraction,Drivable,-20.8859,55.4411,,42,No,Spring; Summer; Autumn,images/FR-000042,,,
FR-000043,Castle Paris 004,France,FR,Île-de-France,75,Paris,"Castle location in Paris, Île-de-France, France.",Historical spots,Castle,Historic Landmark,Drivable,48.8516,2.3472,,43,No,Spring; Summer; Autumn,images/FR-000043,,,
FR-000044,Cathedral Lyon 004,France,FR,Auvergne-Rhône-Alpes,69,Lyon,"Cathedral location in Lyon, Auvergne-Rhône-Alpes, France.",Religious/spiritual spots,Cathedral,Religious Site,Drivable,45.761,4.8327,,44,No,Spring; Summer; Autumn,images/FR-000044,,,
FR-000045,Park Marseille 004,France,FR,Provence-Alpes-Côte d'Azur,13,Marseille,"Park location in Marseille, Provence-Alpes-Côte d'Azur, France.",Natural spots,Park,Nature & Recreation,Drivable,43.2955,5.3688,,45,No,Spring; Summer; Autumn,images/FR-000045,,,
FR-000046,Garden Bordeaux 004,France,FR,Nouvelle-Aquitaine,33,Bordeaux,"Garden location in Bordeaux, Nouvelle-Aquitaine, France.",Cultural spots|Natural spots,Garden,Nature & Recreation,Drivable,44.8388,-0.5782,,46,No,Spring; Summer; Autumn,images/FR-000046,,,
FR-000047,Monument Toulouse 004,France,FR,Occitanie,31,Toulouse,"Monument location in Toulouse, Occitanie, France.",Historical spots,Monument,Landmark,Drivable,43.6077,1.4472,,47,No,Spring; Summer; Autumn,images/FR-000047,,,
FR-000048,Beach Lille 004,France,FR,Hauts-de-France,59,Lille,"Beach location in Lille, Hauts-de-France, France.",Beach spots|Natural spots,Beach,Nature & Recreation,Drivable,50.6342,3.0623,,48,No,Spring; Summer; Autumn,images/FR-000048,,,
FR-000049,Viewpoint Strasbourg 004,France,FR,Grand Est,67,Strasbourg,"Viewpoint location in Strasbourg, Grand Est, France.",Adventure spots|Natural spots,Viewpoint,Scenic Attraction,Drivable,48.5804,7.7591,,49,No,Spring; Summer; Autumn,images/FR-000049,,,
FR-000050,Market Nantes 004,France,FR,Pays de la Loire,44,Nantes,"Market location in Nantes, Pays de la Loire, France.",Cultural spots,Market,Local Attraction,Drivable,47.2274,-1.5446,,50,No,Spring; Summer; Autumn,images/FR-000050,,,
FR-000051,Art Gallery Rennes 004,France,FR,Bretagne,35,Rennes,"Art Gallery location in Rennes, Bretagne, France.",Cultural spots,Art Gallery,Cultural Attraction,Drivable,48.1083,-1.6868,,51,No,Spring; Summer; Autumn,images/FR-000051,,,
FR-000052,Theatre Rouen 004,France,FR,Normandie,76,Rouen,"Theatre location in Rouen, Normandie, France.",Historical spots,Theatre,Performing Arts,Drivable,49.4362,1.0923,,52,No,Spring; Summer; Autumn,images/FR-000052,,,
FR-000053,Church Dijon 004,France,FR,Bourgogne-Franche-Comté,21,Dijon,"Church location in Dijon, Bourgogne-Franche-Comté, France.",Religious/spiritual spots,Church,Religious Site,Drivable,47.317,5.0365,,53,No,Spring; Summer; Autumn,images/FR-000053,,,
FR-000054,Abbey Tours 004,France,FR,Centre-Val de Loire,37,Tours,"Abbey location in Tours, Centre-Val de Loire, France.",Religious/spiritual spots,Abbey,Religious Site,Drivable,47.3911,0.6818,,54,No,Spring; Summer; Autumn,images/FR-000054,,,
FR-000055,Fortress Ajaccio 004,France,FR,Corse,2A,Ajaccio,"Fortress location in Ajaccio, Corse, France.",Historical spots,Fortress,Historic Landmark,Drivable,41.9182,8.7376,,55,No,Spring; Summer; Autumn,images/FR-000055,,,
FR-000056,Archaeological Site Saint-Denis 004,France,FR,La Réunion,974,Saint-Denis,"Archaeological Site location in Saint-Denis, La Réunion, France.",Historical spots,Archaeological Site,Historic Site,Drivable,-20.8779,55.4491,,56,No,Spring; Summer; Autumn,images/FR-000056,,,
FR-000057,Zoo Paris 005,France,FR,Île-de-France,75,Paris,"Zoo location in Paris, Île-de-France, France.",Wildlife spots,Zoo,Family Attraction,Drivable,48.8596,2.3552,,57,No,Spring; Summer; Autumn,images/FR-000057,,,
FR-000058,Aquarium Lyon 005,France,FR,Auvergne-Rhône-Alpes,69,Lyon,"Aquarium location in Lyon, Auvergne-Rhône-Alpes, France.",Wildlife spots,Aquarium,Family Attraction,Drivable,45.769,4.8407,,58,No,Spring; Summer; Autumn,images/FR-000058,,,
FR-000059,Botanical Garden Marseille 005,France,FR,Provence-Alpes-Côte d'Azur,13,Marseille,"Botanical Garden location in Marseille, Provence-Alpes-Côte d'Azur, France.",Cultural spots|Natural spots,Botanical Garden,Nature & Recreation,Drivable,43.3035,5.3768,,59,No,Spring; Summer; Autumn,images/FR-000059,,,
FR-000060,Marina Bordeaux 005,France,FR,Nouvelle-Aquitaine,33,Bordeaux,"Marina location in Bordeaux, Nouvelle-Aquitaine, France.",Beach spots|Cultural spots,Marina,Leisure,Drivable,44.8468,-0.5702,,60,No,Spring; Summer; Autumn,images/FR-000060,,,
FR-000061,Historic Site Toulouse 005,France,FR,Occitanie,31,Toulouse,"Historic Site location in Toulouse, Occitanie, France.",Historical spots,Historic Site,Landmark,Drivable,43.5957,1.4352,,61,No,Spring; Summer; Autumn,images/FR-000061,,,
FR-000062,Museum Lille 005,France,FR,Hauts-de-France,59,Lille,"Museum location in Lille, Hauts-de-France, France.",Historical spots|Cultural spots,Museum,Cultural Attraction,Drivable,50.6222,3.0503,,62,No,Spring; Summer; Autumn,images/FR-000062,,,
FR-000063,Castle Strasbourg 005,France,FR,Grand Est,67,Strasbourg,"Castle location in Strasbourg, Grand Est, France.",Historical spots,Castle,Historic Landmark,Drivable,48.5684,7.7471,,63,No,Spring; Summer; Autumn,images/FR-000063,,,
FR-000064,Cathedral Nantes 005,France,FR,Pays de la Loire,44,Nantes,"Cathedral location in Nantes, Pays de la Loire, France.",Religious/spiritual spots,Cathedral,Religious Site,Drivable,47.2154,-1.5566,,64,No,Spring; Summer; Autumn,images/FR-000064,,,
FR-000065,Park Rennes 005,France,FR,Bretagne,35,Rennes,"Park location in Rennes, Bretagne, France.",Natural spots,Park,Nature & Recreation,Drivable,48.1163,-1.6788,,65,No,Spring; Summer; Autumn,images/FR-000065,,,
FR-000066,Garden Rouen 005,France,FR,Normandie,76,Rouen,"Garden location in Rouen, Normandie, France.",Cultural spots|Natural spots,Garden,Nature & Recreation,Drivable,49.4442,1.1003,,66,No,Spring; Summer; Autumn,images/FR-000066,,,
FR-000067,Monument Dijon 005,France,FR,Bourgogne-Franche-Comté,21,Dijon,"Monument location in Dijon, Bourgogne-Franche-Comté, France.",Historical spots,Monument,Landmark,Drivable,47.325,5.0445,,67,No,Spring; Summer; Autumn,images/FR-000067,,,
FR-000068,Beach Tours 005,France,FR,Centre-Val de Loire,37,Tours,"Beach location in Tours, Centre-Val de Loire, France.",Beach spots|Natural spots,Beach,Nature & Recreation,Drivable,47.3991,0.6898,,68,No,Spring; Summer; Autumn,images/FR-000068,,,
FR-000069,Viewpoint Ajaccio 005,France,FR,Corse,2A,Ajaccio,"Viewpoint location in Ajaccio, Corse, France.",Adventure spots|Natural spots,Viewpoint,Scenic Attraction,Drivable,41.9262,8.7456,,69,No,Spring; Summer; Autumn,images/FR-000069,,,
FR-000070,Market Saint-Denis 005,France,FR,La Réunion,974,Saint-Denis,"Market location in Saint-Denis, La Réunion, France.",Cultural spots,Market,Local Attraction,Drivable,-20.8699,55.4571,,70,No,Spring; Summer; Autumn,images/FR-000070,,,
FR-000071,Art Gallery Paris 006,France,FR,Île-de-France,75,Paris,"Art Gallery location in Paris, Île-de-France, France.",Cultural spots,Art Gallery,Cultural Attraction,Drivable,48.8476,2.3432,,71,No,Spring; Summer; Autumn,images/FR-000071,,,
FR-000072,Theatre Lyon 006,France,FR,Auvergne-Rhône-Alpes,69,Lyon,"Theatre location in Lyon, Auvergne-Rhône-Alpes, France.",Historical spots,Theatre,Performing Arts,Drivable,45.757,4.8287,,72,No,Spring; Summer; Autumn,images/FR-000072,,,
FR-000073,Church Marseille 006,France,FR,Provence-Alpes-Côte d'Azur,13,Marseille,"Church location in Marseille, Provence-Alpes-Côte d'Azur, France.",Religious/spiritual spots,Church,Religious Site,Drivable,43.2915,5.3648,,73,No,Spring; Summer; Autumn,images/FR-000073,,,
FR-000074,Abbey Bordeaux 006,France,FR,Nouvelle-Aquitaine,33,Bordeaux,"Abbey location in Bordeaux, Nouvelle-Aquitaine, France.",Religious/spiritual spots,Abbey,Religious Site,Drivable,44.8348,-0.5822,,74,No,Spring; Summer; Autumn,images/FR-000074,,,
FR-000075,Fortress Toulouse 006,France,FR,Occitanie,31,Toulouse,"Fortress location in Toulouse, Occitanie, France.",Historical spots,Fortress,Historic Landmark,Drivable,43.6037,1.4432,,75,No,Spring; Summer; Autumn,images/FR-000075,,,
FR-000076,Archaeological Site Lille 006,France,FR,Hauts-de-France,59,Lille,"Archaeological Site location in Lille, Hauts-de-France, France.",Historical spots,Archaeological Site,Historic Site,Drivable,50.6302,3.0583,,76,No,Spring; Summer; Autumn,images/FR-000076,,,
FR-000077,Zoo Strasbourg 006,France,FR,Grand Est,67,Strasbourg,"Zoo location in Strasbourg, Grand Est, France.",Wildlife spots,Zoo,Family Attraction,Drivable,48.5764,7.7551,,77,No,Spring; Summer; Autumn,images/FR-000077,,,
FR-000078,Aquarium Nantes 006,France,FR,Pays de la Loire,44,Nantes,"Aquarium location in Nantes, Pays de la Loire, France.",Wildlife spots,Aquarium,Family Attraction,Drivable,47.2234,-1.5486,,78,No,Spring; Summer; Autumn,images/FR-000078,,,
FR-000079,Botanical Garden Rennes 006,France,FR,Bretagne,35,Rennes,"Botanical Garden location in Rennes, Bretagne, France.",Cultural spots|Natural spots,Botanical Garden,Nature & Recreation,Drivable,48.1243,-1.6708,,79,No,Spring; Summer; Autumn,images/FR-000079,,,
FR-000080,Marina Rouen 006,France,FR,Normandie,76,Rouen,"Marina location in Rouen, Normandie, France.",Beach spots|Cultural spots,Marina,Leisure,Drivable,49.4522,1.1083,,80,No,Spring; Summer; Autumn,images/FR-000080,,,
FR-000081,Historic Site Dijon 006,France,FR,Bourgogne-Franche-Comté,21,Dijon,"Historic Site location in Dijon, Bourgogne-Franche-Comté, France.",Historical spots,Historic Site,Landmark,Drivable,47.313,5.0325,,81,No,Spring; Summer; Autumn,images/FR-000081,,,
FR-000082,Museum Tours 006,France,FR,Centre-Val de Loire,37,Tours,"Museum location in Tours, Centre-Val de Loire, France.",Historical spots|Cultural spots,Museum,Cultural Attraction,Drivable,47.3871,0.6778,,82,No,Spring; Summer; Autumn,images/FR-000082,,,
FR-000083,Castle Ajaccio 006,France,FR,Corse,2A,Ajaccio,"Castle location in Ajaccio, Corse, France.",Historical spots,Castle,Historic Landmark,Drivable,41.9142,8.7336,,83,No,Spring; Summer; Autumn,images/FR-000083,,,
FR-000084,Cathedral Saint-Denis 006,France,FR,La Réunion,974,Saint-Denis,"Cathedral location in Saint-Denis, La Réunion, France.",Religious/spiritual spots,Cathedral,Religious Site,Drivable,-20.8819,55.4451,,84,No,Spring; Summer; Autumn,images/FR-000084,,,
FR-000085,Park Paris 007,France,FR,Île-de-France,75,Paris,"Park location in Paris, Île-de-France, France.",Natural spots,Park,Nature & Recreation,Drivable,48.8556,2.3512,,85,No,Spring; Summer; Autumn,images/FR-000085,,,
FR-000086,Garden Lyon 007,France,FR,Auvergne-Rhône-Alpes,69,Lyon,"Garden location in Lyon, Auvergne-Rhône-Alpes, France.",Cultural spots|Natural spots,Garden,Nature & Recreation,Drivable,45.765,4.8367,,86,No,Spring; Summer; Autumn,images/FR-000086,,,
FR-000087,Monument Marseille 007,France,FR,Provence-Alpes-Côte d'Azur,13,Marseille,"Monument location in Marseille, Provence-Alpes-Côte d'Azur, France.",Historical spots,Monument,Landmark,Drivable,43.2995,5.3728,,87,No,Spring; Summer; Autumn,images/FR-000087,,,
FR-000088,Beach Bordeaux 007,France,FR,Nouvelle-Aquitaine,33,Bordeaux,"Beach location in Bordeaux, Nouvelle-Aquitaine, France.",Beach spots|Natural spots,Beach,Nature & Recreation,Drivable,44.8428,-0.5742,,88,No,Spring; Summer; Autumn,images/FR-000088,,,
FR-000089,Viewpoint Toulouse 007,France,FR,Occitanie,31,Toulouse,"Viewpoint location in Toulouse, Occitanie, France.",Adventure spots|Natural spots,Viewpoint,Scenic Attraction,Drivable,43.6117,1.4512,,89,No,Spring; Summer; Autumn,images/FR-000089,,,
FR-000090,Market Lille 007,France,FR,Hauts-de-France,59,Lille,"Market location in Lille, Hauts-de-France, France.",Cultural spots,Market,Local Attraction,Drivable,50.6382,3.0663,,90,No,Spring; Summer; Autumn,images/FR-000090,,,
FR-000091,Art Gallery Strasbourg 007,France,FR,Grand Est,67,Strasbourg,"Art Gallery location in Strasbourg, Grand Est, France.",Cultural spots,Art Gallery,Cultural Attraction,Drivable,48.5644,7.7431,,91,No,Spring; Summer; Autumn,images/FR-000091,,,
FR-000092,Theatre Nantes 007,France,FR,Pays de la Loire,44,Nantes,"Theatre location in Nantes, Pays de la Loire, France.",Historical spots,Theatre,Performing Arts,Drivable,47.2114,-1.5606,,92,No,Spring; Summer; Autumn,images/FR-000092,,,
FR-000093,Church Rennes 007,France,FR,Bretagne,35,Rennes,"Church location in Rennes, Bretagne, France.",Religious/spiritual spots,Church,Religious Site,Drivable,48.1123,-1.6828,,93,No,Spring; Summer; Autumn,images/FR-000093,,,
FR-000094,Abbey Rouen 007,France,FR,Normandie,76,Rouen,"Abbey location in Rouen, Normandie, France.",Religious/spiritual spots,Abbey,Religious Site,Drivable,49.4402,1.0963,,94,No,Spring; Summer; Autumn,images/FR-000094,,,
FR-000095,Fortress Dijon 007,France,FR,Bourgogne-Franche-Comté,21,Dijon,"Fortress location in Dijon, Bourgogne-Franche-Comté, France.",Historical spots,Fortress,Historic Landmark,Drivable,47.321,5.0405,,95,No,Spring; Summer; Autumn,images/FR-000095,,,
FR-000096,Archaeological Site Tours 007,France,FR,Centre-Val de Loire,37,Tours,"Archaeological Site location in Tours, Centre-Val de Loire, France.",Historical spots,Archaeological Site,Historic Site,Drivable,47.3951,0.6858,,96,No,Spring; Summer; Autumn,images/FR-000096,,,
FR-000097,Zoo Ajaccio 007,France,FR,Corse,2A,Ajaccio,"Zoo location in Ajaccio, Corse, France.",Wildlife spots,Zoo,Family Attraction,Drivable,41.9222,8.7416,,97,No,Spring; Summer; Autumn,images/FR-000097,,,
FR-000098,Aquarium Saint-Denis 007,France,FR,La Réunion,974,Saint-Denis,"Aquarium location in Saint-Denis, La Réunion, France.",Wildlife spots,Aquarium,Family Attraction,Drivable,-20.8739,55.4531,,98,No,Spring; Summer; Autumn,images/FR-000098,,,
FR-000099,Botanical Garden Paris 008,France,FR,Île-de-France,75,Paris,"Botanical Garden location in Paris, Île-de-France, France.",Cultural spots|Natural spots,Botanical Garden,Nature & Recreation,Drivable,48.8636,2.3592,,99,No,Spring; Summer; Autumn,images/FR-000099,,,
FR-000100,Marina Lyon 008,France,FR,Auvergne-Rhône-Alpes,69,Lyon,"Marina location in Lyon, Auvergne-Rhône-Alpes, France.",Beach spots|Cultural spots,Marina,Leisure,Drivable,45.773,4.8447,,100,No,Spring; Summer; Autumn,images/FR-000100,,,
FR-000101,Historic Site Marseille 008,France,FR,Provence-Alpes-Côte d'Azur,13,Marseille,"Historic Site location in Marseille, Provence-Alpes-Côte d'Azur, France.",Historical spots,Historic Site,Landmark,Drivable,43.2875,5.3608,,101,No,Spring; Summer; Autumn,images/FR-000101,,,
FR-000102,Museum Bordeaux 008,France,FR,Nouvelle-Aquitaine,33,Bordeaux,"Museum location in Bordeaux, Nouvelle-Aquitaine, France.",Historical spots|Cultural spots,Museum,Cultural Attraction,Drivable,44.8308,-0.5862,,102,No,Spring; Summer; Autumn,images/FR-000102,,,
FR-000103,Castle Toulouse 008,France,FR,Occitanie,31,Toulouse,"Castle location in Toulouse, Occitanie, France.",Historical spots,Castle,Historic Landmark,Drivable,43.5997,1.4392,,103,No,Spring; Summer; Autumn,images/FR-000103,,,
FR-000104,Cathedral Lille 008,France,FR,Hauts-de-France,59,Lille,"Cathedral location in Lille, Hauts-de-France, France.",Religious/spiritual spots,Cathedral,Religious Site,Drivable,50.6262,3.0543,,104,No,Spring; Summer; Autumn,images/FR-000104,,,
FR-000105,Park Strasbourg 008,France,FR,Grand Est,67,Strasbourg,"Park location in Strasbourg, Grand Est, France.",Natural spots,Park,Nature & Recreation,Drivable,48.5724,7.7511,,105,No,Spring; Summer; Autumn,images/FR-000105,,,
FR-000106,Garden Nantes 008,France,FR,Pays de la Loire,44,Nantes,"Garden location in Nantes, Pays de la Loire, France.",Cultural spots|Natural spots,Garden,Nature & Recreation,Drivable,47.2194,-1.5526,,106,No,Spring; Summer; Autumn,images/FR-000106,,,
FR-000107,Monument Rennes 008,France,FR,Bretagne,35,Rennes,"Monument location in Rennes, Bretagne, France.",Historical spots,Monument,Landmark,Drivable,48.1203,-1.6748,,107,No,Spring; Summer; Autumn,images/FR-000107,,,
FR-000108,Beach Rouen 008,France,FR,Normandie,76,Rouen,"Beach location in Rouen, Normandie, France.",Beach spots|Natural spots,Beach,Nature & Recreation,Drivable,49.4482,1.1043,,108,No,Spring; Summer; Autumn,images/FR-000108,,,
FR-000109,Viewpoint Dijon 008,France,FR,Bourgogne-Franche-Comté,21,Dijon,"Viewpoint location in Dijon, Bourgogne-Franche-Comté, France.",Adventure spots|Natural spots,Viewpoint,Scenic Attraction,Drivable,47.329,5.0485,,109,No,Spring; Summer; Autumn,images/FR-000109,,,
FR-000110,Market Tours 008,France,FR,Centre-Val de Loire,37,Tours,"Market location in Tours, Centre-Val de Loire, France.",Cultural spots,Market,Local Attraction,Drivable,47.4031,0.6938,,110,No,Spring; Summer; Autumn,images/FR-000110,,,
FR-000111,Art Gallery Ajaccio 008,France,FR,Corse,2A,Ajaccio,"Art Gallery location in Ajaccio, Corse, France.",Cultural spots,Art Gallery,Cultural Attraction,Drivable,41.9102,8.7296,,111,No,Spring; Summer; Autumn,images/FR-000111,,,
FR-000112,Theatre Saint-Denis 008,France,FR,La Réunion,974,Saint-Denis,"Theatre location in Saint-Denis, La Réunion, France.",Historical spots,Theatre,Performing Arts,Drivable,-20.8859,55.4411,,112,No,Spring; Summer; Autumn,images/FR-000112,,,
FR-000113,Church Paris 009,France,FR,Île-de-France,75,Paris,"Church location in Paris, Île-de-France, France.",Religious/spiritual spots,Church,Religious Site,Drivable,48.8516,2.3472,,113,No,Spring; Summer; Autumn,images/FR-000113,,,
FR-000114,Abbey Lyon 009,France,FR,Auvergne-Rhône-Alpes,69,Lyon,"Abbey location in Lyon, Auvergne-Rhône-Alpes, France.",Religious/spiritual spots,Abbey,Religious Site,Drivable,45.761,4.8327,,114,No,Spring; Summer; Autumn,images/FR-000114,,,
FR-000115,Fortress Marseille 009,France,FR,Provence-Alpes-Côte d'Azur,13,Marseille,"Fortress location in Marseille, Provence-Alpes-Côte d'Azur, France.",Historical spots,Fortress,Historic Landmark,Drivable,43.2955,5.3688,,115,No,Spring; Summer; Autumn,images/FR-000115,,,
FR-000116,Archaeological Site Bordeaux 009,France,FR,Nouvelle-Aquitaine,33,Bordeaux,"Archaeological Site location in Bordeaux, Nouvelle-Aquitaine, France.",Historical spots,Archaeological Site,Historic Site,Drivable,44.8388,-0.5782,,116,No,Spring; Summer; Autumn,images/FR-000116,,,
FR-000117,Zoo Toulouse 009,France,FR,Occitanie,31,Toulouse,"Zoo location in Toulouse, Occitanie, France.",Wildlife spots,Zoo,Family Attraction,Drivable,43.6077,1.4472,,117,No,Spring; Summer; Autumn,images/FR-000117,,,
FR-000118,Aquarium Lille 009,France,FR,Hauts-de-France,59,Lille,"Aquarium location in Lille, Hauts-de-France, France.",Wildlife spots,Aquarium,Family Attraction,Drivable,50.6342,3.0623,,118,No,Spring; Summer; Autumn,images/FR-000118,,,
FR-000119,Botanical Garden Strasbourg 009,France,FR,Grand Est,67,Strasbourg,"Botanical Garden location in Strasbourg, Grand Est, France.",Cultural spots|Natural spots,Botanical Garden,Nature & Recreation,Drivable,48.5804,7.7591,,119,No,Spring; Summer; Autumn,images/FR-000119,,,
FR-000120,Marina Nantes 009,France,FR,Pays de la Loire,44,Nantes,"Marina location in Nantes, Pays de la Loire, France.",Beach spots|Cultural spots,Marina,Leisure,Drivable,47.2274,-1.5446,,120,No,Spring; Summer; Autumn,images/FR-000120,,,
FR-000121,Historic Site Rennes 009,France,FR,Bretagne,35,Rennes,"Historic Site location in Rennes, Bretagne, France.",Historical spots,Historic Site,Landmark,Drivable,48.1083,-1.6868,,121,No,Spring; Summer; Autumn,images/FR-000121,,,
FR-000122,Museum Rouen 009,France,FR,Normandie,76,Rouen,"Museum location in Rouen, Normandie, France.",Historical spots|Cultural spots,Museum,Cultural Attraction,Drivable,49.4362,1.0923,,122,No,Spring; Summer; Autumn,images/FR-000122,,,
FR-000123,Castle Dijon 009,France,FR,Bourgogne-Franche-Comté,21,Dijon,"Castle location in Dijon, Bourgogne-Franche-Comté, France.",Historical spots,Castle,Historic Landmark,Drivable,47.317,5.0365,,123,No,Spring; Summer; Autumn,images/FR-000123,,,
FR-000124,Cathedral Tours 009,France,FR,Centre-Val de Loire,37,Tours,"Cathedral location in Tours, Centre-Val de Loire, France.",Religious/spiritual spots,Cathedral,Religious Site,Drivable,47.3911,0.6818,,124,No,Spring; Summer; Autumn,images/FR-000124,,,
FR-000125,Park Ajaccio 009,France,FR,Corse,2A,Ajaccio,"Park location in Ajaccio, Corse, France.",Natural spots,Park,Nature & Recreation,Drivable,41.9182,8.7376,,125,No,Spring; Summer; Autumn,images/FR-000125,,,
FR-000126,Garden Saint-Denis 009,France,FR,La Réunion,974,Saint-Denis,"Garden location in Saint-Denis, La Réunion, France.",Cultural spots|Natural spots,Garden,Nature & Recreation,Drivable,-20.8779,55.4491,,126,No,Spring; Summer; Autumn,images/FR-000126,,,
FR-000127,Monument Paris 010,France,FR,Île-de-France,75,Paris,"Monument location in Paris, Île-de-France, France.",Historical spots,Monument,Landmark,Drivable,48.8596,2.3552,,127,No,Spring; Summer; Autumn,images/FR-000127,,,
FR-000128,Beach Lyon 010,France,FR,Auvergne-Rhône-Alpes,69,Lyon,"Beach location in Lyon, Auvergne-Rhône-Alpes, France.",Beach spots|Natural spots,Beach,Nature & Recreation,Drivable,45.769,4.8407,,128,No,Spring; Summer; Autumn,images/FR-000128,,,
FR-000129,Viewpoint Marseille 010,France,FR,Provence-Alpes-Côte d'Azur,13,Marseille,"Viewpoint location in Marseille, Provence-Alpes-Côte d'Azur, France.",Adventure spots|Natural spots,Viewpoint,Scenic Attraction,Drivable,43.3035,5.3768,,129,No,Spring; Summer; Autumn,images/FR-000129,,,
FR-000130,Market Bordeaux 010,France,FR,Nouvelle-Aquitaine,33,Bordeaux,"Market location in Bordeaux, Nouvelle-Aquitaine, France.",Cultural spots,Market,Local Attraction,Drivable,44.8468,-0.5702,,130,No,Spring; Summer; Autumn,images/FR-000130,,,
FR-000131,Art Gallery Toulouse 010,France,FR,Occitanie,31,Toulouse,"Art Gallery location in Toulouse, Occitanie, France.",Cultural spots,Art Gallery,Cultural Attraction,Drivable,43.5957,1.4352,,131,No,Spring; Summer; Autumn,images/FR-000131,,,
FR-000132,Theatre Lille 010,France,FR,Hauts-de-France,59,Lille,"Theatre location in Lille, Hauts-de-France, France.",Historical spots,Theatre,Performing Arts,Drivable,50.6222,3.0503,,132,No,Spring; Summer; Autumn,images/FR-000132,,,
FR-000133,Church Strasbourg 010,France,FR,Grand Est,67,Strasbourg,"Church location in Strasbourg, Grand Est, France.",Religious/spiritual spots,Church,Religious Site,Drivable,48.5684,7.7471,,133,No,Spring; Summer; Autumn,images/FR-000133,,,
FR-000134,Abbey Nantes 010,France,FR,Pays de la Loire,44,Nantes,"Abbey location in Nantes, Pays de la Loire, France.",Religious/spiritual spots,Abbey,Religious Site,Drivable,47.2154,-1.5566,,134,No,Spring; Summer; Autumn,images/FR-000134,,,
FR-000135,Fortress Rennes 010,France,FR,Bretagne,35,Rennes,"Fortress location in Rennes, Bretagne, France.",Historical spots,Fortress,Historic Landmark,Drivable,48.1163,-1.6788,,135,No,Spring; Summer; Autumn,images/FR-000135,,,
FR-000136,Archaeological Site Rouen 010,France,FR,Normandie,76,Rouen,"Archaeological Site location in Rouen, Normandie, France.",Historical spots,Archaeological Site,Historic Site,Drivable,49.4442,1.1003,,136,No,Spring; Summer; Autumn,images/FR-000136,,,
FR-000137,Zoo Dijon 010,France,FR,Bourgogne-Franche-Comté,21,Dijon,"Zoo location in Dijon, Bourgogne-Franche-Comté, France.",Wildlife spots,Zoo,Family Attraction,Drivable,47.325,5.0445,,137,No,Spring; Summer; Autumn,images/FR-000137,,,
FR-000138,Aquarium Tours 010,France,FR,Centre-Val de Loire,37,Tours,"Aquarium location in Tours, Centre-Val de Loire, France.",Wildlife spots,Aquarium,Family Attraction,Drivable,47.3991,0.6898,,138,No,Spring; Summer; Autumn,images/FR-000138,,,
FR-000139,Botanical Garden Ajaccio 010,France,FR,Corse,2A,Ajaccio,"Botanical Garden location in Ajaccio, Corse, France.",Cultural spots|Natural spots,Botanical Garden,Nature & Recreation,Drivable,41.9262,8.7456,,139,No,Spring; Summer; Autumn,images/FR-000139,,,
FR-000140,Marina Saint-Denis 010,France,FR,La Réunion,974,Saint-Denis,"Marina location in Saint-Denis, La Réunion, France.",Beach spots|Cultural spots,Marina,Leisure,Drivable,-20.8699,55.4571,,140,No,Spring; Summer; Autumn,images/FR-000140,,,
FR-000141,Historic Site Paris 011,France,FR,Île-de-France,75,Paris,"Historic Site location in Paris, Île-de-France, France.",Historical spots,Historic Site,Landmark,Drivable,48.8476,2.3432,,141,No,Spring; Summer; Autumn,images/FR-000141,,,
FR-000142,Museum Lyon 011,France,FR,Auvergne-Rhône-Alpes,69,Lyon,"Museum location in Lyon, Auvergne-Rhône-Alpes, France.",Historical spots|Cultural spots,Museum,Cultural Attraction,Drivable,45.757,4.8287,,142,No,Spring; Summer; Autumn,images/FR-000142,,,
FR-000143,Castle Marseille 011,France,FR,Provence-Alpes-Côte d'Azur,13,Marseille,"Castle location in Marseille, Provence-Alpes-Côte d'Azur, France.",Historical spots,Castle,Historic Landmark,Drivable,43.2915,5.3648,,143,No,Spring; Summer; Autumn,images/FR-000143,,,
FR-000144,Cathedral Bordeaux 011,France,FR,Nouvelle-Aquitaine,33,Bordeaux,"Cathedral location in Bordeaux, Nouvelle-Aquitaine, France.",Religious/spiritual spots,Cathedral,Religious Site,Drivable,44.8348,-0.5822,,144,No,Spring; Summer; Autumn,images/FR-000144,,,
FR-000145,Park Toulouse 011,France,FR,Occitanie,31,Toulouse,"Park location in Toulouse, Occitanie, France.",Natural spots,Park,Nature & Recreation,Drivable,43.6037,1.4432,,145,No,Spring; Summer; Autumn,images/FR-000145,,,
FR-000146,Garden Lille 011,France,FR,Hauts-de-France,59,Lille,"Garden location in Lille, Hauts-de-France, France.",Cultural spots|Natural spots,Garden,Nature & Recreation,Drivable,50.6302,3.0583,,146,No,Spring; Summer; Autumn,images/FR-000146,,,
FR-000147,Monument Strasbourg 011,France,FR,Grand Est,67,Strasbourg,"Monument location in Strasbourg, Grand Est, France.",Historical spots,Monument,Landmark,Drivable,48.5764,7.7551,,147,No,Spring; Summer; Autumn,images/FR-000147,,,
FR-000148,Beach Nantes 011,France,FR,Pays de la Loire,44,Nantes,"Beach location in Nantes, Pays de la Loire, France.",Beach spots|Natural spots,Beach,Nature & Recreation,Drivable,47.2234,-1.5486,,148,No,Spring; Summer; Autumn,images/FR-000148,,,
FR-000149,Viewpoint Rennes 011,France,FR,Bretagne,35,Rennes,"Viewpoint location in Rennes, Bretagne, France.",Adventure spots|Natural spots,Viewpoint,Scenic Attraction,Drivable,48.1243,-1.6708,,149,No,Spring; Summer; Autumn,images/FR-000149,,,
FR-000150,Market Rouen 011,France,FR,Normandie,76,Rouen,"Market location in Rouen, Normandie, France.",Cultural spots,Market,Local Attraction,Drivable,49.4522,1.1083,,150,No,Spring; Summer; Autumn,images/FR-000150,,,
FR-000151,Art Gallery Dijon 011,France,FR,Bourgogne-Franche-Comté,21,Dijon,"Art Gallery location in Dijon, Bourgogne-Franche-Comté, France.",Cultural spots,Art Gallery,Cultural Attraction,Drivable,47.313,5.0325,,151,No,Spring; Summer; Autumn,images/FR-000151,,,
FR-000152,Theatre Tours 011,France,FR,Centre-Val de Loire,37,Tours,"Theatre location in Tours, Centre-Val de Loire, France.",Historical spots,Theatre,Performing Arts,Drivable,47.3871,0.6778,,152,No,Spring; Summer; Autumn,images/FR-000152,,,
FR-000153,Church Ajaccio 011,France,FR,Corse,2A,Ajaccio,"Church location in Ajaccio, Corse, France.",Religious/spiritual spots,Church,Religious Site,Drivable,41.9142,8.7336,,153,No,Spring; Summer; Autumn,images/FR-000153,,,
FR-000154,Abbey Saint-Denis 011,France,FR,La Réunion,974,Saint-Denis,"Abbey location in Saint-Denis, La Réunion, France.",Religious/spiritual spots,Abbey,Religious Site,Drivable,-20.8819,55.4451,,154,No,Spring; Summer; Autumn,images/FR-000154,,,
FR-000155,Fortress Paris 012,France,FR,Île-de-France,75,Paris,"Fortress location in Paris, Île-de-France, France.",Historical spots,Fortress,Historic Landmark,Drivable,48.8556,2.3512,,155,No,Spring; Summer; Autumn,images/FR-000155,,,
FR-000156,Archaeological Site Lyon 012,France,FR,Auvergne-Rhône-Alpes,69,Lyon,"Archaeological Site location in Lyon, Auvergne-Rhône-Alpes, France.",Historical spots,Archaeological Site,Historic Site,Drivable,45.765,4.8367,,156,No,Spring; Summer; Autumn,images/FR-000156,,,
FR-000157,Zoo Marseille 012,France,FR,Provence-Alpes-Côte d'Azur,13,Marseille,"Zoo location in Marseille, Provence-Alpes-Côte d'Azur, France.",Wildlife spots,Zoo,Family Attraction,Drivable,43.2995,5.3728,,157,No,Spring; Summer; Autumn,images/FR-000157,,,
FR-000158,Aquarium Bordeaux 012,France,FR,Nouvelle-Aquitaine,33,Bordeaux,"Aquarium location in Bordeaux, Nouvelle-Aquitaine, France.",Wildlife spots,Aquarium,Family Attraction,Drivable,44.8428,-0.5742,,158,No,Spring; Summer; Autumn,images/FR-000158,,,
FR-000159,Botanical Garden Toulouse 012,France,FR,Occitanie,31,Toulouse,"Botanical Garden location in Toulouse, Occitanie, France.",Cultural spots|Natural spots,Botanical Garden,Nature & Recreation,Drivable,43.6117,1.4512,,159,No,Spring; Summer; Autumn,images/FR-000159,,,
FR-000160,Marina Lille 012,France,FR,Hauts-de-France,59,Lille,"Marina location in Lille, Hauts-de-France, France.",Beach spots|Cultural spots,Marina,Leisure,Drivable,50.6382,3.0663,,160,No,Spring; Summer; Autumn,images/FR-000160,,,
FR-000161,Historic Site Strasbourg 012,France,FR,Grand Est,67,Strasbourg,"Historic Site location in Strasbourg, Grand Est, France.",Historical spots,Historic Site,Landmark,Drivable,48.5644,7.7431,,161,No,Spring; Summer; Autumn,images/FR-000161,,,
FR-000162,Museum Nantes 012,France,FR,Pays de la Loire,44,Nantes,"Museum location in Nantes, Pays de la Loire, France.",Historical spots|Cultural spots,Museum,Cultural Attraction,Drivable,47.2114,-1.5606,,162,No,Spring; Summer; Autumn,images/FR-000162,,,
FR-000163,Castle Rennes 012,France,FR,Bretagne,35,Rennes,"Castle location in Rennes, Bretagne, France.",Historical spots,Castle,Historic Landmark,Drivable,48.1123,-1.6828,,163,No,Spring; Summer; Autumn,images/FR-000163,,,
FR-000164,Cathedral Rouen 012,France,FR,Normandie,76,Rouen,"Cathedral location in Rouen, Normandie, France.",Religious/spiritual spots,Cathedral,Religious Site,Drivable,49.4402,1.0963,,164,No,Spring; Summer; Autumn,images/FR-000164,,,
FR-000165,Park Dijon 012,France,FR,Bourgogne-Franche-Comté,21,Dijon,"Park location in Dijon, Bourgogne-Franche-Comté, France.",Natural spots,Park,Nature & Recreation,Drivable,47.321,5.0405,,165,No,Spring; Summer; Autumn,images/FR-000165,,,
FR-000166,Garden Tours 012,France,FR,Centre-Val de Loire,37,Tours,"Garden location in Tours, Centre-Val de Loire, France.",Cultural spots|Natural spots,Garden,Nature & Recreation,Drivable,47.3951,0.6858,,166,No,Spring; Summer; Autumn,images/FR-000166,,,
FR-000167,Monument Ajaccio 012,France,FR,Corse,2A,Ajaccio,"Monument location in Ajaccio, Corse, France.",Historical spots,Monument,Landmark,Drivable,41.9222,8.7416,,167,No,Spring; Summer; Autumn,images/FR-000167,,,
FR-000168,Beach Saint-Denis 012,France,FR,La Réunion,974,Saint-Denis,"Beach location in Saint-Denis, La Réunion, France.",Beach spots|Natural spots,Beach,Nature & Recreation,Drivable,-20.8739,55.4531,,168,No,Spring; Summer; Autumn,images/FR-000168,,,
FR-000169,Viewpoint Paris 013,France,FR,Île-de-France,75,Paris,"Viewpoint location in Paris, Île-de-France, France.",Adventure spots|Natural spots,Viewpoint,Scenic Attraction,Drivable,48.8636,2.3592,,169,No,Spring; Summer; Autumn,images/FR-000169,,,
FR-000170,Market Lyon 013,France,FR,Auvergne-Rhône-Alpes,69,Lyon,"Market location in Lyon, Auvergne-Rhône-Alpes, France.",Cultural spots,Market,Local Attraction,Drivable,45.773,4.8447,,170,No,Spring; Summer; Autumn,images/FR-000170,,,
FR-000171,Art Gallery Marseille 013,France,FR,Provence-Alpes-Côte d'Azur,13,Marseille,"Art Gallery location in Marseille, Provence-Alpes-Côte d'Azur, France.",Cultural spots,Art Gallery,Cultural Attraction,Drivable,43.2875,5.3608,,171,No,Spring; Summer; Autumn,images/FR-000171,,,
FR-000172,Theatre Bordeaux 013,France,FR,Nouvelle-Aquitaine,33,Bordeaux,"Theatre location in Bordeaux, Nouvelle-Aquitaine, France.",Historical spots,Theatre,Performing Arts,Drivable,44.8308,-0.5862,,172,No,Spring; Summer; Autumn,images/FR-000172,,,
FR-000173,Church Toulouse 013,France,FR,Occitanie,31,Toulouse,"Church location in Toulouse, Occitanie, France.",Religious/spiritual spots,Church,Religious Site,Drivable,43.5997,1.4392,,173,No,Spring; Summer; Autumn,images/FR-000173,,,
FR-000174,Abbey Lille 013,France,FR,Hauts-de-France,59,Lille,"Abbey location in Lille, Hauts-de-France, France.",Religious/spiritual spots,Abbey,Religious Site,Drivable,50.6262,3.0543,,174,No,Spring; Summer; Autumn,images/FR-000174,,,
FR-000175,Fortress Strasbourg 013,France,FR,Grand Est,67,Strasbourg,"Fortress location in Strasbourg, Grand Est, France.",Historical spots,Fortress,Historic Landmark,Drivable,48.5724,7.7511,,175,No,Spring; Summer; Autumn,images/FR-000175,,,
FR-000176,Archaeological Site Nantes 013,France,FR,Pays de la Loire,44,Nantes,"Archaeological Site location in Nantes, Pays de la Loire, France.",Historical spots,Archaeological Site,Historic Site,Drivable,47.2194,-1.5526,,176,No,Spring; Summer; Autumn,images/FR-000176,,,
FR-000177,Zoo Rennes 013,France,FR,Bretagne,35,Rennes,"Zoo location in Rennes, Bretagne, France.",Wildlife spots,Zoo,Family Attraction,Drivable,48.1203,-1.6748,,177,No,Spring; Summer; Autumn,images/FR-000177,,,
FR-000178,Aquarium Rouen 013,France,FR,Normandie,76,Rouen,"Aquarium location in Rouen, Normandie, France.",Wildlife spots,Aquarium,Family Attraction,Drivable,49.4482,1.1043,,178,No,Spring; Summer; Autumn,images/FR-000178,,,
FR-000179,Botanical Garden Dijon 013,France,FR,Bourgogne-Franche-Comté,21,Dijon,"Botanical Garden location in Dijon, Bourgogne-Franche-Comté, France.",Cultural spots|Natural spots,Botanical Garden,Nature & Recreation,Drivable,47.329,5.0485,,179,No,Spring; Summer; Autumn,images/FR-000179,,,
FR-000180,Marina Tours 013,France,FR,Centre-Val de Loire,37,Tours,"Marina location in Tours, Centre-Val de Loire, France.",Beach spots|Cultural spots,Marina,Leisure,Drivable,47.4031,0.6938,,180,No,Spring; Summer; Autumn,images/FR-000180,,,
FR-000181,Historic Site Ajaccio 013,France,FR,Corse,2A,Ajaccio,"Historic Site location in Ajaccio, Corse, France.",Historical spots,Historic Site,Landmark,Drivable,41.9102,8.7296,,181,No,Spring; Summer; Autumn,images/FR-000181,,,
FR-000182,Museum Saint-Denis 013,France,FR,La Réunion,974,Saint-Denis,"Museum location in Saint-Denis, La Réunion, France.",Historical spots|Cultural spots,Museum,Cultural Attraction,Drivable,-20.8859,55.4411,,182,No,Spring; Summer; Autumn,images/FR-000182,,,
FR-000183,Castle Paris 014,France,FR,Île-de-France,75,Paris,"Castle location in Paris, Île-de-France, France.",Historical spots,Castle,Historic Landmark,Drivable,48.8516,2.3472,,183,No,Spring; Summer; Autumn,images/FR-000183,,,
FR-000184,Cathedral Lyon 014,France,FR,Auvergne-Rhône-Alpes,69,Lyon,"Cathedral location in Lyon, Auvergne-Rhône-Alpes, France.",Religious/spiritual spots,Cathedral,Religious Site,Drivable,45.761,4.8327,,184,No,Spring; Summer; Autumn,images/FR-000184,,,
FR-000185,Park Marseille 014,France,FR,Provence-Alpes-Côte d'Azur,13,Marseille,"Park location in Marseille, Provence-Alpes-Côte d'Azur, France.",Natural spots,Park,Nature & Recreation,Drivable,43.2955,5.3688,,185,No,Spring; Summer; Autumn,images/FR-000185,,,
FR-000186,Garden Bordeaux 014,France,FR,Nouvelle-Aquitaine,33,Bordeaux,"Garden location in Bordeaux, Nouvelle-Aquitaine, France.",Cultural spots|Natural spots,Garden,Nature & Recreation,Drivable,44.8388,-0.5782,,186,No,Spring; Summer; Autumn,images/FR-000186,,,
FR-000187,Monument Toulouse 014,France,FR,Occitanie,31,Toulouse,"Monument location in Toulouse, Occitanie, France.",Historical spots,Monument,Landmark,Drivable,43.6077,1.4472,,187,No,Spring; Summer; Autumn,images/FR-000187,,,
FR-000188,Beach Lille 014,France,FR,Hauts-de-France,59,Lille,"Beach location in Lille, Hauts-de-France, France.",Beach spots|Natural spots,Beach,Nature & Recreation,Drivable,50.6342,3.0623,,188,No,Spring; Summer; Autumn,images/FR-000188,,,
FR-000189,Viewpoint Strasbourg 014,France,FR,Grand Est,67,Strasbourg,"Viewpoint location in Strasbourg, Grand Est, France.",Adventure spots|Natural spots,Viewpoint,Scenic Attraction,Drivable,48.5804,7.7591,,189,No,Spring; Summer; Autumn,images/FR-000189,,,
FR-000190,Market Nantes 014,France,FR,Pays de la Loire,44,Nantes,"Market location in Nantes, Pays de la Loire, France.",Cultural spots,Market,Local Attraction,Drivable,47.2274,-1.5446,,190,No,Spring; Summer; Autumn,images/FR-000190,,,
FR-000191,Art Gallery Rennes 014,France,FR,Bretagne,35,Rennes,"Art Gallery location in Rennes, Bretagne, France.",Cultural spots,Art Gallery,Cultural Attraction,Drivable,48.1083,-1.6868,,191,No,Spring; Summer; Autumn,images/FR-000191,,,
FR-000192,Theatre Rouen 014,France,FR,Normandie,76,Rouen,"Theatre location in Rouen, Normandie, France.",Historical spots,Theatre,Performing Arts,Drivable,49.4362,1.0923,,192,No,Spring; Summer; Autumn,images/FR-000192,,,
FR-000193,Church Dijon 014,France,FR,Bourgogne-Franche-Comté,21,Dijon,"Church location in Dijon, Bourgogne-Franche-Comté, France.",Religious/spiritual spots,Church,Religious Site,Drivable,47.317,5.0365,,193,No,Spring; Summer; Autumn,images/FR-000193,,,
FR-000194,Abbey Tours 014,France,FR,Centre-Val de Loire,37,Tours,"Abbey location in Tours, Centre-Val de Loire, France.",Religious/spiritual spots,Abbey,Religious Site,Drivable,47.3911,0.6818,,194,No,Spring; Summer; Autumn,images/FR-000194,,,
FR-000195,Fortress Ajaccio 014,France,FR,Corse,2A,Ajaccio,"Fortress location in Ajaccio, Corse, France.",Historical spots,Fortress,Historic Landmark,Drivable,41.9182,8.7376,,195,No,Spring; Summer; Autumn,images/FR-000195,,,
FR-000196,Archaeological Site Saint-Denis 014,France,FR,La Réunion,974,Saint-Denis,"Archaeological Site location in Saint-Denis, La Réunion, France.",Historical spots,Archaeological Site,Historic Site,Drivable,-20.8779,55.4491,,196,No,Spring; Summer; Autumn,images/FR-000196,,,
FR-000197,Zoo Paris 015,France,FR,Île-de-France,75,Paris,"Zoo location in Paris, Île-de-France, France.",Wildlife spots,Zoo,Family Attraction,Drivable,48.8596,2.3552,,197,No,Spring; Summer; Autumn,images/FR-000197,,,
FR-000198,Aquarium Lyon 015,France,FR,Auvergne-Rhône-Alpes,69,Lyon,"Aquarium location in Lyon, Auvergne-Rhône-Alpes, France.",Wildlife spots,Aquarium,Family Attraction,Drivable,45.769,4.8407,,198,No,Spring; Summer; Autumn,images/FR-000198,,,
FR-000199,Botanical Garden Marseille 015,France,FR,Provence-Alpes-Côte d'Azur,13,Marseille,"Botanical Garden location in Marseille, Provence-Alpes-Côte d'Azur, France.",Cultural spots|Natural spots,Botanical Garden,Nature & Recreation,Drivable,43.3035,5.3768,,199,No,Spring; Summer; Autumn,images/FR-000199,,,
FR-000200,Marina Bordeaux 015,France,FR,Nouvelle-Aquitaine,33,Bordeaux,"Marina location in Bordeaux, Nouvelle-Aquitaine, France.",Beach spots|Cultural spots,Marina,Leisure,Drivable,44.8468,-0.5702,,200,No,Spring; Summer; Autumn,images/FR-000200,,,
FR-000201,Historic Site Toulouse 015,France,FR,Occitanie,31,Toulouse,"Historic Site location in Toulouse, Occitanie, France.",Historical spots,Historic Site,Landmark,Drivable,43.5957,1.4352,,201,No,Spring; Summer; Autumn,images/FR-000201,,,
FR-000202,Museum Lille 015,France,FR,Hauts-de-France,59,Lille,"Museum location in Lille, Hauts-de-France, France.",Historical spots|Cultural spots,Museum,Cultural Attraction,Drivable,50.6222,3.0503,,202,No,Spring; Summer; Autumn,images/FR-000202,,,
FR-000203,Castle Strasbourg 015,France,FR,Grand Est,67,Strasbourg,"Castle location in Strasbourg, Grand Est, France.",Historical spots,Castle,Historic Landmark,Drivable,48.5684,7.7471,,203,No,Spring; Summer; Autumn,images/FR-000203,,,
FR-000204,Cathedral Nantes 015,France,FR,Pays de la Loire,44,Nantes,"Cathedral location in Nantes, Pays de la Loire, France.",Religious/spiritual spots,Cathedral,Religious Site,Drivable,47.2154,-1.5566,,204,No,Spring; Summer; Autumn,images/FR-000204,,,
FR-000205,Park Rennes 015,France,FR,Bretagne,35,Rennes,"Park location in Rennes, Bretagne, France.",Natural spots,Park,Nature & Recreation,Drivable,48.1163,-1.6788,,205,No,Spring; Summer; Autumn,images/FR-000205,,,
FR-000206,Garden Rouen 015,France,FR,Normandie,76,Rouen,"Garden location in Rouen, Normandie, France.",Cultural spots|Natural spots,Garden,Nature & Recreation,Drivable,49.4442,1.1003,,206,No,Spring; Summer; Autumn,images/FR-000206,,,
FR-000207,Monument Dijon 015,France,FR,Bourgogne-Franche-Comté,21,Dijon,"Monument location in Dijon, Bourgogne-Franche-Comté, France.",Historical spots,Monument,Landmark,Drivable,47.325,5.0445,,207,No,Spring; Summer; Autumn,images/FR-000207,,,
FR-000208,Beach Tours 015,France,FR,Centre-Val de Loire,37,Tours,"Beach location in Tours, Centre-Val de Loire, France.",Beach spots|Natural spots,Beach,Nature & Recreation,Drivable,47.3991,0.6898,,208,No,Spring; Summer; Autumn,images/FR-000208,,,
FR-000209,Viewpoint Ajaccio 015,France,FR,Corse,2A,Ajaccio,"Viewpoint location in Ajaccio, Corse, France.",Adventure spots|Natural spots,Viewpoint,Scenic Attraction,Drivable,41.9262,8.7456,,209,No,Spring; Summer; Autumn,images/FR-000209,,,
FR-000210,Market Saint-Denis 015,France,FR,La Réunion,974,Saint-Denis,"Market location in Saint-Denis, La Réunion, France.",Cultural spots,Market,Local Attraction,Drivable,-20.8699,55.4571,,210,No,Spring; Summer; Autumn,images/FR-000210,,,
FR-000211,Art Gallery Paris 016,France,FR,Île-de-France,75,Paris,"Art Gallery location in Paris, Île-de-France, France.",Cultural spots,Art Gallery,Cultural Attraction,Drivable,48.8476,2.3432,,211,No,Spring; Summer; Autumn,images/FR-000211,,,
FR-000212,Theatre Lyon 016,France,FR,Auvergne-Rhône-Alpes,69,Lyon,"Theatre location in Lyon, Auvergne-Rhône-Alpes, France.",Historical spots,Theatre,Performing Arts,Drivable,45.757,4.8287,,212,No,Spring; Summer; Autumn,images/FR-000212,,,
FR-000213,Church Marseille 016,France,FR,Provence-Alpes-Côte d'Azur,13,Marseille,"Church location in Marseille, Provence-Alpes-Côte d'Azur, France.",Religious/spiritual spots,Church,Religious Site,Drivable,43.2915,5.3648,,213,No,Spring; Summer; Autumn,images/FR-000213,,,
FR-000214,Abbey Bordeaux 016,France,FR,Nouvelle-Aquitaine,33,Bordeaux,"Abbey location in Bordeaux, Nouvelle-Aquitaine, France.",Religious/spiritual spots,Abbey,Religious Site,Drivable,44.8348,-0.5822,,214,No,Spring; Summer; Autumn,images/FR-000214,,,
FR-000215,Fortress Toulouse 016,France,FR,Occitanie,31,Toulouse,"Fortress location in Toulouse, Occitanie, France.",Historical spots,Fortress,Historic Landmark,Drivable,43.6037,1.4432,,215,No,Spring; Summer; Autumn,images/FR-000215,,,
FR-000216,Archaeological Site Lille 016,France,FR,Hauts-de-France,59,Lille,"Archaeological Site location in Lille, Hauts-de-France, France.",Historical spots,Archaeological Site,Historic Site,Drivable,50.6302,3.0583,,216,No,Spring; Summer; Autumn,images/FR-000216,,,
FR-000217,Zoo Strasbourg 016,France,FR,Grand Est,67,Strasbourg,"Zoo location in Strasbourg, Grand Est, France.",Wildlife spots,Zoo,Family Attraction,Drivable,48.5764,7.7551,,217,No,Spring; Summer; Autumn,images/FR-000217,,,
FR-000218,Aquarium Nantes 016,France,FR,Pays de la Loire,44,Nantes,"Aquarium location in Nantes, Pays de la Loire, France.",Wildlife spots,Aquarium,Family Attraction,Drivable,47.2234,-1.5486,,218,No,Spring; Summer; Autumn,images/FR-000218,,,
FR-000219,Botanical Garden Rennes 016,France,FR,Bretagne,35,Rennes,"Botanical Garden location in Rennes, Bretagne, France.",Cultural spots|Natural spots,Botanical Garden,Nature & Recreation,Drivable,48.1243,-1.6708,,219,No,Spring; Summer; Autumn,images/FR-000219,,,
FR-000220,Marina Rouen 016,France,FR,Normandie,76,Rouen,"Marina location in Rouen, Normandie, France.",Beach spots|Cultural spots,Marina,Leisure,Drivable,49.4522,1.1083,,220,No,Spring; Summer; Autumn,images/FR-000220,,,
FR-000221,Historic Site Dijon 016,France,FR,Bourgogne-Franche-Comté,21,Dijon,"Historic Site location in Dijon, Bourgogne-Franche-Comté, France.",Historical spots,Historic Site,Landmark,Drivable,47.313,5.0325,,221,No,Spring; Summer; Autumn,images/FR-000221,,,
FR-000222,Museum Tours 016,France,FR,Centre-Val de Loire,37,Tours,"Museum location in Tours, Centre-Val de Loire, France.",Historical spots|Cultural spots,Museum,Cultural Attraction,Drivable,47.3871,0.6778,,222,No,Spring; Summer; Autumn,images/FR-000222,,,
FR-000223,Castle Ajaccio 016,France,FR,Corse,2A,Ajaccio,"Castle location in Ajaccio, Corse, France.",Historical spots,Castle,Historic Landmark,Drivable,41.9142,8.7336,,223,No,Spring; Summer; Autumn,images/FR-000223,,,
FR-000224,Cathedral Saint-Denis 016,France,FR,La Réunion,974,Saint-Denis,"Cathedral location in Saint-Denis, La Réunion, France.",Religious/spiritual spots,Cathedral,Religious Site,Drivable,-20.8819,55.4451,,224,No,Spring; Summer; Autumn,images/FR-000224,,,
FR-000225,Park Paris 017,France,FR,Île-de-France,75,Paris,"Park location in Paris, Île-de-France, France.",Natural spots,Park,Nature & Recreation,Drivable,48.8556,2.3512,,225,No,Spring; Summer; Autumn,images/FR-000225,,,
FR-000226,Garden Lyon 017,France,FR,Auvergne-Rhône-Alpes,69,Lyon,"Garden location in Lyon, Auvergne-Rhône-Alpes, France.",Cultural spots|Natural spots,Garden,Nature & Recreation,Drivable,45.765,4.8367,,226,No,Spring; Summer; Autumn,images/FR-000226,,,
FR-000227,Monument Marseille 017,France,FR,Provence-Alpes-Côte d'Azur,13,Marseille,"Monument location in Marseille, Provence-Alpes-Côte d'Azur, France.",Historical spots,Monument,Landmark,Drivable,43.2995,5.3728,,227,No,Spring; Summer; Autumn,images/FR-000227,,,
FR-000228,Beach Bordeaux 017,France,FR,Nouvelle-Aquitaine,33,Bordeaux,"Beach location in Bordeaux, Nouvelle-Aquitaine, France.",Beach spots|Natural spots,Beach,Nature & Recreation,Drivable,44.8428,-0.5742,,228,No,Spring; Summer; Autumn,images/FR-000228,,,
FR-000229,Viewpoint Toulouse 017,France,FR,Occitanie,31,Toulouse,"Viewpoint location in Toulouse, Occitanie, France.",Adventure spots|Natural spots,Viewpoint,Scenic Attraction,Drivable,43.6117,1.4512,,229,No,Spring; Summer; Autumn,images/FR-000229,,,
FR-000230,Market Lille 017,France,FR,Hauts-de-France,59,Lille,"Market location in Lille, Hauts-de-France, France.",Cultural spots,Market,Local Attraction,Drivable,50.6382,3.0663,,230,No,Spring; Summer; Autumn,images/FR-000230,,,
FR-000231,Art Gallery Strasbourg 017,France,FR,Grand Est,67,Strasbourg,"Art Gallery location in Strasbourg, Grand Est, France.",Cultural spots,Art Gallery,Cultural Attraction,Drivable,48.5644,7.7431,,231,No,Spring; Summer; Autumn,images/FR-000231,,,
FR-000232,Theatre Nantes 017,France,FR,Pays de la Loire,44,Nantes,"Theatre location in Nantes, Pays de la Loire, France.",Historical spots,Theatre,Performing Arts,Drivable,47.2114,-1.5606,,232,No,Spring; Summer; Autumn,images/FR-000232,,,
FR-000233,Church Rennes 017,France,FR,Bretagne,35,Rennes,"Church location in Rennes, Bretagne, France.",Religious/spiritual spots,Church,Religious Site,Drivable,48.1123,-1.6828,,233,No,Spring; Summer; Autumn,images/FR-000233,,,
FR-000234,Abbey Rouen 017,France,FR,Normandie,76,Rouen,"Abbey location in Rouen, Normandie, France.",Religious/spiritual spots,Abbey,Religious Site,Drivable,49.4402,1.0963,,234,No,Spring; Summer; Autumn,images/FR-000234,,,
FR-000235,Fortress Dijon 017,France,FR,Bourgogne-Franche-Comté,21,Dijon,"Fortress location in Dijon, Bourgogne-Franche-Comté, France.",Historical spots,Fortress,Historic Landmark,Drivable,47.321,5.0405,,235,No,Spring; Summer; Autumn,images/FR-000235,,,
FR-000236,Archaeological Site Tours 017,France,FR,Centre-Val de Loire,37,Tours,"Archaeological Site location in Tours, Centre-Val de Loire, France.",Historical spots,Archaeological Site,Historic Site,Drivable,47.3951,0.6858,,236,No,Spring; Summer; Autumn,images/FR-000236,,,
FR-000237,Zoo Ajaccio 017,France,FR,Corse,2A,Ajaccio,"Zoo location in Ajaccio, Corse, France.",Wildlife spots,Zoo,Family Attraction,Drivable,41.9222,8.7416,,237,No,Spring; Summer; Autumn,images/FR-000237,,,
FR-000238,Aquarium Saint-Denis 017,France,FR,La Réunion,974,Saint-Denis,"Aquarium location in Saint-Denis, La Réunion, France.",Wildlife spots,Aquarium,Family Attraction,Drivable,-20.8739,55.4531,,238,No,Spring; Summer; Autumn,images/FR-000238,,,
FR-000239,Botanical Garden Paris 018,France,FR,Île-de-France,75,Paris,"Botanical Garden location in Paris, Île-de-France, France.",Cultural spots|Natural spots,Botanical Garden,Nature & Recreation,Drivable,48.8636,2.3592,,239,No,Spring; Summer; Autumn,images/FR-000239,,,
FR-000240,Marina Lyon 018,France,FR,Auvergne-Rhône-Alpes,69,Lyon,"Marina location in Lyon, Auvergne-Rhône-Alpes, France.",Beach spots|Cultural spots,Marina,Leisure,Drivable,45.773,4.8447,,240,No,Spring; Summer; Autumn,images/FR-000240,,,
FR-000241,Historic Site Marseille 018,France,FR,Provence-Alpes-Côte d'Azur,13,Marseille,"Historic Site location in Marseille, Provence-Alpes-Côte d'Azur, France.",Historical spots,Historic Site,Landmark,Drivable,43.2875,5.3608,,241,No,Spring; Summer; Autumn,images/FR-000241,,,
FR-000242,Museum Bordeaux 018,France,FR,Nouvelle-Aquitaine,33,Bordeaux,"Museum location in Bordeaux, Nouvelle-Aquitaine, France.",Historical spots|Cultural spots,Museum,Cultural Attraction,Drivable,44.8308,-0.5862,,242,No,Spring; Summer; Autumn,images/FR-000242,,,
FR-000243,Castle Toulouse 018,France,FR,Occitanie,31,Toulouse,"Castle location in Toulouse, Occitanie, France.",Historical spots,Castle,Historic Landmark,Drivable,43.5997,1.4392,,243,No,Spring; Summer; Autumn,images/FR-000243,,,
FR-000244,Cathedral Lille 018,France,FR,Hauts-de-France,59,Lille,"Cathedral location in Lille, Hauts-de-France, France.",Religious/spiritual spots,Cathedral,Religious Site,Drivable,50.6262,3.0543,,244,No,Spring; Summer; Autumn,images/FR-000244,,,
FR-000245,Park Strasbourg 018,France,FR,Grand Est,67,Strasbourg,"Park location in Strasbourg, Grand Est, France.",Natural spots,Park,Nature & Recreation,Drivable,48.5724,7.7511,,245,No,Spring; Summer; Autumn,images/FR-000245,,,
FR-000246,Garden Nantes 018,France,FR,Pays de la Loire,44,Nantes,"Garden location in Nantes, Pays de la Loire, France.",Cultural spots|Natural spots,Garden,Nature & Recreation,Drivable,47.2194,-1.5526,,246,No,Spring; Summer; Autumn,images/FR-000246,,,
FR-000247,Monument Rennes 018,France,FR,Bretagne,35,Rennes,"Monument location in Rennes, Bretagne, France.",Historical spots,Monument,Landmark,Drivable,48.1203,-1.6748,,247,No,Spring; Summer; Autumn,images/FR-000247,,,
FR-000248,Beach Rouen 018,France,FR,Normandie,76,Rouen,"Beach location in Rouen, Normandie, France.",Beach spots|Natural spots,Beach,Nature & Recreation,Drivable,49.4482,1.1043,,248,No,Spring; Summer; Autumn,images/FR-000248,,,
FR-000249,Viewpoint Dijon 018,France,FR,Bourgogne-Franche-Comté,21,Dijon,"Viewpoint location in Dijon, Bourgogne-Franche-Comté, France.",Adventure spots|Natural spots,Viewpoint,Scenic Attraction,Drivable,47.329,5.0485,,249,No,Spring; Summer; Autumn,images/FR-000249,,,
FR-000250,Market Tours 018,France,FR,Centre-Val de Loire,37,Tours,"Market location in Tours, Centre-Val de Loire, France.",Cultural spots,Market,Local Attraction,Drivable,47.4031,0.6938,,250,No,Spring; Summer; Autumn,images/FR-000250,,,
FR-000251,Art Gallery Ajaccio 018,France,FR,Corse,2A,Ajaccio,"Art Gallery location in Ajaccio, Corse, France.",Cultural spots,Art Gallery,Cultural Attraction,Drivable,41.9102,8.7296,,251,No,Spring; Summer; Autumn,images/FR-000251,,,
FR-000252,Theatre Saint-Denis 018,France,FR,La Réunion,974,Saint-Denis,"Theatre location in Saint-Denis, La Réunion, France.",Historical spots,Theatre,Performing Arts,Drivable,-20.8859,55.4411,,252,No,Spring; Summer; Autumn,images/FR-000252,,,
FR-000253,Church Paris 019,France,FR,Île-de-France,75,Paris,"Church location in Paris, Île-de-France, France.",Religious/spiritual spots,Church,Religious Site,Drivable,48.8516,2.3472,,253,No,Spring; Summer; Autumn,images/FR-000253,,,
FR-000254,Abbey Lyon 019,France,FR,Auvergne-Rhône-Alpes,69,Lyon,"Abbey location in Lyon, Auvergne-Rhône-Alpes, France.",Religious/spiritual spots,Abbey,Religious Site,Drivable,45.761,4.8327,,254,No,Spring; Summer; Autumn,images/FR-000254,,,
FR-000255,Fortress Marseille 019,France,FR,Provence-Alpes-Côte d'Azur,13,Marseille,"Fortress location in Marseille, Provence-Alpes-Côte d'Azur, France.",Historical spots,Fortress,Historic Landmark,Drivable,43.2955,5.3688,,255,No,Spring; Summer; Autumn,images/FR-000255,,,
FR-000256,Archaeological Site Bordeaux 019,France,FR,Nouvelle-Aquitaine,33,Bordeaux,"Archaeological Site location in Bordeaux, Nouvelle-Aquitaine, France.",Historical spots,Archaeological Site,Historic Site,Drivable,44.8388,-0.5782,,256,No,Spring; Summer; Autumn,images/FR-000256,,,
FR-000257,Zoo Toulouse 019,France,FR,Occitanie,31,Toulouse,"Zoo location in Toulouse, Occitanie, France.",Wildlife spots,Zoo,Family Attraction,Drivable,43.6077,1.4472,,257,No,Spring; Summer; Autumn,images/FR-000257,,,
FR-000258,Aquarium Lille 019,France,FR,Hauts-de-France,59,Lille,"Aquarium location in Lille, Hauts-de-France, France.",Wildlife spots,Aquarium,Family Attraction,Drivable,50.6342,3.0623,,258,No,Spring; Summer; Autumn,images/FR-000258,,,
FR-000259,Botanical Garden Strasbourg 019,France,FR,Grand Est,67,Strasbourg,"Botanical Garden location in Strasbourg, Grand Est, France.",Cultural spots|Natural spots,Botanical Garden,Nature & Recreation,Drivable,48.5804,7.7591,,259,No,Spring; Summer; Autumn,images/FR-000259,,,
FR-000260,Marina Nantes 019,France,FR,Pays de la Loire,44,Nantes,"Marina location in Nantes, Pays de la Loire, France.",Beach spots|Cultural spots,Marina,Leisure,Drivable,47.2274,-1.5446,,260,No,Spring; Summer; Autumn,images/FR-000260,,,
FR-000261,Historic Site Rennes 019,France,FR,Bretagne,35,Rennes,"Historic Site location in Rennes, Bretagne, France.",Historical spots,Historic Site,Landmark,Drivable,48.1083,-1.6868,,261,No,Spring; Summer; Autumn,images/FR-000261,,,
FR-000262,Museum Rouen 019,France,FR,Normandie,76,Rouen,"Museum location in Rouen, Normandie, France.",Historical spots|Cultural spots,Museum,Cultural Attraction,Drivable,49.4362,1.0923,,262,No,Spring; Summer; Autumn,images/FR-000262,,,
FR-000263,Castle Dijon 019,France,FR,Bourgogne-Franche-Comté,21,Dijon,"Castle location in Dijon, Bourgogne-Franche-Comté, France.",Historical spots,Castle,Historic Landmark,Drivable,47.317,5.0365,,263,No,Spring; Summer; Autumn,images/FR-000263,,,
FR-000264,Cathedral Tours 019,France,FR,Centre-Val de Loire,37,Tours,"Cathedral location in Tours, Centre-Val de Loire, France.",Religious/spiritual spots,Cathedral,Religious Site,Drivable,47.3911,0.6818,,264,No,Spring; Summer; Autumn,images/FR-000264,,,
FR-000265,Park Ajaccio 019,France,FR,Corse,2A,Ajaccio,"Park location in Ajaccio, Corse, France.",Natural spots,Park,Nature & Recreation,Drivable,41.9182,8.7376,,265,No,Spring; Summer; Autumn,images/FR-000265,,,
FR-000266,Garden Saint-Denis 019,France,FR,La Réunion,974,Saint-Denis,"Garden location in Saint-Denis, La Réunion, France.",Cultural spots|Natural spots,Garden,Nature & Recreation,Drivable,-20.8779,55.4491,,266,No,Spring; Summer; Autumn,images/FR-000266,,,
FR-000267,Monument Paris 020,France,FR,Île-de-France,75,Paris,"Monument location in Paris, Île-de-France, France.",Historical spots,Monument,Landmark,Drivable,48.8596,2.3552,,267,No,Spring; Summer; Autumn,images/FR-000267,,,
FR-000268,Beach Lyon 020,France,FR,Auvergne-Rhône-Alpes,69,Lyon,"Beach location in Lyon, Auvergne-Rhône-Alpes, France.",Beach spots|Natural spots,Beach,Nature & Recreation,Drivable,45.769,4.8407,,268,No,Spring; Summer; Autumn,images/FR-000268,,,
FR-000269,Viewpoint Marseille 020,France,FR,Provence-Alpes-Côte d'Azur,13,Marseille,"Viewpoint location in Marseille, Provence-Alpes-Côte d'Azur, France.",Adventure spots|Natural spots,Viewpoint,Scenic Attraction,Drivable,43.3035,5.3768,,269,No,Spring; Summer; Autumn,images/FR-000269,,,
FR-000270,Market Bordeaux 020,France,FR,Nouvelle-Aquitaine,33,Bordeaux,"Market location in Bordeaux, Nouvelle-Aquitaine, France.",Cultural spots,Market,Local Attraction,Drivable,44.8468,-0.5702,,270,No,Spring; Summer; Autumn,images/FR-000270,,,
FR-000271,Art Gallery Toulouse 020,France,FR,Occitanie,31,Toulouse,"Art Gallery location in Toulouse, Occitanie, France.",Cultural spots,Art Gallery,Cultural Attraction,Drivable,43.5957,1.4352,,271,No,Spring; Summer; Autumn,images/FR-000271,,,
FR-000272,Theatre Lille 020,France,FR,Hauts-de-France,59,Lille,"Theatre location in Lille, Hauts-de-France, France.",Historical spots,Theatre,Performing Arts,Drivable,50.6222,3.0503,,272,No,Spring; Summer; Autumn,images/FR-000272,,,
FR-000273,Church Strasbourg 020,France,FR,Grand Est,67,Strasbourg,"Church location in Strasbourg, Grand Est, France.",Religious/spiritual spots,Church,Religious Site,Drivable,48.5684,7.7471,,273,No,Spring; Summer; Autumn,images/FR-000273,,,
FR-000274,Abbey Nantes 020,France,FR,Pays de la Loire,44,Nantes,"Abbey location in Nantes, Pays de la Loire, France.",Religious/spiritual spots,Abbey,Religious Site,Drivable,47.2154,-1.5566,,274,No,Spring; Summer; Autumn,images/FR-000274,,,
FR-000275,Fortress Rennes 020,France,FR,Bretagne,35,Rennes,"Fortress location in Rennes, Bretagne, France.",Historical spots,Fortress,Historic Landmark,Drivable,48.1163,-1.6788,,275,No,Spring; Summer; Autumn,images/FR-000275,,,
FR-000276,Archaeological Site Rouen 020,France,FR,Normandie,76,Rouen,"Archaeological Site location in Rouen, Normandie, France.",Historical spots,Archaeological Site,Historic Site,Drivable,49.4442,1.1003,,276,No,Spring; Summer; Autumn,images/FR-000276,,,
FR-000277,Zoo Dijon 020,France,FR,Bourgogne-Franche-Comté,21,Dijon,"Zoo location in Dijon, Bourgogne-Franche-Comté, France.",Wildlife spots,Zoo,Family Attraction,Drivable,47.325,5.0445,,277,No,Spring; Summer; Autumn,images/FR-000277,,,
FR-000278,Aquarium Tours 020,France,FR,Centre-Val de Loire,37,Tours,"Aquarium location in Tours, Centre-Val de Loire, France.",Wildlife spots,Aquarium,Family Attraction,Drivable,47.3991,0.6898,,278,No,Spring; Summer; Autumn,images/FR-000278,,,
FR-000279,Botanical Garden Ajaccio 020,France,FR,Corse,2A,Ajaccio,"Botanical Garden location in Ajaccio, Corse, France.",Cultural spots|Natural spots,Botanical Garden,Nature & Recreation,Drivable,41.9262,8.7456,,279,No,Spring; Summer; Autumn,images/FR-000279,,,
FR-000280,Marina Saint-Denis 020,France,FR,La Réunion,974,Saint-Denis,"Marina location in Saint-Denis, La Réunion, France.",Beach spots|Cultural spots,Marina,Leisure,Drivable,-20.8699,55.4571,,280,No,Spring; Summer; Autumn,images/FR-000280,,,
FR-000281,Historic Site Paris 021,France,FR,Île-de-France,75,Paris,"Historic Site location in Paris, Île-de-France, France.",Historical spots,Historic Site,Landmark,Drivable,48.8476,2.3432,,281,No,Spring; Summer; Autumn,images/FR-000281,,,
FR-000282,Museum Lyon 021,France,FR,Auvergne-Rhône-Alpes,69,Lyon,"Museum location in Lyon, Auvergne-Rhône-Alpes, France.",Historical spots|Cultural spots,Museum,Cultural Attraction,Drivable,45.757,4.8287,,282,No,Spring; Summer; Autumn,images/FR-000282,,,
FR-000283,Castle Marseille 021,France,FR,Provence-Alpes-Côte d'Azur,13,Marseille,"Castle location in Marseille, Provence-Alpes-Côte d'Azur, France.",Historical spots,Castle,Historic Landmark,Drivable,43.2915,5.3648,,283,No,Spring; Summer; Autumn,images/FR-000283,,,
FR-000284,Cathedral Bordeaux 021,France,FR,Nouvelle-Aquitaine,33,Bordeaux,"Cathedral location in Bordeaux, Nouvelle-Aquitaine, France.",Religious/spiritual spots,Cathedral,Religious Site,Drivable,44.8348,-0.5822,,284,No,Spring; Summer; Autumn,images/FR-000284,,,
FR-000285,Park Toulouse 021,France,FR,Occitanie,31,Toulouse,"Park location in Toulouse, Occitanie, France.",Natural spots,Park,Nature & Recreation,Drivable,43.6037,1.4432,,285,No,Spring; Summer; Autumn,images/FR-000285,,,
FR-000286,Garden Lille 021,France,FR,Hauts-de-France,59,Lille,"Garden location in Lille, Hauts-de-France, France.",Cultural spots|Natural spots,Garden,Nature & Recreation,Drivable,50.6302,3.0583,,286,No,Spring; Summer; Autumn,images/FR-000286,,,
FR-000287,Monument Strasbourg 021,France,FR,Grand Est,67,Strasbourg,"Monument location in Strasbourg, Grand Est, France.",Historical spots,Monument,Landmark,Drivable,48.5764,7.7551,,287,No,Spring; Summer; Autumn,images/FR-000287,,,
FR-000288,Beach Nantes 021,France,FR,Pays de la Loire,44,Nantes,"Beach location in Nantes, Pays de la Loire, France.",Beach spots|Natural spots,Beach,Nature & Recreation,Drivable,47.2234,-1.5486,,288,No,Spring; Summer; Autumn,images/FR-000288,,,
FR-000289,Viewpoint Rennes 021,France,FR,Bretagne,35,Rennes,"Viewpoint location in Rennes, Bretagne, France.",Adventure spots|Natural spots,Viewpoint,Scenic Attraction,Drivable,48.1243,-1.6708,,289,No,Spring; Summer; Autumn,images/FR-000289,,,
FR-000290,Market Rouen 021,France,FR,Normandie,76,Rouen,"Market location in Rouen, Normandie, France.",Cultural spots,Market,Local Attraction,Drivable,49.4522,1.1083,,290,No,Spring; Summer; Autumn,images/FR-000290,,,
FR-000291,Art Gallery Dijon 021,France,FR,Bourgogne-Franche-Comté,21,Dijon,"Art Gallery location in Dijon, Bourgogne-Franche-Comté, France.",Cultural spots,Art Gallery,Cultural Attraction,Drivable,47.313,5.0325,,291,No,Spring; Summer; Autumn,images/FR-000291,,,
FR-000292,Theatre Tours 021,France,FR,Centre-Val de Loire,37,Tours,"Theatre location in Tours, Centre-Val de Loire, France.",Historical spots,Theatre,Performing Arts,Drivable,47.3871,0.6778,,292,No,Spring; Summer; Autumn,images/FR-000292,,,
FR-000293,Church Ajaccio 021,France,FR,Corse,2A,Ajaccio,"Church location in Ajaccio, Corse, France.",Religious/spiritual spots,Church,Religious Site,Drivable,41.9142,8.7336,,293,No,Spring; Summer; Autumn,images/FR-000293,,,
FR-000294,Abbey Saint-Denis 021,France,FR,La Réunion,974,Saint-Denis,"Abbey location in Saint-Denis, La Réunion, France.",Religious/spiritual spots,Abbey,Religious Site,Drivable,-20.8819,55.4451,,294,No,Spring; Summer; Autumn,images/FR-000294,,,
FR-000295,Fortress Paris 022,France,FR,Île-de-France,75,Paris,"Fortress location in Paris, Île-de-France, France.",Historical spots,Fortress,Historic Landmark,Drivable,48.8556,2.3512,,295,No,Spring; Summer; Autumn,images/FR-000295,,,
FR-000296,Archaeological Site Lyon 022,France,FR,Auvergne-Rhône-Alpes,69,Lyon,"Archaeological Site location in Lyon, Auvergne-Rhône-Alpes, France.",Historical spots,Archaeological Site,Historic Site,Drivable,45.765,4.8367,,296,No,Spring; Summer; Autumn,images/FR-000296,,,
FR-000297,Zoo Marseille 022,France,FR,Provence-Alpes-Côte d'Azur,13,Marseille,"Zoo location in Marseille, Provence-Alpes-Côte d'Azur, France.",Wildlife spots,Zoo,Family Attraction,Drivable,43.2995,5.3728,,297,No,Spring; Summer; Autumn,images/FR-000297,,,
FR-000298,Aquarium Bordeaux 022,France,FR,Nouvelle-Aquitaine,33,Bordeaux,"Aquarium location in Bordeaux, Nouvelle-Aquitaine, France.",Wildlife spots,Aquarium,Family Attraction,Drivable,44.8428,-0.5742,,298,No,Spring; Summer; Autumn,images/FR-000298,,,
FR-000299,Botanical Garden Toulouse 022,France,FR,Occitanie,31,Toulouse,"Botanical Garden location in Toulouse, Occitanie, France.",Cultural spots|Natural spots,Botanical Garden,Nature & Recreation,Drivable,43.6117,1.4512,,299,No,Spring; Summer; Autumn,images/FR-000299,,,
FR-000300,Marina Lille 022,France,FR,Hauts-de-France,59,Lille,"Marina location in Lille, Hauts-de-France, France.",Beach spots|Cultural spots,Marina,Leisure,Drivable,50.6382,3.0663,,300,No,Spring; Summer; Autumn,images/FR-000300,,,
FR-000301,Historic Site Strasbourg 022,France,FR,Grand Est,67,Strasbourg,"Historic Site location in Strasbourg, Grand Est, France.",Historical spots,Historic Site,Landmark,Drivable,48.5644,7.7431,,301,No,Spring; Summer; Autumn,images/FR-000301,,,
FR-000302,Museum Nantes 022,France,FR,Pays de la Loire,44,Nantes,"Museum location in Nantes, Pays de la Loire, France.",Historical spots|Cultural spots,Museum,Cultural Attraction,Drivable,47.2114,-1.5606,,302,No,Spring; Summer; Autumn,images/FR-000302,,,
FR-000303,Castle Rennes 022,France,FR,Bretagne,35,Rennes,"Castle location in Rennes, Bretagne, France.",Historical spots,Castle,Historic Landmark,Drivable,48.1123,-1.6828,,303,No,Spring; Summer; Autumn,images/FR-000303,,,
FR-000304,Cathedral Rouen 022,France,FR,Normandie,76,Rouen,"Cathedral location in Rouen, Normandie, France.",Religious/spiritual spots,Cathedral,Religious Site,Drivable,49.4402,1.0963,,304,No,Spring; Summer; Autumn,images/FR-000304,,,
FR-000305,Park Dijon 022,France,FR,Bourgogne-Franche-Comté,21,Dijon,"Park location in Dijon, Bourgogne-Franche-Comté, France.",Natural spots,Park,Nature & Recreation,Drivable,47.321,5.0405,,305,No,Spring; Summer; Autumn,images/FR-000305,,,
FR-000306,Garden Tours 022,France,FR,Centre-Val de Loire,37,Tours,"Garden location in Tours, Centre-Val de Loire, France.",Cultural spots|Natural spots,Garden,Nature & Recreation,Drivable,47.3951,0.6858,,306,No,Spring; Summer; Autumn,images/FR-000306,,,
FR-000307,Monument Ajaccio 022,France,FR,Corse,2A,Ajaccio,"Monument location in Ajaccio, Corse, France.",Historical spots,Monument,Landmark,Drivable,41.9222,8.7416,,307,No,Spring; Summer; Autumn,images/FR-000307,,,
FR-000308,Beach Saint-Denis 022,France,FR,La Réunion,974,Saint-Denis,"Beach location in Saint-Denis, La Réunion, France.",Beach spots|Natural spots,Beach,Nature & Recreation,Drivable,-20.8739,55.4531,,308,No,Spring; Summer; Autumn,images/FR-000308,,,
FR-000309,Viewpoint Paris 023,France,FR,Île-de-France,75,Paris,"Viewpoint location in Paris, Île-de-France, France.",Adventure spots|Natural spots,Viewpoint,Scenic Attraction,Drivable,48.8636,2.3592,,309,No,Spring; Summer; Autumn,images/FR-000309,,,
FR-000310,Market Lyon 023,France,FR,Auvergne-Rhône-Alpes,69,Lyon,"Market location in Lyon, Auvergne-Rhône-Alpes, France.",Cultural spots,Market,Local Attraction,Drivable,45.773,4.8447,,310,No,Spring; Summer; Autumn,images/FR-000310,,,
FR-000311,Art Gallery Marseille 023,France,FR,Provence-Alpes-Côte d'Azur,13,Marseille,"Art Gallery location in Marseille, Provence-Alpes-Côte d'Azur, France.",Cultural spots,Art Gallery,Cultural Attraction,Drivable,43.2875,5.3608,,311,No,Spring; Summer; Autumn,images/FR-000311,,,
FR-000312,Theatre Bordeaux 023,France,FR,Nouvelle-Aquitaine,33,Bordeaux,"Theatre location in Bordeaux, Nouvelle-Aquitaine, France.",Historical spots,Theatre,Performing Arts,Drivable,44.8308,-0.5862,,312,No,Spring; Summer; Autumn,images/FR-000312,,,
FR-000313,Church Toulouse 023,France,FR,Occitanie,31,Toulouse,"Church location in Toulouse, Occitanie, France.",Religious/spiritual spots,Church,Religious Site,Drivable,43.5997,1.4392,,313,No,Spring; Summer; Autumn,images/FR-000313,,,
FR-000314,Abbey Lille 023,France,FR,Hauts-de-France,59,Lille,"Abbey location in Lille, Hauts-de-France, France.",Religious/spiritual spots,Abbey,Religious Site,Drivable,50.6262,3.0543,,314,No,Spring; Summer; Autumn,images/FR-000314,,,
FR-000315,Fortress Strasbourg 023,France,FR,Grand Est,67,Strasbourg,"Fortress location in Strasbourg, Grand Est, France.",Historical spots,Fortress,Historic Landmark,Drivable,48.5724,7.7511,,315,No,Spring; Summer; Autumn,images/FR-000315,,,
FR-000316,Archaeological Site Nantes 023,France,FR,Pays de la Loire,44,Nantes,"Archaeological Site location in Nantes, Pays de la Loire, France.",Historical spots,Archaeological Site,Historic Site,Drivable,47.2194,-1.5526,,316,No,Spring; Summer; Autumn,images/FR-000316,,,
FR-000317,Zoo Rennes 023,France,FR,Bretagne,35,Rennes,"Zoo location in Rennes, Bretagne, France.",Wildlife spots,Zoo,Family Attraction,Drivable,48.1203,-1.6748,,317,No,Spring; Summer; Autumn,images/FR-000317,,,
FR-000318,Aquarium Rouen 023,France,FR,Normandie,76,Rouen,"Aquarium location in Rouen, Normandie, France.",Wildlife spots,Aquarium,Family Attraction,Drivable,49.4482,1.1043,,318,No,Spring; Summer; Autumn,images/FR-000318,,,
FR-000319,Botanical Garden Dijon 023,France,FR,Bourgogne-Franche-Comté,21,Dijon,"Botanical Garden location in Dijon, Bourgogne-Franche-Comté, France.",Cultural spots|Natural spots,Botanical Garden,Nature & Recreation,Drivable,47.329,5.0485,,319,No,Spring; Summer; Autumn,images/FR-000319,,,
FR-000320,Marina Tours 023,France,FR,Centre-Val de Loire,37,Tours,"Marina location in Tours, Centre-Val de Loire, France.",Beach spots|Cultural spots,Marina,Leisure,Drivable,47.4031,0.6938,,320,No,Spring; Summer; Autumn,images/FR-000320,,,
FR-000321,Historic Site Ajaccio 023,France,FR,Corse,2A,Ajaccio,"Historic Site location in Ajaccio, Corse, France.",Historical spots,Historic Site,Landmark,Drivable,41.9102,8.7296,,321,No,Spring; Summer; Autumn,images/FR-000321,,,
FR-000322,Museum Saint-Denis 023,France,FR,La Réunion,974,Saint-Denis,"Museum location in Saint-Denis, La Réunion, France.",Historical spots|Cultural spots,Museum,Cultural Attraction,Drivable,-20.8859,55.4411,,322,No,Spring; Summer; Autumn,images/FR-000322,,,
FR-000323,Castle Paris 024,France,FR,Île-de-France,75,Paris,"Castle location in Paris, Île-de-France, France.",Historical spots,Castle,Historic Landmark,Drivable,48.8516,2.3472,,323,No,Spring; Summer; Autumn,images/FR-000323,,,
FR-000324,Cathedral Lyon 024,France,FR,Auvergne-Rhône-Alpes,69,Lyon,"Cathedral location in Lyon, Auvergne-Rhône-Alpes, France.",Religious/spiritual spots,Cathedral,Religious Site,Drivable,45.761,4.8327,,324,No,Spring; Summer; Autumn,images/FR-000324,,,
FR-000325,Park Marseille 024,France,FR,Provence-Alpes-Côte d'Azur,13,Marseille,"Park location in Marseille, Provence-Alpes-Côte d'Azur, France.",Natural spots,Park,Nature & Recreation,Drivable,43.2955,5.3688,,325,No,Spring; Summer; Autumn,images/FR-000325,,,
FR-000326,Garden Bordeaux 024,France,FR,Nouvelle-Aquitaine,33,Bordeaux,"Garden location in Bordeaux, Nouvelle-Aquitaine, France.",Cultural spots|Natural spots,Garden,Nature & Recreation,Drivable,44.8388,-0.5782,,326,No,Spring; Summer; Autumn,images/FR-000326,,,
FR-000327,Monument Toulouse 024,France,FR,Occitanie,31,Toulouse,"Monument location in Toulouse, Occitanie, France.",Historical spots,Monument,Landmark,Drivable,43.6077,1.4472,,327,No,Spring; Summer; Autumn,images/FR-000327,,,
FR-000328,Beach Lille 024,France,FR,Hauts-de-France,59,Lille,"Beach location in Lille, Hauts-de-France, France.",Beach spots|Natural spots,Beach,Nature & Recreation,Drivable,50.6342,3.0623,,328,No,Spring; Summer; Autumn,images/FR-000328,,,
FR-000329,Viewpoint Strasbourg 024,France,FR,Grand Est,67,Strasbourg,"Viewpoint location in Strasbourg, Grand Est, France.",Adventure spots|Natural spots,Viewpoint,Scenic Attraction,Drivable,48.5804,7.7591,,329,No,Spring; Summer; Autumn,images/FR-000329,,,
FR-000330,Market Nantes 024,France,FR,Pays de la Loire,44,Nantes,"Market location in Nantes, Pays de la Loire, France.",Cultural spots,Market,Local Attraction,Drivable,47.2274,-1.5446,,330,No,Spring; Summer; Autumn,images/FR-000330,,,
FR-000331,Art Gallery Rennes 024,France,FR,Bretagne,35,Rennes,"Art Gallery location in Rennes, Bretagne, France.",Cultural spots,Art Gallery,Cultural Attraction,Drivable,48.1083,-1.6868,,331,No,Spring; Summer; Autumn,images/FR-000331,,,
FR-000332,Theatre Rouen 024,France,FR,Normandie,76,Rouen,"Theatre location in Rouen, Normandie, France.",Historical spots,Theatre,Performing Arts,Drivable,49.4362,1.0923,,332,No,Spring; Summer; Autumn,images/FR-000332,,,
FR-000333,Church Dijon 024,France,FR,Bourgogne-Franche-Comté,21,Dijon,"Church location in Dijon, Bourgogne-Franche-Comté, France.",Religious/spiritual spots,Church,Religious Site,Drivable,47.317,5.0365,,333,No,Spring; Summer; Autumn,images/FR-000333,,,
FR-000334,Abbey Tours 024,France,FR,Centre-Val de Loire,37,Tours,"Abbey location in Tours, Centre-Val de Loire, France.",Religious/spiritual spots,Abbey,Religious Site,Drivable,47.3911,0.6818,,334,No,Spring; Summer; Autumn,images/FR-000334,,,
FR-000335,Fortress Ajaccio 024,France,FR,Corse,2A,Ajaccio,"Fortress location in Ajaccio, Corse, France.",Historical spots,Fortress,Historic Landmark,Drivable,41.9182,8.7376,,335,No,Spring; Summer; Autumn,images/FR-000335,,,
FR-000336,Archaeological Site Saint-Denis 024,France,FR,La Réunion,974,Saint-Denis,"Archaeological Site location in Saint-Denis, La Réunion, France.",Historical spots,Archaeological Site,Historic Site,Drivable,-20.8779,55.4491,,336,No,Spring; Summer; Autumn,images/FR-000336,,,
FR-000337,Zoo Paris 025,France,FR,Île-de-France,75,Paris,"Zoo location in Paris, Île-de-France, France.",Wildlife spots,Zoo,Family Attraction,Drivable,48.8596,2.3552,,337,No,Spring; Summer; Autumn,images/FR-000337,,,
FR-000338,Aquarium Lyon 025,France,FR,Auvergne-Rhône-Alpes,69,Lyon,"Aquarium location in Lyon, Auvergne-Rhône-Alpes, France.",Wildlife spots,Aquarium,Family Attraction,Drivable,45.769,4.8407,,338,No,Spring; Summer; Autumn,images/FR-000338,,,
FR-000339,Botanical Garden Marseille 025,France,FR,Provence-Alpes-Côte d'Azur,13,Marseille,"Botanical Garden location in Marseille, Provence-Alpes-Côte d'Azur, France.",Cultural spots|Natural spots,Botanical Garden,Nature & Recreation,Drivable,43.3035,5.3768,,339,No,Spring; Summer; Autumn,images/FR-000339,,,
FR-000340,Marina Bordeaux 025,France,FR,Nouvelle-Aquitaine,33,Bordeaux,"Marina location in Bordeaux, Nouvelle-Aquitaine, France.",Beach spots|Cultural spots,Marina,Leisure,Drivable,44.8468,-0.5702,,340,No,Spring; Summer; Autumn,images/FR-000340,,,
FR-000341,Historic Site Toulouse 025,France,FR,Occitanie,31,Toulouse,"Historic Site location in Toulouse, Occitanie, France.",Historical spots,Historic Site,Landmark,Drivable,43.5957,1.4352,,341,No,Spring; Summer; Autumn,images/FR-000341,,,
FR-000342,Museum Lille 025,France,FR,Hauts-de-France,59,Lille,"Museum location in Lille, Hauts-de-France, France.",Historical spots|Cultural spots,Museum,Cultural Attraction,Drivable,50.6222,3.0503,,342,No,Spring; Summer; Autumn,images/FR-000342,,,
FR-000343,Castle Strasbourg 025,France,FR,Grand Est,67,Strasbourg,"Castle location in Strasbourg, Grand Est, France.",Historical spots,Castle,Historic Landmark,Drivable,48.5684,7.7471,,343,No,Spring; Summer; Autumn,images/FR-000343,,,
FR-000344,Cathedral Nantes 025,France,FR,Pays de la Loire,44,Nantes,"Cathedral location in Nantes, Pays de la Loire, France.",Religious/spiritual spots,Cathedral,Religious Site,Drivable,47.2154,-1.5566,,344,No,Spring; Summer; Autumn,images/FR-000344,,,
FR-000345,Park Rennes 025,France,FR,Bretagne,35,Rennes,"Park location in Rennes, Bretagne, France.",Natural spots,Park,Nature & Recreation,Drivable,48.1163,-1.6788,,345,No,Spring; Summer; Autumn,images/FR-000345,,,
FR-000346,Garden Rouen 025,France,FR,Normandie,76,Rouen,"Garden location in Rouen, Normandie, France.",Cultural spots|Natural spots,Garden,Nature & Recreation,Drivable,49.4442,1.1003,,346,No,Spring; Summer; Autumn,images/FR-000346,,,
FR-000347,Monument Dijon 025,France,FR,Bourgogne-Franche-Comté,21,Dijon,"Monument location in Dijon, Bourgogne-Franche-Comté, France.",Historical spots,Monument,Landmark,Drivable,47.325,5.0445,,347,No,Spring; Summer; Autumn,images/FR-000347,,,
FR-000348,Beach Tours 025,France,FR,Centre-Val de Loire,37,Tours,"Beach location in Tours, Centre-Val de Loire, France.",Beach spots|Natural spots,Beach,Nature & Recreation,Drivable,47.3991,0.6898,,348,No,Spring; Summer; Autumn,images/FR-000348,,,
FR-000349,Viewpoint Ajaccio 025,France,FR,Corse,2A,Ajaccio,"Viewpoint location in Ajaccio, Corse, France.",Adventure spots|Natural spots,Viewpoint,Scenic Attraction,Drivable,41.9262,8.7456,,349,No,Spring; Summer; Autumn,images/FR-000349,,,
FR-000350,Market Saint-Denis 025,France,FR,La Réunion,974,Saint-Denis,"Market location in Saint-Denis, La Réunion, France.",Cultural spots,Market,Local Attraction,Drivable,-20.8699,55.4571,,350,No,Spring; Summer; Autumn,images/FR-000350,,,
FR-000351,Art Gallery Paris 026,France,FR,Île-de-France,75,Paris,"Art Gallery location in Paris, Île-de-France, France.",Cultural spots,Art Gallery,Cultural Attraction,Drivable,48.8476,2.3432,,351,No,Spring; Summer; Autumn,images/FR-000351,,,
FR-000352,Theatre Lyon 026,France,FR,Auvergne-Rhône-Alpes,69,Lyon,"Theatre location in Lyon, Auvergne-Rhône-Alpes, France.",Historical spots,Theatre,Performing Arts,Drivable,45.757,4.8287,,352,No,Spring; Summer; Autumn,images/FR-000352,,,
FR-000353,Church Marseille 026,France,FR,Provence-Alpes-Côte d'Azur,13,Marseille,"Church location in Marseille, Provence-Alpes-Côte d'Azur, France.",Religious/spiritual spots,Church,Religious Site,Drivable,43.2915,5.3648,,353,No,Spring; Summer; Autumn,images/FR-000353,,,
FR-000354,Abbey Bordeaux 026,France,FR,Nouvelle-Aquitaine,33,Bordeaux,"Abbey location in Bordeaux, Nouvelle-Aquitaine, France.",Religious/spiritual spots,Abbey,Religious Site,Drivable,44.8348,-0.5822,,354,No,Spring; Summer; Autumn,images/FR-000354,,,
FR-000355,Fortress Toulouse 026,France,FR,Occitanie,31,Toulouse,"Fortress location in Toulouse, Occitanie, France.",Historical spots,Fortress,Historic Landmark,Drivable,43.6037,1.4432,,355,No,Spring; Summer; Autumn,images/FR-000355,,,
FR-000356,Archaeological Site Lille 026,France,FR,Hauts-de-France,59,Lille,"Archaeological Site location in Lille, Hauts-de-France, France.",Historical spots,Archaeological Site,Historic Site,Drivable,50.6302,3.0583,,356,No,Spring; Summer; Autumn,images/FR-000356,,,
FR-000357,Zoo Strasbourg 026,France,FR,Grand Est,67,Strasbourg,"Zoo location in Strasbourg, Grand Est, France.",Wildlife spots,Zoo,Family Attraction,Drivable,48.5764,7.7551,,357,No,Spring; Summer; Autumn,images/FR-000357,,,
FR-000358,Aquarium Nantes 026,France,FR,Pays de la Loire,44,Nantes,"Aquarium location in Nantes, Pays de la Loire, France.",Wildlife spots,Aquarium,Family Attraction,Drivable,47.2234,-1.5486,,358,No,Spring; Summer; Autumn,images/FR-000358,,,
FR-000359,Botanical Garden Rennes 026,France,FR,Bretagne,35,Rennes,"Botanical Garden location in Rennes, Bretagne, France.",Cultural spots|Natural spots,Botanical Garden,Nature & Recreation,Drivable,48.1243,-1.6708,,359,No,Spring; Summer; Autumn,images/FR-000359,,,
FR-000360,Marina Rouen 026,France,FR,Normandie,76,Rouen,"Marina location in Rouen, Normandie, France.",Beach spots|Cultural spots,Marina,Leisure,Drivable,49.4522,1.1083,,360,No,Spring; Summer; Autumn,images/FR-000360,,,
FR-000361,Historic Site Dijon 026,France,FR,Bourgogne-Franche-Comté,21,Dijon,"Historic Site location in Dijon, Bourgogne-Franche-Comté, France.",Historical spots,Historic Site,Landmark,Drivable,47.313,5.0325,,361,No,Spring; Summer; Autumn,images/FR-000361,,,
FR-000362,Museum Tours 026,France,FR,Centre-Val de Loire,37,Tours,"Museum location in Tours, Centre-Val de Loire, France.",Historical spots|Cultural spots,Museum,Cultural Attraction,Drivable,47.3871,0.6778,,362,No,Spring; Summer; Autumn,images/FR-000362,,,
FR-000363,Castle Ajaccio 026,France,FR,Corse,2A,Ajaccio,"Castle location in Ajaccio, Corse, France.",Historical spots,Castle,Historic Landmark,Drivable,41.9142,8.7336,,363,No,Spring; Summer; Autumn,images/FR-000363,,,
FR-000364,Cathedral Saint-Denis 026,France,FR,La Réunion,974,Saint-Denis,"Cathedral location in Saint-Denis, La Réunion, France.",Religious/spiritual spots,Cathedral,Religious Site,Drivable,-20.8819,55.4451,,364,No,Spring; Summer; Autumn,images/FR-000364,,,
FR-000365,Park Paris 027,France,FR,Île-de-France,75,Paris,"Park location in Paris, Île-de-France, France.",Natural spots,Park,Nature & Recreation,Drivable,48.8556,2.3512,,365,No,Spring; Summer; Autumn,images/FR-000365,,,
FR-000366,Garden Lyon 027,France,FR,Auvergne-Rhône-Alpes,69,Lyon,"Garden location in Lyon, Auvergne-Rhône-Alpes, France.",Cultural spots|Natural spots,Garden,Nature & Recreation,Drivable,45.765,4.8367,,366,No,Spring; Summer; Autumn,images/FR-000366,,,
FR-000367,Monument Marseille 027,France,FR,Provence-Alpes-Côte d'Azur,13,Marseille,"Monument location in Marseille, Provence-Alpes-Côte d'Azur, France.",Historical spots,Monument,Landmark,Drivable,43.2995,5.3728,,367,No,Spring; Summer; Autumn,images/FR-000367,,,
FR-000368,Beach Bordeaux 027,France,FR,Nouvelle-Aquitaine,33,Bordeaux,"Beach location in Bordeaux, Nouvelle-Aquitaine, France.",Beach spots|Natural spots,Beach,Nature & Recreation,Drivable,44.8428,-0.5742,,368,No,Spring; Summer; Autumn,images/FR-000368,,,
FR-000369,Viewpoint Toulouse 027,France,FR,Occitanie,31,Toulouse,"Viewpoint location in Toulouse, Occitanie, France.",Adventure spots|Natural spots,Viewpoint,Scenic Attraction,Drivable,43.6117,1.4512,,369,No,Spring; Summer; Autumn,images/FR-000369,,,
FR-000370,Market Lille 027,France,FR,Hauts-de-France,59,Lille,"Market location in Lille, Hauts-de-France, France.",Cultural spots,Market,Local Attraction,Drivable,50.6382,3.0663,,370,No,Spring; Summer; Autumn,images/FR-000370,,,
FR-000371,Art Gallery Strasbourg 027,France,FR,Grand Est,67,Strasbourg,"Art Gallery location in Strasbourg, Grand Est, France.",Cultural spots,Art Gallery,Cultural Attraction,Drivable,48.5644,7.7431,,371,No,Spring; Summer; Autumn,images/FR-000371,,,
FR-000372,Theatre Nantes 027,France,FR,Pays de la Loire,44,Nantes,"Theatre location in Nantes, Pays de la Loire, France.",Historical spots,Theatre,Performing Arts,Drivable,47.2114,-1.5606,,372,No,Spring; Summer; Autumn,images/FR-000372,,,
FR-000373,Church Rennes 027,France,FR,Bretagne,35,Rennes,"Church location in Rennes, Bretagne, France.",Religious/spiritual spots,Church,Religious Site,Drivable,48.1123,-1.6828,,373,No,Spring; Summer; Autumn,images/FR-000373,,,
FR-000374,Abbey Rouen 027,France,FR,Normandie,76,Rouen,"Abbey location in Rouen, Normandie, France.",Religious/spiritual spots,Abbey,Religious Site,Drivable,49.4402,1.0963,,374,No,Spring; Summer; Autumn,images/FR-000374,,,
FR-000375,Fortress Dijon 027,France,FR,Bourgogne-Franche-Comté,21,Dijon,"Fortress location in Dijon, Bourgogne-Franche-Comté, France.",Historical spots,Fortress,Historic Landmark,Drivable,47.321,5.0405,,375,No,Spring; Summer; Autumn,images/FR-000375,,,
FR-000376,Archaeological Site Tours 027,France,FR,Centre-Val de Loire,37,Tours,"Archaeological Site location in Tours, Centre-Val de Loire, France.",Historical spots,Archaeological Site,Historic Site,Drivable,47.3951,0.6858,,376,No,Spring; Summer; Autumn,images/FR-000376,,,
FR-000377,Zoo Ajaccio 027,France,FR,Corse,2A,Ajaccio,"Zoo location in Ajaccio, Corse, France.",Wildlife spots,Zoo,Family Attraction,Drivable,41.9222,8.7416,,377,No,Spring; Summer; Autumn,images/FR-000377,,,
FR-000378,Aquarium Saint-Denis 027,France,FR,La Réunion,974,Saint-Denis,"Aquarium location in Saint-Denis, La Réunion, France.",Wildlife spots,Aquarium,Family Attraction,Drivable,-20.8739,55.4531,,378,No,Spring; Summer; Autumn,images/FR-000378,,,
FR-000379,Botanical Garden Paris 028,France,FR,Île-de-France,75,Paris,"Botanical Garden location in Paris, Île-de-France, France.",Cultural spots|Natural spots,Botanical Garden,Nature & Recreation,Drivable,48.8636,2.3592,,379,No,Spring; Summer; Autumn,images/FR-000379,,,
FR-000380,Marina Lyon 028,France,FR,Auvergne-Rhône-Alpes,69,Lyon,"Marina location in Lyon, Auvergne-Rhône-Alpes, France.",Beach spots|Cultural spots,Marina,Leisure,Drivable,45.773,4.8447,,380,No,Spring; Summer; Autumn,images/FR-000380,,,
FR-000381,Historic Site Marseille 028,France,FR,Provence-Alpes-Côte d'Azur,13,Marseille,"Historic Site location in Marseille, Provence-Alpes-Côte d'Azur, France.",Historical spots,Historic Site,Landmark,Drivable,43.2875,5.3608,,381,No,Spring; Summer; Autumn,images/FR-000381,,,
FR-000382,Museum Bordeaux 028,France,FR,Nouvelle-Aquitaine,33,Bordeaux,"Museum location in Bordeaux, Nouvelle-Aquitaine, France.",Historical spots|Cultural spots,Museum,Cultural Attraction,Drivable,44.8308,-0.5862,,382,No,Spring; Summer; Autumn,images/FR-000382,,,
FR-000383,Castle Toulouse 028,France,FR,Occitanie,31,Toulouse,"Castle location in Toulouse, Occitanie, France.",Historical spots,Castle,Historic Landmark,Drivable,43.5997,1.4392,,383,No,Spring; Summer; Autumn,images/FR-000383,,,
FR-000384,Cathedral Lille 028,France,FR,Hauts-de-France,59,Lille,"Cathedral location in Lille, Hauts-de-France, France.",Religious/spiritual spots,Cathedral,Religious Site,Drivable,50.6262,3.0543,,384,No,Spring; Summer; Autumn,images/FR-000384,,,
FR-000385,Park Strasbourg 028,France,FR,Grand Est,67,Strasbourg,"Park location in Strasbourg, Grand Est, France.",Natural spots,Park,Nature & Recreation,Drivable,48.5724,7.7511,,385,No,Spring; Summer; Autumn,images/FR-000385,,,
FR-000386,Garden Nantes 028,France,FR,Pays de la Loire,44,Nantes,"Garden location in Nantes, Pays de la Loire, France.",Cultural spots|Natural spots,Garden,Nature & Recreation,Drivable,47.2194,-1.5526,,386,No,Spring; Summer; Autumn,images/FR-000386,,,
FR-000387,Monument Rennes 028,France,FR,Bretagne,35,Rennes,"Monument location in Rennes, Bretagne, France.",Historical spots,Monument,Landmark,Drivable,48.1203,-1.6748,,387,No,Spring; Summer; Autumn,images/FR-000387,,,
FR-000388,Beach Rouen 028,France,FR,Normandie,76,Rouen,"Beach location in Rouen, Normandie, France.",Beach spots|Natural spots,Beach,Nature & Recreation,Drivable,49.4482,1.1043,,388,No,Spring; Summer; Autumn,images/FR-000388,,,
FR-000389,Viewpoint Dijon 028,France,FR,Bourgogne-Franche-Comté,21,Dijon,"Viewpoint location in Dijon, Bourgogne-Franche-Comté, France.",Adventure spots|Natural spots,Viewpoint,Scenic Attraction,Drivable,47.329,5.0485,,389,No,Spring; Summer; Autumn,images/FR-000389,,,
FR-000390,Market Tours 028,France,FR,Centre-Val de Loire,37,Tours,"Market location in Tours, Centre-Val de Loire, France.",Cultural spots,Market,Local Attraction,Drivable,47.4031,0.6938,,390,No,Spring; Summer; Autumn,images/FR-000390,,,
FR-000391,Art Gallery Ajaccio 028,France,FR,Corse,2A,Ajaccio,"Art Gallery location in Ajaccio, Corse, France.",Cultural spots,Art Gallery,Cultural Attraction,Drivable,41.9102,8.7296,,391,No,Spring; Summer; Autumn,images/FR-000391,,,
FR-000392,Theatre Saint-Denis 028,France,FR,La Réunion,974,Saint-Denis,"Theatre location in Saint-Denis, La Réunion, France.",Historical spots,Theatre,Performing Arts,Drivable,-20.8859,55.4411,,392,No,Spring; Summer; Autumn,images/FR-000392,,,
FR-000393,Church Paris 029,France,FR,Île-de-France,75,Paris,"Church location in Paris, Île-de-France, France.",Religious/spiritual spots,Church,Religious Site,Drivable,48.8516,2.3472,,393,No,Spring; Summer; Autumn,images/FR-000393,,,
FR-000394,Abbey Lyon 029,France,FR,Auvergne-Rhône-Alpes,69,Lyon,"Abbey location in Lyon, Auvergne-Rhône-Alpes, France.",Religious/spiritual spots,Abbey,Religious Site,Drivable,45.761,4.8327,,394,No,Spring; Summer; Autumn,images/FR-000394,,,
FR-000395,Fortress Marseille 029,France,FR,Provence-Alpes-Côte d'Azur,13,Marseille,"Fortress location in Marseille, Provence-Alpes-Côte d'Azur, France.",Historical spots,Fortress,Historic Landmark,Drivable,43.2955,5.3688,,395,No,Spring; Summer; Autumn,images/FR-000395,,,
FR-000396,Archaeological Site Bordeaux 029,France,FR,Nouvelle-Aquitaine,33,Bordeaux,"Archaeological Site location in Bordeaux, Nouvelle-Aquitaine, France.",Historical spots,Archaeological Site,Historic Site,Drivable,44.8388,-0.5782,,396,No,Spring; Summer; Autumn,images/FR-000396,,,
FR-000397,Zoo Toulouse 029,France,FR,Occitanie,31,Toulouse,"Zoo location in Toulouse, Occitanie, France.",Wildlife spots,Zoo,Family Attraction,Drivable,43.6077,1.4472,,397,No,Spring; Summer; Autumn,images/FR-000397,,,
FR-000398,Aquarium Lille 029,France,FR,Hauts-de-France,59,Lille,"Aquarium location in Lille, Hauts-de-France, France.",Wildlife spots,Aquarium,Family Attraction,Drivable,50.6342,3.0623,,398,No,Spring; Summer; Autumn,images/FR-000398,,,
FR-000399,Botanical Garden Strasbourg 029,France,FR,Grand Est,67,Strasbourg,"Botanical Garden location in Strasbourg, Grand Est, France.",Cultural spots|Natural spots,Botanical Garden,Nature & Recreation,Drivable,48.5804,7.7591,,399,No,Spring; Summer; Autumn,images/FR-000399,,,
FR-000400,Marina Nantes 029,France,FR,Pays de la Loire,44,Nantes,"Marina location in Nantes, Pays de la Loire, France.",Beach spots|Cultural spots,Marina,Leisure,Drivable,47.2274,-1.5446,,400,No,Spring; Summer; Autumn,images/FR-000400,,,
FR-000401,Historic Site Rennes 029,France,FR,Bretagne,35,Rennes,"Historic Site location in Rennes, Bretagne, France.",Historical spots,Historic Site,Landmark,Drivable,48.1083,-1.6868,,401,No,Spring; Summer; Autumn,images/FR-000401,,,
FR-000402,Museum Rouen 029,France,FR,Normandie,76,Rouen,"Museum location in Rouen, Normandie, France.",Historical spots|Cultural spots,Museum,Cultural Attraction,Drivable,49.4362,1.0923,,402,No,Spring; Summer; Autumn,images/FR-000402,,,
FR-000403,Castle Dijon 029,France,FR,Bourgogne-Franche-Comté,21,Dijon,"Castle location in Dijon, Bourgogne-Franche-Comté, France.",Historical spots,Castle,Historic Landmark,Drivable,47.317,5.0365,,403,No,Spring; Summer; Autumn,images/FR-000403,,,
FR-000404,Cathedral Tours 029,France,FR,Centre-Val de Loire,37,Tours,"Cathedral location in Tours, Centre-Val de Loire, France.",Religious/spiritual spots,Cathedral,Religious Site,Drivable,47.3911,0.6818,,404,No,Spring; Summer; Autumn,images/FR-000404,,,
FR-000405,Park Ajaccio 029,France,FR,Corse,2A,Ajaccio,"Park location in Ajaccio, Corse, France.",Natural spots,Park,Nature & Recreation,Drivable,41.9182,8.7376,,405,No,Spring; Summer; Autumn,images/FR-000405,,,
FR-000406,Garden Saint-Denis 029,France,FR,La Réunion,974,Saint-Denis,"Garden location in Saint-Denis, La Réunion, France.",Cultural spots|Natural spots,Garden,Nature & Recreation,Drivable,-20.8779,55.4491,,406,No,Spring; Summer; Autumn,images/FR-000406,,,
FR-000407,Monument Paris 030,France,FR,Île-de-France,75,Paris,"Monument location in Paris, Île-de-France, France.",Historical spots,Monument,Landmark,Drivable,48.8596,2.3552,,407,No,Spring; Summer; Autumn,images/FR-000407,,,
FR-000408,Beach Lyon 030,France,FR,Auvergne-Rhône-Alpes,69,Lyon,"Beach location in Lyon, Auvergne-Rhône-Alpes, France.",Beach spots|Natural spots,Beach,Nature & Recreation,Drivable,45.769,4.8407,,408,No,Spring; Summer; Autumn,images/FR-000408,,,
FR-000409,Viewpoint Marseille 030,France,FR,Provence-Alpes-Côte d'Azur,13,Marseille,"Viewpoint location in Marseille, Provence-Alpes-Côte d'Azur, France.",Adventure spots|Natural spots,Viewpoint,Scenic Attraction,Drivable,43.3035,5.3768,,409,No,Spring; Summer; Autumn,images/FR-000409,,,
FR-000410,Market Bordeaux 030,France,FR,Nouvelle-Aquitaine,33,Bordeaux,"Market location in Bordeaux, Nouvelle-Aquitaine, France.",Cultural spots,Market,Local Attraction,Drivable,44.8468,-0.5702,,410,No,Spring; Summer; Autumn,images/FR-000410,,,
FR-000411,Art Gallery Toulouse 030,France,FR,Occitanie,31,Toulouse,"Art Gallery location in Toulouse, Occitanie, France.",Cultural spots,Art Gallery,Cultural Attraction,Drivable,43.5957,1.4352,,411,No,Spring; Summer; Autumn,images/FR-000411,,,
FR-000412,Theatre Lille 030,France,FR,Hauts-de-France,59,Lille,"Theatre location in Lille, Hauts-de-France, France.",Historical spots,Theatre,Performing Arts,Drivable,50.6222,3.0503,,412,No,Spring; Summer; Autumn,images/FR-000412,,,
FR-000413,Church Strasbourg 030,France,FR,Grand Est,67,Strasbourg,"Church location in Strasbourg, Grand Est, France.",Religious/spiritual spots,Church,Religious Site,Drivable,48.5684,7.7471,,413,No,Spring; Summer; Autumn,images/FR-000413,,,
FR-000414,Abbey Nantes 030,France,FR,Pays de la Loire,44,Nantes,"Abbey location in Nantes, Pays de la Loire, France.",Religious/spiritual spots,Abbey,Religious Site,Drivable,47.2154,-1.5566,,414,No,Spring; Summer; Autumn,images/FR-000414,,,
FR-000415,Fortress Rennes 030,France,FR,Bretagne,35,Rennes,"Fortress location in Rennes, Bretagne, France.",Historical spots,Fortress,Historic Landmark,Drivable,48.1163,-1.6788,,415,No,Spring; Summer; Autumn,images/FR-000415,,,
FR-000416,Archaeological Site Rouen 030,France,FR,Normandie,76,Rouen,"Archaeological Site location in Rouen, Normandie, France.",Historical spots,Archaeological Site,Historic Site,Drivable,49.4442,1.1003,,416,No,Spring; Summer; Autumn,images/FR-000416,,,
FR-000417,Zoo Dijon 030,France,FR,Bourgogne-Franche-Comté,21,Dijon,"Zoo location in Dijon, Bourgogne-Franche-Comté, France.",Wildlife spots,Zoo,Family Attraction,Drivable,47.325,5.0445,,417,No,Spring; Summer; Autumn,images/FR-000417,,,
FR-000418,Aquarium Tours 030,France,FR,Centre-Val de Loire,37,Tours,"Aquarium location in Tours, Centre-Val de Loire, France.",Wildlife spots,Aquarium,Family Attraction,Drivable,47.3991,0.6898,,418,No,Spring; Summer; Autumn,images/FR-000418,,,
FR-000419,Botanical Garden Ajaccio 030,France,FR,Corse,2A,Ajaccio,"Botanical Garden location in Ajaccio, Corse, France.",Cultural spots|Natural spots,Botanical Garden,Nature & Recreation,Drivable,41.9262,8.7456,,419,No,Spring; Summer; Autumn,images/FR-000419,,,
FR-000420,Marina Saint-Denis 030,France,FR,La Réunion,974,Saint-Denis,"Marina location in Saint-Denis, La Réunion, France.",Beach spots|Cultural spots,Marina,Leisure,Drivable,-20.8699,55.4571,,420,No,Spring; Summer; Autumn,images/FR-000420,,,
FR-000421,Historic Site Paris 031,France,FR,Île-de-France,75,Paris,"Historic Site location in Paris, Île-de-France, France.",Historical spots,Historic Site,Landmark,Drivable,48.8476,2.3432,,421,No,Spring; Summer; Autumn,images/FR-000421,,,
FR-000422,Museum Lyon 031,France,FR,Auvergne-Rhône-Alpes,69,Lyon,"Museum location in Lyon, Auvergne-Rhône-Alpes, France.",Historical spots|Cultural spots,Museum,Cultural Attraction,Drivable,45.757,4.8287,,422,No,Spring; Summer; Autumn,images/FR-000422,,,
FR-000423,Castle Marseille 031,France,FR,Provence-Alpes-Côte d'Azur,13,Marseille,"Castle location in Marseille, Provence-Alpes-Côte d'Azur, France.",Historical spots,Castle,Historic Landmark,Drivable,43.2915,5.3648,,423,No,Spring; Summer; Autumn,images/FR-000423,,,
FR-000424,Cathedral Bordeaux 031,France,FR,Nouvelle-Aquitaine,33,Bordeaux,"Cathedral location in Bordeaux, Nouvelle-Aquitaine, France.",Religious/spiritual spots,Cathedral,Religious Site,Drivable,44.8348,-0.5822,,424,No,Spring; Summer; Autumn,images/FR-000424,,,
FR-000425,Park Toulouse 031,France,FR,Occitanie,31,Toulouse,"Park location in Toulouse, Occitanie, France.",Natural spots,Park,Nature & Recreation,Drivable,43.6037,1.4432,,425,No,Spring; Summer; Autumn,images/FR-000425,,,
FR-000426,Garden Lille 031,France,FR,Hauts-de-France,59,Lille,"Garden location in Lille, Hauts-de-France, France.",Cultural spots|Natural spots,Garden,Nature & Recreation,Drivable,50.6302,3.0583,,426,No,Spring; Summer; Autumn,images/FR-000426,,,
FR-000427,Monument Strasbourg 031,France,FR,Grand Est,67,Strasbourg,"Monument location in Strasbourg, Grand Est, France.",Historical spots,Monument,Landmark,Drivable,48.5764,7.7551,,427,No,Spring; Summer; Autumn,images/FR-000427,,,
FR-000428,Beach Nantes 031,France,FR,Pays de la Loire,44,Nantes,"Beach location in Nantes, Pays de la Loire, France.",Beach spots|Natural spots,Beach,Nature & Recreation,Drivable,47.2234,-1.5486,,428,No,Spring; Summer; Autumn,images/FR-000428,,,
FR-000429,Viewpoint Rennes 031,France,FR,Bretagne,35,Rennes,"Viewpoint location in Rennes, Bretagne, France.",Adventure spots|Natural spots,Viewpoint,Scenic Attraction,Drivable,48.1243,-1.6708,,429,No,Spring; Summer; Autumn,images/FR-000429,,,
FR-000430,Market Rouen 031,France,FR,Normandie,76,Rouen,"Market location in Rouen, Normandie, France.",Cultural spots,Market,Local Attraction,Drivable,49.4522,1.1083,,430,No,Spring; Summer; Autumn,images/FR-000430,,,
FR-000431,Art Gallery Dijon 031,France,FR,Bourgogne-Franche-Comté,21,Dijon,"Art Gallery location in Dijon, Bourgogne-Franche-Comté, France.",Cultural spots,Art Gallery,Cultural Attraction,Drivable,47.313,5.0325,,431,No,Spring; Summer; Autumn,images/FR-000431,,,
FR-000432,Theatre Tours 031,France,FR,Centre-Val de Loire,37,Tours,"Theatre location in Tours, Centre-Val de Loire, France.",Historical spots,Theatre,Performing Arts,Drivable,47.3871,0.6778,,432,No,Spring; Summer; Autumn,images/FR-000432,,,
FR-000433,Church Ajaccio 031,France,FR,Corse,2A,Ajaccio,"Church location in Ajaccio, Corse, France.",Religious/spiritual spots,Church,Religious Site,Drivable,41.9142,8.7336,,433,No,Spring; Summer; Autumn,images/FR-000433,,,
FR-000434,Abbey Saint-Denis 031,France,FR,La Réunion,974,Saint-Denis,"Abbey location in Saint-Denis, La Réunion, France.",Religious/spiritual spots,Abbey,Religious Site,Drivable,-20.8819,55.4451,,434,No,Spring; Summer; Autumn,images/FR-000434,,,
FR-000435,Fortress Paris 032,France,FR,Île-de-France,75,Paris,"Fortress location in Paris, Île-de-France, France.",Historical spots,Fortress,Historic Landmark,Drivable,48.8556,2.3512,,435,No,Spring; Summer; Autumn,images/FR-000435,,,
FR-000436,Archaeological Site Lyon 032,France,FR,Auvergne-Rhône-Alpes,69,Lyon,"Archaeological Site location in Lyon, Auvergne-Rhône-Alpes, France.",Historical spots,Archaeological Site,Historic Site,Drivable,45.765,4.8367,,436,No,Spring; Summer; Autumn,images/FR-000436,,,
FR-000437,Zoo Marseille 032,France,FR,Provence-Alpes-Côte d'Azur,13,Marseille,"Zoo location in Marseille, Provence-Alpes-Côte d'Azur, France.",Wildlife spots,Zoo,Family Attraction,Drivable,43.2995,5.3728,,437,No,Spring; Summer; Autumn,images/FR-000437,,,
FR-000438,Aquarium Bordeaux 032,France,FR,Nouvelle-Aquitaine,33,Bordeaux,"Aquarium location in Bordeaux, Nouvelle-Aquitaine, France.",Wildlife spots,Aquarium,Family Attraction,Drivable,44.8428,-0.5742,,438,No,Spring; Summer; Autumn,images/FR-000438,,,
FR-000439,Botanical Garden Toulouse 032,France,FR,Occitanie,31,Toulouse,"Botanical Garden location in Toulouse, Occitanie, France.",Cultural spots|Natural spots,Botanical Garden,Nature & Recreation,Drivable,43.6117,1.4512,,439,No,Spring; Summer; Autumn,images/FR-000439,,,
FR-000440,Marina Lille 032,France,FR,Hauts-de-France,59,Lille,"Marina location in Lille, Hauts-de-France, France.",Beach spots|Cultural spots,Marina,Leisure,Drivable,50.6382,3.0663,,440,No,Spring; Summer; Autumn,images/FR-000440,,,
FR-000441,Historic Site Strasbourg 032,France,FR,Grand Est,67,Strasbourg,"Historic Site location in Strasbourg, Grand Est, France.",Historical spots,Historic Site,Landmark,Drivable,48.5644,7.7431,,441,No,Spring; Summer; Autumn,images/FR-000441,,,
FR-000442,Museum Nantes 032,France,FR,Pays de la Loire,44,Nantes,"Museum location in Nantes, Pays de la Loire, France.",Historical spots|Cultural spots,Museum,Cultural Attraction,Drivable,47.2114,-1.5606,,442,No,Spring; Summer; Autumn,images/FR-000442,,,
FR-000443,Castle Rennes 032,France,FR,Bretagne,35,Rennes,"Castle location in Rennes, Bretagne, France.",Historical spots,Castle,Historic Landmark,Drivable,48.1123,-1.6828,,443,No,Spring; Summer; Autumn,images/FR-000443,,,
FR-000444,Cathedral Rouen 032,France,FR,Normandie,76,Rouen,"Cathedral location in Rouen, Normandie, France.",Religious/spiritual spots,Cathedral,Religious Site,Drivable,49.4402,1.0963,,444,No,Spring; Summer; Autumn,images/FR-000444,,,
FR-000445,Park Dijon 032,France,FR,Bourgogne-Franche-Comté,21,Dijon,"Park location in Dijon, Bourgogne-Franche-Comté, France.",Natural spots,Park,Nature & Recreation,Drivable,47.321,5.0405,,445,No,Spring; Summer; Autumn,images/FR-000445,,,
FR-000446,Garden Tours 032,France,FR,Centre-Val de Loire,37,Tours,"Garden location in Tours, Centre-Val de Loire, France.",Cultural spots|Natural spots,Garden,Nature & Recreation,Drivable,47.3951,0.6858,,446,No,Spring; Summer; Autumn,images/FR-000446,,,
FR-000447,Monument Ajaccio 032,France,FR,Corse,2A,Ajaccio,"Monument location in Ajaccio, Corse, France.",Historical spots,Monument,Landmark,Drivable,41.9222,8.7416,,447,No,Spring; Summer; Autumn,images/FR-000447,,,
FR-000448,Beach Saint-Denis 032,France,FR,La Réunion,974,Saint-Denis,"Beach location in Saint-Denis, La Réunion, France.",Beach spots|Natural spots,Beach,Nature & Recreation,Drivable,-20.8739,55.4531,,448,No,Spring; Summer; Autumn,images/FR-000448,,,
FR-000449,Viewpoint Paris 033,France,FR,Île-de-France,75,Paris,"Viewpoint location in Paris, Île-de-France, France.",Adventure spots|Natural spots,Viewpoint,Scenic Attraction,Drivable,48.8636,2.3592,,449,No,Spring; Summer; Autumn,images/FR-000449,,,
FR-000450,Market Lyon 033,France,FR,Auvergne-Rhône-Alpes,69,Lyon,"Market location in Lyon, Auvergne-Rhône-Alpes, France.",Cultural spots,Market,Local Attraction,Drivable,45.773,4.8447,,450,No,Spring; Summer; Autumn,images/FR-000450,,,
FR-000451,Art Gallery Marseille 033,France,FR,Provence-Alpes-Côte d'Azur,13,Marseille,"Art Gallery location in Marseille, Provence-Alpes-Côte d'Azur, France.",Cultural spots,Art Gallery,Cultural Attraction,Drivable,43.2875,5.3608,,451,No,Spring; Summer; Autumn,images/FR-000451,,,
FR-000452,Theatre Bordeaux 033,France,FR,Nouvelle-Aquitaine,33,Bordeaux,"Theatre location in Bordeaux, Nouvelle-Aquitaine, France.",Historical spots,Theatre,Performing Arts,Drivable,44.8308,-0.5862,,452,No,Spring; Summer; Autumn,images/FR-000452,,,
FR-000453,Church Toulouse 033,France,FR,Occitanie,31,Toulouse,"Church location in Toulouse, Occitanie, France.",Religious/spiritual spots,Church,Religious Site,Drivable,43.5997,1.4392,,453,No,Spring; Summer; Autumn,images/FR-000453,,,
FR-000454,Abbey Lille 033,France,FR,Hauts-de-France,59,Lille,"Abbey location in Lille, Hauts-de-France, France.",Religious/spiritual spots,Abbey,Religious Site,Drivable,50.6262,3.0543,,454,No,Spring; Summer; Autumn,images/FR-000454,,,
FR-000455,Fortress Strasbourg 033,France,FR,Grand Est,67,Strasbourg,"Fortress location in Strasbourg, Grand Est, France.",Historical spots,Fortress,Historic Landmark,Drivable,48.5724,7.7511,,455,No,Spring; Summer; Autumn,images/FR-000455,,,
FR-000456,Archaeological Site Nantes 033,France,FR,Pays de la Loire,44,Nantes,"Archaeological Site location in Nantes, Pays de la Loire, France.",Historical spots,Archaeological Site,Historic Site,Drivable,47.2194,-1.5526,,456,No,Spring; Summer; Autumn,images/FR-000456,,,
FR-000457,Zoo Rennes 033,France,FR,Bretagne,35,Rennes,"Zoo location in Rennes, Bretagne, France.",Wildlife spots,Zoo,Family Attraction,Drivable,48.1203,-1.6748,,457,No,Spring; Summer; Autumn,images/FR-000457,,,
FR-000458,Aquarium Rouen 033,France,FR,Normandie,76,Rouen,"Aquarium location in Rouen, Normandie, France.",Wildlife spots,Aquarium,Family Attraction,Drivable,49.4482,1.1043,,458,No,Spring; Summer; Autumn,images/FR-000458,,,
FR-000459,Botanical Garden Dijon 033,France,FR,Bourgogne-Franche-Comté,21,Dijon,"Botanical Garden location in Dijon, Bourgogne-Franche-Comté, France.",Cultural spots|Natural spots,Botanical Garden,Nature & Recreation,Drivable,47.329,5.0485,,459,No,Spring; Summer; Autumn,images/FR-000459,,,
FR-000460,Marina Tours 033,France,FR,Centre-Val de Loire,37,Tours,"Marina location in Tours, Centre-Val de Loire, France.",Beach spots|Cultural spots,Marina,Leisure,Drivable,47.4031,0.6938,,460,No,Spring; Summer; Autumn,images/FR-000460,,,
FR-000461,Historic Site Ajaccio 033,France,FR,Corse,2A,Ajaccio,"Historic Site location in Ajaccio, Corse, France.",Historical spots,Historic Site,Landmark,Drivable,41.9102,8.7296,,461,No,Spring; Summer; Autumn,images/FR-000461,,,
FR-000462,Museum Saint-Denis 033,France,FR,La Réunion,974,Saint-Denis,"Museum location in Saint-Denis, La Réunion, France.",Historical spots|Cultural spots,Museum,Cultural Attraction,Drivable,-20.8859,55.4411,,462,No,Spring; Summer; Autumn,images/FR-000462,,,
FR-000463,Castle Paris 034,France,FR,Île-de-France,75,Paris,"Castle location in Paris, Île-de-France, France.",Historical spots,Castle,Historic Landmark,Drivable,48.8516,2.3472,,463,No,Spring; Summer; Autumn,images/FR-000463,,,
FR-000464,Cathedral Lyon 034,France,FR,Auvergne-Rhône-Alpes,69,Lyon,"Cathedral location in Lyon, Auvergne-Rhône-Alpes, France.",Religious/spiritual spots,Cathedral,Religious Site,Drivable,45.761,4.8327,,464,No,Spring; Summer; Autumn,images/FR-000464,,,
FR-000465,Park Marseille 034,France,FR,Provence-Alpes-Côte d'Azur,13,Marseille,"Park location in Marseille, Provence-Alpes-Côte d'Azur, France.",Natural spots,Park,Nature & Recreation,Drivable,43.2955,5.3688,,465,No,Spring; Summer; Autumn,images/FR-000465,,,
FR-000466,Garden Bordeaux 034,France,FR,Nouvelle-Aquitaine,33,Bordeaux,"Garden location in Bordeaux, Nouvelle-Aquitaine, France.",Cultural spots|Natural spots,Garden,Nature & Recreation,Drivable,44.8388,-0.5782,,466,No,Spring; Summer; Autumn,images/FR-000466,,,
FR-000467,Monument Toulouse 034,France,FR,Occitanie,31,Toulouse,"Monument location in Toulouse, Occitanie, France.",Historical spots,Monument,Landmark,Drivable,43.6077,1.4472,,467,No,Spring; Summer; Autumn,images/FR-000467,,,
FR-000468,Beach Lille 034,France,FR,Hauts-de-France,59,Lille,"Beach location in Lille, Hauts-de-France, France.",Beach spots|Natural spots,Beach,Nature & Recreation,Drivable,50.6342,3.0623,,468,No,Spring; Summer; Autumn,images/FR-000468,,,
FR-000469,Viewpoint Strasbourg 034,France,FR,Grand Est,67,Strasbourg,"Viewpoint location in Strasbourg, Grand Est, France.",Adventure spots|Natural spots,Viewpoint,Scenic Attraction,Drivable,48.5804,7.7591,,469,No,Spring; Summer; Autumn,images/FR-000469,,,
FR-000470,Market Nantes 034,France,FR,Pays de la Loire,44,Nantes,"Market location in Nantes, Pays de la Loire, France.",Cultural spots,Market,Local Attraction,Drivable,47.2274,-1.5446,,470,No,Spring; Summer; Autumn,images/FR-000470,,,
FR-000471,Art Gallery Rennes 034,France,FR,Bretagne,35,Rennes,"Art Gallery location in Rennes, Bretagne, France.",Cultural spots,Art Gallery,Cultural Attraction,Drivable,48.1083,-1.6868,,471,No,Spring; Summer; Autumn,images/FR-000471,,,
FR-000472,Theatre Rouen 034,France,FR,Normandie,76,Rouen,"Theatre location in Rouen, Normandie, France.",Historical spots,Theatre,Performing Arts,Drivable,49.4362,1.0923,,472,No,Spring; Summer; Autumn,images/FR-000472,,,
FR-000473,Church Dijon 034,France,FR,Bourgogne-Franche-Comté,21,Dijon,"Church location in Dijon, Bourgogne-Franche-Comté, France.",Religious/spiritual spots,Church,Religious Site,Drivable,47.317,5.0365,,473,No,Spring; Summer; Autumn,images/FR-000473,,,
FR-000474,Abbey Tours 034,France,FR,Centre-Val de Loire,37,Tours,"Abbey location in Tours, Centre-Val de Loire, France.",Religious/spiritual spots,Abbey,Religious Site,Drivable,47.3911,0.6818,,474,No,Spring; Summer; Autumn,images/FR-000474,,,
FR-000475,Fortress Ajaccio 034,France,FR,Corse,2A,Ajaccio,"Fortress location in Ajaccio, Corse, France.",Historical spots,Fortress,Historic Landmark,Drivable,41.9182,8.7376,,475,No,Spring; Summer; Autumn,images/FR-000475,,,
FR-000476,Archaeological Site Saint-Denis 034,France,FR,La Réunion,974,Saint-Denis,"Archaeological Site location in Saint-Denis, La Réunion, France.",Historical spots,Archaeological Site,Historic Site,Drivable,-20.8779,55.4491,,476,No,Spring; Summer; Autumn,images/FR-000476,,,
FR-000477,Zoo Paris 035,France,FR,Île-de-France,75,Paris,"Zoo location in Paris, Île-de-France, France.",Wildlife spots,Zoo,Family Attraction,Drivable,48.8596,2.3552,,477,No,Spring; Summer; Autumn,images/FR-000477,,,
FR-000478,Aquarium Lyon 035,France,FR,Auvergne-Rhône-Alpes,69,Lyon,"Aquarium location in Lyon, Auvergne-Rhône-Alpes, France.",Wildlife spots,Aquarium,Family Attraction,Drivable,45.769,4.8407,,478,No,Spring; Summer; Autumn,images/FR-000478,,,
FR-000479,Botanical Garden Marseille 035,France,FR,Provence-Alpes-Côte d'Azur,13,Marseille,"Botanical Garden location in Marseille, Provence-Alpes-Côte d'Azur, France.",Cultural spots|Natural spots,Botanical Garden,Nature & Recreation,Drivable,43.3035,5.3768,,479,No,Spring; Summer; Autumn,images/FR-000479,,,
FR-000480,Marina Bordeaux 035,France,FR,Nouvelle-Aquitaine,33,Bordeaux,"Marina location in Bordeaux, Nouvelle-Aquitaine, France.",Beach spots|Cultural spots,Marina,Leisure,Drivable,44.8468,-0.5702,,480,No,Spring; Summer; Autumn,images/FR-000480,,,
FR-000481,Historic Site Toulouse 035,France,FR,Occitanie,31,Toulouse,"Historic Site location in Toulouse, Occitanie, France.",Historical spots,Historic Site,Landmark,Drivable,43.5957,1.4352,,481,No,Spring; Summer; Autumn,images/FR-000481,,,
FR-000482,Museum Lille 035,France,FR,Hauts-de-France,59,Lille,"Museum location in Lille, Hauts-de-France, France.",Historical spots|Cultural spots,Museum,Cultural Attraction,Drivable,50.6222,3.0503,,482,No,Spring; Summer; Autumn,images/FR-000482,,,
FR-000483,Castle Strasbourg 035,France,FR,Grand Est,67,Strasbourg,"Castle location in Strasbourg, Grand Est, France.",Historical spots,Castle,Historic Landmark,Drivable,48.5684,7.7471,,483,No,Spring; Summer; Autumn,images/FR-000483,,,
FR-000484,Cathedral Nantes 035,France,FR,Pays de la Loire,44,Nantes,"Cathedral location in Nantes, Pays de la Loire, France.",Religious/spiritual spots,Cathedral,Religious Site,Drivable,47.2154,-1.5566,,484,No,Spring; Summer; Autumn,images/FR-000484,,,
FR-000485,Park Rennes 035,France,FR,Bretagne,35,Rennes,"Park location in Rennes, Bretagne, France.",Natural spots,Park,Nature & Recreation,Drivable,48.1163,-1.6788,,485,No,Spring; Summer; Autumn,images/FR-000485,,,
FR-000486,Garden Rouen 035,France,FR,Normandie,76,Rouen,"Garden location in Rouen, Normandie, France.",Cultural spots|Natural spots,Garden,Nature & Recreation,Drivable,49.4442,1.1003,,486,No,Spring; Summer; Autumn,images/FR-000486,,,
FR-000487,Monument Dijon 035,France,FR,Bourgogne-Franche-Comté,21,Dijon,"Monument location in Dijon, Bourgogne-Franche-Comté, France.",Historical spots,Monument,Landmark,Drivable,47.325,5.0445,,487,No,Spring; Summer; Autumn,images/FR-000487,,,
FR-000488,Beach Tours 035,France,FR,Centre-Val de Loire,37,Tours,"Beach location in Tours, Centre-Val de Loire, France.",Beach spots|Natural spots,Beach,Nature & Recreation,Drivable,47.3991,0.6898,,488,No,Spring; Summer; Autumn,images/FR-000488,,,
FR-000489,Viewpoint Ajaccio 035,France,FR,Corse,2A,Ajaccio,"Viewpoint location in Ajaccio, Corse, France.",Adventure spots|Natural spots,Viewpoint,Scenic Attraction,Drivable,41.9262,8.7456,,489,No,Spring; Summer; Autumn,images/FR-000489,,,
FR-000490,Market Saint-Denis 035,France,FR,La Réunion,974,Saint-Denis,"Market location in Saint-Denis, La Réunion, France.",Cultural spots,Market,Local Attraction,Drivable,-20.8699,55.4571,,490,No,Spring; Summer; Autumn,images/FR-000490,,,
FR-000491,Art Gallery Paris 036,France,FR,Île-de-France,75,Paris,"Art Gallery location in Paris, Île-de-France, France.",Cultural spots,Art Gallery,Cultural Attraction,Drivable,48.8476,2.3432,,491,No,Spring; Summer; Autumn,images/FR-000491,,,
FR-000492,Theatre Lyon 036,France,FR,Auvergne-Rhône-Alpes,69,Lyon,"Theatre location in Lyon, Auvergne-Rhône-Alpes, France.",Historical spots,Theatre,Performing Arts,Drivable,45.757,4.8287,,492,No,Spring; Summer; Autumn,images/FR-000492,,,
FR-000493,Church Marseille 036,France,FR,Provence-Alpes-Côte d'Azur,13,Marseille,"Church location in Marseille, Provence-Alpes-Côte d'Azur, France.",Religious/spiritual spots,Church,Religious Site,Drivable,43.2915,5.3648,,493,No,Spring; Summer; Autumn,images/FR-000493,,,
FR-000494,Abbey Bordeaux 036,France,FR,Nouvelle-Aquitaine,33,Bordeaux,"Abbey location in Bordeaux, Nouvelle-Aquitaine, France.",Religious/spiritual spots,Abbey,Religious Site,Drivable,44.8348,-0.5822,,494,No,Spring; Summer; Autumn,images/FR-000494,,,
FR-000495,Fortress Toulouse 036,France,FR,Occitanie,31,Toulouse,"Fortress location in Toulouse, Occitanie, France.",Historical spots,Fortress,Historic Landmark,Drivable,43.6037,1.4432,,495,No,Spring; Summer; Autumn,images/FR-000495,,,
FR-000496,Archaeological Site Lille 036,France,FR,Hauts-de-France,59,Lille,"Archaeological Site location in Lille, Hauts-de-France, France.",Historical spots,Archaeological Site,Historic Site,Drivable,50.6302,3.0583,,496,No,Spring; Summer; Autumn,images/FR-000496,,,
FR-000497,Zoo Strasbourg 036,France,FR,Grand Est,67,Strasbourg,"Zoo location in Strasbourg, Grand Est, France.",Wildlife spots,Zoo,Family Attraction,Drivable,48.5764,7.7551,,497,No,Spring; Summer; Autumn,images/FR-000497,,,
FR-000498,Aquarium Nantes 036,France,FR,Pays de la Loire,44,Nantes,"Aquarium location in Nantes, Pays de la Loire, France.",Wildlife spots,Aquarium,Family Attraction,Drivable,47.2234,-1.5486,,498,No,Spring; Summer; Autumn,images/FR-000498,,,
FR-000499,Botanical Garden Rennes 036,France,FR,Bretagne,35,Rennes,"Botanical Garden location in Rennes, Bretagne, France.",Cultural spots|Natural spots,Botanical Garden,Nature & Recreation,Drivable,48.1243,-1.6708,,499,No,Spring; Summer; Autumn,images/FR-000499,,,
FR-000500,Marina Rouen 036,France,FR,Normandie,76,Rouen,"Marina location in Rouen, Normandie, France.",Beach spots|Cultural spots,Marina,Leisure,Drivable,49.4522,1.1083,,500,No,Spring; Summer; Autumn,images/FR-000500,,,
FR-000501,Historic Site Dijon 036,France,FR,Bourgogne-Franche-Comté,21,Dijon,"Historic Site location in Dijon, Bourgogne-Franche-Comté, France.",Historical spots,Historic Site,Landmark,Drivable,47.313,5.0325,,501,No,Spring; Summer; Autumn,images/FR-000501,,,
FR-000502,Museum Tours 036,France,FR,Centre-Val de Loire,37,Tours,"Museum location in Tours, Centre-Val de Loire, France.",Historical spots|Cultural spots,Museum,Cultural Attraction,Drivable,47.3871,0.6778,,502,No,Spring; Summer; Autumn,images/FR-000502,,,
FR-000503,Castle Ajaccio 036,France,FR,Corse,2A,Ajaccio,"Castle location in Ajaccio, Corse, France.",Historical spots,Castle,Historic Landmark,Drivable,41.9142,8.7336,,503,No,Spring; Summer; Autumn,images/FR-000503,,,
FR-000504,Cathedral Saint-Denis 036,France,FR,La Réunion,974,Saint-Denis,"Cathedral location in Saint-Denis, La Réunion, France.",Religious/spiritual spots,Cathedral,Religious Site,Drivable,-20.8819,55.4451,,504,No,Spring; Summer; Autumn,images/FR-000504,,,
FR-000505,Park Paris 037,France,FR,Île-de-France,75,Paris,"Park location in Paris, Île-de-France, France.",Natural spots,Park,Nature & Recreation,Drivable,48.8556,2.3512,,505,No,Spring; Summer; Autumn,images/FR-000505,,,
FR-000506,Garden Lyon 037,France,FR,Auvergne-Rhône-Alpes,69,Lyon,"Garden location in Lyon, Auvergne-Rhône-Alpes, France.",Cultural spots|Natural spots,Garden,Nature & Recreation,Drivable,45.765,4.8367,,506,No,Spring; Summer; Autumn,images/FR-000506,,,
FR-000507,Monument Marseille 037,France,FR,Provence-Alpes-Côte d'Azur,13,Marseille,"Monument location in Marseille, Provence-Alpes-Côte d'Azur, France.",Historical spots,Monument,Landmark,Drivable,43.2995,5.3728,,507,No,Spring; Summer; Autumn,images/FR-000507,,,
FR-000508,Beach Bordeaux 037,France,FR,Nouvelle-Aquitaine,33,Bordeaux,"Beach location in Bordeaux, Nouvelle-Aquitaine, France.",Beach spots|Natural spots,Beach,Nature & Recreation,Drivable,44.8428,-0.5742,,508,No,Spring; Summer; Autumn,images/FR-000508,,,
FR-000509,Viewpoint Toulouse 037,France,FR,Occitanie,31,Toulouse,"Viewpoint location in Toulouse, Occitanie, France.",Adventure spots|Natural spots,Viewpoint,Scenic Attraction,Drivable,43.6117,1.4512,,509,No,Spring; Summer; Autumn,images/FR-000509,,,
FR-000510,Market Lille 037,France,FR,Hauts-de-France,59,Lille,"Market location in Lille, Hauts-de-France, France.",Cultural spots,Market,Local Attraction,Drivable,50.6382,3.0663,,510,No,Spring; Summer; Autumn,images/FR-000510,,,
FR-000511,Art Gallery Strasbourg 037,France,FR,Grand Est,67,Strasbourg,"Art Gallery location in Strasbourg, Grand Est, France.",Cultural spots,Art Gallery,Cultural Attraction,Drivable,48.5644,7.7431,,511,No,Spring; Summer; Autumn,images/FR-000511,,,
FR-000512,Theatre Nantes 037,France,FR,Pays de la Loire,44,Nantes,"Theatre location in Nantes, Pays de la Loire, France.",Historical spots,Theatre,Performing Arts,Drivable,47.2114,-1.5606,,512,No,Spring; Summer; Autumn,images/FR-000512,,,
FR-000513,Church Rennes 037,France,FR,Bretagne,35,Rennes,"Church location in Rennes, Bretagne, France.",Religious/spiritual spots,Church,Religious Site,Drivable,48.1123,-1.6828,,513,No,Spring; Summer; Autumn,images/FR-000513,,,
FR-000514,Abbey Rouen 037,France,FR,Normandie,76,Rouen,"Abbey location in Rouen, Normandie, France.",Religious/spiritual spots,Abbey,Religious Site,Drivable,49.4402,1.0963,,514,No,Spring; Summer; Autumn,images/FR-000514,,,
FR-000515,Fortress Dijon 037,France,FR,Bourgogne-Franche-Comté,21,Dijon,"Fortress location in Dijon, Bourgogne-Franche-Comté, France.",Historical spots,Fortress,Historic Landmark,Drivable,47.321,5.0405,,515,No,Spring; Summer; Autumn,images/FR-000515,,,
FR-000516,Archaeological Site Tours 037,France,FR,Centre-Val de Loire,37,Tours,"Archaeological Site location in Tours, Centre-Val de Loire, France.",Historical spots,Archaeological Site,Historic Site,Drivable,47.3951,0.6858,,516,No,Spring; Summer; Autumn,images/FR-000516,,,
FR-000517,Zoo Ajaccio 037,France,FR,Corse,2A,Ajaccio,"Zoo location in Ajaccio, Corse, France.",Wildlife spots,Zoo,Family Attraction,Drivable,41.9222,8.7416,,517,No,Spring; Summer; Autumn,images/FR-000517,,,
FR-000518,Aquarium Saint-Denis 037,France,FR,La Réunion,974,Saint-Denis,"Aquarium location in Saint-Denis, La Réunion, France.",Wildlife spots,Aquarium,Family Attraction,Drivable,-20.8739,55.4531,,518,No,Spring; Summer; Autumn,images/FR-000518,,,
FR-000519,Botanical Garden Paris 038,France,FR,Île-de-France,75,Paris,"Botanical Garden location in Paris, Île-de-France, France.",Cultural spots|Natural spots,Botanical Garden,Nature & Recreation,Drivable,48.8636,2.3592,,519,No,Spring; Summer; Autumn,images/FR-000519,,,
FR-000520,Marina Lyon 038,France,FR,Auvergne-Rhône-Alpes,69,Lyon,"Marina location in Lyon, Auvergne-Rhône-Alpes, France.",Beach spots|Cultural spots,Marina,Leisure,Drivable,45.773,4.8447,,520,No,Spring; Summer; Autumn,images/FR-000520,,,
FR-000521,Historic Site Marseille 038,France,FR,Provence-Alpes-Côte d'Azur,13,Marseille,"Historic Site location in Marseille, Provence-Alpes-Côte d'Azur, France.",Historical spots,Historic Site,Landmark,Drivable,43.2875,5.3608,,521,No,Spring; Summer; Autumn,images/FR-000521,,,
FR-000522,Museum Bordeaux 038,France,FR,Nouvelle-Aquitaine,33,Bordeaux,"Museum location in Bordeaux, Nouvelle-Aquitaine, France.",Historical spots|Cultural spots,Museum,Cultural Attraction,Drivable,44.8308,-0.5862,,522,No,Spring; Summer; Autumn,images/FR-000522,,,
FR-000523,Castle Toulouse 038,France,FR,Occitanie,31,Toulouse,"Castle location in Toulouse, Occitanie, France.",Historical spots,Castle,Historic Landmark,Drivable,43.5997,1.4392,,523,No,Spring; Summer; Autumn,images/FR-000523,,,
FR-000524,Cathedral Lille 038,France,FR,Hauts-de-France,59,Lille,"Cathedral location in Lille, Hauts-de-France, France.",Religious/spiritual spots,Cathedral,Religious Site,Drivable,50.6262,3.0543,,524,No,Spring; Summer; Autumn,images/FR-000524,,,
FR-000525,Park Strasbourg 038,France,FR,Grand Est,67,Strasbourg,"Park location in Strasbourg, Grand Est, France.",Natural spots,Park,Nature & Recreation,Drivable,48.5724,7.7511,,525,No,Spring; Summer; Autumn,images/FR-000525,,,
FR-000526,Garden Nantes 038,France,FR,Pays de la Loire,44,Nantes,"Garden location in Nantes, Pays de la Loire, France.",Cultural spots|Natural spots,Garden,Nature & Recreation,Drivable,47.2194,-1.5526,,526,No,Spring; Summer; Autumn,images/FR-000526,,,
FR-000527,Monument Rennes 038,France,FR,Bretagne,35,Rennes,"Monument location in Rennes, Bretagne, France.",Historical spots,Monument,Landmark,Drivable,48.1203,-1.6748,,527,No,Spring; Summer; Autumn,images/FR-000527,,,
FR-000528,Beach Rouen 038,France,FR,Normandie,76,Rouen,"Beach location in Rouen, Normandie, France.",Beach spots|Natural spots,Beach,Nature & Recreation,Drivable,49.4482,1.1043,,528,No,Spring; Summer; Autumn,images/FR-000528,,,
FR-000529,Viewpoint Dijon 038,France,FR,Bourgogne-Franche-Comté,21,Dijon,"Viewpoint location in Dijon, Bourgogne-Franche-Comté, France.",Adventure spots|Natural spots,Viewpoint,Scenic Attraction,Drivable,47.329,5.0485,,529,No,Spring; Summer; Autumn,images/FR-000529,,,
FR-000530,Market Tours 038,France,FR,Centre-Val de Loire,37,Tours,"Market location in Tours, Centre-Val de Loire, France.",Cultural spots,Market,Local Attraction,Drivable,47.4031,0.6938,,530,No,Spring; Summer; Autumn,images/FR-000530,,,
FR-000531,Art Gallery Ajaccio 038,France,FR,Corse,2A,Ajaccio,"Art Gallery location in Ajaccio, Corse, France.",Cultural spots,Art Gallery,Cultural Attraction,Drivable,41.9102,8.7296,,531,No,Spring; Summer; Autumn,images/FR-000531,,,
FR-000532,Theatre Saint-Denis 038,France,FR,La Réunion,974,Saint-Denis,"Theatre location in Saint-Denis, La Réunion, France.",Historical spots,Theatre,Performing Arts,Drivable,-20.8859,55.4411,,532,No,Spring; Summer; Autumn,images/FR-000532,,,
FR-000533,Church Paris 039,France,FR,Île-de-France,75,Paris,"Church location in Paris, Île-de-France, France.",Religious/spiritual spots,Church,Religious Site,Drivable,48.8516,2.3472,,533,No,Spring; Summer; Autumn,images/FR-000533,,,
FR-000534,Abbey Lyon 039,France,FR,Auvergne-Rhône-Alpes,69,Lyon,"Abbey location in Lyon, Auvergne-Rhône-Alpes, France.",Religious/spiritual spots,Abbey,Religious Site,Drivable,45.761,4.8327,,534,No,Spring; Summer; Autumn,images/FR-000534,,,
FR-000535,Fortress Marseille 039,France,FR,Provence-Alpes-Côte d'Azur,13,Marseille,"Fortress location in Marseille, Provence-Alpes-Côte d'Azur, France.",Historical spots,Fortress,Historic Landmark,Drivable,43.2955,5.3688,,535,No,Spring; Summer; Autumn,images/FR-000535,,,
FR-000536,Archaeological Site Bordeaux 039,France,FR,Nouvelle-Aquitaine,33,Bordeaux,"Archaeological Site location in Bordeaux, Nouvelle-Aquitaine, France.",Historical spots,Archaeological Site,Historic Site,Drivable,44.8388,-0.5782,,536,No,Spring; Summer; Autumn,images/FR-000536,,,
FR-000537,Zoo Toulouse 039,France,FR,Occitanie,31,Toulouse,"Zoo location in Toulouse, Occitanie, France.",Wildlife spots,Zoo,Family Attraction,Drivable,43.6077,1.4472,,537,No,Spring; Summer; Autumn,images/FR-000537,,,
FR-000538,Aquarium Lille 039,France,FR,Hauts-de-France,59,Lille,"Aquarium location in Lille, Hauts-de-France, France.",Wildlife spots,Aquarium,Family Attraction,Drivable,50.6342,3.0623,,538,No,Spring; Summer; Autumn,images/FR-000538,,,
FR-000539,Botanical Garden Strasbourg 039,France,FR,Grand Est,67,Strasbourg,"Botanical Garden location in Strasbourg, Grand Est, France.",Cultural spots|Natural spots,Botanical Garden,Nature & Recreation,Drivable,48.5804,7.7591,,539,No,Spring; Summer; Autumn,images/FR-000539,,,
FR-000540,Marina Nantes 039,France,FR,Pays de la Loire,44,Nantes,"Marina location in Nantes, Pays de la Loire, France.",Beach spots|Cultural spots,Marina,Leisure,Drivable,47.2274,-1.5446,,540,No,Spring; Summer; Autumn,images/FR-000540,,,
FR-000541,Historic Site Rennes 039,France,FR,Bretagne,35,Rennes,"Historic Site location in Rennes, Bretagne, France.",Historical spots,Historic Site,Landmark,Drivable,48.1083,-1.6868,,541,No,Spring; Summer; Autumn,images/FR-000541,,,
FR-000542,Museum Rouen 039,France,FR,Normandie,76,Rouen,"Museum location in Rouen, Normandie, France.",Historical spots|Cultural spots,Museum,Cultural Attraction,Drivable,49.4362,1.0923,,542,No,Spring; Summer; Autumn,images/FR-000542,,,
FR-000543,Castle Dijon 039,France,FR,Bourgogne-Franche-Comté,21,Dijon,"Castle location in Dijon, Bourgogne-Franche-Comté, France.",Historical spots,Castle,Historic Landmark,Drivable,47.317,5.0365,,543,No,Spring; Summer; Autumn,images/FR-000543,,,
FR-000544,Cathedral Tours 039,France,FR,Centre-Val de Loire,37,Tours,"Cathedral location in Tours, Centre-Val de Loire, France.",Religious/spiritual spots,Cathedral,Religious Site,Drivable,47.3911,0.6818,,544,No,Spring; Summer; Autumn,images/FR-000544,,,
FR-000545,Park Ajaccio 039,France,FR,Corse,2A,Ajaccio,"Park location in Ajaccio, Corse, France.",Natural spots,Park,Nature & Recreation,Drivable,41.9182,8.7376,,545,No,Spring; Summer; Autumn,images/FR-000545,,,
FR-000546,Garden Saint-Denis 039,France,FR,La Réunion,974,Saint-Denis,"Garden location in Saint-Denis, La Réunion, France.",Cultural spots|Natural spots,Garden,Nature & Recreation,Drivable,-20.8779,55.4491,,546,No,Spring; Summer; Autumn,images/FR-000546,,,
FR-000547,Monument Paris 040,France,FR,Île-de-France,75,Paris,"Monument location in Paris, Île-de-France, France.",Historical spots,Monument,Landmark,Drivable,48.8596,2.3552,,547,No,Spring; Summer; Autumn,images/FR-000547,,,
FR-000548,Beach Lyon 040,France,FR,Auvergne-Rhône-Alpes,69,Lyon,"Beach location in Lyon, Auvergne-Rhône-Alpes, France.",Beach spots|Natural spots,Beach,Nature & Recreation,Drivable,45.769,4.8407,,548,No,Spring; Summer; Autumn,images/FR-000548,,,
FR-000549,Viewpoint Marseille 040,France,FR,Provence-Alpes-Côte d'Azur,13,Marseille,"Viewpoint location in Marseille, Provence-Alpes-Côte d'Azur, France.",Adventure spots|Natural spots,Viewpoint,Scenic Attraction,Drivable,43.3035,5.3768,,549,No,Spring; Summer; Autumn,images/FR-000549,,,
FR-000550,Market Bordeaux 040,France,FR,Nouvelle-Aquitaine,33,Bordeaux,"Market location in Bordeaux, Nouvelle-Aquitaine, France.",Cultural spots,Market,Local Attraction,Drivable,44.8468,-0.5702,,550,No,Spring; Summer; Autumn,images/FR-000550,,,
FR-000551,Art Gallery Toulouse 040,France,FR,Occitanie,31,Toulouse,"Art Gallery location in Toulouse, Occitanie, France.",Cultural spots,Art Gallery,Cultural Attraction,Drivable,43.5957,1.4352,,551,No,Spring; Summer; Autumn,images/FR-000551,,,
FR-000552,Theatre Lille 040,France,FR,Hauts-de-France,59,Lille,"Theatre location in Lille, Hauts-de-France, France.",Historical spots,Theatre,Performing Arts,Drivable,50.6222,3.0503,,552,No,Spring; Summer; Autumn,images/FR-000552,,,
FR-000553,Church Strasbourg 040,France,FR,Grand Est,67,Strasbourg,"Church location in Strasbourg, Grand Est, France.",Religious/spiritual spots,Church,Religious Site,Drivable,48.5684,7.7471,,553,No,Spring; Summer; Autumn,images/FR-000553,,,
FR-000554,Abbey Nantes 040,France,FR,Pays de la Loire,44,Nantes,"Abbey location in Nantes, Pays de la Loire, France.",Religious/spiritual spots,Abbey,Religious Site,Drivable,47.2154,-1.5566,,554,No,Spring; Summer; Autumn,images/FR-000554,,,
FR-000555,Fortress Rennes 040,France,FR,Bretagne,35,Rennes,"Fortress location in Rennes, Bretagne, France.",Historical spots,Fortress,Historic Landmark,Drivable,48.1163,-1.6788,,555,No,Spring; Summer; Autumn,images/FR-000555,,,
FR-000556,Archaeological Site Rouen 040,France,FR,Normandie,76,Rouen,"Archaeological Site location in Rouen, Normandie, France.",Historical spots,Archaeological Site,Historic Site,Drivable,49.4442,1.1003,,556,No,Spring; Summer; Autumn,images/FR-000556,,,
FR-000557,Zoo Dijon 040,France,FR,Bourgogne-Franche-Comté,21,Dijon,"Zoo location in Dijon, Bourgogne-Franche-Comté, France.",Wildlife spots,Zoo,Family Attraction,Drivable,47.325,5.0445,,557,No,Spring; Summer; Autumn,images/FR-000557,,,
FR-000558,Aquarium Tours 040,France,FR,Centre-Val de Loire,37,Tours,"Aquarium location in Tours, Centre-Val de Loire, France.",Wildlife spots,Aquarium,Family Attraction,Drivable,47.3991,0.6898,,558,No,Spring; Summer; Autumn,images/FR-000558,,,
FR-000559,Botanical Garden Ajaccio 040,France,FR,Corse,2A,Ajaccio,"Botanical Garden location in Ajaccio, Corse, France.",Cultural spots|Natural spots,Botanical Garden,Nature & Recreation,Drivable,41.9262,8.7456,,559,No,Spring; Summer; Autumn,images/FR-000559,,,
FR-000560,Marina Saint-Denis 040,France,FR,La Réunion,974,Saint-Denis,"Marina location in Saint-Denis, La Réunion, France.",Beach spots|Cultural spots,Marina,Leisure,Drivable,-20.8699,55.4571,,560,No,Spring; Summer; Autumn,images/FR-000560,,,
FR-000561,Historic Site Paris 041,France,FR,Île-de-France,75,Paris,"Historic Site location in Paris, Île-de-France, France.",Historical spots,Historic Site,Landmark,Drivable,48.8476,2.3432,,561,No,Spring; Summer; Autumn,images/FR-000561,,,
FR-000562,Museum Lyon 041,France,FR,Auvergne-Rhône-Alpes,69,Lyon,"Museum location in Lyon, Auvergne-Rhône-Alpes, France.",Historical spots|Cultural spots,Museum,Cultural Attraction,Drivable,45.757,4.8287,,562,No,Spring; Summer; Autumn,images/FR-000562,,,
FR-000563,Castle Marseille 041,France,FR,Provence-Alpes-Côte d'Azur,13,Marseille,"Castle location in Marseille, Provence-Alpes-Côte d'Azur, France.",Historical spots,Castle,Historic Landmark,Drivable,43.2915,5.3648,,563,No,Spring; Summer; Autumn,images/FR-000563,,,
FR-000564,Cathedral Bordeaux 041,France,FR,Nouvelle-Aquitaine,33,Bordeaux,"Cathedral location in Bordeaux, Nouvelle-Aquitaine, France.",Religious/spiritual spots,Cathedral,Religious Site,Drivable,44.8348,-0.5822,,564,No,Spring; Summer; Autumn,images/FR-000564,,,
FR-000565,Park Toulouse 041,France,FR,Occitanie,31,Toulouse,"Park location in Toulouse, Occitanie, France.",Natural spots,Park,Nature & Recreation,Drivable,43.6037,1.4432,,565,No,Spring; Summer; Autumn,images/FR-000565,,,
FR-000566,Garden Lille 041,France,FR,Hauts-de-France,59,Lille,"Garden location in Lille, Hauts-de-France, France.",Cultural spots|Natural spots,Garden,Nature & Recreation,Drivable,50.6302,3.0583,,566,No,Spring; Summer; Autumn,images/FR-000566,,,
FR-000567,Monument Strasbourg 041,France,FR,Grand Est,67,Strasbourg,"Monument location in Strasbourg, Grand Est, France.",Historical spots,Monument,Landmark,Drivable,48.5764,7.7551,,567,No,Spring; Summer; Autumn,images/FR-000567,,,
FR-000568,Beach Nantes 041,France,FR,Pays de la Loire,44,Nantes,"Beach location in Nantes, Pays de la Loire, France.",Beach spots|Natural spots,Beach,Nature & Recreation,Drivable,47.2234,-1.5486,,568,No,Spring; Summer; Autumn,images/FR-000568,,,
FR-000569,Viewpoint Rennes 041,France,FR,Bretagne,35,Rennes,"Viewpoint location in Rennes, Bretagne, France.",Adventure spots|Natural spots,Viewpoint,Scenic Attraction,Drivable,48.1243,-1.6708,,569,No,Spring; Summer; Autumn,images/FR-000569,,,
FR-000570,Market Rouen 041,France,FR,Normandie,76,Rouen,"Market location in Rouen, Normandie, France.",Cultural spots,Market,Local Attraction,Drivable,49.4522,1.1083,,570,No,Spring; Summer; Autumn,images/FR-000570,,,
FR-000571,Art Gallery Dijon 041,France,FR,Bourgogne-Franche-Comté,21,Dijon,"Art Gallery location in Dijon, Bourgogne-Franche-Comté, France.",Cultural spots,Art Gallery,Cultural Attraction,Drivable,47.313,5.0325,,571,No,Spring; Summer; Autumn,images/FR-000571,,,
FR-000572,Theatre Tours 041,France,FR,Centre-Val de Loire,37,Tours,"Theatre location in Tours, Centre-Val de Loire, France.",Historical spots,Theatre,Performing Arts,Drivable,47.3871,0.6778,,572,No,Spring; Summer; Autumn,images/FR-000572,,,
FR-000573,Church Ajaccio 041,France,FR,Corse,2A,Ajaccio,"Church location in Ajaccio, Corse, France.",Religious/spiritual spots,Church,Religious Site,Drivable,41.9142,8.7336,,573,No,Spring; Summer; Autumn,images/FR-000573,,,
FR-000574,Abbey Saint-Denis 041,France,FR,La Réunion,974,Saint-Denis,"Abbey location in Saint-Denis, La Réunion, France.",Religious/spiritual spots,Abbey,Religious Site,Drivable,-20.8819,55.4451,,574,No,Spring; Summer; Autumn,images/FR-000574,,,
FR-000575,Fortress Paris 042,France,FR,Île-de-France,75,Paris,"Fortress location in Paris, Île-de-France, France.",Historical spots,Fortress,Historic Landmark,Drivable,48.8556,2.3512,,575,No,Spring; Summer; Autumn,images/FR-000575,,,
FR-000576,Archaeological Site Lyon 042,France,FR,Auvergne-Rhône-Alpes,69,Lyon,"Archaeological Site location in Lyon, Auvergne-Rhône-Alpes, France.",Historical spots,Archaeological Site,Historic Site,Drivable,45.765,4.8367,,576,No,Spring; Summer; Autumn,images/FR-000576,,,
FR-000577,Zoo Marseille 042,France,FR,Provence-Alpes-Côte d'Azur,13,Marseille,"Zoo location in Marseille, Provence-Alpes-Côte d'Azur, France.",Wildlife spots,Zoo,Family Attraction,Drivable,43.2995,5.3728,,577,No,Spring; Summer; Autumn,images/FR-000577,,,
FR-000578,Aquarium Bordeaux 042,France,FR,Nouvelle-Aquitaine,33,Bordeaux,"Aquarium location in Bordeaux, Nouvelle-Aquitaine, France.",Wildlife spots,Aquarium,Family Attraction,Drivable,44.8428,-0.5742,,578,No,Spring; Summer; Autumn,images/FR-000578,,,
FR-000579,Botanical Garden Toulouse 042,France,FR,Occitanie,31,Toulouse,"Botanical Garden location in Toulouse, Occitanie, France.",Cultural spots|Natural spots,Botanical Garden,Nature & Recreation,Drivable,43.6117,1.4512,,579,No,Spring; Summer; Autumn,images/FR-000579,,,
FR-000580,Marina Lille 042,France,FR,Hauts-de-France,59,Lille,"Marina location in Lille, Hauts-de-France, France.",Beach spots|Cultural spots,Marina,Leisure,Drivable,50.6382,3.0663,,580,No,Spring; Summer; Autumn,images/FR-000580,,,
FR-000581,Historic Site Strasbourg 042,France,FR,Grand Est,67,Strasbourg,"Historic Site location in Strasbourg, Grand Est, France.",Historical spots,Historic Site,Landmark,Drivable,48.5644,7.7431,,581,No,Spring; Summer; Autumn,images/FR-000581,,,
FR-000582,Museum Nantes 042,France,FR,Pays de la Loire,44,Nantes,"Museum location in Nantes, Pays de la Loire, France.",Historical spots|Cultural spots,Museum,Cultural Attraction,Drivable,47.2114,-1.5606,,582,No,Spring; Summer; Autumn,images/FR-000582,,,
FR-000583,Castle Rennes 042,France,FR,Bretagne,35,Rennes,"Castle location in Rennes, Bretagne, France.",Historical spots,Castle,Historic Landmark,Drivable,48.1123,-1.6828,,583,No,Spring; Summer; Autumn,images/FR-000583,,,
FR-000584,Cathedral Rouen 042,France,FR,Normandie,76,Rouen,"Cathedral location in Rouen, Normandie, France.",Religious/spiritual spots,Cathedral,Religious Site,Drivable,49.4402,1.0963,,584,No,Spring; Summer; Autumn,images/FR-000584,,,
FR-000585,Park Dijon 042,France,FR,Bourgogne-Franche-Comté,21,Dijon,"Park location in Dijon, Bourgogne-Franche-Comté, France.",Natural spots,Park,Nature & Recreation,Drivable,47.321,5.0405,,585,No,Spring; Summer; Autumn,images/FR-000585,,,
FR-000586,Garden Tours 042,France,FR,Centre-Val de Loire,37,Tours,"Garden location in Tours, Centre-Val de Loire, France.",Cultural spots|Natural spots,Garden,Nature & Recreation,Drivable,47.3951,0.6858,,586,No,Spring; Summer; Autumn,images/FR-000586,,,
FR-000587,Monument Ajaccio 042,France,FR,Corse,2A,Ajaccio,"Monument location in Ajaccio, Corse, France.",Historical spots,Monument,Landmark,Drivable,41.9222,8.7416,,587,No,Spring; Summer; Autumn,images/FR-000587,,,
FR-000588,Beach Saint-Denis 042,France,FR,La Réunion,974,Saint-Denis,"Beach location in Saint-Denis, La Réunion, France.",Beach spots|Natural spots,Beach,Nature & Recreation,Drivable,-20.8739,55.4531,,588,No,Spring; Summer; Autumn,images/FR-000588,,,
FR-000589,Viewpoint Paris 043,France,FR,Île-de-France,75,Paris,"Viewpoint location in Paris, Île-de-France, France.",Adventure spots|Natural spots,Viewpoint,Scenic Attraction,Drivable,48.8636,2.3592,,589,No,Spring; Summer; Autumn,images/FR-000589,,,
FR-000590,Market Lyon 043,France,FR,Auvergne-Rhône-Alpes,69,Lyon,"Market location in Lyon, Auvergne-Rhône-Alpes, France.",Cultural spots,Market,Local Attraction,Drivable,45.773,4.8447,,590,No,Spring; Summer; Autumn,images/FR-000590,,,
FR-000591,Art Gallery Marseille 043,France,FR,Provence-Alpes-Côte d'Azur,13,Marseille,"Art Gallery location in Marseille, Provence-Alpes-Côte d'Azur, France.",Cultural spots,Art Gallery,Cultural Attraction,Drivable,43.2875,5.3608,,591,No,Spring; Summer; Autumn,images/FR-000591,,,
FR-000592,Theatre Bordeaux 043,France,FR,Nouvelle-Aquitaine,33,Bordeaux,"Theatre location in Bordeaux, Nouvelle-Aquitaine, France.",Historical spots,Theatre,Performing Arts,Drivable,44.8308,-0.5862,,592,No,Spring; Summer; Autumn,images/FR-000592,,,
FR-000593,Church Toulouse 043,France,FR,Occitanie,31,Toulouse,"Church location in Toulouse, Occitanie, France.",Religious/spiritual spots,Church,Religious Site,Drivable,43.5997,1.4392,,593,No,Spring; Summer; Autumn,images/FR-000593,,,
FR-000594,Abbey Lille 043,France,FR,Hauts-de-France,59,Lille,"Abbey location in Lille, Hauts-de-France, France.",Religious/spiritual spots,Abbey,Religious Site,Drivable,50.6262,3.0543,,594,No,Spring; Summer; Autumn,images/FR-000594,,,
FR-000595,Fortress Strasbourg 043,France,FR,Grand Est,67,Strasbourg,"Fortress location in Strasbourg, Grand Est, France.",Historical spots,Fortress,Historic Landmark,Drivable,48.5724,7.7511,,595,No,Spring; Summer; Autumn,images/FR-000595,,,
FR-000596,Archaeological Site Nantes 043,France,FR,Pays de la Loire,44,Nantes,"Archaeological Site location in Nantes, Pays de la Loire, France.",Historical spots,Archaeological Site,Historic Site,Drivable,47.2194,-1.5526,,596,No,Spring; Summer; Autumn,images/FR-000596,,,
FR-000597,Zoo Rennes 043,France,FR,Bretagne,35,Rennes,"Zoo location in Rennes, Bretagne, France.",Wildlife spots,Zoo,Family Attraction,Drivable,48.1203,-1.6748,,597,No,Spring; Summer; Autumn,images/FR-000597,,,
FR-000598,Aquarium Rouen 043,France,FR,Normandie,76,Rouen,"Aquarium location in Rouen, Normandie, France.",Wildlife spots,Aquarium,Family Attraction,Drivable,49.4482,1.1043,,598,No,Spring; Summer; Autumn,images/FR-000598,,,
FR-000599,Botanical Garden Dijon 043,France,FR,Bourgogne-Franche-Comté,21,Dijon,"Botanical Garden location in Dijon, Bourgogne-Franche-Comté, France.",Cultural spots|Natural spots,Botanical Garden,Nature & Recreation,Drivable,47.329,5.0485,,599,No,Spring; Summer; Autumn,images/FR-000599,,,
FR-000600,Marina Tours 043,France,FR,Centre-Val de Loire,37,Tours,"Marina location in Tours, Centre-Val de Loire, France.",Beach spots|Cultural spots,Marina,Leisure,Drivable,47.4031,0.6938,,600,No,Spring; Summer; Autumn,images/FR-000600,,,
FR-000601,Historic Site Ajaccio 043,France,FR,Corse,2A,Ajaccio,"Historic Site location in Ajaccio, Corse, France.",Historical spots,Historic Site,Landmark,Drivable,41.9102,8.7296,,601,No,Spring; Summer; Autumn,images/FR-000601,,,
FR-000602,Museum Saint-Denis 043,France,FR,La Réunion,974,Saint-Denis,"Museum location in Saint-Denis, La Réunion, France.",Historical spots|Cultural spots,Museum,Cultural Attraction,Drivable,-20.8859,55.4411,,602,No,Spring; Summer; Autumn,images/FR-000602,,,
FR-000603,Castle Paris 044,France,FR,Île-de-France,75,Paris,"Castle location in Paris, Île-de-France, France.",Historical spots,Castle,Historic Landmark,Drivable,48.8516,2.3472,,603,No,Spring; Summer; Autumn,images/FR-000603,,,
FR-000604,Cathedral Lyon 044,France,FR,Auvergne-Rhône-Alpes,69,Lyon,"Cathedral location in Lyon, Auvergne-Rhône-Alpes, France.",Religious/spiritual spots,Cathedral,Religious Site,Drivable,45.761,4.8327,,604,No,Spring; Summer; Autumn,images/FR-000604,,,
FR-000605,Park Marseille 044,France,FR,Provence-Alpes-Côte d'Azur,13,Marseille,"Park location in Marseille, Provence-Alpes-Côte d'Azur, France.",Natural spots,Park,Nature & Recreation,Drivable,43.2955,5.3688,,605,No,Spring; Summer; Autumn,images/FR-000605,,,
FR-000606,Garden Bordeaux 044,France,FR,Nouvelle-Aquitaine,33,Bordeaux,"Garden location in Bordeaux, Nouvelle-Aquitaine, France.",Cultural spots|Natural spots,Garden,Nature & Recreation,Drivable,44.8388,-0.5782,,606,No,Spring; Summer; Autumn,images/FR-000606,,,
FR-000607,Monument Toulouse 044,France,FR,Occitanie,31,Toulouse,"Monument location in Toulouse, Occitanie, France.",Historical spots,Monument,Landmark,Drivable,43.6077,1.4472,,607,No,Spring; Summer; Autumn,images/FR-000607,,,
FR-000608,Beach Lille 044,France,FR,Hauts-de-France,59,Lille,"Beach location in Lille, Hauts-de-France, France.",Beach spots|Natural spots,Beach,Nature & Recreation,Drivable,50.6342,3.0623,,608,No,Spring; Summer; Autumn,images/FR-000608,,,
FR-000609,Viewpoint Strasbourg 044,France,FR,Grand Est,67,Strasbourg,"Viewpoint location in Strasbourg, Grand Est, France.",Adventure spots|Natural spots,Viewpoint,Scenic Attraction,Drivable,48.5804,7.7591,,609,No,Spring; Summer; Autumn,images/FR-000609,,,
FR-000610,Market Nantes 044,France,FR,Pays de la Loire,44,Nantes,"Market location in Nantes, Pays de la Loire, France.",Cultural spots,Market,Local Attraction,Drivable,47.2274,-1.5446,,610,No,Spring; Summer; Autumn,images/FR-000610,,,
FR-000611,Art Gallery Rennes 044,France,FR,Bretagne,35,Rennes,"Art Gallery location in Rennes, Bretagne, France.",Cultural spots,Art Gallery,Cultural Attraction,Drivable,48.1083,-1.6868,,611,No,Spring; Summer; Autumn,images/FR-000611,,,
FR-000612,Theatre Rouen 044,France,FR,Normandie,76,Rouen,"Theatre location in Rouen, Normandie, France.",Historical spots,Theatre,Performing Arts,Drivable,49.4362,1.0923,,612,No,Spring; Summer; Autumn,images/FR-000612,,,
FR-000613,Church Dijon 044,France,FR,Bourgogne-Franche-Comté,21,Dijon,"Church location in Dijon, Bourgogne-Franche-Comté, France.",Religious/spiritual spots,Church,Religious Site,Drivable,47.317,5.0365,,613,No,Spring; Summer; Autumn,images/FR-000613,,,
FR-000614,Abbey Tours 044,France,FR,Centre-Val de Loire,37,Tours,"Abbey location in Tours, Centre-Val de Loire, France.",Religious/spiritual spots,Abbey,Religious Site,Drivable,47.3911,0.6818,,614,No,Spring; Summer; Autumn,images/FR-000614,,,
FR-000615,Fortress Ajaccio 044,France,FR,Corse,2A,Ajaccio,"Fortress location in Ajaccio, Corse, France.",Historical spots,Fortress,Historic Landmark,Drivable,41.9182,8.7376,,615,No,Spring; Summer; Autumn,images/FR-000615,,,
FR-000616,Archaeological Site Saint-Denis 044,France,FR,La Réunion,974,Saint-Denis,"Archaeological Site location in Saint-Denis, La Réunion, France.",Historical spots,Archaeological Site,Historic Site,Drivable,-20.8779,55.4491,,616,No,Spring; Summer; Autumn,images/FR-000616,,,
FR-000617,Zoo Paris 045,France,FR,Île-de-France,75,Paris,"Zoo location in Paris, Île-de-France, France.",Wildlife spots,Zoo,Family Attraction,Drivable,48.8596,2.3552,,617,No,Spring; Summer; Autumn,images/FR-000617,,,
FR-000618,Aquarium Lyon 045,France,FR,Auvergne-Rhône-Alpes,69,Lyon,"Aquarium location in Lyon, Auvergne-Rhône-Alpes, France.",Wildlife spots,Aquarium,Family Attraction,Drivable,45.769,4.8407,,618,No,Spring; Summer; Autumn,images/FR-000618,,,
FR-000619,Botanical Garden Marseille 045,France,FR,Provence-Alpes-Côte d'Azur,13,Marseille,"Botanical Garden location in Marseille, Provence-Alpes-Côte d'Azur, France.",Cultural spots|Natural spots,Botanical Garden,Nature & Recreation,Drivable,43.3035,5.3768,,619,No,Spring; Summer; Autumn,images/FR-000619,,,
FR-000620,Marina Bordeaux 045,France,FR,Nouvelle-Aquitaine,33,Bordeaux,"Marina location in Bordeaux, Nouvelle-Aquitaine, France.",Beach spots|Cultural spots,Marina,Leisure,Drivable,44.8468,-0.5702,,620,No,Spring; Summer; Autumn,images/FR-000620,,,
FR-000621,Historic Site Toulouse 045,France,FR,Occitanie,31,Toulouse,"Historic Site location in Toulouse, Occitanie, France.",Historical spots,Historic Site,Landmark,Drivable,43.5957,1.4352,,621,No,Spring; Summer; Autumn,images/FR-000621,,,
FR-000622,Museum Lille 045,France,FR,Hauts-de-France,59,Lille,"Museum location in Lille, Hauts-de-France, France.",Historical spots|Cultural spots,Museum,Cultural Attraction,Drivable,50.6222,3.0503,,622,No,Spring; Summer; Autumn,images/FR-000622,,,
FR-000623,Castle Strasbourg 045,France,FR,Grand Est,67,Strasbourg,"Castle location in Strasbourg, Grand Est, France.",Historical spots,Castle,Historic Landmark,Drivable,48.5684,7.7471,,623,No,Spring; Summer; Autumn,images/FR-000623,,,
FR-000624,Cathedral Nantes 045,France,FR,Pays de la Loire,44,Nantes,"Cathedral location in Nantes, Pays de la Loire, France.",Religious/spiritual spots,Cathedral,Religious Site,Drivable,47.2154,-1.5566,,624,No,Spring; Summer; Autumn,images/FR-000624,,,
FR-000625,Park Rennes 045,France,FR,Bretagne,35,Rennes,"Park location in Rennes, Bretagne, France.",Natural spots,Park,Nature & Recreation,Drivable,48.1163,-1.6788,,625,No,Spring; Summer; Autumn,images/FR-000625,,,
FR-000626,Garden Rouen 045,France,FR,Normandie,76,Rouen,"Garden location in Rouen, Normandie, France.",Cultural spots|Natural spots,Garden,Nature & Recreation,Drivable,49.4442,1.1003,,626,No,Spring; Summer; Autumn,images/FR-000626,,,
FR-000627,Monument Dijon 045,France,FR,Bourgogne-Franche-Comté,21,Dijon,"Monument location in Dijon, Bourgogne-Franche-Comté, France.",Historical spots,Monument,Landmark,Drivable,47.325,5.0445,,627,No,Spring; Summer; Autumn,images/FR-000627,,,
FR-000628,Beach Tours 045,France,FR,Centre-Val de Loire,37,Tours,"Beach location in Tours, Centre-Val de Loire, France.",Beach spots|Natural spots,Beach,Nature & Recreation,Drivable,47.3991,0.6898,,628,No,Spring; Summer; Autumn,images/FR-000628,,,
FR-000629,Viewpoint Ajaccio 045,France,FR,Corse,2A,Ajaccio,"Viewpoint location in Ajaccio, Corse, France.",Adventure spots|Natural spots,Viewpoint,Scenic Attraction,Drivable,41.9262,8.7456,,629,No,Spring; Summer; Autumn,images/FR-000629,,,
FR-000630,Market Saint-Denis 045,France,FR,La Réunion,974,Saint-Denis,"Market location in Saint-Denis, La Réunion, France.",Cultural spots,Market,Local Attraction,Drivable,-20.8699,55.4571,,630,No,Spring; Summer; Autumn,images/FR-000630,,,
FR-000631,Art Gallery Paris 046,France,FR,Île-de-France,75,Paris,"Art Gallery location in Paris, Île-de-France, France.",Cultural spots,Art Gallery,Cultural Attraction,Drivable,48.8476,2.3432,,631,No,Spring; Summer; Autumn,images/FR-000631,,,
FR-000632,Theatre Lyon 046,France,FR,Auvergne-Rhône-Alpes,69,Lyon,"Theatre location in Lyon, Auvergne-Rhône-Alpes, France.",Historical spots,Theatre,Performing Arts,Drivable,45.757,4.8287,,632,No,Spring; Summer; Autumn,images/FR-000632,,,
FR-000633,Church Marseille 046,France,FR,Provence-Alpes-Côte d'Azur,13,Marseille,"Church location in Marseille, Provence-Alpes-Côte d'Azur, France.",Religious/spiritual spots,Church,Religious Site,Drivable,43.2915,5.3648,,633,No,Spring; Summer; Autumn,images/FR-000633,,,
FR-000634,Abbey Bordeaux 046,France,FR,Nouvelle-Aquitaine,33,Bordeaux,"Abbey location in Bordeaux, Nouvelle-Aquitaine, France.",Religious/spiritual spots,Abbey,Religious Site,Drivable,44.8348,-0.5822,,634,No,Spring; Summer; Autumn,images/FR-000634,,,
FR-000635,Fortress Toulouse 046,France,FR,Occitanie,31,Toulouse,"Fortress location in Toulouse, Occitanie, France.",Historical spots,Fortress,Historic Landmark,Drivable,43.6037,1.4432,,635,No,Spring; Summer; Autumn,images/FR-000635,,,
FR-000636,Archaeological Site Lille 046,France,FR,Hauts-de-France,59,Lille,"Archaeological Site location in Lille, Hauts-de-France, France.",Historical spots,Archaeological Site,Historic Site,Drivable,50.6302,3.0583,,636,No,Spring; Summer; Autumn,images/FR-000636,,,
FR-000637,Zoo Strasbourg 046,France,FR,Grand Est,67,Strasbourg,"Zoo location in Strasbourg, Grand Est, France.",Wildlife spots,Zoo,Family Attraction,Drivable,48.5764,7.7551,,637,No,Spring; Summer; Autumn,images/FR-000637,,,
FR-000638,Aquarium Nantes 046,France,FR,Pays de la Loire,44,Nantes,"Aquarium location in Nantes, Pays de la Loire, France.",Wildlife spots,Aquarium,Family Attraction,Drivable,47.2234,-1.5486,,638,No,Spring; Summer; Autumn,images/FR-000638,,,
FR-000639,Botanical Garden Rennes 046,France,FR,Bretagne,35,Rennes,"Botanical Garden location in Rennes, Bretagne, France.",Cultural spots|Natural spots,Botanical Garden,Nature & Recreation,Drivable,48.1243,-1.6708,,639,No,Spring; Summer; Autumn,images/FR-000639,,,
FR-000640,Marina Rouen 046,France,FR,Normandie,76,Rouen,"Marina location in Rouen, Normandie, France.",Beach spots|Cultural spots,Marina,Leisure,Drivable,49.4522,1.1083,,640,No,Spring; Summer; Autumn,images/FR-000640,,,
FR-000641,Historic Site Dijon 046,France,FR,Bourgogne-Franche-Comté,21,Dijon,"Historic Site location in Dijon, Bourgogne-Franche-Comté, France.",Historical spots,Historic Site,Landmark,Drivable,47.313,5.0325,,641,No,Spring; Summer; Autumn,images/FR-000641,,,
FR-000642,Museum Tours 046,France,FR,Centre-Val de Loire,37,Tours,"Museum location in Tours, Centre-Val de Loire, France.",Historical spots|Cultural spots,Museum,Cultural Attraction,Drivable,47.3871,0.6778,,642,No,Spring; Summer; Autumn,images/FR-000642,,,
FR-000643,Castle Ajaccio 046,France,FR,Corse,2A,Ajaccio,"Castle location in Ajaccio, Corse, France.",Historical spots,Castle,Historic Landmark,Drivable,41.9142,8.7336,,643,No,Spring; Summer; Autumn,images/FR-000643,,,
FR-000644,Cathedral Saint-Denis 046,France,FR,La Réunion,974,Saint-Denis,"Cathedral location in Saint-Denis, La Réunion, France.",Religious/spiritual spots,Cathedral,Religious Site,Drivable,-20.8819,55.4451,,644,No,Spring; Summer; Autumn,images/FR-000644,,,
FR-000645,Park Paris 047,France,FR,Île-de-France,75,Paris,"Park location in Paris, Île-de-France, France.",Natural spots,Park,Nature & Recreation,Drivable,48.8556,2.3512,,645,No,Spring; Summer; Autumn,images/FR-000645,,,
FR-000646,Garden Lyon 047,France,FR,Auvergne-Rhône-Alpes,69,Lyon,"Garden location in Lyon, Auvergne-Rhône-Alpes, France.",Cultural spots|Natural spots,Garden,Nature & Recreation,Drivable,45.765,4.8367,,646,No,Spring; Summer; Autumn,images/FR-000646,,,
FR-000647,Monument Marseille 047,France,FR,Provence-Alpes-Côte d'Azur,13,Marseille,"Monument location in Marseille, Provence-Alpes-Côte d'Azur, France.",Historical spots,Monument,Landmark,Drivable,43.2995,5.3728,,647,No,Spring; Summer; Autumn,images/FR-000647,,,
FR-000648,Beach Bordeaux 047,France,FR,Nouvelle-Aquitaine,33,Bordeaux,"Beach location in Bordeaux, Nouvelle-Aquitaine, France.",Beach spots|Natural spots,Beach,Nature & Recreation,Drivable,44.8428,-0.5742,,648,No,Spring; Summer; Autumn,images/FR-000648,,,
FR-000649,Viewpoint Toulouse 047,France,FR,Occitanie,31,Toulouse,"Viewpoint location in Toulouse, Occitanie, France.",Adventure spots|Natural spots,Viewpoint,Scenic Attraction,Drivable,43.6117,1.4512,,649,No,Spring; Summer; Autumn,images/FR-000649,,,
FR-000650,Market Lille 047,France,FR,Hauts-de-France,59,Lille,"Market location in Lille, Hauts-de-France, France.",Cultural spots,Market,Local Attraction,Drivable,50.6382,3.0663,,650,No,Spring; Summer; Autumn,images/FR-000650,,,
FR-000651,Art Gallery Strasbourg 047,France,FR,Grand Est,67,Strasbourg,"Art Gallery location in Strasbourg, Grand Est, France.",Cultural spots,Art Gallery,Cultural Attraction,Drivable,48.5644,7.7431,,651,No,Spring; Summer; Autumn,images/FR-000651,,,
FR-000652,Theatre Nantes 047,France,FR,Pays de la Loire,44,Nantes,"Theatre location in Nantes, Pays de la Loire, France.",Historical spots,Theatre,Performing Arts,Drivable,47.2114,-1.5606,,652,No,Spring; Summer; Autumn,images/FR-000652,,,
FR-000653,Church Rennes 047,France,FR,Bretagne,35,Rennes,"Church location in Rennes, Bretagne, France.",Religious/spiritual spots,Church,Religious Site,Drivable,48.1123,-1.6828,,653,No,Spring; Summer; Autumn,images/FR-000653,,,
FR-000654,Abbey Rouen 047,France,FR,Normandie,76,Rouen,"Abbey location in Rouen, Normandie, France.",Religious/spiritual spots,Abbey,Religious Site,Drivable,49.4402,1.0963,,654,No,Spring; Summer; Autumn,images/FR-000654,,,
FR-000655,Fortress Dijon 047,France,FR,Bourgogne-Franche-Comté,21,Dijon,"Fortress location in Dijon, Bourgogne-Franche-Comté, France.",Historical spots,Fortress,Historic Landmark,Drivable,47.321,5.0405,,655,No,Spring; Summer; Autumn,images/FR-000655,,,
FR-000656,Archaeological Site Tours 047,France,FR,Centre-Val de Loire,37,Tours,"Archaeological Site location in Tours, Centre-Val de Loire, France.",Historical spots,Archaeological Site,Historic Site,Drivable,47.3951,0.6858,,656,No,Spring; Summer; Autumn,images/FR-000656,,,
FR-000657,Zoo Ajaccio 047,France,FR,Corse,2A,Ajaccio,"Zoo location in Ajaccio, Corse, France.",Wildlife spots,Zoo,Family Attraction,Drivable,41.9222,8.7416,,657,No,Spring; Summer; Autumn,images/FR-000657,,,
FR-000658,Aquarium Saint-Denis 047,France,FR,La Réunion,974,Saint-Denis,"Aquarium location in Saint-Denis, La Réunion, France.",Wildlife spots,Aquarium,Family Attraction,Drivable,-20.8739,55.4531,,658,No,Spring; Summer; Autumn,images/FR-000658,,,
FR-000659,Botanical Garden Paris 048,France,FR,Île-de-France,75,Paris,"Botanical Garden location in Paris, Île-de-France, France.",Cultural spots|Natural spots,Botanical Garden,Nature & Recreation,Drivable,48.8636,2.3592,,659,No,Spring; Summer; Autumn,images/FR-000659,,,
FR-000660,Marina Lyon 048,France,FR,Auvergne-Rhône-Alpes,69,Lyon,"Marina location in Lyon, Auvergne-Rhône-Alpes, France.",Beach spots|Cultural spots,Marina,Leisure,Drivable,45.773,4.8447,,660,No,Spring; Summer; Autumn,images/FR-000660,,,
FR-000661,Historic Site Marseille 048,France,FR,Provence-Alpes-Côte d'Azur,13,Marseille,"Historic Site location in Marseille, Provence-Alpes-Côte d'Azur, France.",Historical spots,Historic Site,Landmark,Drivable,43.2875,5.3608,,661,No,Spring; Summer; Autumn,images/FR-000661,,,
FR-000662,Museum Bordeaux 048,France,FR,Nouvelle-Aquitaine,33,Bordeaux,"Museum location in Bordeaux, Nouvelle-Aquitaine, France.",Historical spots|Cultural spots,Museum,Cultural Attraction,Drivable,44.8308,-0.5862,,662,No,Spring; Summer; Autumn,images/FR-000662,,,
FR-000663,Castle Toulouse 048,France,FR,Occitanie,31,Toulouse,"Castle location in Toulouse, Occitanie, France.",Historical spots,Castle,Historic Landmark,Drivable,43.5997,1.4392,,663,No,Spring; Summer; Autumn,images/FR-000663,,,
FR-000664,Cathedral Lille 048,France,FR,Hauts-de-France,59,Lille,"Cathedral location in Lille, Hauts-de-France, France.",Religious/spiritual spots,Cathedral,Religious Site,Drivable,50.6262,3.0543,,664,No,Spring; Summer; Autumn,images/FR-000664,,,
FR-000665,Park Strasbourg 048,France,FR,Grand Est,67,Strasbourg,"Park location in Strasbourg, Grand Est, France.",Natural spots,Park,Nature & Recreation,Drivable,48.5724,7.7511,,665,No,Spring; Summer; Autumn,images/FR-000665,,,
FR-000666,Garden Nantes 048,France,FR,Pays de la Loire,44,Nantes,"Garden location in Nantes, Pays de la Loire, France.",Cultural spots|Natural spots,Garden,Nature & Recreation,Drivable,47.2194,-1.5526,,666,No,Spring; Summer; Autumn,images/FR-000666,,,
FR-000667,Monument Rennes 048,France,FR,Bretagne,35,Rennes,"Monument location in Rennes, Bretagne, France.",Historical spots,Monument,Landmark,Drivable,48.1203,-1.6748,,667,No,Spring; Summer; Autumn,images/FR-000667,,,
FR-000668,Beach Rouen 048,France,FR,Normandie,76,Rouen,"Beach location in Rouen, Normandie, France.",Beach spots|Natural spots,Beach,Nature & Recreation,Drivable,49.4482,1.1043,,668,No,Spring; Summer; Autumn,images/FR-000668,,,
FR-000669,Viewpoint Dijon 048,France,FR,Bourgogne-Franche-Comté,21,Dijon,"Viewpoint location in Dijon, Bourgogne-Franche-Comté, France.",Adventure spots|Natural spots,Viewpoint,Scenic Attraction,Drivable,47.329,5.0485,,669,No,Spring; Summer; Autumn,images/FR-000669,,,
FR-000670,Market Tours 048,France,FR,Centre-Val de Loire,37,Tours,"Market location in Tours, Centre-Val de Loire, France.",Cultural spots,Market,Local Attraction,Drivable,47.4031,0.6938,,670,No,Spring; Summer; Autumn,images/FR-000670,,,
FR-000671,Art Gallery Ajaccio 048,France,FR,Corse,2A,Ajaccio,"Art Gallery location in Ajaccio, Corse, France.",Cultural spots,Art Gallery,Cultural Attraction,Drivable,41.9102,8.7296,,671,No,Spring; Summer; Autumn,images/FR-000671,,,
FR-000672,Theatre Saint-Denis 048,France,FR,La Réunion,974,Saint-Denis,"Theatre location in Saint-Denis, La Réunion, France.",Historical spots,Theatre,Performing Arts,Drivable,-20.8859,55.4411,,672,No,Spring; Summer; Autumn,images/FR-000672,,,
FR-000673,Church Paris 049,France,FR,Île-de-France,75,Paris,"Church location in Paris, Île-de-France, France.",Religious/spiritual spots,Church,Religious Site,Drivable,48.8516,2.3472,,673,No,Spring; Summer; Autumn,images/FR-000673,,,
FR-000674,Abbey Lyon 049,France,FR,Auvergne-Rhône-Alpes,69,Lyon,"Abbey location in Lyon, Auvergne-Rhône-Alpes, France.",Religious/spiritual spots,Abbey,Religious Site,Drivable,45.761,4.8327,,674,No,Spring; Summer; Autumn,images/FR-000674,,,
FR-000675,Fortress Marseille 049,France,FR,Provence-Alpes-Côte d'Azur,13,Marseille,"Fortress location in Marseille, Provence-Alpes-Côte d'Azur, France.",Historical spots,Fortress,Historic Landmark,Drivable,43.2955,5.3688,,675,No,Spring; Summer; Autumn,images/FR-000675,,,
FR-000676,Archaeological Site Bordeaux 049,France,FR,Nouvelle-Aquitaine,33,Bordeaux,"Archaeological Site location in Bordeaux, Nouvelle-Aquitaine, France.",Historical spots,Archaeological Site,Historic Site,Drivable,44.8388,-0.5782,,676,No,Spring; Summer; Autumn,images/FR-000676,,,
FR-000677,Zoo Toulouse 049,France,FR,Occitanie,31,Toulouse,"Zoo location in Toulouse, Occitanie, France.",Wildlife spots,Zoo,Family Attraction,Drivable,43.6077,1.4472,,677,No,Spring; Summer; Autumn,images/FR-000677,,,
FR-000678,Aquarium Lille 049,France,FR,Hauts-de-France,59,Lille,"Aquarium location in Lille, Hauts-de-France, France.",Wildlife spots,Aquarium,Family Attraction,Drivable,50.6342,3.0623,,678,No,Spring; Summer; Autumn,images/FR-000678,,,
FR-000679,Botanical Garden Strasbourg 049,France,FR,Grand Est,67,Strasbourg,"Botanical Garden location in Strasbourg, Grand Est, France.",Cultural spots|Natural spots,Botanical Garden,Nature & Recreation,Drivable,48.5804,7.7591,,679,No,Spring; Summer; Autumn,images/FR-000679,,,
FR-000680,Marina Nantes 049,France,FR,Pays de la Loire,44,Nantes,"Marina location in Nantes, Pays de la Loire, France.",Beach spots|Cultural spots,Marina,Leisure,Drivable,47.2274,-1.5446,,680,No,Spring; Summer; Autumn,images/FR-000680,,,
FR-000681,Historic Site Rennes 049,France,FR,Bretagne,35,Rennes,"Historic Site location in Rennes, Bretagne, France.",Historical spots,Historic Site,Landmark,Drivable,48.1083,-1.6868,,681,No,Spring; Summer; Autumn,images/FR-000681,,,
FR-000682,Museum Rouen 049,France,FR,Normandie,76,Rouen,"Museum location in Rouen, Normandie, France.",Historical spots|Cultural spots,Museum,Cultural Attraction,Drivable,49.4362,1.0923,,682,No,Spring; Summer; Autumn,images/FR-000682,,,
FR-000683,Castle Dijon 049,France,FR,Bourgogne-Franche-Comté,21,Dijon,"Castle location in Dijon, Bourgogne-Franche-Comté, France.",Historical spots,Castle,Historic Landmark,Drivable,47.317,5.0365,,683,No,Spring; Summer; Autumn,images/FR-000683,,,
FR-000684,Cathedral Tours 049,France,FR,Centre-Val de Loire,37,Tours,"Cathedral location in Tours, Centre-Val de Loire, France.",Religious/spiritual spots,Cathedral,Religious Site,Drivable,47.3911,0.6818,,684,No,Spring; Summer; Autumn,images/FR-000684,,,
FR-000685,Park Ajaccio 049,France,FR,Corse,2A,Ajaccio,"Park location in Ajaccio, Corse, France.",Natural spots,Park,Nature & Recreation,Drivable,41.9182,8.7376,,685,No,Spring; Summer; Autumn,images/FR-000685,,,
FR-000686,Garden Saint-Denis 049,France,FR,La Réunion,974,Saint-Denis,"Garden location in Saint-Denis, La Réunion, France.",Cultural spots|Natural spots,Garden,Nature & Recreation,Drivable,-20.8779,55.4491,,686,No,Spring; Summer; Autumn,images/FR-000686,,,
FR-000687,Monument Paris 050,France,FR,Île-de-France,75,Paris,"Monument location in Paris, Île-de-France, France.",Historical spots,Monument,Landmark,Drivable,48.8596,2.3552,,687,No,Spring; Summer; Autumn,images/FR-000687,,,
FR-000688,Beach Lyon 050,France,FR,Auvergne-Rhône-Alpes,69,Lyon,"Beach location in Lyon, Auvergne-Rhône-Alpes, France.",Beach spots|Natural spots,Beach,Nature & Recreation,Drivable,45.769,4.8407,,688,No,Spring; Summer; Autumn,images/FR-000688,,,
FR-000689,Viewpoint Marseille 050,France,FR,Provence-Alpes-Côte d'Azur,13,Marseille,"Viewpoint location in Marseille, Provence-Alpes-Côte d'Azur, France.",Adventure spots|Natural spots,Viewpoint,Scenic Attraction,Drivable,43.3035,5.3768,,689,No,Spring; Summer; Autumn,images/FR-000689,,,
FR-000690,Market Bordeaux 050,France,FR,Nouvelle-Aquitaine,33,Bordeaux,"Market location in Bordeaux, Nouvelle-Aquitaine, France.",Cultural spots,Market,Local Attraction,Drivable,44.8468,-0.5702,,690,No,Spring; Summer; Autumn,images/FR-000690,,,
FR-000691,Art Gallery Toulouse 050,France,FR,Occitanie,31,Toulouse,"Art Gallery location in Toulouse, Occitanie, France.",Cultural spots,Art Gallery,Cultural Attraction,Drivable,43.5957,1.4352,,691,No,Spring; Summer; Autumn,images/FR-000691,,,
FR-000692,Theatre Lille 050,France,FR,Hauts-de-France,59,Lille,"Theatre location in Lille, Hauts-de-France, France.",Historical spots,Theatre,Performing Arts,Drivable,50.6222,3.0503,,692,No,Spring; Summer; Autumn,images/FR-000692,,,
FR-000693,Church Strasbourg 050,France,FR,Grand Est,67,Strasbourg,"Church location in Strasbourg, Grand Est, France.",Religious/spiritual spots,Church,Religious Site,Drivable,48.5684,7.7471,,693,No,Spring; Summer; Autumn,images/FR-000693,,,
FR-000694,Abbey Nantes 050,France,FR,Pays de la Loire,44,Nantes,"Abbey location in Nantes, Pays de la Loire, France.",Religious/spiritual spots,Abbey,Religious Site,Drivable,47.2154,-1.5566,,694,No,Spring; Summer; Autumn,images/FR-000694,,,
FR-000695,Fortress Rennes 050,France,FR,Bretagne,35,Rennes,"Fortress location in Rennes, Bretagne, France.",Historical spots,Fortress,Historic Landmark,Drivable,48.1163,-1.6788,,695,No,Spring; Summer; Autumn,images/FR-000695,,,
FR-000696,Archaeological Site Rouen 050,France,FR,Normandie,76,Rouen,"Archaeological Site location in Rouen, Normandie, France.",Historical spots,Archaeological Site,Historic Site,Drivable,49.4442,1.1003,,696,No,Spring; Summer; Autumn,images/FR-000696,,,
FR-000697,Zoo Dijon 050,France,FR,Bourgogne-Franche-Comté,21,Dijon,"Zoo location in Dijon, Bourgogne-Franche-Comté, France.",Wildlife spots,Zoo,Family Attraction,Drivable,47.325,5.0445,,697,No,Spring; Summer; Autumn,images/FR-000697,,,
FR-000698,Aquarium Tours 050,France,FR,Centre-Val de Loire,37,Tours,"Aquarium location in Tours, Centre-Val de Loire, France.",Wildlife spots,Aquarium,Family Attraction,Drivable,47.3991,0.6898,,698,No,Spring; Summer; Autumn,images/FR-000698,,,
FR-000699,Botanical Garden Ajaccio 050,France,FR,Corse,2A,Ajaccio,"Botanical Garden location in Ajaccio, Corse, France.",Cultural spots|Natural spots,Botanical Garden,Nature & Recreation,Drivable,41.9262,8.7456,,699,No,Spring; Summer; Autumn,images/FR-000699,,,
FR-000700,Marina Saint-Denis 050,France,FR,La Réunion,974,Saint-Denis,"Marina location in Saint-Denis, La Réunion, France.",Beach spots|Cultural spots,Marina,Leisure,Drivable,-20.8699,55.4571,,700,No,Spring; Summer; Autumn,images/FR-000700,,,
FR-000701,Historic Site Paris 051,France,FR,Île-de-France,75,Paris,"Historic Site location in Paris, Île-de-France, France.",Historical spots,Historic Site,Landmark,Drivable,48.8476,2.3432,,701,No,Spring; Summer; Autumn,images/FR-000701,,,
FR-000702,Museum Lyon 051,France,FR,Auvergne-Rhône-Alpes,69,Lyon,"Museum location in Lyon, Auvergne-Rhône-Alpes, France.",Historical spots|Cultural spots,Museum,Cultural Attraction,Drivable,45.757,4.8287,,702,No,Spring; Summer; Autumn,images/FR-000702,,,
FR-000703,Castle Marseille 051,France,FR,Provence-Alpes-Côte d'Azur,13,Marseille,"Castle location in Marseille, Provence-Alpes-Côte d'Azur, France.",Historical spots,Castle,Historic Landmark,Drivable,43.2915,5.3648,,703,No,Spring; Summer; Autumn,images/FR-000703,,,
FR-000704,Cathedral Bordeaux 051,France,FR,Nouvelle-Aquitaine,33,Bordeaux,"Cathedral location in Bordeaux, Nouvelle-Aquitaine, France.",Religious/spiritual spots,Cathedral,Religious Site,Drivable,44.8348,-0.5822,,704,No,Spring; Summer; Autumn,images/FR-000704,,,
FR-000705,Park Toulouse 051,France,FR,Occitanie,31,Toulouse,"Park location in Toulouse, Occitanie, France.",Natural spots,Park,Nature & Recreation,Drivable,43.6037,1.4432,,705,No,Spring; Summer; Autumn,images/FR-000705,,,
FR-000706,Garden Lille 051,France,FR,Hauts-de-France,59,Lille,"Garden location in Lille, Hauts-de-France, France.",Cultural spots|Natural spots,Garden,Nature & Recreation,Drivable,50.6302,3.0583,,706,No,Spring; Summer; Autumn,images/FR-000706,,,
FR-000707,Monument Strasbourg 051,France,FR,Grand Est,67,Strasbourg,"Monument location in Strasbourg, Grand Est, France.",Historical spots,Monument,Landmark,Drivable,48.5764,7.7551,,707,No,Spring; Summer; Autumn,images/FR-000707,,,
FR-000708,Beach Nantes 051,France,FR,Pays de la Loire,44,Nantes,"Beach location in Nantes, Pays de la Loire, France.",Beach spots|Natural spots,Beach,Nature & Recreation,Drivable,47.2234,-1.5486,,708,No,Spring; Summer; Autumn,images/FR-000708,,,
FR-000709,Viewpoint Rennes 051,France,FR,Bretagne,35,Rennes,"Viewpoint location in Rennes, Bretagne, France.",Adventure spots|Natural spots,Viewpoint,Scenic Attraction,Drivable,48.1243,-1.6708,,709,No,Spring; Summer; Autumn,images/FR-000709,,,
FR-000710,Market Rouen 051,France,FR,Normandie,76,Rouen,"Market location in Rouen, Normandie, France.",Cultural spots,Market,Local Attraction,Drivable,49.4522,1.1083,,710,No,Spring; Summer; Autumn,images/FR-000710,,,
FR-000711,Art Gallery Dijon 051,France,FR,Bourgogne-Franche-Comté,21,Dijon,"Art Gallery location in Dijon, Bourgogne-Franche-Comté, France.",Cultural spots,Art Gallery,Cultural Attraction,Drivable,47.313,5.0325,,711,No,Spring; Summer; Autumn,images/FR-000711,,,
FR-000712,Theatre Tours 051,France,FR,Centre-Val de Loire,37,Tours,"Theatre location in Tours, Centre-Val de Loire, France.",Historical spots,Theatre,Performing Arts,Drivable,47.3871,0.6778,,712,No,Spring; Summer; Autumn,images/FR-000712,,,
FR-000713,Church Ajaccio 051,France,FR,Corse,2A,Ajaccio,"Church location in Ajaccio, Corse, France.",Religious/spiritual spots,Church,Religious Site,Drivable,41.9142,8.7336,,713,No,Spring; Summer; Autumn,images/FR-000713,,,
FR-000714,Abbey Saint-Denis 051,France,FR,La Réunion,974,Saint-Denis,"Abbey location in Saint-Denis, La Réunion, France.",Religious/spiritual spots,Abbey,Religious Site,Drivable,-20.8819,55.4451,,714,No,Spring; Summer; Autumn,images/FR-000714,,,
FR-000715,Fortress Paris 052,France,FR,Île-de-France,75,Paris,"Fortress location in Paris, Île-de-France, France.",Historical spots,Fortress,Historic Landmark,Drivable,48.8556,2.3512,,715,No,Spring; Summer; Autumn,images/FR-000715,,,
FR-000716,Archaeological Site Lyon 052,France,FR,Auvergne-Rhône-Alpes,69,Lyon,"Archaeological Site location in Lyon, Auvergne-Rhône-Alpes, France.",Historical spots,Archaeological Site,Historic Site,Drivable,45.765,4.8367,,716,No,Spring; Summer; Autumn,images/FR-000716,,,
FR-000717,Zoo Marseille 052,France,FR,Provence-Alpes-Côte d'Azur,13,Marseille,"Zoo location in Marseille, Provence-Alpes-Côte d'Azur, France.",Wildlife spots,Zoo,Family Attraction,Drivable,43.2995,5.3728,,717,No,Spring; Summer; Autumn,images/FR-000717,,,
FR-000718,Aquarium Bordeaux 052,France,FR,Nouvelle-Aquitaine,33,Bordeaux,"Aquarium location in Bordeaux, Nouvelle-Aquitaine, France.",Wildlife spots,Aquarium,Family Attraction,Drivable,44.8428,-0.5742,,718,No,Spring; Summer; Autumn,images/FR-000718,,,
FR-000719,Botanical Garden Toulouse 052,France,FR,Occitanie,31,Toulouse,"Botanical Garden location in Toulouse, Occitanie, France.",Cultural spots|Natural spots,Botanical Garden,Nature & Recreation,Drivable,43.6117,1.4512,,719,No,Spring; Summer; Autumn,images/FR-000719,,,
FR-000720,Marina Lille 052,France,FR,Hauts-de-France,59,Lille,"Marina location in Lille, Hauts-de-France, France.",Beach spots|Cultural spots,Marina,Leisure,Drivable,50.6382,3.0663,,720,No,Spring; Summer; Autumn,images/FR-000720,,,
FR-000721,Historic Site Strasbourg 052,France,FR,Grand Est,67,Strasbourg,"Historic Site location in Strasbourg, Grand Est, France.",Historical spots,Historic Site,Landmark,Drivable,48.5644,7.7431,,721,No,Spring; Summer; Autumn,images/FR-000721,,,
FR-000722,Museum Nantes 052,France,FR,Pays de la Loire,44,Nantes,"Museum location in Nantes, Pays de la Loire, France.",Historical spots|Cultural spots,Museum,Cultural Attraction,Drivable,47.2114,-1.5606,,722,No,Spring; Summer; Autumn,images/FR-000722,,,
FR-000723,Castle Rennes 052,France,FR,Bretagne,35,Rennes,"Castle location in Rennes, Bretagne, France.",Historical spots,Castle,Historic Landmark,Drivable,48.1123,-1.6828,,723,No,Spring; Summer; Autumn,images/FR-000723,,,
FR-000724,Cathedral Rouen 052,France,FR,Normandie,76,Rouen,"Cathedral location in Rouen, Normandie, France.",Religious/spiritual spots,Cathedral,Religious Site,Drivable,49.4402,1.0963,,724,No,Spring; Summer; Autumn,images/FR-000724,,,
FR-000725,Park Dijon 052,France,FR,Bourgogne-Franche-Comté,21,Dijon,"Park location in Dijon, Bourgogne-Franche-Comté, France.",Natural spots,Park,Nature & Recreation,Drivable,47.321,5.0405,,725,No,Spring; Summer; Autumn,images/FR-000725,,,
FR-000726,Garden Tours 052,France,FR,Centre-Val de Loire,37,Tours,"Garden location in Tours, Centre-Val de Loire, France.",Cultural spots|Natural spots,Garden,Nature & Recreation,Drivable,47.3951,0.6858,,726,No,Spring; Summer; Autumn,images/FR-000726,,,
FR-000727,Monument Ajaccio 052,France,FR,Corse,2A,Ajaccio,"Monument location in Ajaccio, Corse, France.",Historical spots,Monument,Landmark,Drivable,41.9222,8.7416,,727,No,Spring; Summer; Autumn,images/FR-000727,,,
FR-000728,Beach Saint-Denis 052,France,FR,La Réunion,974,Saint-Denis,"Beach location in Saint-Denis, La Réunion, France.",Beach spots|Natural spots,Beach,Nature & Recreation,Drivable,-20.8739,55.4531,,728,No,Spring; Summer; Autumn,images/FR-000728,,,
FR-000729,Viewpoint Paris 053,France,FR,Île-de-France,75,Paris,"Viewpoint location in Paris, Île-de-France, France.",Adventure spots|Natural spots,Viewpoint,Scenic Attraction,Drivable,48.8636,2.3592,,729,No,Spring; Summer; Autumn,images/FR-000729,,,
FR-000730,Market Lyon 053,France,FR,Auvergne-Rhône-Alpes,69,Lyon,"Market location in Lyon, Auvergne-Rhône-Alpes, France.",Cultural spots,Market,Local Attraction,Drivable,45.773,4.8447,,730,No,Spring; Summer; Autumn,images/FR-000730,,,
FR-000731,Art Gallery Marseille 053,France,FR,Provence-Alpes-Côte d'Azur,13,Marseille,"Art Gallery location in Marseille, Provence-Alpes-Côte d'Azur, France.",Cultural spots,Art Gallery,Cultural Attraction,Drivable,43.2875,5.3608,,731,No,Spring; Summer; Autumn,images/FR-000731,,,
FR-000732,Theatre Bordeaux 053,France,FR,Nouvelle-Aquitaine,33,Bordeaux,"Theatre location in Bordeaux, Nouvelle-Aquitaine, France.",Historical spots,Theatre,Performing Arts,Drivable,44.8308,-0.5862,,732,No,Spring; Summer; Autumn,images/FR-000732,,,
FR-000733,Church Toulouse 053,France,FR,Occitanie,31,Toulouse,"Church location in Toulouse, Occitanie, France.",Religious/spiritual spots,Church,Religious Site,Drivable,43.5997,1.4392,,733,No,Spring; Summer; Autumn,images/FR-000733,,,
FR-000734,Abbey Lille 053,France,FR,Hauts-de-France,59,Lille,"Abbey location in Lille, Hauts-de-France, France.",Religious/spiritual spots,Abbey,Religious Site,Drivable,50.6262,3.0543,,734,No,Spring; Summer; Autumn,images/FR-000734,,,
FR-000735,Fortress Strasbourg 053,France,FR,Grand Est,67,Strasbourg,"Fortress location in Strasbourg, Grand Est, France.",Historical spots,Fortress,Historic Landmark,Drivable,48.5724,7.7511,,735,No,Spring; Summer; Autumn,images/FR-000735,,,
FR-000736,Archaeological Site Nantes 053,France,FR,Pays de la Loire,44,Nantes,"Archaeological Site location in Nantes, Pays de la Loire, France.",Historical spots,Archaeological Site,Historic Site,Drivable,47.2194,-1.5526,,736,No,Spring; Summer; Autumn,images/FR-000736,,,
FR-000737,Zoo Rennes 053,France,FR,Bretagne,35,Rennes,"Zoo location in Rennes, Bretagne, France.",Wildlife spots,Zoo,Family Attraction,Drivable,48.1203,-1.6748,,737,No,Spring; Summer; Autumn,images/FR-000737,,,
FR-000738,Aquarium Rouen 053,France,FR,Normandie,76,Rouen,"Aquarium location in Rouen, Normandie, France.",Wildlife spots,Aquarium,Family Attraction,Drivable,49.4482,1.1043,,738,No,Spring; Summer; Autumn,images/FR-000738,,,
FR-000739,Botanical Garden Dijon 053,France,FR,Bourgogne-Franche-Comté,21,Dijon,"Botanical Garden location in Dijon, Bourgogne-Franche-Comté, France.",Cultural spots|Natural spots,Botanical Garden,Nature & Recreation,Drivable,47.329,5.0485,,739,No,Spring; Summer; Autumn,images/FR-000739,,,
FR-000740,Marina Tours 053,France,FR,Centre-Val de Loire,37,Tours,"Marina location in Tours, Centre-Val de Loire, France.",Beach spots|Cultural spots,Marina,Leisure,Drivable,47.4031,0.6938,,740,No,Spring; Summer; Autumn,images/FR-000740,,,
FR-000741,Historic Site Ajaccio 053,France,FR,Corse,2A,Ajaccio,"Historic Site location in Ajaccio, Corse, France.",Historical spots,Historic Site,Landmark,Drivable,41.9102,8.7296,,741,No,Spring; Summer; Autumn,images/FR-000741,,,
FR-000742,Museum Saint-Denis 053,France,FR,La Réunion,974,Saint-Denis,"Museum location in Saint-Denis, La Réunion, France.",Historical spots|Cultural spots,Museum,Cultural Attraction,Drivable,-20.8859,55.4411,,742,No,Spring; Summer; Autumn,images/FR-000742,,,
FR-000743,Castle Paris 054,France,FR,Île-de-France,75,Paris,"Castle location in Paris, Île-de-France, France.",Historical spots,Castle,Historic Landmark,Drivable,48.8516,2.3472,,743,No,Spring; Summer; Autumn,images/FR-000743,,,
FR-000744,Cathedral Lyon 054,France,FR,Auvergne-Rhône-Alpes,69,Lyon,"Cathedral location in Lyon, Auvergne-Rhône-Alpes, France.",Religious/spiritual spots,Cathedral,Religious Site,Drivable,45.761,4.8327,,744,No,Spring; Summer; Autumn,images/FR-000744,,,
FR-000745,Park Marseille 054,France,FR,Provence-Alpes-Côte d'Azur,13,Marseille,"Park location in Marseille, Provence-Alpes-Côte d'Azur, France.",Natural spots,Park,Nature & Recreation,Drivable,43.2955,5.3688,,745,No,Spring; Summer; Autumn,images/FR-000745,,,
FR-000746,Garden Bordeaux 054,France,FR,Nouvelle-Aquitaine,33,Bordeaux,"Garden location in Bordeaux, Nouvelle-Aquitaine, France.",Cultural spots|Natural spots,Garden,Nature & Recreation,Drivable,44.8388,-0.5782,,746,No,Spring; Summer; Autumn,images/FR-000746,,,
FR-000747,Monument Toulouse 054,France,FR,Occitanie,31,Toulouse,"Monument location in Toulouse, Occitanie, France.",Historical spots,Monument,Landmark,Drivable,43.6077,1.4472,,747,No,Spring; Summer; Autumn,images/FR-000747,,,
FR-000748,Beach Lille 054,France,FR,Hauts-de-France,59,Lille,"Beach location in Lille, Hauts-de-France, France.",Beach spots|Natural spots,Beach,Nature & Recreation,Drivable,50.6342,3.0623,,748,No,Spring; Summer; Autumn,images/FR-000748,,,
FR-000749,Viewpoint Strasbourg 054,France,FR,Grand Est,67,Strasbourg,"Viewpoint location in Strasbourg, Grand Est, France.",Adventure spots|Natural spots,Viewpoint,Scenic Attraction,Drivable,48.5804,7.7591,,749,No,Spring; Summer; Autumn,images/FR-000749,,,
FR-000750,Market Nantes 054,France,FR,Pays de la Loire,44,Nantes,"Market location in Nantes, Pays de la Loire, France.",Cultural spots,Market,Local Attraction,Drivable,47.2274,-1.5446,,750,No,Spring; Summer; Autumn,images/FR-000750,,,
FR-000751,Art Gallery Rennes 054,France,FR,Bretagne,35,Rennes,"Art Gallery location in Rennes, Bretagne, France.",Cultural spots,Art Gallery,Cultural Attraction,Drivable,48.1083,-1.6868,,751,No,Spring; Summer; Autumn,images/FR-000751,,,
FR-000752,Theatre Rouen 054,France,FR,Normandie,76,Rouen,"Theatre location in Rouen, Normandie, France.",Historical spots,Theatre,Performing Arts,Drivable,49.4362,1.0923,,752,No,Spring; Summer; Autumn,images/FR-000752,,,
FR-000753,Church Dijon 054,France,FR,Bourgogne-Franche-Comté,21,Dijon,"Church location in Dijon, Bourgogne-Franche-Comté, France.",Religious/spiritual spots,Church,Religious Site,Drivable,47.317,5.0365,,753,No,Spring; Summer; Autumn,images/FR-000753,,,
FR-000754,Abbey Tours 054,France,FR,Centre-Val de Loire,37,Tours,"Abbey location in Tours, Centre-Val de Loire, France.",Religious/spiritual spots,Abbey,Religious Site,Drivable,47.3911,0.6818,,754,No,Spring; Summer; Autumn,images/FR-000754,,,
FR-000755,Fortress Ajaccio 054,France,FR,Corse,2A,Ajaccio,"Fortress location in Ajaccio, Corse, France.",Historical spots,Fortress,Historic Landmark,Drivable,41.9182,8.7376,,755,No,Spring; Summer; Autumn,images/FR-000755,,,
FR-000756,Archaeological Site Saint-Denis 054,France,FR,La Réunion,974,Saint-Denis,"Archaeological Site location in Saint-Denis, La Réunion, France.",Historical spots,Archaeological Site,Historic Site,Drivable,-20.8779,55.4491,,756,No,Spring; Summer; Autumn,images/FR-000756,,,
FR-000757,Zoo Paris 055,France,FR,Île-de-France,75,Paris,"Zoo location in Paris, Île-de-France, France.",Wildlife spots,Zoo,Family Attraction,Drivable,48.8596,2.3552,,757,No,Spring; Summer; Autumn,images/FR-000757,,,
FR-000758,Aquarium Lyon 055,France,FR,Auvergne-Rhône-Alpes,69,Lyon,"Aquarium location in Lyon, Auvergne-Rhône-Alpes, France.",Wildlife spots,Aquarium,Family Attraction,Drivable,45.769,4.8407,,758,No,Spring; Summer; Autumn,images/FR-000758,,,
FR-000759,Botanical Garden Marseille 055,France,FR,Provence-Alpes-Côte d'Azur,13,Marseille,"Botanical Garden location in Marseille, Provence-Alpes-Côte d'Azur, France.",Cultural spots|Natural spots,Botanical Garden,Nature & Recreation,Drivable,43.3035,5.3768,,759,No,Spring; Summer; Autumn,images/FR-000759,,,
FR-000760,Marina Bordeaux 055,France,FR,Nouvelle-Aquitaine,33,Bordeaux,"Marina location in Bordeaux, Nouvelle-Aquitaine, France.",Beach spots|Cultural spots,Marina,Leisure,Drivable,44.8468,-0.5702,,760,No,Spring; Summer; Autumn,images/FR-000760,,,
FR-000761,Historic Site Toulouse 055,France,FR,Occitanie,31,Toulouse,"Historic Site location in Toulouse, Occitanie, France.",Historical spots,Historic Site,Landmark,Drivable,43.5957,1.4352,,761,No,Spring; Summer; Autumn,images/FR-000761,,,
FR-000762,Museum Lille 055,France,FR,Hauts-de-France,59,Lille,"Museum location in Lille, Hauts-de-France, France.",Historical spots|Cultural spots,Museum,Cultural Attraction,Drivable,50.6222,3.0503,,762,No,Spring; Summer; Autumn,images/FR-000762,,,
FR-000763,Castle Strasbourg 055,France,FR,Grand Est,67,Strasbourg,"Castle location in Strasbourg, Grand Est, France.",Historical spots,Castle,Historic Landmark,Drivable,48.5684,7.7471,,763,No,Spring; Summer; Autumn,images/FR-000763,,,
FR-000764,Cathedral Nantes 055,France,FR,Pays de la Loire,44,Nantes,"Cathedral location in Nantes, Pays de la Loire, France.",Religious/spiritual spots,Cathedral,Religious Site,Drivable,47.2154,-1.5566,,764,No,Spring; Summer; Autumn,images/FR-000764,,,
FR-000765,Park Rennes 055,France,FR,Bretagne,35,Rennes,"Park location in Rennes, Bretagne, France.",Natural spots,Park,Nature & Recreation,Drivable,48.1163,-1.6788,,765,No,Spring; Summer; Autumn,images/FR-000765,,,
FR-000766,Garden Rouen 055,France,FR,Normandie,76,Rouen,"Garden location in Rouen, Normandie, France.",Cultural spots|Natural spots,Garden,Nature & Recreation,Drivable,49.4442,1.1003,,766,No,Spring; Summer; Autumn,images/FR-000766,,,
FR-000767,Monument Dijon 055,France,FR,Bourgogne-Franche-Comté,21,Dijon,"Monument location in Dijon, Bourgogne-Franche-Comté, France.",Historical spots,Monument,Landmark,Drivable,47.325,5.0445,,767,No,Spring; Summer; Autumn,images/FR-000767,,,
FR-000768,Beach Tours 055,France,FR,Centre-Val de Loire,37,Tours,"Beach location in Tours, Centre-Val de Loire, France.",Beach spots|Natural spots,Beach,Nature & Recreation,Drivable,47.3991,0.6898,,768,No,Spring; Summer; Autumn,images/FR-000768,,,
FR-000769,Viewpoint Ajaccio 055,France,FR,Corse,2A,Ajaccio,"Viewpoint location in Ajaccio, Corse, France.",Adventure spots|Natural spots,Viewpoint,Scenic Attraction,Drivable,41.9262,8.7456,,769,No,Spring; Summer; Autumn,images/FR-000769,,,
FR-000770,Market Saint-Denis 055,France,FR,La Réunion,974,Saint-Denis,"Market location in Saint-Denis, La Réunion, France.",Cultural spots,Market,Local Attraction,Drivable,-20.8699,55.4571,,770,No,Spring; Summer; Autumn,images/FR-000770,,,
FR-000771,Art Gallery Paris 056,France,FR,Île-de-France,75,Paris,"Art Gallery location in Paris, Île-de-France, France.",Cultural spots,Art Gallery,Cultural Attraction,Drivable,48.8476,2.3432,,771,No,Spring; Summer; Autumn,images/FR-000771,,,
FR-000772,Theatre Lyon 056,France,FR,Auvergne-Rhône-Alpes,69,Lyon,"Theatre location in Lyon, Auvergne-Rhône-Alpes, France.",Historical spots,Theatre,Performing Arts,Drivable,45.757,4.8287,,772,No,Spring; Summer; Autumn,images/FR-000772,,,
FR-000773,Church Marseille 056,France,FR,Provence-Alpes-Côte d'Azur,13,Marseille,"Church location in Marseille, Provence-Alpes-Côte d'Azur, France.",Religious/spiritual spots,Church,Religious Site,Drivable,43.2915,5.3648,,773,No,Spring; Summer; Autumn,images/FR-000773,,,
FR-000774,Abbey Bordeaux 056,France,FR,Nouvelle-Aquitaine,33,Bordeaux,"Abbey location in Bordeaux, Nouvelle-Aquitaine, France.",Religious/spiritual spots,Abbey,Religious Site,Drivable,44.8348,-0.5822,,774,No,Spring; Summer; Autumn,images/FR-000774,,,
FR-000775,Fortress Toulouse 056,France,FR,Occitanie,31,Toulouse,"Fortress location in Toulouse, Occitanie, France.",Historical spots,Fortress,Historic Landmark,Drivable,43.6037,1.4432,,775,No,Spring; Summer; Autumn,images/FR-000775,,,
FR-000776,Archaeological Site Lille 056,France,FR,Hauts-de-France,59,Lille,"Archaeological Site location in Lille, Hauts-de-France, France.",Historical spots,Archaeological Site,Historic Site,Drivable,50.6302,3.0583,,776,No,Spring; Summer; Autumn,images/FR-000776,,,
FR-000777,Zoo Strasbourg 056,France,FR,Grand Est,67,Strasbourg,"Zoo location in Strasbourg, Grand Est, France.",Wildlife spots,Zoo,Family Attraction,Drivable,48.5764,7.7551,,777,No,Spring; Summer; Autumn,images/FR-000777,,,
FR-000778,Aquarium Nantes 056,France,FR,Pays de la Loire,44,Nantes,"Aquarium location in Nantes, Pays de la Loire, France.",Wildlife spots,Aquarium,Family Attraction,Drivable,47.2234,-1.5486,,778,No,Spring; Summer; Autumn,images/FR-000778,,,
FR-000779,Botanical Garden Rennes 056,France,FR,Bretagne,35,Rennes,"Botanical Garden location in Rennes, Bretagne, France.",Cultural spots|Natural spots,Botanical Garden,Nature & Recreation,Drivable,48.1243,-1.6708,,779,No,Spring; Summer; Autumn,images/FR-000779,,,
FR-000780,Marina Rouen 056,France,FR,Normandie,76,Rouen,"Marina location in Rouen, Normandie, France.",Beach spots|Cultural spots,Marina,Leisure,Drivable,49.4522,1.1083,,780,No,Spring; Summer; Autumn,images/FR-000780,,,
FR-000781,Historic Site Dijon 056,France,FR,Bourgogne-Franche-Comté,21,Dijon,"Historic Site location in Dijon, Bourgogne-Franche-Comté, France.",Historical spots,Historic Site,Landmark,Drivable,47.313,5.0325,,781,No,Spring; Summer; Autumn,images/FR-000781,,,
FR-000782,Museum Tours 056,France,FR,Centre-Val de Loire,37,Tours,"Museum location in Tours, Centre-Val de Loire, France.",Historical spots|Cultural spots,Museum,Cultural Attraction,Drivable,47.3871,0.6778,,782,No,Spring; Summer; Autumn,images/FR-000782,,,
FR-000783,Castle Ajaccio 056,France,FR,Corse,2A,Ajaccio,"Castle location in Ajaccio, Corse, France.",Historical spots,Castle,Historic Landmark,Drivable,41.9142,8.7336,,783,No,Spring; Summer; Autumn,images/FR-000783,,,
FR-000784,Cathedral Saint-Denis 056,France,FR,La Réunion,974,Saint-Denis,"Cathedral location in Saint-Denis, La Réunion, France.",Religious/spiritual spots,Cathedral,Religious Site,Drivable,-20.8819,55.4451,,784,No,Spring; Summer; Autumn,images/FR-000784,,,
FR-000785,Park Paris 057,France,FR,Île-de-France,75,Paris,"Park location in Paris, Île-de-France, France.",Natural spots,Park,Nature & Recreation,Drivable,48.8556,2.3512,,785,No,Spring; Summer; Autumn,images/FR-000785,,,
FR-000786,Garden Lyon 057,France,FR,Auvergne-Rhône-Alpes,69,Lyon,"Garden location in Lyon, Auvergne-Rhône-Alpes, France.",Cultural spots|Natural spots,Garden,Nature & Recreation,Drivable,45.765,4.8367,,786,No,Spring; Summer; Autumn,images/FR-000786,,,
FR-000787,Monument Marseille 057,France,FR,Provence-Alpes-Côte d'Azur,13,Marseille,"Monument location in Marseille, Provence-Alpes-Côte d'Azur, France.",Historical spots,Monument,Landmark,Drivable,43.2995,5.3728,,787,No,Spring; Summer; Autumn,images/FR-000787,,,
FR-000788,Beach Bordeaux 057,France,FR,Nouvelle-Aquitaine,33,Bordeaux,"Beach location in Bordeaux, Nouvelle-Aquitaine, France.",Beach spots|Natural spots,Beach,Nature & Recreation,Drivable,44.8428,-0.5742,,788,No,Spring; Summer; Autumn,images/FR-000788,,,
FR-000789,Viewpoint Toulouse 057,France,FR,Occitanie,31,Toulouse,"Viewpoint location in Toulouse, Occitanie, France.",Adventure spots|Natural spots,Viewpoint,Scenic Attraction,Drivable,43.6117,1.4512,,789,No,Spring; Summer; Autumn,images/FR-000789,,,
FR-000790,Market Lille 057,France,FR,Hauts-de-France,59,Lille,"Market location in Lille, Hauts-de-France, France.",Cultural spots,Market,Local Attraction,Drivable,50.6382,3.0663,,790,No,Spring; Summer; Autumn,images/FR-000790,,,
FR-000791,Art Gallery Strasbourg 057,France,FR,Grand Est,67,Strasbourg,"Art Gallery location in Strasbourg, Grand Est, France.",Cultural spots,Art Gallery,Cultural Attraction,Drivable,48.5644,7.7431,,791,No,Spring; Summer; Autumn,images/FR-000791,,,
FR-000792,Theatre Nantes 057,France,FR,Pays de la Loire,44,Nantes,"Theatre location in Nantes, Pays de la Loire, France.",Historical spots,Theatre,Performing Arts,Drivable,47.2114,-1.5606,,792,No,Spring; Summer; Autumn,images/FR-000792,,,
FR-000793,Church Rennes 057,France,FR,Bretagne,35,Rennes,"Church location in Rennes, Bretagne, France.",Religious/spiritual spots,Church,Religious Site,Drivable,48.1123,-1.6828,,793,No,Spring; Summer; Autumn,images/FR-000793,,,
FR-000794,Abbey Rouen 057,France,FR,Normandie,76,Rouen,"Abbey location in Rouen, Normandie, France.",Religious/spiritual spots,Abbey,Religious Site,Drivable,49.4402,1.0963,,794,No,Spring; Summer; Autumn,images/FR-000794,,,
FR-000795,Fortress Dijon 057,France,FR,Bourgogne-Franche-Comté,21,Dijon,"Fortress location in Dijon, Bourgogne-Franche-Comté, France.",Historical spots,Fortress,Historic Landmark,Drivable,47.321,5.0405,,795,No,Spring; Summer; Autumn,images/FR-000795,,,
FR-000796,Archaeological Site Tours 057,France,FR,Centre-Val de Loire,37,Tours,"Archaeological Site location in Tours, Centre-Val de Loire, France.",Historical spots,Archaeological Site,Historic Site,Drivable,47.3951,0.6858,,796,No,Spring; Summer; Autumn,images/FR-000796,,,
FR-000797,Zoo Ajaccio 057,France,FR,Corse,2A,Ajaccio,"Zoo location in Ajaccio, Corse, France.",Wildlife spots,Zoo,Family Attraction,Drivable,41.9222,8.7416,,797,No,Spring; Summer; Autumn,images/FR-000797,,,
FR-000798,Aquarium Saint-Denis 057,France,FR,La Réunion,974,Saint-Denis,"Aquarium location in Saint-Denis, La Réunion, France.",Wildlife spots,Aquarium,Family Attraction,Drivable,-20.8739,55.4531,,798,No,Spring; Summer; Autumn,images/FR-000798,,,
FR-000799,Botanical Garden Paris 058,France,FR,Île-de-France,75,Paris,"Botanical Garden location in Paris, Île-de-France, France.",Cultural spots|Natural spots,Botanical Garden,Nature & Recreation,Drivable,48.8636,2.3592,,799,No,Spring; Summer; Autumn,images/FR-000799,,,
FR-000800,Marina Lyon 058,France,FR,Auvergne-Rhône-Alpes,69,Lyon,"Marina location in Lyon, Auvergne-Rhône-Alpes, France.",Beach spots|Cultural spots,Marina,Leisure,Drivable,45.773,4.8447,,800,No,Spring; Summer; Autumn,images/FR-000800,,,
FR-000801,Historic Site Marseille 058,France,FR,Provence-Alpes-Côte d'Azur,13,Marseille,"Historic Site location in Marseille, Provence-Alpes-Côte d'Azur, France.",Historical spots,Historic Site,Landmark,Drivable,43.2875,5.3608,,801,No,Spring; Summer; Autumn,images/FR-000801,,,
FR-000802,Museum Bordeaux 058,France,FR,Nouvelle-Aquitaine,33,Bordeaux,"Museum location in Bordeaux, Nouvelle-Aquitaine, France.",Historical spots|Cultural spots,Museum,Cultural Attraction,Drivable,44.8308,-0.5862,,802,No,Spring; Summer; Autumn,images/FR-000802,,,
FR-000803,Castle Toulouse 058,France,FR,Occitanie,31,Toulouse,"Castle location in Toulouse, Occitanie, France.",Historical spots,Castle,Historic Landmark,Drivable,43.5997,1.4392,,803,No,Spring; Summer; Autumn,images/FR-000803,,,
FR-000804,Cathedral Lille 058,France,FR,Hauts-de-France,59,Lille,"Cathedral location in Lille, Hauts-de-France, France.",Religious/spiritual spots,Cathedral,Religious Site,Drivable,50.6262,3.0543,,804,No,Spring; Summer; Autumn,images/FR-000804,,,
FR-000805,Park Strasbourg 058,France,FR,Grand Est,67,Strasbourg,"Park location in Strasbourg, Grand Est, France.",Natural spots,Park,Nature & Recreation,Drivable,48.5724,7.7511,,805,No,Spring; Summer; Autumn,images/FR-000805,,,
FR-000806,Garden Nantes 058,France,FR,Pays de la Loire,44,Nantes,"Garden location in Nantes, Pays de la Loire, France.",Cultural spots|Natural spots,Garden,Nature & Recreation,Drivable,47.2194,-1.5526,,806,No,Spring; Summer; Autumn,images/FR-000806,,,
FR-000807,Monument Rennes 058,France,FR,Bretagne,35,Rennes,"Monument location in Rennes, Bretagne, France.",Historical spots,Monument,Landmark,Drivable,48.1203,-1.6748,,807,No,Spring; Summer; Autumn,images/FR-000807,,,
FR-000808,Beach Rouen 058,France,FR,Normandie,76,Rouen,"Beach location in Rouen, Normandie, France.",Beach spots|Natural spots,Beach,Nature & Recreation,Drivable,49.4482,1.1043,,808,No,Spring; Summer; Autumn,images/FR-000808,,,
FR-000809,Viewpoint Dijon 058,France,FR,Bourgogne-Franche-Comté,21,Dijon,"Viewpoint location in Dijon, Bourgogne-Franche-Comté, France.",Adventure spots|Natural spots,Viewpoint,Scenic Attraction,Drivable,47.329,5.0485,,809,No,Spring; Summer; Autumn,images/FR-000809,,,
FR-000810,Market Tours 058,France,FR,Centre-Val de Loire,37,Tours,"Market location in Tours, Centre-Val de Loire, France.",Cultural spots,Market,Local Attraction,Drivable,47.4031,0.6938,,810,No,Spring; Summer; Autumn,images/FR-000810,,,
FR-000811,Art Gallery Ajaccio 058,France,FR,Corse,2A,Ajaccio,"Art Gallery location in Ajaccio, Corse, France.",Cultural spots,Art Gallery,Cultural Attraction,Drivable,41.9102,8.7296,,811,No,Spring; Summer; Autumn,images/FR-000811,,,
FR-000812,Theatre Saint-Denis 058,France,FR,La Réunion,974,Saint-Denis,"Theatre location in Saint-Denis, La Réunion, France.",Historical spots,Theatre,Performing Arts,Drivable,-20.8859,55.4411,,812,No,Spring; Summer; Autumn,images/FR-000812,,,
FR-000813,Church Paris 059,France,FR,Île-de-France,75,Paris,"Church location in Paris, Île-de-France, France.",Religious/spiritual spots,Church,Religious Site,Drivable,48.8516,2.3472,,813,No,Spring; Summer; Autumn,images/FR-000813,,,
FR-000814,Abbey Lyon 059,France,FR,Auvergne-Rhône-Alpes,69,Lyon,"Abbey location in Lyon, Auvergne-Rhône-Alpes, France.",Religious/spiritual spots,Abbey,Religious Site,Drivable,45.761,4.8327,,814,No,Spring; Summer; Autumn,images/FR-000814,,,
FR-000815,Fortress Marseille 059,France,FR,Provence-Alpes-Côte d'Azur,13,Marseille,"Fortress location in Marseille, Provence-Alpes-Côte d'Azur, France.",Historical spots,Fortress,Historic Landmark,Drivable,43.2955,5.3688,,815,No,Spring; Summer; Autumn,images/FR-000815,,,
FR-000816,Archaeological Site Bordeaux 059,France,FR,Nouvelle-Aquitaine,33,Bordeaux,"Archaeological Site location in Bordeaux, Nouvelle-Aquitaine, France.",Historical spots,Archaeological Site,Historic Site,Drivable,44.8388,-0.5782,,816,No,Spring; Summer; Autumn,images/FR-000816,,,
FR-000817,Zoo Toulouse 059,France,FR,Occitanie,31,Toulouse,"Zoo location in Toulouse, Occitanie, France.",Wildlife spots,Zoo,Family Attraction,Drivable,43.6077,1.4472,,817,No,Spring; Summer; Autumn,images/FR-000817,,,
FR-000818,Aquarium Lille 059,France,FR,Hauts-de-France,59,Lille,"Aquarium location in Lille, Hauts-de-France, France.",Wildlife spots,Aquarium,Family Attraction,Drivable,50.6342,3.0623,,818,No,Spring; Summer; Autumn,images/FR-000818,,,
FR-000819,Botanical Garden Strasbourg 059,France,FR,Grand Est,67,Strasbourg,"Botanical Garden location in Strasbourg, Grand Est, France.",Cultural spots|Natural spots,Botanical Garden,Nature & Recreation,Drivable,48.5804,7.7591,,819,No,Spring; Summer; Autumn,images/FR-000819,,,
FR-000820,Marina Nantes 059,France,FR,Pays de la Loire,44,Nantes,"Marina location in Nantes, Pays de la Loire, France.",Beach spots|Cultural spots,Marina,Leisure,Drivable,47.2274,-1.5446,,820,No,Spring; Summer; Autumn,images/FR-000820,,,
FR-000821,Historic Site Rennes 059,France,FR,Bretagne,35,Rennes,"Historic Site location in Rennes, Bretagne, France.",Historical spots,Historic Site,Landmark,Drivable,48.1083,-1.6868,,821,No,Spring; Summer; Autumn,images/FR-000821,,,
FR-000822,Museum Rouen 059,France,FR,Normandie,76,Rouen,"Museum location in Rouen, Normandie, France.",Historical spots|Cultural spots,Museum,Cultural Attraction,Drivable,49.4362,1.0923,,822,No,Spring; Summer; Autumn,images/FR-000822,,,
FR-000823,Castle Dijon 059,France,FR,Bourgogne-Franche-Comté,21,Dijon,"Castle location in Dijon, Bourgogne-Franche-Comté, France.",Historical spots,Castle,Historic Landmark,Drivable,47.317,5.0365,,823,No,Spring; Summer; Autumn,images/FR-000823,,,
FR-000824,Cathedral Tours 059,France,FR,Centre-Val de Loire,37,Tours,"Cathedral location in Tours, Centre-Val de Loire, France.",Religious/spiritual spots,Cathedral,Religious Site,Drivable,47.3911,0.6818,,824,No,Spring; Summer; Autumn,images/FR-000824,,,
FR-000825,Park Ajaccio 059,France,FR,Corse,2A,Ajaccio,"Park location in Ajaccio, Corse, France.",Natural spots,Park,Nature & Recreation,Drivable,41.9182,8.7376,,825,No,Spring; Summer; Autumn,images/FR-000825,,,
FR-000826,Garden Saint-Denis 059,France,FR,La Réunion,974,Saint-Denis,"Garden location in Saint-Denis, La Réunion, France.",Cultural spots|Natural spots,Garden,Nature & Recreation,Drivable,-20.8779,55.4491,,826,No,Spring; Summer; Autumn,images/FR-000826,,,
FR-000827,Monument Paris 060,France,FR,Île-de-France,75,Paris,"Monument location in Paris, Île-de-France, France.",Historical spots,Monument,Landmark,Drivable,48.8596,2.3552,,827,No,Spring; Summer; Autumn,images/FR-000827,,,
FR-000828,Beach Lyon 060,France,FR,Auvergne-Rhône-Alpes,69,Lyon,"Beach location in Lyon, Auvergne-Rhône-Alpes, France.",Beach spots|Natural spots,Beach,Nature & Recreation,Drivable,45.769,4.8407,,828,No,Spring; Summer; Autumn,images/FR-000828,,,
FR-000829,Viewpoint Marseille 060,France,FR,Provence-Alpes-Côte d'Azur,13,Marseille,"Viewpoint location in Marseille, Provence-Alpes-Côte d'Azur, France.",Adventure spots|Natural spots,Viewpoint,Scenic Attraction,Drivable,43.3035,5.3768,,829,No,Spring; Summer; Autumn,images/FR-000829,,,
FR-000830,Market Bordeaux 060,France,FR,Nouvelle-Aquitaine,33,Bordeaux,"Market location in Bordeaux, Nouvelle-Aquitaine, France.",Cultural spots,Market,Local Attraction,Drivable,44.8468,-0.5702,,830,No,Spring; Summer; Autumn,images/FR-000830,,,
FR-000831,Art Gallery Toulouse 060,France,FR,Occitanie,31,Toulouse,"Art Gallery location in Toulouse, Occitanie, France.",Cultural spots,Art Gallery,Cultural Attraction,Drivable,43.5957,1.4352,,831,No,Spring; Summer; Autumn,images/FR-000831,,,
FR-000832,Theatre Lille 060,France,FR,Hauts-de-France,59,Lille,"Theatre location in Lille, Hauts-de-France, France.",Historical spots,Theatre,Performing Arts,Drivable,50.6222,3.0503,,832,No,Spring; Summer; Autumn,images/FR-000832,,,
FR-000833,Church Strasbourg 060,France,FR,Grand Est,67,Strasbourg,"Church location in Strasbourg, Grand Est, France.",Religious/spiritual spots,Church,Religious Site,Drivable,48.5684,7.7471,,833,No,Spring; Summer; Autumn,images/FR-000833,,,
FR-000834,Abbey Nantes 060,France,FR,Pays de la Loire,44,Nantes,"Abbey location in Nantes, Pays de la Loire, France.",Religious/spiritual spots,Abbey,Religious Site,Drivable,47.2154,-1.5566,,834,No,Spring; Summer; Autumn,images/FR-000834,,,
FR-000835,Fortress Rennes 060,France,FR,Bretagne,35,Rennes,"Fortress location in Rennes, Bretagne, France.",Historical spots,Fortress,Historic Landmark,Drivable,48.1163,-1.6788,,835,No,Spring; Summer; Autumn,images/FR-000835,,,
FR-000836,Archaeological Site Rouen 060,France,FR,Normandie,76,Rouen,"Archaeological Site location in Rouen, Normandie, France.",Historical spots,Archaeological Site,Historic Site,Drivable,49.4442,1.1003,,836,No,Spring; Summer; Autumn,images/FR-000836,,,
FR-000837,Zoo Dijon 060,France,FR,Bourgogne-Franche-Comté,21,Dijon,"Zoo location in Dijon, Bourgogne-Franche-Comté, France.",Wildlife spots,Zoo,Family Attraction,Drivable,47.325,5.0445,,837,No,Spring; Summer; Autumn,images/FR-000837,,,
FR-000838,Aquarium Tours 060,France,FR,Centre-Val de Loire,37,Tours,"Aquarium location in Tours, Centre-Val de Loire, France.",Wildlife spots,Aquarium,Family Attraction,Drivable,47.3991,0.6898,,838,No,Spring; Summer; Autumn,images/FR-000838,,,
FR-000839,Botanical Garden Ajaccio 060,France,FR,Corse,2A,Ajaccio,"Botanical Garden location in Ajaccio, Corse, France.",Cultural spots|Natural spots,Botanical Garden,Nature & Recreation,Drivable,41.9262,8.7456,,839,No,Spring; Summer; Autumn,images/FR-000839,,,
FR-000840,Marina Saint-Denis 060,France,FR,La Réunion,974,Saint-Denis,"Marina location in Saint-Denis, La Réunion, France.",Beach spots|Cultural spots,Marina,Leisure,Drivable,-20.8699,55.4571,,840,No,Spring; Summer; Autumn,images/FR-000840,,,
FR-000841,Historic Site Paris 061,France,FR,Île-de-France,75,Paris,"Historic Site location in Paris, Île-de-France, France.",Historical spots,Historic Site,Landmark,Drivable,48.8476,2.3432,,841,No,Spring; Summer; Autumn,images/FR-000841,,,
FR-000842,Museum Lyon 061,France,FR,Auvergne-Rhône-Alpes,69,Lyon,"Museum location in Lyon, Auvergne-Rhône-Alpes, France.",Historical spots|Cultural spots,Museum,Cultural Attraction,Drivable,45.757,4.8287,,842,No,Spring; Summer; Autumn,images/FR-000842,,,
FR-000843,Castle Marseille 061,France,FR,Provence-Alpes-Côte d'Azur,13,Marseille,"Castle location in Marseille, Provence-Alpes-Côte d'Azur, France.",Historical spots,Castle,Historic Landmark,Drivable,43.2915,5.3648,,843,No,Spring; Summer; Autumn,images/FR-000843,,,
FR-000844,Cathedral Bordeaux 061,France,FR,Nouvelle-Aquitaine,33,Bordeaux,"Cathedral location in Bordeaux, Nouvelle-Aquitaine, France.",Religious/spiritual spots,Cathedral,Religious Site,Drivable,44.8348,-0.5822,,844,No,Spring; Summer; Autumn,images/FR-000844,,,
FR-000845,Park Toulouse 061,France,FR,Occitanie,31,Toulouse,"Park location in Toulouse, Occitanie, France.",Natural spots,Park,Nature & Recreation,Drivable,43.6037,1.4432,,845,No,Spring; Summer; Autumn,images/FR-000845,,,
FR-000846,Garden Lille 061,France,FR,Hauts-de-France,59,Lille,"Garden location in Lille, Hauts-de-France, France.",Cultural spots|Natural spots,Garden,Nature & Recreation,Drivable,50.6302,3.0583,,846,No,Spring; Summer; Autumn,images/FR-000846,,,
FR-000847,Monument Strasbourg 061,France,FR,Grand Est,67,Strasbourg,"Monument location in Strasbourg, Grand Est, France.",Historical spots,Monument,Landmark,Drivable,48.5764,7.7551,,847,No,Spring; Summer; Autumn,images/FR-000847,,,
FR-000848,Beach Nantes 061,France,FR,Pays de la Loire,44,Nantes,"Beach location in Nantes, Pays de la Loire, France.",Beach spots|Natural spots,Beach,Nature & Recreation,Drivable,47.2234,-1.5486,,848,No,Spring; Summer; Autumn,images/FR-000848,,,
FR-000849,Viewpoint Rennes 061,France,FR,Bretagne,35,Rennes,"Viewpoint location in Rennes, Bretagne, France.",Adventure spots|Natural spots,Viewpoint,Scenic Attraction,Drivable,48.1243,-1.6708,,849,No,Spring; Summer; Autumn,images/FR-000849,,,
FR-000850,Market Rouen 061,France,FR,Normandie,76,Rouen,"Market location in Rouen, Normandie, France.",Cultural spots,Market,Local Attraction,Drivable,49.4522,1.1083,,850,No,Spring; Summer; Autumn,images/FR-000850,,,
FR-000851,Art Gallery Dijon 061,France,FR,Bourgogne-Franche-Comté,21,Dijon,"Art Gallery location in Dijon, Bourgogne-Franche-Comté, France.",Cultural spots,Art Gallery,Cultural Attraction,Drivable,47.313,5.0325,,851,No,Spring; Summer; Autumn,images/FR-000851,,,
FR-000852,Theatre Tours 061,France,FR,Centre-Val de Loire,37,Tours,"Theatre location in Tours, Centre-Val de Loire, France.",Historical spots,Theatre,Performing Arts,Drivable,47.3871,0.6778,,852,No,Spring; Summer; Autumn,images/FR-000852,,,
FR-000853,Church Ajaccio 061,France,FR,Corse,2A,Ajaccio,"Church location in Ajaccio, Corse, France.",Religious/spiritual spots,Church,Religious Site,Drivable,41.9142,8.7336,,853,No,Spring; Summer; Autumn,images/FR-000853,,,
FR-000854,Abbey Saint-Denis 061,France,FR,La Réunion,974,Saint-Denis,"Abbey location in Saint-Denis, La Réunion, France.",Religious/spiritual spots,Abbey,Religious Site,Drivable,-20.8819,55.4451,,854,No,Spring; Summer; Autumn,images/FR-000854,,,
FR-000855,Fortress Paris 062,France,FR,Île-de-France,75,Paris,"Fortress location in Paris, Île-de-France, France.",Historical spots,Fortress,Historic Landmark,Drivable,48.8556,2.3512,,855,No,Spring; Summer; Autumn,images/FR-000855,,,
FR-000856,Archaeological Site Lyon 062,France,FR,Auvergne-Rhône-Alpes,69,Lyon,"Archaeological Site location in Lyon, Auvergne-Rhône-Alpes, France.",Historical spots,Archaeological Site,Historic Site,Drivable,45.765,4.8367,,856,No,Spring; Summer; Autumn,images/FR-000856,,,
FR-000857,Zoo Marseille 062,France,FR,Provence-Alpes-Côte d'Azur,13,Marseille,"Zoo location in Marseille, Provence-Alpes-Côte d'Azur, France.",Wildlife spots,Zoo,Family Attraction,Drivable,43.2995,5.3728,,857,No,Spring; Summer; Autumn,images/FR-000857,,,
FR-000858,Aquarium Bordeaux 062,France,FR,Nouvelle-Aquitaine,33,Bordeaux,"Aquarium location in Bordeaux, Nouvelle-Aquitaine, France.",Wildlife spots,Aquarium,Family Attraction,Drivable,44.8428,-0.5742,,858,No,Spring; Summer; Autumn,images/FR-000858,,,
FR-000859,Botanical Garden Toulouse 062,France,FR,Occitanie,31,Toulouse,"Botanical Garden location in Toulouse, Occitanie, France.",Cultural spots|Natural spots,Botanical Garden,Nature & Recreation,Drivable,43.6117,1.4512,,859,No,Spring; Summer; Autumn,images/FR-000859,,,
FR-000860,Marina Lille 062,France,FR,Hauts-de-France,59,Lille,"Marina location in Lille, Hauts-de-France, France.",Beach spots|Cultural spots,Marina,Leisure,Drivable,50.6382,3.0663,,860,No,Spring; Summer; Autumn,images/FR-000860,,,
FR-000861,Historic Site Strasbourg 062,France,FR,Grand Est,67,Strasbourg,"Historic Site location in Strasbourg, Grand Est, France.",Historical spots,Historic Site,Landmark,Drivable,48.5644,7.7431,,861,No,Spring; Summer; Autumn,images/FR-000861,,,
FR-000862,Museum Nantes 062,France,FR,Pays de la Loire,44,Nantes,"Museum location in Nantes, Pays de la Loire, France.",Historical spots|Cultural spots,Museum,Cultural Attraction,Drivable,47.2114,-1.5606,,862,No,Spring; Summer; Autumn,images/FR-000862,,,
FR-000863,Castle Rennes 062,France,FR,Bretagne,35,Rennes,"Castle location in Rennes, Bretagne, France.",Historical spots,Castle,Historic Landmark,Drivable,48.1123,-1.6828,,863,No,Spring; Summer; Autumn,images/FR-000863,,,
FR-000864,Cathedral Rouen 062,France,FR,Normandie,76,Rouen,"Cathedral location in Rouen, Normandie, France.",Religious/spiritual spots,Cathedral,Religious Site,Drivable,49.4402,1.0963,,864,No,Spring; Summer; Autumn,images/FR-000864,,,
FR-000865,Park Dijon 062,France,FR,Bourgogne-Franche-Comté,21,Dijon,"Park location in Dijon, Bourgogne-Franche-Comté, France.",Natural spots,Park,Nature & Recreation,Drivable,47.321,5.0405,,865,No,Spring; Summer; Autumn,images/FR-000865,,,
FR-000866,Garden Tours 062,France,FR,Centre-Val de Loire,37,Tours,"Garden location in Tours, Centre-Val de Loire, France.",Cultural spots|Natural spots,Garden,Nature & Recreation,Drivable,47.3951,0.6858,,866,No,Spring; Summer; Autumn,images/FR-000866,,,
FR-000867,Monument Ajaccio 062,France,FR,Corse,2A,Ajaccio,"Monument location in Ajaccio, Corse, France.",Historical spots,Monument,Landmark,Drivable,41.9222,8.7416,,867,No,Spring; Summer; Autumn,images/FR-000867,,,
FR-000868,Beach Saint-Denis 062,France,FR,La Réunion,974,Saint-Denis,"Beach location in Saint-Denis, La Réunion, France.",Beach spots|Natural spots,Beach,Nature & Recreation,Drivable,-20.8739,55.4531,,868,No,Spring; Summer; Autumn,images/FR-000868,,,
FR-000869,Viewpoint Paris 063,France,FR,Île-de-France,75,Paris,"Viewpoint location in Paris, Île-de-France, France.",Adventure spots|Natural spots,Viewpoint,Scenic Attraction,Drivable,48.8636,2.3592,,869,No,Spring; Summer; Autumn,images/FR-000869,,,
FR-000870,Market Lyon 063,France,FR,Auvergne-Rhône-Alpes,69,Lyon,"Market location in Lyon, Auvergne-Rhône-Alpes, France.",Cultural spots,Market,Local Attraction,Drivable,45.773,4.8447,,870,No,Spring; Summer; Autumn,images/FR-000870,,,
FR-000871,Art Gallery Marseille 063,France,FR,Provence-Alpes-Côte d'Azur,13,Marseille,"Art Gallery location in Marseille, Provence-Alpes-Côte d'Azur, France.",Cultural spots,Art Gallery,Cultural Attraction,Drivable,43.2875,5.3608,,871,No,Spring; Summer; Autumn,images/FR-000871,,,
FR-000872,Theatre Bordeaux 063,France,FR,Nouvelle-Aquitaine,33,Bordeaux,"Theatre location in Bordeaux, Nouvelle-Aquitaine, France.",Historical spots,Theatre,Performing Arts,Drivable,44.8308,-0.5862,,872,No,Spring; Summer; Autumn,images/FR-000872,,,
FR-000873,Church Toulouse 063,France,FR,Occitanie,31,Toulouse,"Church location in Toulouse, Occitanie, France.",Religious/spiritual spots,Church,Religious Site,Drivable,43.5997,1.4392,,873,No,Spring; Summer; Autumn,images/FR-000873,,,
FR-000874,Abbey Lille 063,France,FR,Hauts-de-France,59,Lille,"Abbey location in Lille, Hauts-de-France, France.",Religious/spiritual spots,Abbey,Religious Site,Drivable,50.6262,3.0543,,874,No,Spring; Summer; Autumn,images/FR-000874,,,
FR-000875,Fortress Strasbourg 063,France,FR,Grand Est,67,Strasbourg,"Fortress location in Strasbourg, Grand Est, France.",Historical spots,Fortress,Historic Landmark,Drivable,48.5724,7.7511,,875,No,Spring; Summer; Autumn,images/FR-000875,,,
FR-000876,Archaeological Site Nantes 063,France,FR,Pays de la Loire,44,Nantes,"Archaeological Site location in Nantes, Pays de la Loire, France.",Historical spots,Archaeological Site,Historic Site,Drivable,47.2194,-1.5526,,876,No,Spring; Summer; Autumn,images/FR-000876,,,
FR-000877,Zoo Rennes 063,France,FR,Bretagne,35,Rennes,"Zoo location in Rennes, Bretagne, France.",Wildlife spots,Zoo,Family Attraction,Drivable,48.1203,-1.6748,,877,No,Spring; Summer; Autumn,images/FR-000877,,,
FR-000878,Aquarium Rouen 063,France,FR,Normandie,76,Rouen,"Aquarium location in Rouen, Normandie, France.",Wildlife spots,Aquarium,Family Attraction,Drivable,49.4482,1.1043,,878,No,Spring; Summer; Autumn,images/FR-000878,,,
FR-000879,Botanical Garden Dijon 063,France,FR,Bourgogne-Franche-Comté,21,Dijon,"Botanical Garden location in Dijon, Bourgogne-Franche-Comté, France.",Cultural spots|Natural spots,Botanical Garden,Nature & Recreation,Drivable,47.329,5.0485,,879,No,Spring; Summer; Autumn,images/FR-000879,,,
FR-000880,Marina Tours 063,France,FR,Centre-Val de Loire,37,Tours,"Marina location in Tours, Centre-Val de Loire, France.",Beach spots|Cultural spots,Marina,Leisure,Drivable,47.4031,0.6938,,880,No,Spring; Summer; Autumn,images/FR-000880,,,
FR-000881,Historic Site Ajaccio 063,France,FR,Corse,2A,Ajaccio,"Historic Site location in Ajaccio, Corse, France.",Historical spots,Historic Site,Landmark,Drivable,41.9102,8.7296,,881,No,Spring; Summer; Autumn,images/FR-000881,,,
FR-000882,Museum Saint-Denis 063,France,FR,La Réunion,974,Saint-Denis,"Museum location in Saint-Denis, La Réunion, France.",Historical spots|Cultural spots,Museum,Cultural Attraction,Drivable,-20.8859,55.4411,,882,No,Spring; Summer; Autumn,images/FR-000882,,,
FR-000883,Castle Paris 064,France,FR,Île-de-France,75,Paris,"Castle location in Paris, Île-de-France, France.",Historical spots,Castle,Historic Landmark,Drivable,48.8516,2.3472,,883,No,Spring; Summer; Autumn,images/FR-000883,,,
FR-000884,Cathedral Lyon 064,France,FR,Auvergne-Rhône-Alpes,69,Lyon,"Cathedral location in Lyon, Auvergne-Rhône-Alpes, France.",Religious/spiritual spots,Cathedral,Religious Site,Drivable,45.761,4.8327,,884,No,Spring; Summer; Autumn,images/FR-000884,,,
FR-000885,Park Marseille 064,France,FR,Provence-Alpes-Côte d'Azur,13,Marseille,"Park location in Marseille, Provence-Alpes-Côte d'Azur, France.",Natural spots,Park,Nature & Recreation,Drivable,43.2955,5.3688,,885,No,Spring; Summer; Autumn,images/FR-000885,,,
FR-000886,Garden Bordeaux 064,France,FR,Nouvelle-Aquitaine,33,Bordeaux,"Garden location in Bordeaux, Nouvelle-Aquitaine, France.",Cultural spots|Natural spots,Garden,Nature & Recreation,Drivable,44.8388,-0.5782,,886,No,Spring; Summer; Autumn,images/FR-000886,,,
FR-000887,Monument Toulouse 064,France,FR,Occitanie,31,Toulouse,"Monument location in Toulouse, Occitanie, France.",Historical spots,Monument,Landmark,Drivable,43.6077,1.4472,,887,No,Spring; Summer; Autumn,images/FR-000887,,,
FR-000888,Beach Lille 064,France,FR,Hauts-de-France,59,Lille,"Beach location in Lille, Hauts-de-France, France.",Beach spots|Natural spots,Beach,Nature & Recreation,Drivable,50.6342,3.0623,,888,No,Spring; Summer; Autumn,images/FR-000888,,,
FR-000889,Viewpoint Strasbourg 064,France,FR,Grand Est,67,Strasbourg,"Viewpoint location in Strasbourg, Grand Est, France.",Adventure spots|Natural spots,Viewpoint,Scenic Attraction,Drivable,48.5804,7.7591,,889,No,Spring; Summer; Autumn,images/FR-000889,,,
FR-000890,Market Nantes 064,France,FR,Pays de la Loire,44,Nantes,"Market location in Nantes, Pays de la Loire, France.",Cultural spots,Market,Local Attraction,Drivable,47.2274,-1.5446,,890,No,Spring; Summer; Autumn,images/FR-000890,,,
FR-000891,Art Gallery Rennes 064,France,FR,Bretagne,35,Rennes,"Art Gallery location in Rennes, Bretagne, France.",Cultural spots,Art Gallery,Cultural Attraction,Drivable,48.1083,-1.6868,,891,No,Spring; Summer; Autumn,images/FR-000891,,,
FR-000892,Theatre Rouen 064,France,FR,Normandie,76,Rouen,"Theatre location in Rouen, Normandie, France.",Historical spots,Theatre,Performing Arts,Drivable,49.4362,1.0923,,892,No,Spring; Summer; Autumn,images/FR-000892,,,
FR-000893,Church Dijon 064,France,FR,Bourgogne-Franche-Comté,21,Dijon,"Church location in Dijon, Bourgogne-Franche-Comté, France.",Religious/spiritual spots,Church,Religious Site,Drivable,47.317,5.0365,,893,No,Spring; Summer; Autumn,images/FR-000893,,,
FR-000894,Abbey Tours 064,France,FR,Centre-Val de Loire,37,Tours,"Abbey location in Tours, Centre-Val de Loire, France.",Religious/spiritual spots,Abbey,Religious Site,Drivable,47.3911,0.6818,,894,No,Spring; Summer; Autumn,images/FR-000894,,,
FR-000895,Fortress Ajaccio 064,France,FR,Corse,2A,Ajaccio,"Fortress location in Ajaccio, Corse, France.",Historical spots,Fortress,Historic Landmark,Drivable,41.9182,8.7376,,895,No,Spring; Summer; Autumn,images/FR-000895,,,
FR-000896,Archaeological Site Saint-Denis 064,France,FR,La Réunion,974,Saint-Denis,"Archaeological Site location in Saint-Denis, La Réunion, France.",Historical spots,Archaeological Site,Historic Site,Drivable,-20.8779,55.4491,,896,No,Spring; Summer; Autumn,images/FR-000896,,,
FR-000897,Zoo Paris 065,France,FR,Île-de-France,75,Paris,"Zoo location in Paris, Île-de-France, France.",Wildlife spots,Zoo,Family Attraction,Drivable,48.8596,2.3552,,897,No,Spring; Summer; Autumn,images/FR-000897,,,
FR-000898,Aquarium Lyon 065,France,FR,Auvergne-Rhône-Alpes,69,Lyon,"Aquarium location in Lyon, Auvergne-Rhône-Alpes, France.",Wildlife spots,Aquarium,Family Attraction,Drivable,45.769,4.8407,,898,No,Spring; Summer; Autumn,images/FR-000898,,,
FR-000899,Botanical Garden Marseille 065,France,FR,Provence-Alpes-Côte d'Azur,13,Marseille,"Botanical Garden location in Marseille, Provence-Alpes-Côte d'Azur, France.",Cultural spots|Natural spots,Botanical Garden,Nature & Recreation,Drivable,43.3035,5.3768,,899,No,Spring; Summer; Autumn,images/FR-000899,,,
FR-000900,Marina Bordeaux 065,France,FR,Nouvelle-Aquitaine,33,Bordeaux,"Marina location in Bordeaux, Nouvelle-Aquitaine, France.",Beach spots|Cultural spots,Marina,Leisure,Drivable,44.8468,-0.5702,,900,No,Spring; Summer; Autumn,images/FR-000900,,,
FR-000901,Historic Site Toulouse 065,France,FR,Occitanie,31,Toulouse,"Historic Site location in Toulouse, Occitanie, France.",Historical spots,Historic Site,Landmark,Drivable,43.5957,1.4352,,901,No,Spring; Summer; Autumn,images/FR-000901,,,
FR-000902,Museum Lille 065,France,FR,Hauts-de-France,59,Lille,"Museum location in Lille, Hauts-de-France, France.",Historical spots|Cultural spots,Museum,Cultural Attraction,Drivable,50.6222,3.0503,,902,No,Spring; Summer; Autumn,images/FR-000902,,,
FR-000903,Castle Strasbourg 065,France,FR,Grand Est,67,Strasbourg,"Castle location in Strasbourg, Grand Est, France.",Historical spots,Castle,Historic Landmark,Drivable,48.5684,7.7471,,903,No,Spring; Summer; Autumn,images/FR-000903,,,
FR-000904,Cathedral Nantes 065,France,FR,Pays de la Loire,44,Nantes,"Cathedral location in Nantes, Pays de la Loire, France.",Religious/spiritual spots,Cathedral,Religious Site,Drivable,47.2154,-1.5566,,904,No,Spring; Summer; Autumn,images/FR-000904,,,
FR-000905,Park Rennes 065,France,FR,Bretagne,35,Rennes,"Park location in Rennes, Bretagne, France.",Natural spots,Park,Nature & Recreation,Drivable,48.1163,-1.6788,,905,No,Spring; Summer; Autumn,images/FR-000905,,,
FR-000906,Garden Rouen 065,France,FR,Normandie,76,Rouen,"Garden location in Rouen, Normandie, France.",Cultural spots|Natural spots,Garden,Nature & Recreation,Drivable,49.4442,1.1003,,906,No,Spring; Summer; Autumn,images/FR-000906,,,
FR-000907,Monument Dijon 065,France,FR,Bourgogne-Franche-Comté,21,Dijon,"Monument location in Dijon, Bourgogne-Franche-Comté, France.",Historical spots,Monument,Landmark,Drivable,47.325,5.0445,,907,No,Spring; Summer; Autumn,images/FR-000907,,,
FR-000908,Beach Tours 065,France,FR,Centre-Val de Loire,37,Tours,"Beach location in Tours, Centre-Val de Loire, France.",Beach spots|Natural spots,Beach,Nature & Recreation,Drivable,47.3991,0.6898,,908,No,Spring; Summer; Autumn,images/FR-000908,,,
FR-000909,Viewpoint Ajaccio 065,France,FR,Corse,2A,Ajaccio,"Viewpoint location in Ajaccio, Corse, France.",Adventure spots|Natural spots,Viewpoint,Scenic Attraction,Drivable,41.9262,8.7456,,909,No,Spring; Summer; Autumn,images/FR-000909,,,
FR-000910,Market Saint-Denis 065,France,FR,La Réunion,974,Saint-Denis,"Market location in Saint-Denis, La Réunion, France.",Cultural spots,Market,Local Attraction,Drivable,-20.8699,55.4571,,910,No,Spring; Summer; Autumn,images/FR-000910,,,
FR-000911,Art Gallery Paris 066,France,FR,Île-de-France,75,Paris,"Art Gallery location in Paris, Île-de-France, France.",Cultural spots,Art Gallery,Cultural Attraction,Drivable,48.8476,2.3432,,911,No,Spring; Summer; Autumn,images/FR-000911,,,
FR-000912,Theatre Lyon 066,France,FR,Auvergne-Rhône-Alpes,69,Lyon,"Theatre location in Lyon, Auvergne-Rhône-Alpes, France.",Historical spots,Theatre,Performing Arts,Drivable,45.757,4.8287,,912,No,Spring; Summer; Autumn,images/FR-000912,,,
FR-000913,Church Marseille 066,France,FR,Provence-Alpes-Côte d'Azur,13,Marseille,"Church location in Marseille, Provence-Alpes-Côte d'Azur, France.",Religious/spiritual spots,Church,Religious Site,Drivable,43.2915,5.3648,,913,No,Spring; Summer; Autumn,images/FR-000913,,,
FR-000914,Abbey Bordeaux 066,France,FR,Nouvelle-Aquitaine,33,Bordeaux,"Abbey location in Bordeaux, Nouvelle-Aquitaine, France.",Religious/spiritual spots,Abbey,Religious Site,Drivable,44.8348,-0.5822,,914,No,Spring; Summer; Autumn,images/FR-000914,,,
FR-000915,Fortress Toulouse 066,France,FR,Occitanie,31,Toulouse,"Fortress location in Toulouse, Occitanie, France.",Historical spots,Fortress,Historic Landmark,Drivable,43.6037,1.4432,,915,No,Spring; Summer; Autumn,images/FR-000915,,,
FR-000916,Archaeological Site Lille 066,France,FR,Hauts-de-France,59,Lille,"Archaeological Site location in Lille, Hauts-de-France, France.",Historical spots,Archaeological Site,Historic Site,Drivable,50.6302,3.0583,,916,No,Spring; Summer; Autumn,images/FR-000916,,,
FR-000917,Zoo Strasbourg 066,France,FR,Grand Est,67,Strasbourg,"Zoo location in Strasbourg, Grand Est, France.",Wildlife spots,Zoo,Family Attraction,Drivable,48.5764,7.7551,,917,No,Spring; Summer; Autumn,images/FR-000917,,,
FR-000918,Aquarium Nantes 066,France,FR,Pays de la Loire,44,Nantes,"Aquarium location in Nantes, Pays de la Loire, France.",Wildlife spots,Aquarium,Family Attraction,Drivable,47.2234,-1.5486,,918,No,Spring; Summer; Autumn,images/FR-000918,,,
FR-000919,Botanical Garden Rennes 066,France,FR,Bretagne,35,Rennes,"Botanical Garden location in Rennes, Bretagne, France.",Cultural spots|Natural spots,Botanical Garden,Nature & Recreation,Drivable,48.1243,-1.6708,,919,No,Spring; Summer; Autumn,images/FR-000919,,,
FR-000920,Marina Rouen 066,France,FR,Normandie,76,Rouen,"Marina location in Rouen, Normandie, France.",Beach spots|Cultural spots,Marina,Leisure,Drivable,49.4522,1.1083,,920,No,Spring; Summer; Autumn,images/FR-000920,,,
FR-000921,Historic Site Dijon 066,France,FR,Bourgogne-Franche-Comté,21,Dijon,"Historic Site location in Dijon, Bourgogne-Franche-Comté, France.",Historical spots,Historic Site,Landmark,Drivable,47.313,5.0325,,921,No,Spring; Summer; Autumn,images/FR-000921,,,
FR-000922,Museum Tours 066,France,FR,Centre-Val de Loire,37,Tours,"Museum location in Tours, Centre-Val de Loire, France.",Historical spots|Cultural spots,Museum,Cultural Attraction,Drivable,47.3871,0.6778,,922,No,Spring; Summer; Autumn,images/FR-000922,,,
FR-000923,Castle Ajaccio 066,France,FR,Corse,2A,Ajaccio,"Castle location in Ajaccio, Corse, France.",Historical spots,Castle,Historic Landmark,Drivable,41.9142,8.7336,,923,No,Spring; Summer; Autumn,images/FR-000923,,,
FR-000924,Cathedral Saint-Denis 066,France,FR,La Réunion,974,Saint-Denis,"Cathedral location in Saint-Denis, La Réunion, France.",Religious/spiritual spots,Cathedral,Religious Site,Drivable,-20.8819,55.4451,,924,No,Spring; Summer; Autumn,images/FR-000924,,,
FR-000925,Park Paris 067,France,FR,Île-de-France,75,Paris,"Park location in Paris, Île-de-France, France.",Natural spots,Park,Nature & Recreation,Drivable,48.8556,2.3512,,925,No,Spring; Summer; Autumn,images/FR-000925,,,
FR-000926,Garden Lyon 067,France,FR,Auvergne-Rhône-Alpes,69,Lyon,"Garden location in Lyon, Auvergne-Rhône-Alpes, France.",Cultural spots|Natural spots,Garden,Nature & Recreation,Drivable,45.765,4.8367,,926,No,Spring; Summer; Autumn,images/FR-000926,,,
FR-000927,Monument Marseille 067,France,FR,Provence-Alpes-Côte d'Azur,13,Marseille,"Monument location in Marseille, Provence-Alpes-Côte d'Azur, France.",Historical spots,Monument,Landmark,Drivable,43.2995,5.3728,,927,No,Spring; Summer; Autumn,images/FR-000927,,,
FR-000928,Beach Bordeaux 067,France,FR,Nouvelle-Aquitaine,33,Bordeaux,"Beach location in Bordeaux, Nouvelle-Aquitaine, France.",Beach spots|Natural spots,Beach,Nature & Recreation,Drivable,44.8428,-0.5742,,928,No,Spring; Summer; Autumn,images/FR-000928,,,
FR-000929,Viewpoint Toulouse 067,France,FR,Occitanie,31,Toulouse,"Viewpoint location in Toulouse, Occitanie, France.",Adventure spots|Natural spots,Viewpoint,Scenic Attraction,Drivable,43.6117,1.4512,,929,No,Spring; Summer; Autumn,images/FR-000929,,,
FR-000930,Market Lille 067,France,FR,Hauts-de-France,59,Lille,"Market location in Lille, Hauts-de-France, France.",Cultural spots,Market,Local Attraction,Drivable,50.6382,3.0663,,930,No,Spring; Summer; Autumn,images/FR-000930,,,
FR-000931,Art Gallery Strasbourg 067,France,FR,Grand Est,67,Strasbourg,"Art Gallery location in Strasbourg, Grand Est, France.",Cultural spots,Art Gallery,Cultural Attraction,Drivable,48.5644,7.7431,,931,No,Spring; Summer; Autumn,images/FR-000931,,,
FR-000932,Theatre Nantes 067,France,FR,Pays de la Loire,44,Nantes,"Theatre location in Nantes, Pays de la Loire, France.",Historical spots,Theatre,Performing Arts,Drivable,47.2114,-1.5606,,932,No,Spring; Summer; Autumn,images/FR-000932,,,
FR-000933,Church Rennes 067,France,FR,Bretagne,35,Rennes,"Church location in Rennes, Bretagne, France.",Religious/spiritual spots,Church,Religious Site,Drivable,48.1123,-1.6828,,933,No,Spring; Summer; Autumn,images/FR-000933,,,
FR-000934,Abbey Rouen 067,France,FR,Normandie,76,Rouen,"Abbey location in Rouen, Normandie, France.",Religious/spiritual spots,Abbey,Religious Site,Drivable,49.4402,1.0963,,934,No,Spring; Summer; Autumn,images/FR-000934,,,
FR-000935,Fortress Dijon 067,France,FR,Bourgogne-Franche-Comté,21,Dijon,"Fortress location in Dijon, Bourgogne-Franche-Comté, France.",Historical spots,Fortress,Historic Landmark,Drivable,47.321,5.0405,,935,No,Spring; Summer; Autumn,images/FR-000935,,,
FR-000936,Archaeological Site Tours 067,France,FR,Centre-Val de Loire,37,Tours,"Archaeological Site location in Tours, Centre-Val de Loire, France.",Historical spots,Archaeological Site,Historic Site,Drivable,47.3951,0.6858,,936,No,Spring; Summer; Autumn,images/FR-000936,,,
FR-000937,Zoo Ajaccio 067,France,FR,Corse,2A,Ajaccio,"Zoo location in Ajaccio, Corse, France.",Wildlife spots,Zoo,Family Attraction,Drivable,41.9222,8.7416,,937,No,Spring; Summer; Autumn,images/FR-000937,,,
FR-000938,Aquarium Saint-Denis 067,France,FR,La Réunion,974,Saint-Denis,"Aquarium location in Saint-Denis, La Réunion, France.",Wildlife spots,Aquarium,Family Attraction,Drivable,-20.8739,55.4531,,938,No,Spring; Summer; Autumn,images/FR-000938,,,
FR-000939,Botanical Garden Paris 068,France,FR,Île-de-France,75,Paris,"Botanical Garden location in Paris, Île-de-France, France.",Cultural spots|Natural spots,Botanical Garden,Nature & Recreation,Drivable,48.8636,2.3592,,939,No,Spring; Summer; Autumn,images/FR-000939,,,
FR-000940,Marina Lyon 068,France,FR,Auvergne-Rhône-Alpes,69,Lyon,"Marina location in Lyon, Auvergne-Rhône-Alpes, France.",Beach spots|Cultural spots,Marina,Leisure,Drivable,45.773,4.8447,,940,No,Spring; Summer; Autumn,images/FR-000940,,,
FR-000941,Historic Site Marseille 068,France,FR,Provence-Alpes-Côte d'Azur,13,Marseille,"Historic Site location in Marseille, Provence-Alpes-Côte d'Azur, France.",Historical spots,Historic Site,Landmark,Drivable,43.2875,5.3608,,941,No,Spring; Summer; Autumn,images/FR-000941,,,
FR-000942,Museum Bordeaux 068,France,FR,Nouvelle-Aquitaine,33,Bordeaux,"Museum location in Bordeaux, Nouvelle-Aquitaine, France.",Historical spots|Cultural spots,Museum,Cultural Attraction,Drivable,44.8308,-0.5862,,942,No,Spring; Summer; Autumn,images/FR-000942,,,
FR-000943,Castle Toulouse 068,France,FR,Occitanie,31,Toulouse,"Castle location in Toulouse, Occitanie, France.",Historical spots,Castle,Historic Landmark,Drivable,43.5997,1.4392,,943,No,Spring; Summer; Autumn,images/FR-000943,,,
FR-000944,Cathedral Lille 068,France,FR,Hauts-de-France,59,Lille,"Cathedral location in Lille, Hauts-de-France, France.",Religious/spiritual spots,Cathedral,Religious Site,Drivable,50.6262,3.0543,,944,No,Spring; Summer; Autumn,images/FR-000944,,,
FR-000945,Park Strasbourg 068,France,FR,Grand Est,67,Strasbourg,"Park location in Strasbourg, Grand Est, France.",Natural spots,Park,Nature & Recreation,Drivable,48.5724,7.7511,,945,No,Spring; Summer; Autumn,images/FR-000945,,,
FR-000946,Garden Nantes 068,France,FR,Pays de la Loire,44,Nantes,"Garden location in Nantes, Pays de la Loire, France.",Cultural spots|Natural spots,Garden,Nature & Recreation,Drivable,47.2194,-1.5526,,946,No,Spring; Summer; Autumn,images/FR-000946,,,
FR-000947,Monument Rennes 068,France,FR,Bretagne,35,Rennes,"Monument location in Rennes, Bretagne, France.",Historical spots,Monument,Landmark,Drivable,48.1203,-1.6748,,947,No,Spring; Summer; Autumn,images/FR-000947,,,
FR-000948,Beach Rouen 068,France,FR,Normandie,76,Rouen,"Beach location in Rouen, Normandie, France.",Beach spots|Natural spots,Beach,Nature & Recreation,Drivable,49.4482,1.1043,,948,No,Spring; Summer; Autumn,images/FR-000948,,,
FR-000949,Viewpoint Dijon 068,France,FR,Bourgogne-Franche-Comté,21,Dijon,"Viewpoint location in Dijon, Bourgogne-Franche-Comté, France.",Adventure spots|Natural spots,Viewpoint,Scenic Attraction,Drivable,47.329,5.0485,,949,No,Spring; Summer; Autumn,images/FR-000949,,,
FR-000950,Market Tours 068,France,FR,Centre-Val de Loire,37,Tours,"Market location in Tours, Centre-Val de Loire, France.",Cultural spots,Market,Local Attraction,Drivable,47.4031,0.6938,,950,No,Spring; Summer; Autumn,images/FR-000950,,,
FR-000951,Art Gallery Ajaccio 068,France,FR,Corse,2A,Ajaccio,"Art Gallery location in Ajaccio, Corse, France.",Cultural spots,Art Gallery,Cultural Attraction,Drivable,41.9102,8.7296,,951,No,Spring; Summer; Autumn,images/FR-000951,,,
FR-000952,Theatre Saint-Denis 068,France,FR,La Réunion,974,Saint-Denis,"Theatre location in Saint-Denis, La Réunion, France.",Historical spots,Theatre,Performing Arts,Drivable,-20.8859,55.4411,,952,No,Spring; Summer; Autumn,images/FR-000952,,,
FR-000953,Church Paris 069,France,FR,Île-de-France,75,Paris,"Church location in Paris, Île-de-France, France.",Religious/spiritual spots,Church,Religious Site,Drivable,48.8516,2.3472,,953,No,Spring; Summer; Autumn,images/FR-000953,,,
FR-000954,Abbey Lyon 069,France,FR,Auvergne-Rhône-Alpes,69,Lyon,"Abbey location in Lyon, Auvergne-Rhône-Alpes, France.",Religious/spiritual spots,Abbey,Religious Site,Drivable,45.761,4.8327,,954,No,Spring; Summer; Autumn,images/FR-000954,,,
FR-000955,Fortress Marseille 069,France,FR,Provence-Alpes-Côte d'Azur,13,Marseille,"Fortress location in Marseille, Provence-Alpes-Côte d'Azur, France.",Historical spots,Fortress,Historic Landmark,Drivable,43.2955,5.3688,,955,No,Spring; Summer; Autumn,images/FR-000955,,,
FR-000956,Archaeological Site Bordeaux 069,France,FR,Nouvelle-Aquitaine,33,Bordeaux,"Archaeological Site location in Bordeaux, Nouvelle-Aquitaine, France.",Historical spots,Archaeological Site,Historic Site,Drivable,44.8388,-0.5782,,956,No,Spring; Summer; Autumn,images/FR-000956,,,
FR-000957,Zoo Toulouse 069,France,FR,Occitanie,31,Toulouse,"Zoo location in Toulouse, Occitanie, France.",Wildlife spots,Zoo,Family Attraction,Drivable,43.6077,1.4472,,957,No,Spring; Summer; Autumn,images/FR-000957,,,
FR-000958,Aquarium Lille 069,France,FR,Hauts-de-France,59,Lille,"Aquarium location in Lille, Hauts-de-France, France.",Wildlife spots,Aquarium,Family Attraction,Drivable,50.6342,3.0623,,958,No,Spring; Summer; Autumn,images/FR-000958,,,
FR-000959,Botanical Garden Strasbourg 069,France,FR,Grand Est,67,Strasbourg,"Botanical Garden location in Strasbourg, Grand Est, France.",Cultural spots|Natural spots,Botanical Garden,Nature & Recreation,Drivable,48.5804,7.7591,,959,No,Spring; Summer; Autumn,images/FR-000959,,,
FR-000960,Marina Nantes 069,France,FR,Pays de la Loire,44,Nantes,"Marina location in Nantes, Pays de la Loire, France.",Beach spots|Cultural spots,Marina,Leisure,Drivable,47.2274,-1.5446,,960,No,Spring; Summer; Autumn,images/FR-000960,,,
FR-000961,Historic Site Rennes 069,France,FR,Bretagne,35,Rennes,"Historic Site location in Rennes, Bretagne, France.",Historical spots,Historic Site,Landmark,Drivable,48.1083,-1.6868,,961,No,Spring; Summer; Autumn,images/FR-000961,,,
FR-000962,Museum Rouen 069,France,FR,Normandie,76,Rouen,"Museum location in Rouen, Normandie, France.",Historical spots|Cultural spots,Museum,Cultural Attraction,Drivable,49.4362,1.0923,,962,No,Spring; Summer; Autumn,images/FR-000962,,,
FR-000963,Castle Dijon 069,France,FR,Bourgogne-Franche-Comté,21,Dijon,"Castle location in Dijon, Bourgogne-Franche-Comté, France.",Historical spots,Castle,Historic Landmark,Drivable,47.317,5.0365,,963,No,Spring; Summer; Autumn,images/FR-000963,,,
FR-000964,Cathedral Tours 069,France,FR,Centre-Val de Loire,37,Tours,"Cathedral location in Tours, Centre-Val de Loire, France.",Religious/spiritual spots,Cathedral,Religious Site,Drivable,47.3911,0.6818,,964,No,Spring; Summer; Autumn,images/FR-000964,,,
FR-000965,Park Ajaccio 069,France,FR,Corse,2A,Ajaccio,"Park location in Ajaccio, Corse, France.",Natural spots,Park,Nature & Recreation,Drivable,41.9182,8.7376,,965,No,Spring; Summer; Autumn,images/FR-000965,,,
FR-000966,Garden Saint-Denis 069,France,FR,La Réunion,974,Saint-Denis,"Garden location in Saint-Denis, La Réunion, France.",Cultural spots|Natural spots,Garden,Nature & Recreation,Drivable,-20.8779,55.4491,,966,No,Spring; Summer; Autumn,images/FR-000966,,,
FR-000967,Monument Paris 070,France,FR,Île-de-France,75,Paris,"Monument location in Paris, Île-de-France, France.",Historical spots,Monument,Landmark,Drivable,48.8596,2.3552,,967,No,Spring; Summer; Autumn,images/FR-000967,,,
FR-000968,Beach Lyon 070,France,FR,Auvergne-Rhône-Alpes,69,Lyon,"Beach location in Lyon, Auvergne-Rhône-Alpes, France.",Beach spots|Natural spots,Beach,Nature & Recreation,Drivable,45.769,4.8407,,968,No,Spring; Summer; Autumn,images/FR-000968,,,
FR-000969,Viewpoint Marseille 070,France,FR,Provence-Alpes-Côte d'Azur,13,Marseille,"Viewpoint location in Marseille, Provence-Alpes-Côte d'Azur, France.",Adventure spots|Natural spots,Viewpoint,Scenic Attraction,Drivable,43.3035,5.3768,,969,No,Spring; Summer; Autumn,images/FR-000969,,,
FR-000970,Market Bordeaux 070,France,FR,Nouvelle-Aquitaine,33,Bordeaux,"Market location in Bordeaux, Nouvelle-Aquitaine, France.",Cultural spots,Market,Local Attraction,Drivable,44.8468,-0.5702,,970,No,Spring; Summer; Autumn,images/FR-000970,,,
FR-000971,Art Gallery Toulouse 070,France,FR,Occitanie,31,Toulouse,"Art Gallery location in Toulouse, Occitanie, France.",Cultural spots,Art Gallery,Cultural Attraction,Drivable,43.5957,1.4352,,971,No,Spring; Summer; Autumn,images/FR-000971,,,
FR-000972,Theatre Lille 070,France,FR,Hauts-de-France,59,Lille,"Theatre location in Lille, Hauts-de-France, France.",Historical spots,Theatre,Performing Arts,Drivable,50.6222,3.0503,,972,No,Spring; Summer; Autumn,images/FR-000972,,,
FR-000973,Church Strasbourg 070,France,FR,Grand Est,67,Strasbourg,"Church location in Strasbourg, Grand Est, France.",Religious/spiritual spots,Church,Religious Site,Drivable,48.5684,7.7471,,973,No,Spring; Summer; Autumn,images/FR-000973,,,
FR-000974,Abbey Nantes 070,France,FR,Pays de la Loire,44,Nantes,"Abbey location in Nantes, Pays de la Loire, France.",Religious/spiritual spots,Abbey,Religious Site,Drivable,47.2154,-1.5566,,974,No,Spring; Summer; Autumn,images/FR-000974,,,
FR-000975,Fortress Rennes 070,France,FR,Bretagne,35,Rennes,"Fortress location in Rennes, Bretagne, France.",Historical spots,Fortress,Historic Landmark,Drivable,48.1163,-1.6788,,975,No,Spring; Summer; Autumn,images/FR-000975,,,
FR-000976,Archaeological Site Rouen 070,France,FR,Normandie,76,Rouen,"Archaeological Site location in Rouen, Normandie, France.",Historical spots,Archaeological Site,Historic Site,Drivable,49.4442,1.1003,,976,No,Spring; Summer; Autumn,images/FR-000976,,,
FR-000977,Zoo Dijon 070,France,FR,Bourgogne-Franche-Comté,21,Dijon,"Zoo location in Dijon, Bourgogne-Franche-Comté, France.",Wildlife spots,Zoo,Family Attraction,Drivable,47.325,5.0445,,977,No,Spring; Summer; Autumn,images/FR-000977,,,
FR-000978,Aquarium Tours 070,France,FR,Centre-Val de Loire,37,Tours,"Aquarium location in Tours, Centre-Val de Loire, France.",Wildlife spots,Aquarium,Family Attraction,Drivable,47.3991,0.6898,,978,No,Spring; Summer; Autumn,images/FR-000978,,,
FR-000979,Botanical Garden Ajaccio 070,France,FR,Corse,2A,Ajaccio,"Botanical Garden location in Ajaccio, Corse, France.",Cultural spots|Natural spots,Botanical Garden,Nature & Recreation,Drivable,41.9262,8.7456,,979,No,Spring; Summer; Autumn,images/FR-000979,,,
FR-000980,Marina Saint-Denis 070,France,FR,La Réunion,974,Saint-Denis,"Marina location in Saint-Denis, La Réunion, France.",Beach spots|Cultural spots,Marina,Leisure,Drivable,-20.8699,55.4571,,980,No,Spring; Summer; Autumn,images/FR-000980,,,
FR-000981,Historic Site Paris 071,France,FR,Île-de-France,75,Paris,"Historic Site location in Paris, Île-de-France, France.",Historical spots,Historic Site,Landmark,Drivable,48.8476,2.3432,,981,No,Spring; Summer; Autumn,images/FR-000981,,,
FR-000982,Museum Lyon 071,France,FR,Auvergne-Rhône-Alpes,69,Lyon,"Museum location in Lyon, Auvergne-Rhône-Alpes, France.",Historical spots|Cultural spots,Museum,Cultural Attraction,Drivable,45.757,4.8287,,982,No,Spring; Summer; Autumn,images/FR-000982,,,
FR-000983,Castle Marseille 071,France,FR,Provence-Alpes-Côte d'Azur,13,Marseille,"Castle location in Marseille, Provence-Alpes-Côte d'Azur, France.",Historical spots,Castle,Historic Landmark,Drivable,43.2915,5.3648,,983,No,Spring; Summer; Autumn,images/FR-000983,,,
FR-000984,Cathedral Bordeaux 071,France,FR,Nouvelle-Aquitaine,33,Bordeaux,"Cathedral location in Bordeaux, Nouvelle-Aquitaine, France.",Religious/spiritual spots,Cathedral,Religious Site,Drivable,44.8348,-0.5822,,984,No,Spring; Summer; Autumn,images/FR-000984,,,
FR-000985,Park Toulouse 071,France,FR,Occitanie,31,Toulouse,"Park location in Toulouse, Occitanie, France.",Natural spots,Park,Nature & Recreation,Drivable,43.6037,1.4432,,985,No,Spring; Summer; Autumn,images/FR-000985,,,
FR-000986,Garden Lille 071,France,FR,Hauts-de-France,59,Lille,"Garden location in Lille, Hauts-de-France, France.",Cultural spots|Natural spots,Garden,Nature & Recreation,Drivable,50.6302,3.0583,,986,No,Spring; Summer; Autumn,images/FR-000986,,,
FR-000987,Monument Strasbourg 071,France,FR,Grand Est,67,Strasbourg,"Monument location in Strasbourg, Grand Est, France.",Historical spots,Monument,Landmark,Drivable,48.5764,7.7551,,987,No,Spring; Summer; Autumn,images/FR-000987,,,
FR-000988,Beach Nantes 071,France,FR,Pays de la Loire,44,Nantes,"Beach location in Nantes, Pays de la Loire, France.",Beach spots|Natural spots,Beach,Nature & Recreation,Drivable,47.2234,-1.5486,,988,No,Spring; Summer; Autumn,images/FR-000988,,,
FR-000989,Viewpoint Rennes 071,France,FR,Bretagne,35,Rennes,"Viewpoint location in Rennes, Bretagne, France.",Adventure spots|Natural spots,Viewpoint,Scenic Attraction,Drivable,48.1243,-1.6708,,989,No,Spring; Summer; Autumn,images/FR-000989,,,
FR-000990,Market Rouen 071,France,FR,Normandie,76,Rouen,"Market location in Rouen, Normandie, France.",Cultural spots,Market,Local Attraction,Drivable,49.4522,1.1083,,990,No,Spring; Summer; Autumn,images/FR-000990,,,
FR-000991,Art Gallery Dijon 071,France,FR,Bourgogne-Franche-Comté,21,Dijon,"Art Gallery location in Dijon, Bourgogne-Franche-Comté, France.",Cultural spots,Art Gallery,Cultural Attraction,Drivable,47.313,5.0325,,991,No,Spring; Summer; Autumn,images/FR-000991,,,
FR-000992,Theatre Tours 071,France,FR,Centre-Val de Loire,37,Tours,"Theatre location in Tours, Centre-Val de Loire, France.",Historical spots,Theatre,Performing Arts,Drivable,47.3871,0.6778,,992,No,Spring; Summer; Autumn,images/FR-000992,,,
FR-000993,Church Ajaccio 071,France,FR,Corse,2A,Ajaccio,"Church location in Ajaccio, Corse, France.",Religious/spiritual spots,Church,Religious Site,Drivable,41.9142,8.7336,,993,No,Spring; Summer; Autumn,images/FR-000993,,,
FR-000994,Abbey Saint-Denis 071,France,FR,La Réunion,974,Saint-Denis,"Abbey location in Saint-Denis, La Réunion, France.",Religious/spiritual spots,Abbey,Religious Site,Drivable,-20.8819,55.4451,,994,No,Spring; Summer; Autumn,images/FR-000994,,,
FR-000995,Fortress Paris 072,France,FR,Île-de-France,75,Paris,"Fortress location in Paris, Île-de-France, France.",Historical spots,Fortress,Historic Landmark,Drivable,48.8556,2.3512,,995,No,Spring; Summer; Autumn,images/FR-000995,,,
FR-000996,Archaeological Site Lyon 072,France,FR,Auvergne-Rhône-Alpes,69,Lyon,"Archaeological Site location in Lyon, Auvergne-Rhône-Alpes, France.",Historical spots,Archaeological Site,Historic Site,Drivable,45.765,4.8367,,996,No,Spring; Summer; Autumn,images/FR-000996,,,
FR-000997,Zoo Marseille 072,France,FR,Provence-Alpes-Côte d'Azur,13,Marseille,"Zoo location in Marseille, Provence-Alpes-Côte d'Azur, France.",Wildlife spots,Zoo,Family Attraction,Drivable,43.2995,5.3728,,997,No,Spring; Summer; Autumn,images/FR-000997,,,
FR-000998,Aquarium Bordeaux 072,France,FR,Nouvelle-Aquitaine,33,Bordeaux,"Aquarium location in Bordeaux, Nouvelle-Aquitaine, France.",Wildlife spots,Aquarium,Family Attraction,Drivable,44.8428,-0.5742,,998,No,Spring; Summer; Autumn,images/FR-000998,,,
FR-000999,Botanical Garden Toulouse 072,France,FR,Occitanie,31,Toulouse,"Botanical Garden location in Toulouse, Occitanie, France.",Cultural spots|Natural spots,Botanical Garden,Nature & Recreation,Drivable,43.6117,1.4512,,999,No,Spring; Summer; Autumn,images/FR-000999,,,
FR-001000,Marina Lille 072,France,FR,Hauts-de-France,59,Lille,"Marina location in Lille, Hauts-de-France, France.",Beach spots|Cultural spots,Marina,Leisure,Drivable,50.6382,3.0663,,1000,No,Spring; Summer; Autumn,images/FR-001000,,,
FR-001001,Historic Site Strasbourg 072,France,FR,Grand Est,67,Strasbourg,"Historic Site location in Strasbourg, Grand Est, France.",Historical spots,Historic Site,Landmark,Drivable,48.5644,7.7431,,1001,No,Spring; Summer; Autumn,images/FR-001001,,,
FR-001002,Museum Nantes 072,France,FR,Pays de la Loire,44,Nantes,"Museum location in Nantes, Pays de la Loire, France.",Historical spots|Cultural spots,Museum,Cultural Attraction,Drivable,47.2114,-1.5606,,1002,No,Spring; Summer; Autumn,images/FR-001002,,,
FR-001003,Castle Rennes 072,France,FR,Bretagne,35,Rennes,"Castle location in Rennes, Bretagne, France.",Historical spots,Castle,Historic Landmark,Drivable,48.1123,-1.6828,,1003,No,Spring; Summer; Autumn,images/FR-001003,,,
FR-001004,Cathedral Rouen 072,France,FR,Normandie,76,Rouen,"Cathedral location in Rouen, Normandie, France.",Religious/spiritual spots,Cathedral,Religious Site,Drivable,49.4402,1.0963,,1004,No,Spring; Summer; Autumn,images/FR-001004,,,
FR-001005,Park Dijon 072,France,FR,Bourgogne-Franche-Comté,21,Dijon,"Park location in Dijon, Bourgogne-Franche-Comté, France.",Natural spots,Park,Nature & Recreation,Drivable,47.321,5.0405,,1005,No,Spring; Summer; Autumn,images/FR-001005,,,
FR-001006,Garden Tours 072,France,FR,Centre-Val de Loire,37,Tours,"Garden location in Tours, Centre-Val de Loire, France.",Cultural spots|Natural spots,Garden,Nature & Recreation,Drivable,47.3951,0.6858,,1006,No,Spring; Summer; Autumn,images/FR-001006,,,
FR-001007,Monument Ajaccio 072,France,FR,Corse,2A,Ajaccio,"Monument location in Ajaccio, Corse, France.",Historical spots,Monument,Landmark,Drivable,41.9222,8.7416,,1007,No,Spring; Summer; Autumn,images/FR-001007,,,
FR-001008,Beach Saint-Denis 072,France,FR,La Réunion,974,Saint-Denis,"Beach location in Saint-Denis, La Réunion, France.",Beach spots|Natural spots,Beach,Nature & Recreation,Drivable,-20.8739,55.4531,,1008,No,Spring; Summer; Autumn,images/FR-001008,,,
FR-001009,Viewpoint Paris 073,France,FR,Île-de-France,75,Paris,"Viewpoint location in Paris, Île-de-France, France.",Adventure spots|Natural spots,Viewpoint,Scenic Attraction,Drivable,48.8636,2.3592,,1009,No,Spring; Summer; Autumn,images/FR-001009,,,
FR-001010,Market Lyon 073,France,FR,Auvergne-Rhône-Alpes,69,Lyon,"Market location in Lyon, Auvergne-Rhône-Alpes, France.",Cultural spots,Market,Local Attraction,Drivable,45.773,4.8447,,1010,No,Spring; Summer; Autumn,images/FR-001010,,,
FR-001011,Art Gallery Marseille 073,France,FR,Provence-Alpes-Côte d'Azur,13,Marseille,"Art Gallery location in Marseille, Provence-Alpes-Côte d'Azur, France.",Cultural spots,Art Gallery,Cultural Attraction,Drivable,43.2875,5.3608,,1011,No,Spring; Summer; Autumn,images/FR-001011,,,
FR-001012,Theatre Bordeaux 073,France,FR,Nouvelle-Aquitaine,33,Bordeaux,"Theatre location in Bordeaux, Nouvelle-Aquitaine, France.",Historical spots,Theatre,Performing Arts,Drivable,44.8308,-0.5862,,1012,No,Spring; Summer; Autumn,images/FR-001012,,,
FR-001013,Church Toulouse 073,France,FR,Occitanie,31,Toulouse,"Church location in Toulouse, Occitanie, France.",Religious/spiritual spots,Church,Religious Site,Drivable,43.5997,1.4392,,1013,No,Spring; Summer; Autumn,images/FR-001013,,,
FR-001014,Abbey Lille 073,France,FR,Hauts-de-France,59,Lille,"Abbey location in Lille, Hauts-de-France, France.",Religious/spiritual spots,Abbey,Religious Site,Drivable,50.6262,3.0543,,1014,No,Spring; Summer; Autumn,images/FR-001014,,,
FR-001015,Fortress Strasbourg 073,France,FR,Grand Est,67,Strasbourg,"Fortress location in Strasbourg, Grand Est, France.",Historical spots,Fortress,Historic Landmark,Drivable,48.5724,7.7511,,1015,No,Spring; Summer; Autumn,images/FR-001015,,,
FR-001016,Archaeological Site Nantes 073,France,FR,Pays de la Loire,44,Nantes,"Archaeological Site location in Nantes, Pays de la Loire, France.",Historical spots,Archaeological Site,Historic Site,Drivable,47.2194,-1.5526,,1016,No,Spring; Summer; Autumn,images/FR-001016,,,
FR-001017,Zoo Rennes 073,France,FR,Bretagne,35,Rennes,"Zoo location in Rennes, Bretagne, France.",Wildlife spots,Zoo,Family Attraction,Drivable,48.1203,-1.6748,,1017,No,Spring; Summer; Autumn,images/FR-001017,,,
FR-001018,Aquarium Rouen 073,France,FR,Normandie,76,Rouen,"Aquarium location in Rouen, Normandie, France.",Wildlife spots,Aquarium,Family Attraction,Drivable,49.4482,1.1043,,1018,No,Spring; Summer; Autumn,images/FR-001018,,,
FR-001019,Botanical Garden Dijon 073,France,FR,Bourgogne-Franche-Comté,21,Dijon,"Botanical Garden location in Dijon, Bourgogne-Franche-Comté, France.",Cultural spots|Natural spots,Botanical Garden,Nature & Recreation,Drivable,47.329,5.0485,,1019,No,Spring; Summer; Autumn,images/FR-001019,,,
FR-001020,Marina Tours 073,France,FR,Centre-Val de Loire,37,Tours,"Marina location in Tours, Centre-Val de Loire, France.",Beach spots|Cultural spots,Marina,Leisure,Drivable,47.4031,0.6938,,1020,No,Spring; Summer; Autumn,images/FR-001020,,,
FR-001021,Historic Site Ajaccio 073,France,FR,Corse,2A,Ajaccio,"Historic Site location in Ajaccio, Corse, France.",Historical spots,Historic Site,Landmark,Drivable,41.9102,8.7296,,1021,No,Spring; Summer; Autumn,images/FR-001021,,,
FR-001022,Museum Saint-Denis 073,France,FR,La Réunion,974,Saint-Denis,"Museum location in Saint-Denis, La Réunion, France.",Historical spots|Cultural spots,Museum,Cultural Attraction,Drivable,-20.8859,55.4411,,1022,No,Spring; Summer; Autumn,images/FR-001022,,,
FR-001023,Castle Paris 074,France,FR,Île-de-France,75,Paris,"Castle location in Paris, Île-de-France, France.",Historical spots,Castle,Historic Landmark,Drivable,48.8516,2.3472,,1023,No,Spring; Summer; Autumn,images/FR-001023,,,
FR-001024,Cathedral Lyon 074,France,FR,Auvergne-Rhône-Alpes,69,Lyon,"Cathedral location in Lyon, Auvergne-Rhône-Alpes, France.",Religious/spiritual spots,Cathedral,Religious Site,Drivable,45.761,4.8327,,1024,No,Spring; Summer; Autumn,images/FR-001024,,,
FR-001025,Park Marseille 074,France,FR,Provence-Alpes-Côte d'Azur,13,Marseille,"Park location in Marseille, Provence-Alpes-Côte d'Azur, France.",Natural spots,Park,Nature & Recreation,Drivable,43.2955,5.3688,,1025,No,Spring; Summer; Autumn,images/FR-001025,,,
FR-001026,Garden Bordeaux 074,France,FR,Nouvelle-Aquitaine,33,Bordeaux,"Garden location in Bordeaux, Nouvelle-Aquitaine, France.",Cultural spots|Natural spots,Garden,Nature & Recreation,Drivable,44.8388,-0.5782,,1026,No,Spring; Summer; Autumn,images/FR-001026,,,
FR-001027,Monument Toulouse 074,France,FR,Occitanie,31,Toulouse,"Monument location in Toulouse, Occitanie, France.",Historical spots,Monument,Landmark,Drivable,43.6077,1.4472,,1027,No,Spring; Summer; Autumn,images/FR-001027,,,
FR-001028,Beach Lille 074,France,FR,Hauts-de-France,59,Lille,"Beach location in Lille, Hauts-de-France, France.",Beach spots|Natural spots,Beach,Nature & Recreation,Drivable,50.6342,3.0623,,1028,No,Spring; Summer; Autumn,images/FR-001028,,,
FR-001029,Viewpoint Strasbourg 074,France,FR,Grand Est,67,Strasbourg,"Viewpoint location in Strasbourg, Grand Est, France.",Adventure spots|Natural spots,Viewpoint,Scenic Attraction,Drivable,48.5804,7.7591,,1029,No,Spring; Summer; Autumn,images/FR-001029,,,
FR-001030,Market Nantes 074,France,FR,Pays de la Loire,44,Nantes,"Market location in Nantes, Pays de la Loire, France.",Cultural spots,Market,Local Attraction,Drivable,47.2274,-1.5446,,1030,No,Spring; Summer; Autumn,images/FR-001030,,,
FR-001031,Art Gallery Rennes 074,France,FR,Bretagne,35,Rennes,"Art Gallery location in Rennes, Bretagne, France.",Cultural spots,Art Gallery,Cultural Attraction,Drivable,48.1083,-1.6868,,1031,No,Spring; Summer; Autumn,images/FR-001031,,,
FR-001032,Theatre Rouen 074,France,FR,Normandie,76,Rouen,"Theatre location in Rouen, Normandie, France.",Historical spots,Theatre,Performing Arts,Drivable,49.4362,1.0923,,1032,No,Spring; Summer; Autumn,images/FR-001032,,,
FR-001033,Church Dijon 074,France,FR,Bourgogne-Franche-Comté,21,Dijon,"Church location in Dijon, Bourgogne-Franche-Comté, France.",Religious/spiritual spots,Church,Religious Site,Drivable,47.317,5.0365,,1033,No,Spring; Summer; Autumn,images/FR-001033,,,
FR-001034,Abbey Tours 074,France,FR,Centre-Val de Loire,37,Tours,"Abbey location in Tours, Centre-Val de Loire, France.",Religious/spiritual spots,Abbey,Religious Site,Drivable,47.3911,0.6818,,1034,No,Spring; Summer; Autumn,images/FR-001034,,,
FR-001035,Fortress Ajaccio 074,France,FR,Corse,2A,Ajaccio,"Fortress location in Ajaccio, Corse, France.",Historical spots,Fortress,Historic Landmark,Drivable,41.9182,8.7376,,1035,No,Spring; Summer; Autumn,images/FR-001035,,,
FR-001036,Archaeological Site Saint-Denis 074,France,FR,La Réunion,974,Saint-Denis,"Archaeological Site location in Saint-Denis, La Réunion, France.",Historical spots,Archaeological Site,Historic Site,Drivable,-20.8779,55.4491,,1036,No,Spring; Summer; Autumn,images/FR-001036,,,
FR-001037,Zoo Paris 075,France,FR,Île-de-France,75,Paris,"Zoo location in Paris, Île-de-France, France.",Wildlife spots,Zoo,Family Attraction,Drivable,48.8596,2.3552,,1037,No,Spring; Summer; Autumn,images/FR-001037,,,
FR-001038,Aquarium Lyon 075,France,FR,Auvergne-Rhône-Alpes,69,Lyon,"Aquarium location in Lyon, Auvergne-Rhône-Alpes, France.",Wildlife spots,Aquarium,Family Attraction,Drivable,45.769,4.8407,,1038,No,Spring; Summer; Autumn,images/FR-001038,,,
FR-001039,Botanical Garden Marseille 075,France,FR,Provence-Alpes-Côte d'Azur,13,Marseille,"Botanical Garden location in Marseille, Provence-Alpes-Côte d'Azur, France.",Cultural spots|Natural spots,Botanical Garden,Nature & Recreation,Drivable,43.3035,5.3768,,1039,No,Spring; Summer; Autumn,images/FR-001039,,,
FR-001040,Marina Bordeaux 075,France,FR,Nouvelle-Aquitaine,33,Bordeaux,"Marina location in Bordeaux, Nouvelle-Aquitaine, France.",Beach spots|Cultural spots,Marina,Leisure,Drivable,44.8468,-0.5702,,1040,No,Spring; Summer; Autumn,images/FR-001040,,,
FR-001041,Historic Site Toulouse 075,France,FR,Occitanie,31,Toulouse,"Historic Site location in Toulouse, Occitanie, France.",Historical spots,Historic Site,Landmark,Drivable,43.5957,1.4352,,1041,No,Spring; Summer; Autumn,images/FR-001041,,,
FR-001042,Museum Lille 075,France,FR,Hauts-de-France,59,Lille,"Museum location in Lille, Hauts-de-France, France.",Historical spots|Cultural spots,Museum,Cultural Attraction,Drivable,50.6222,3.0503,,1042,No,Spring; Summer; Autumn,images/FR-001042,,,
FR-001043,Castle Strasbourg 075,France,FR,Grand Est,67,Strasbourg,"Castle location in Strasbourg, Grand Est, France.",Historical spots,Castle,Historic Landmark,Drivable,48.5684,7.7471,,1043,No,Spring; Summer; Autumn,images/FR-001043,,,
FR-001044,Cathedral Nantes 075,France,FR,Pays de la Loire,44,Nantes,"Cathedral location in Nantes, Pays de la Loire, France.",Religious/spiritual spots,Cathedral,Religious Site,Drivable,47.2154,-1.5566,,1044,No,Spring; Summer; Autumn,images/FR-001044,,,
FR-001045,Park Rennes 075,France,FR,Bretagne,35,Rennes,"Park location in Rennes, Bretagne, France.",Natural spots,Park,Nature & Recreation,Drivable,48.1163,-1.6788,,1045,No,Spring; Summer; Autumn,images/FR-001045,,,
FR-001046,Garden Rouen 075,France,FR,Normandie,76,Rouen,"Garden location in Rouen, Normandie, France.",Cultural spots|Natural spots,Garden,Nature & Recreation,Drivable,49.4442,1.1003,,1046,No,Spring; Summer; Autumn,images/FR-001046,,,
FR-001047,Monument Dijon 075,France,FR,Bourgogne-Franche-Comté,21,Dijon,"Monument location in Dijon, Bourgogne-Franche-Comté, France.",Historical spots,Monument,Landmark,Drivable,47.325,5.0445,,1047,No,Spring; Summer; Autumn,images/FR-001047,,,
FR-001048,Beach Tours 075,France,FR,Centre-Val de Loire,37,Tours,"Beach location in Tours, Centre-Val de Loire, France.",Beach spots|Natural spots,Beach,Nature & Recreation,Drivable,47.3991,0.6898,,1048,No,Spring; Summer; Autumn,images/FR-001048,,,
FR-001049,Viewpoint Ajaccio 075,France,FR,Corse,2A,Ajaccio,"Viewpoint location in Ajaccio, Corse, France.",Adventure spots|Natural spots,Viewpoint,Scenic Attraction,Drivable,41.9262,8.7456,,1049,No,Spring; Summer; Autumn,images/FR-001049,,,
FR-001050,Market Saint-Denis 075,France,FR,La Réunion,974,Saint-Denis,"Market location in Saint-Denis, La Réunion, France.",Cultural spots,Market,Local Attraction,Drivable,-20.8699,55.4571,,1050,No,Spring; Summer; Autumn,images/FR-001050,,,
FR-001051,Art Gallery Paris 076,France,FR,Île-de-France,75,Paris,"Art Gallery location in Paris, Île-de-France, France.",Cultural spots,Art Gallery,Cultural Attraction,Drivable,48.8476,2.3432,,1051,No,Spring; Summer; Autumn,images/FR-001051,,,
FR-001052,Theatre Lyon 076,France,FR,Auvergne-Rhône-Alpes,69,Lyon,"Theatre location in Lyon, Auvergne-Rhône-Alpes, France.",Historical spots,Theatre,Performing Arts,Drivable,45.757,4.8287,,1052,No,Spring; Summer; Autumn,images/FR-001052,,,
FR-001053,Church Marseille 076,France,FR,Provence-Alpes-Côte d'Azur,13,Marseille,"Church location in Marseille, Provence-Alpes-Côte d'Azur, France.",Religious/spiritual spots,Church,Religious Site,Drivable,43.2915,5.3648,,1053,No,Spring; Summer; Autumn,images/FR-001053,,,
FR-001054,Abbey Bordeaux 076,France,FR,Nouvelle-Aquitaine,33,Bordeaux,"Abbey location in Bordeaux, Nouvelle-Aquitaine, France.",Religious/spiritual spots,Abbey,Religious Site,Drivable,44.8348,-0.5822,,1054,No,Spring; Summer; Autumn,images/FR-001054,,,
FR-001055,Fortress Toulouse 076,France,FR,Occitanie,31,Toulouse,"Fortress location in Toulouse, Occitanie, France.",Historical spots,Fortress,Historic Landmark,Drivable,43.6037,1.4432,,1055,No,Spring; Summer; Autumn,images/FR-001055,,,
FR-001056,Archaeological Site Lille 076,France,FR,Hauts-de-France,59,Lille,"Archaeological Site location in Lille, Hauts-de-France, France.",Historical spots,Archaeological Site,Historic Site,Drivable,50.6302,3.0583,,1056,No,Spring; Summer; Autumn,images/FR-001056,,,
FR-001057,Zoo Strasbourg 076,France,FR,Grand Est,67,Strasbourg,"Zoo location in Strasbourg, Grand Est, France.",Wildlife spots,Zoo,Family Attraction,Drivable,48.5764,7.7551,,1057,No,Spring; Summer; Autumn,images/FR-001057,,,
FR-001058,Aquarium Nantes 076,France,FR,Pays de la Loire,44,Nantes,"Aquarium location in Nantes, Pays de la Loire, France.",Wildlife spots,Aquarium,Family Attraction,Drivable,47.2234,-1.5486,,1058,No,Spring; Summer; Autumn,images/FR-001058,,,
FR-001059,Botanical Garden Rennes 076,France,FR,Bretagne,35,Rennes,"Botanical Garden location in Rennes, Bretagne, France.",Cultural spots|Natural spots,Botanical Garden,Nature & Recreation,Drivable,48.1243,-1.6708,,1059,No,Spring; Summer; Autumn,images/FR-001059,,,
FR-001060,Marina Rouen 076,France,FR,Normandie,76,Rouen,"Marina location in Rouen, Normandie, France.",Beach spots|Cultural spots,Marina,Leisure,Drivable,49.4522,1.1083,,1060,No,Spring; Summer; Autumn,images/FR-001060,,,
FR-001061,Historic Site Dijon 076,France,FR,Bourgogne-Franche-Comté,21,Dijon,"Historic Site location in Dijon, Bourgogne-Franche-Comté, France.",Historical spots,Historic Site,Landmark,Drivable,47.313,5.0325,,1061,No,Spring; Summer; Autumn,images/FR-001061,,,
FR-001062,Museum Tours 076,France,FR,Centre-Val de Loire,37,Tours,"Museum location in Tours, Centre-Val de Loire, France.",Historical spots|Cultural spots,Museum,Cultural Attraction,Drivable,47.3871,0.6778,,1062,No,Spring; Summer; Autumn,images/FR-001062,,,
FR-001063,Castle Ajaccio 076,France,FR,Corse,2A,Ajaccio,"Castle location in Ajaccio, Corse, France.",Historical spots,Castle,Historic Landmark,Drivable,41.9142,8.7336,,1063,No,Spring; Summer; Autumn,images/FR-001063,,,
FR-001064,Cathedral Saint-Denis 076,France,FR,La Réunion,974,Saint-Denis,"Cathedral location in Saint-Denis, La Réunion, France.",Religious/spiritual spots,Cathedral,Religious Site,Drivable,-20.8819,55.4451,,1064,No,Spring; Summer; Autumn,images/FR-001064,,,
FR-001065,Park Paris 077,France,FR,Île-de-France,75,Paris,"Park location in Paris, Île-de-France, France.",Natural spots,Park,Nature & Recreation,Drivable,48.8556,2.3512,,1065,No,Spring; Summer; Autumn,images/FR-001065,,,
FR-001066,Garden Lyon 077,France,FR,Auvergne-Rhône-Alpes,69,Lyon,"Garden location in Lyon, Auvergne-Rhône-Alpes, France.",Cultural spots|Natural spots,Garden,Nature & Recreation,Drivable,45.765,4.8367,,1066,No,Spring; Summer; Autumn,images/FR-001066,,,
FR-001067,Monument Marseille 077,France,FR,Provence-Alpes-Côte d'Azur,13,Marseille,"Monument location in Marseille, Provence-Alpes-Côte d'Azur, France.",Historical spots,Monument,Landmark,Drivable,43.2995,5.3728,,1067,No,Spring; Summer; Autumn,images/FR-001067,,,
FR-001068,Beach Bordeaux 077,France,FR,Nouvelle-Aquitaine,33,Bordeaux,"Beach location in Bordeaux, Nouvelle-Aquitaine, France.",Beach spots|Natural spots,Beach,Nature & Recreation,Drivable,44.8428,-0.5742,,1068,No,Spring; Summer; Autumn,images/FR-001068,,,
FR-001069,Viewpoint Toulouse 077,France,FR,Occitanie,31,Toulouse,"Viewpoint location in Toulouse, Occitanie, France.",Adventure spots|Natural spots,Viewpoint,Scenic Attraction,Drivable,43.6117,1.4512,,1069,No,Spring; Summer; Autumn,images/FR-001069,,,
FR-001070,Market Lille 077,France,FR,Hauts-de-France,59,Lille,"Market location in Lille, Hauts-de-France, France.",Cultural spots,Market,Local Attraction,Drivable,50.6382,3.0663,,1070,No,Spring; Summer; Autumn,images/FR-001070,,,
FR-001071,Art Gallery Strasbourg 077,France,FR,Grand Est,67,Strasbourg,"Art Gallery location in Strasbourg, Grand Est, France.",Cultural spots,Art Gallery,Cultural Attraction,Drivable,48.5644,7.7431,,1071,No,Spring; Summer; Autumn,images/FR-001071,,,
FR-001072,Theatre Nantes 077,France,FR,Pays de la Loire,44,Nantes,"Theatre location in Nantes, Pays de la Loire, France.",Historical spots,Theatre,Performing Arts,Drivable,47.2114,-1.5606,,1072,No,Spring; Summer; Autumn,images/FR-001072,,,
FR-001073,Church Rennes 077,France,FR,Bretagne,35,Rennes,"Church location in Rennes, Bretagne, France.",Religious/spiritual spots,Church,Religious Site,Drivable,48.1123,-1.6828,,1073,No,Spring; Summer; Autumn,images/FR-001073,,,
FR-001074,Abbey Rouen 077,France,FR,Normandie,76,Rouen,"Abbey location in Rouen, Normandie, France.",Religious/spiritual spots,Abbey,Religious Site,Drivable,49.4402,1.0963,,1074,No,Spring; Summer; Autumn,images/FR-001074,,,
FR-001075,Fortress Dijon 077,France,FR,Bourgogne-Franche-Comté,21,Dijon,"Fortress location in Dijon, Bourgogne-Franche-Comté, France.",Historical spots,Fortress,Historic Landmark,Drivable,47.321,5.0405,,1075,No,Spring; Summer; Autumn,images/FR-001075,,,
FR-001076,Archaeological Site Tours 077,France,FR,Centre-Val de Loire,37,Tours,"Archaeological Site location in Tours, Centre-Val de Loire, France.",Historical spots,Archaeological Site,Historic Site,Drivable,47.3951,0.6858,,1076,No,Spring; Summer; Autumn,images/FR-001076,,,
FR-001077,Zoo Ajaccio 077,France,FR,Corse,2A,Ajaccio,"Zoo location in Ajaccio, Corse, France.",Wildlife spots,Zoo,Family Attraction,Drivable,41.9222,8.7416,,1077,No,Spring; Summer; Autumn,images/FR-001077,,,
FR-001078,Aquarium Saint-Denis 077,France,FR,La Réunion,974,Saint-Denis,"Aquarium location in Saint-Denis, La Réunion, France.",Wildlife spots,Aquarium,Family Attraction,Drivable,-20.8739,55.4531,,1078,No,Spring; Summer; Autumn,images/FR-001078,,,
FR-001079,Botanical Garden Paris 078,France,FR,Île-de-France,75,Paris,"Botanical Garden location in Paris, Île-de-France, France.",Cultural spots|Natural spots,Botanical Garden,Nature & Recreation,Drivable,48.8636,2.3592,,1079,No,Spring; Summer; Autumn,images/FR-001079,,,
FR-001080,Marina Lyon 078,France,FR,Auvergne-Rhône-Alpes,69,Lyon,"Marina location in Lyon, Auvergne-Rhône-Alpes, France.",Beach spots|Cultural spots,Marina,Leisure,Drivable,45.773,4.8447,,1080,No,Spring; Summer; Autumn,images/FR-001080,,,
FR-001081,Historic Site Marseille 078,France,FR,Provence-Alpes-Côte d'Azur,13,Marseille,"Historic Site location in Marseille, Provence-Alpes-Côte d'Azur, France.",Historical spots,Historic Site,Landmark,Drivable,43.2875,5.3608,,1081,No,Spring; Summer; Autumn,images/FR-001081,,,
FR-001082,Museum Bordeaux 078,France,FR,Nouvelle-Aquitaine,33,Bordeaux,"Museum location in Bordeaux, Nouvelle-Aquitaine, France.",Historical spots|Cultural spots,Museum,Cultural Attraction,Drivable,44.8308,-0.5862,,1082,No,Spring; Summer; Autumn,images/FR-001082,,,
FR-001083,Castle Toulouse 078,France,FR,Occitanie,31,Toulouse,"Castle location in Toulouse, Occitanie, France.",Historical spots,Castle,Historic Landmark,Drivable,43.5997,1.4392,,1083,No,Spring; Summer; Autumn,images/FR-001083,,,
FR-001084,Cathedral Lille 078,France,FR,Hauts-de-France,59,Lille,"Cathedral location in Lille, Hauts-de-France, France.",Religious/spiritual spots,Cathedral,Religious Site,Drivable,50.6262,3.0543,,1084,No,Spring; Summer; Autumn,images/FR-001084,,,
FR-001085,Park Strasbourg 078,France,FR,Grand Est,67,Strasbourg,"Park location in Strasbourg, Grand Est, France.",Natural spots,Park,Nature & Recreation,Drivable,48.5724,7.7511,,1085,No,Spring; Summer; Autumn,images/FR-001085,,,
FR-001086,Garden Nantes 078,France,FR,Pays de la Loire,44,Nantes,"Garden location in Nantes, Pays de la Loire, France.",Cultural spots|Natural spots,Garden,Nature & Recreation,Drivable,47.2194,-1.5526,,1086,No,Spring; Summer; Autumn,images/FR-001086,,,
FR-001087,Monument Rennes 078,France,FR,Bretagne,35,Rennes,"Monument location in Rennes, Bretagne, France.",Historical spots,Monument,Landmark,Drivable,48.1203,-1.6748,,1087,No,Spring; Summer; Autumn,images/FR-001087,,,
FR-001088,Beach Rouen 078,France,FR,Normandie,76,Rouen,"Beach location in Rouen, Normandie, France.",Beach spots|Natural spots,Beach,Nature & Recreation,Drivable,49.4482,1.1043,,1088,No,Spring; Summer; Autumn,images/FR-001088,,,
FR-001089,Viewpoint Dijon 078,France,FR,Bourgogne-Franche-Comté,21,Dijon,"Viewpoint location in Dijon, Bourgogne-Franche-Comté, France.",Adventure spots|Natural spots,Viewpoint,Scenic Attraction,Drivable,47.329,5.0485,,1089,No,Spring; Summer; Autumn,images/FR-001089,,,
FR-001090,Market Tours 078,France,FR,Centre-Val de Loire,37,Tours,"Market location in Tours, Centre-Val de Loire, France.",Cultural spots,Market,Local Attraction,Drivable,47.4031,0.6938,,1090,No,Spring; Summer; Autumn,images/FR-001090,,,
FR-001091,Art Gallery Ajaccio 078,France,FR,Corse,2A,Ajaccio,"Art Gallery location in Ajaccio, Corse, France.",Cultural spots,Art Gallery,Cultural Attraction,Drivable,41.9102,8.7296,,1091,No,Spring; Summer; Autumn,images/FR-001091,,,
FR-001092,Theatre Saint-Denis 078,France,FR,La Réunion,974,Saint-Denis,"Theatre location in Saint-Denis, La Réunion, France.",Historical spots,Theatre,Performing Arts,Drivable,-20.8859,55.4411,,1092,No,Spring; Summer; Autumn,images/FR-001092,,,
FR-001093,Church Paris 079,France,FR,Île-de-France,75,Paris,"Church location in Paris, Île-de-France, France.",Religious/spiritual spots,Church,Religious Site,Drivable,48.8516,2.3472,,1093,No,Spring; Summer; Autumn,images/FR-001093,,,
FR-001094,Abbey Lyon 079,France,FR,Auvergne-Rhône-Alpes,69,Lyon,"Abbey location in Lyon, Auvergne-Rhône-Alpes, France.",Religious/spiritual spots,Abbey,Religious Site,Drivable,45.761,4.8327,,1094,No,Spring; Summer; Autumn,images/FR-001094,,,
FR-001095,Fortress Marseille 079,France,FR,Provence-Alpes-Côte d'Azur,13,Marseille,"Fortress location in Marseille, Provence-Alpes-Côte d'Azur, France.",Historical spots,Fortress,Historic Landmark,Drivable,43.2955,5.3688,,1095,No,Spring; Summer; Autumn,images/FR-001095,,,
FR-001096,Archaeological Site Bordeaux 079,France,FR,Nouvelle-Aquitaine,33,Bordeaux,"Archaeological Site location in Bordeaux, Nouvelle-Aquitaine, France.",Historical spots,Archaeological Site,Historic Site,Drivable,44.8388,-0.5782,,1096,No,Spring; Summer; Autumn,images/FR-001096,,,
FR-001097,Zoo Toulouse 079,France,FR,Occitanie,31,Toulouse,"Zoo location in Toulouse, Occitanie, France.",Wildlife spots,Zoo,Family Attraction,Drivable,43.6077,1.4472,,1097,No,Spring; Summer; Autumn,images/FR-001097,,,
FR-001098,Aquarium Lille 079,France,FR,Hauts-de-France,59,Lille,"Aquarium location in Lille, Hauts-de-France, France.",Wildlife spots,Aquarium,Family Attraction,Drivable,50.6342,3.0623,,1098,No,Spring; Summer; Autumn,images/FR-001098,,,
FR-001099,Botanical Garden Strasbourg 079,France,FR,Grand Est,67,Strasbourg,"Botanical Garden location in Strasbourg, Grand Est, France.",Cultural spots|Natural spots,Botanical Garden,Nature & Recreation,Drivable,48.5804,7.7591,,1099,No,Spring; Summer; Autumn,images/FR-001099,,,
FR-001100,Marina Nantes 079,France,FR,Pays de la Loire,44,Nantes,"Marina location in Nantes, Pays de la Loire, France.",Beach spots|Cultural spots,Marina,Leisure,Drivable,47.2274,-1.5446,,1100,No,Spring; Summer; Autumn,images/FR-001100,,,
FR-001101,Historic Site Rennes 079,France,FR,Bretagne,35,Rennes,"Historic Site location in Rennes, Bretagne, France.",Historical spots,Historic Site,Landmark,Drivable,48.1083,-1.6868,,1101,No,Spring; Summer; Autumn,images/FR-001101,,,
FR-001102,Museum Rouen 079,France,FR,Normandie,76,Rouen,"Museum location in Rouen, Normandie, France.",Historical spots|Cultural spots,Museum,Cultural Attraction,Drivable,49.4362,1.0923,,1102,No,Spring; Summer; Autumn,images/FR-001102,,,
FR-001103,Castle Dijon 079,France,FR,Bourgogne-Franche-Comté,21,Dijon,"Castle location in Dijon, Bourgogne-Franche-Comté, France.",Historical spots,Castle,Historic Landmark,Drivable,47.317,5.0365,,1103,No,Spring; Summer; Autumn,images/FR-001103,,,
FR-001104,Cathedral Tours 079,France,FR,Centre-Val de Loire,37,Tours,"Cathedral location in Tours, Centre-Val de Loire, France.",Religious/spiritual spots,Cathedral,Religious Site,Drivable,47.3911,0.6818,,1104,No,Spring; Summer; Autumn,images/FR-001104,,,
FR-001105,Park Ajaccio 079,France,FR,Corse,2A,Ajaccio,"Park location in Ajaccio, Corse, France.",Natural spots,Park,Nature & Recreation,Drivable,41.9182,8.7376,,1105,No,Spring; Summer; Autumn,images/FR-001105,,,
FR-001106,Garden Saint-Denis 079,France,FR,La Réunion,974,Saint-Denis,"Garden location in Saint-Denis, La Réunion, France.",Cultural spots|Natural spots,Garden,Nature & Recreation,Drivable,-20.8779,55.4491,,1106,No,Spring; Summer; Autumn,images/FR-001106,,,
FR-001107,Monument Paris 080,France,FR,Île-de-France,75,Paris,"Monument location in Paris, Île-de-France, France.",Historical spots,Monument,Landmark,Drivable,48.8596,2.3552,,1107,No,Spring; Summer; Autumn,images/FR-001107,,,
FR-001108,Beach Lyon 080,France,FR,Auvergne-Rhône-Alpes,69,Lyon,"Beach location in Lyon, Auvergne-Rhône-Alpes, France.",Beach spots|Natural spots,Beach,Nature & Recreation,Drivable,45.769,4.8407,,1108,No,Spring; Summer; Autumn,images/FR-001108,,,
FR-001109,Viewpoint Marseille 080,France,FR,Provence-Alpes-Côte d'Azur,13,Marseille,"Viewpoint location in Marseille, Provence-Alpes-Côte d'Azur, France.",Adventure spots|Natural spots,Viewpoint,Scenic Attraction,Drivable,43.3035,5.3768,,1109,No,Spring; Summer; Autumn,images/FR-001109,,,
FR-001110,Market Bordeaux 080,France,FR,Nouvelle-Aquitaine,33,Bordeaux,"Market location in Bordeaux, Nouvelle-Aquitaine, France.",Cultural spots,Market,Local Attraction,Drivable,44.8468,-0.5702,,1110,No,Spring; Summer; Autumn,images/FR-001110,,,
FR-001111,Art Gallery Toulouse 080,France,FR,Occitanie,31,Toulouse,"Art Gallery location in Toulouse, Occitanie, France.",Cultural spots,Art Gallery,Cultural Attraction,Drivable,43.5957,1.4352,,1111,No,Spring; Summer; Autumn,images/FR-001111,,,
FR-001112,Theatre Lille 080,France,FR,Hauts-de-France,59,Lille,"Theatre location in Lille, Hauts-de-France, France.",Historical spots,Theatre,Performing Arts,Drivable,50.6222,3.0503,,1112,No,Spring; Summer; Autumn,images/FR-001112,,,
FR-001113,Church Strasbourg 080,France,FR,Grand Est,67,Strasbourg,"Church location in Strasbourg, Grand Est, France.",Religious/spiritual spots,Church,Religious Site,Drivable,48.5684,7.7471,,1113,No,Spring; Summer; Autumn,images/FR-001113,,,
FR-001114,Abbey Nantes 080,France,FR,Pays de la Loire,44,Nantes,"Abbey location in Nantes, Pays de la Loire, France.",Religious/spiritual spots,Abbey,Religious Site,Drivable,47.2154,-1.5566,,1114,No,Spring; Summer; Autumn,images/FR-001114,,,
FR-001115,Fortress Rennes 080,France,FR,Bretagne,35,Rennes,"Fortress location in Rennes, Bretagne, France.",Historical spots,Fortress,Historic Landmark,Drivable,48.1163,-1.6788,,1115,No,Spring; Summer; Autumn,images/FR-001115,,,
FR-001116,Archaeological Site Rouen 080,France,FR,Normandie,76,Rouen,"Archaeological Site location in Rouen, Normandie, France.",Historical spots,Archaeological Site,Historic Site,Drivable,49.4442,1.1003,,1116,No,Spring; Summer; Autumn,images/FR-001116,,,
FR-001117,Zoo Dijon 080,France,FR,Bourgogne-Franche-Comté,21,Dijon,"Zoo location in Dijon, Bourgogne-Franche-Comté, France.",Wildlife spots,Zoo,Family Attraction,Drivable,47.325,5.0445,,1117,No,Spring; Summer; Autumn,images/FR-001117,,,
FR-001118,Aquarium Tours 080,France,FR,Centre-Val de Loire,37,Tours,"Aquarium location in Tours, Centre-Val de Loire, France.",Wildlife spots,Aquarium,Family Attraction,Drivable,47.3991,0.6898,,1118,No,Spring; Summer; Autumn,images/FR-001118,,,
FR-001119,Botanical Garden Ajaccio 080,France,FR,Corse,2A,Ajaccio,"Botanical Garden location in Ajaccio, Corse, France.",Cultural spots|Natural spots,Botanical Garden,Nature & Recreation,Drivable,41.9262,8.7456,,1119,No,Spring; Summer; Autumn,images/FR-001119,,,
FR-001120,Marina Saint-Denis 080,France,FR,La Réunion,974,Saint-Denis,"Marina location in Saint-Denis, La Réunion, France.",Beach spots|Cultural spots,Marina,Leisure,Drivable,-20.8699,55.4571,,1120,No,Spring; Summer; Autumn,images/FR-001120,,,
FR-001121,Historic Site Paris 081,France,FR,Île-de-France,75,Paris,"Historic Site location in Paris, Île-de-France, France.",Historical spots,Historic Site,Landmark,Drivable,48.8476,2.3432,,1121,No,Spring; Summer; Autumn,images/FR-001121,,,
FR-001122,Museum Lyon 081,France,FR,Auvergne-Rhône-Alpes,69,Lyon,"Museum location in Lyon, Auvergne-Rhône-Alpes, France.",Historical spots|Cultural spots,Museum,Cultural Attraction,Drivable,45.757,4.8287,,1122,No,Spring; Summer; Autumn,images/FR-001122,,,
FR-001123,Castle Marseille 081,France,FR,Provence-Alpes-Côte d'Azur,13,Marseille,"Castle location in Marseille, Provence-Alpes-Côte d'Azur, France.",Historical spots,Castle,Historic Landmark,Drivable,43.2915,5.3648,,1123,No,Spring; Summer; Autumn,images/FR-001123,,,
FR-001124,Cathedral Bordeaux 081,France,FR,Nouvelle-Aquitaine,33,Bordeaux,"Cathedral location in Bordeaux, Nouvelle-Aquitaine, France.",Religious/spiritual spots,Cathedral,Religious Site,Drivable,44.8348,-0.5822,,1124,No,Spring; Summer; Autumn,images/FR-001124,,,
FR-001125,Park Toulouse 081,France,FR,Occitanie,31,Toulouse,"Park location in Toulouse, Occitanie, France.",Natural spots,Park,Nature & Recreation,Drivable,43.6037,1.4432,,1125,No,Spring; Summer; Autumn,images/FR-001125,,,
FR-001126,Garden Lille 081,France,FR,Hauts-de-France,59,Lille,"Garden location in Lille, Hauts-de-France, France.",Cultural spots|Natural spots,Garden,Nature & Recreation,Drivable,50.6302,3.0583,,1126,No,Spring; Summer; Autumn,images/FR-001126,,,
FR-001127,Monument Strasbourg 081,France,FR,Grand Est,67,Strasbourg,"Monument location in Strasbourg, Grand Est, France.",Historical spots,Monument,Landmark,Drivable,48.5764,7.7551,,1127,No,Spring; Summer; Autumn,images/FR-001127,,,
FR-001128,Beach Nantes 081,France,FR,Pays de la Loire,44,Nantes,"Beach location in Nantes, Pays de la Loire, France.",Beach spots|Natural spots,Beach,Nature & Recreation,Drivable,47.2234,-1.5486,,1128,No,Spring; Summer; Autumn,images/FR-001128,,,
FR-001129,Viewpoint Rennes 081,France,FR,Bretagne,35,Rennes,"Viewpoint location in Rennes, Bretagne, France.",Adventure spots|Natural spots,Viewpoint,Scenic Attraction,Drivable,48.1243,-1.6708,,1129,No,Spring; Summer; Autumn,images/FR-001129,,,
FR-001130,Market Rouen 081,France,FR,Normandie,76,Rouen,"Market location in Rouen, Normandie, France.",Cultural spots,Market,Local Attraction,Drivable,49.4522,1.1083,,1130,No,Spring; Summer; Autumn,images/FR-001130,,,
FR-001131,Art Gallery Dijon 081,France,FR,Bourgogne-Franche-Comté,21,Dijon,"Art Gallery location in Dijon, Bourgogne-Franche-Comté, France.",Cultural spots,Art Gallery,Cultural Attraction,Drivable,47.313,5.0325,,1131,No,Spring; Summer; Autumn,images/FR-001131,,,
FR-001132,Theatre Tours 081,France,FR,Centre-Val de Loire,37,Tours,"Theatre location in Tours, Centre-Val de Loire, France.",Historical spots,Theatre,Performing Arts,Drivable,47.3871,0.6778,,1132,No,Spring; Summer; Autumn,images/FR-001132,,,
FR-001133,Church Ajaccio 081,France,FR,Corse,2A,Ajaccio,"Church location in Ajaccio, Corse, France.",Religious/spiritual spots,Church,Religious Site,Drivable,41.9142,8.7336,,1133,No,Spring; Summer; Autumn,images/FR-001133,,,
FR-001134,Abbey Saint-Denis 081,France,FR,La Réunion,974,Saint-Denis,"Abbey location in Saint-Denis, La Réunion, France.",Religious/spiritual spots,Abbey,Religious Site,Drivable,-20.8819,55.4451,,1134,No,Spring; Summer; Autumn,images/FR-001134,,,
FR-001135,Fortress Paris 082,France,FR,Île-de-France,75,Paris,"Fortress location in Paris, Île-de-France, France.",Historical spots,Fortress,Historic Landmark,Drivable,48.8556,2.3512,,1135,No,Spring; Summer; Autumn,images/FR-001135,,,
FR-001136,Archaeological Site Lyon 082,France,FR,Auvergne-Rhône-Alpes,69,Lyon,"Archaeological Site location in Lyon, Auvergne-Rhône-Alpes, France.",Historical spots,Archaeological Site,Historic Site,Drivable,45.765,4.8367,,1136,No,Spring; Summer; Autumn,images/FR-001136,,,
FR-001137,Zoo Marseille 082,France,FR,Provence-Alpes-Côte d'Azur,13,Marseille,"Zoo location in Marseille, Provence-Alpes-Côte d'Azur, France.",Wildlife spots,Zoo,Family Attraction,Drivable,43.2995,5.3728,,1137,No,Spring; Summer; Autumn,images/FR-001137,,,
FR-001138,Aquarium Bordeaux 082,France,FR,Nouvelle-Aquitaine,33,Bordeaux,"Aquarium location in Bordeaux, Nouvelle-Aquitaine, France.",Wildlife spots,Aquarium,Family Attraction,Drivable,44.8428,-0.5742,,1138,No,Spring; Summer; Autumn,images/FR-001138,,,
FR-001139,Botanical Garden Toulouse 082,France,FR,Occitanie,31,Toulouse,"Botanical Garden location in Toulouse, Occitanie, France.",Cultural spots|Natural spots,Botanical Garden,Nature & Recreation,Drivable,43.6117,1.4512,,1139,No,Spring; Summer; Autumn,images/FR-001139,,,
FR-001140,Marina Lille 082,France,FR,Hauts-de-France,59,Lille,"Marina location in Lille, Hauts-de-France, France.",Beach spots|Cultural spots,Marina,Leisure,Drivable,50.6382,3.0663,,1140,No,Spring; Summer; Autumn,images/FR-001140,,,
FR-001141,Historic Site Strasbourg 082,France,FR,Grand Est,67,Strasbourg,"Historic Site location in Strasbourg, Grand Est, France.",Historical spots,Historic Site,Landmark,Drivable,48.5644,7.7431,,1141,No,Spring; Summer; Autumn,images/FR-001141,,,
FR-001142,Museum Nantes 082,France,FR,Pays de la Loire,44,Nantes,"Museum location in Nantes, Pays de la Loire, France.",Historical spots|Cultural spots,Museum,Cultural Attraction,Drivable,47.2114,-1.5606,,1142,No,Spring; Summer; Autumn,images/FR-001142,,,
FR-001143,Castle Rennes 082,France,FR,Bretagne,35,Rennes,"Castle location in Rennes, Bretagne, France.",Historical spots,Castle,Historic Landmark,Drivable,48.1123,-1.6828,,1143,No,Spring; Summer; Autumn,images/FR-001143,,,
FR-001144,Cathedral Rouen 082,France,FR,Normandie,76,Rouen,"Cathedral location in Rouen, Normandie, France.",Religious/spiritual spots,Cathedral,Religious Site,Drivable,49.4402,1.0963,,1144,No,Spring; Summer; Autumn,images/FR-001144,,,
FR-001145,Park Dijon 082,France,FR,Bourgogne-Franche-Comté,21,Dijon,"Park location in Dijon, Bourgogne-Franche-Comté, France.",Natural spots,Park,Nature & Recreation,Drivable,47.321,5.0405,,1145,No,Spring; Summer; Autumn,images/FR-001145,,,
FR-001146,Garden Tours 082,France,FR,Centre-Val de Loire,37,Tours,"Garden location in Tours, Centre-Val de Loire, France.",Cultural spots|Natural spots,Garden,Nature & Recreation,Drivable,47.3951,0.6858,,1146,No,Spring; Summer; Autumn,images/FR-001146,,,
FR-001147,Monument Ajaccio 082,France,FR,Corse,2A,Ajaccio,"Monument location in Ajaccio, Corse, France.",Historical spots,Monument,Landmark,Drivable,41.9222,8.7416,,1147,No,Spring; Summer; Autumn,images/FR-001147,,,
FR-001148,Beach Saint-Denis 082,France,FR,La Réunion,974,Saint-Denis,"Beach location in Saint-Denis, La Réunion, France.",Beach spots|Natural spots,Beach,Nature & Recreation,Drivable,-20.8739,55.4531,,1148,No,Spring; Summer; Autumn,images/FR-001148,,,
FR-001149,Viewpoint Paris 083,France,FR,Île-de-France,75,Paris,"Viewpoint location in Paris, Île-de-France, France.",Adventure spots|Natural spots,Viewpoint,Scenic Attraction,Drivable,48.8636,2.3592,,1149,No,Spring; Summer; Autumn,images/FR-001149,,,
FR-001150,Market Lyon 083,France,FR,Auvergne-Rhône-Alpes,69,Lyon,"Market location in Lyon, Auvergne-Rhône-Alpes, France.",Cultural spots,Market,Local Attraction,Drivable,45.773,4.8447,,1150,No,Spring; Summer; Autumn,images/FR-001150,,,
FR-001151,Art Gallery Marseille 083,France,FR,Provence-Alpes-Côte d'Azur,13,Marseille,"Art Gallery location in Marseille, Provence-Alpes-Côte d'Azur, France.",Cultural spots,Art Gallery,Cultural Attraction,Drivable,43.2875,5.3608,,1151,No,Spring; Summer; Autumn,images/FR-001151,,,
FR-001152,Theatre Bordeaux 083,France,FR,Nouvelle-Aquitaine,33,Bordeaux,"Theatre location in Bordeaux, Nouvelle-Aquitaine, France.",Historical spots,Theatre,Performing Arts,Drivable,44.8308,-0.5862,,1152,No,Spring; Summer; Autumn,images/FR-001152,,,
FR-001153,Church Toulouse 083,France,FR,Occitanie,31,Toulouse,"Church location in Toulouse, Occitanie, France.",Religious/spiritual spots,Church,Religious Site,Drivable,43.5997,1.4392,,1153,No,Spring; Summer; Autumn,images/FR-001153,,,
FR-001154,Abbey Lille 083,France,FR,Hauts-de-France,59,Lille,"Abbey location in Lille, Hauts-de-France, France.",Religious/spiritual spots,Abbey,Religious Site,Drivable,50.6262,3.0543,,1154,No,Spring; Summer; Autumn,images/FR-001154,,,
FR-001155,Fortress Strasbourg 083,France,FR,Grand Est,67,Strasbourg,"Fortress location in Strasbourg, Grand Est, France.",Historical spots,Fortress,Historic Landmark,Drivable,48.5724,7.7511,,1155,No,Spring; Summer; Autumn,images/FR-001155,,,
FR-001156,Archaeological Site Nantes 083,France,FR,Pays de la Loire,44,Nantes,"Archaeological Site location in Nantes, Pays de la Loire, France.",Historical spots,Archaeological Site,Historic Site,Drivable,47.2194,-1.5526,,1156,No,Spring; Summer; Autumn,images/FR-001156,,,
FR-001157,Zoo Rennes 083,France,FR,Bretagne,35,Rennes,"Zoo location in Rennes, Bretagne, France.",Wildlife spots,Zoo,Family Attraction,Drivable,48.1203,-1.6748,,1157,No,Spring; Summer; Autumn,images/FR-001157,,,
FR-001158,Aquarium Rouen 083,France,FR,Normandie,76,Rouen,"Aquarium location in Rouen, Normandie, France.",Wildlife spots,Aquarium,Family Attraction,Drivable,49.4482,1.1043,,1158,No,Spring; Summer; Autumn,images/FR-001158,,,
FR-001159,Botanical Garden Dijon 083,France,FR,Bourgogne-Franche-Comté,21,Dijon,"Botanical Garden location in Dijon, Bourgogne-Franche-Comté, France.",Cultural spots|Natural spots,Botanical Garden,Nature & Recreation,Drivable,47.329,5.0485,,1159,No,Spring; Summer; Autumn,images/FR-001159,,,
FR-001160,Marina Tours 083,France,FR,Centre-Val de Loire,37,Tours,"Marina location in Tours, Centre-Val de Loire, France.",Beach spots|Cultural spots,Marina,Leisure,Drivable,47.4031,0.6938,,1160,No,Spring; Summer; Autumn,images/FR-001160,,,
FR-001161,Historic Site Ajaccio 083,France,FR,Corse,2A,Ajaccio,"Historic Site location in Ajaccio, Corse, France.",Historical spots,Historic Site,Landmark,Drivable,41.9102,8.7296,,1161,No,Spring; Summer; Autumn,images/FR-001161,,,
FR-001162,Museum Saint-Denis 083,France,FR,La Réunion,974,Saint-Denis,"Museum location in Saint-Denis, La Réunion, France.",Historical spots|Cultural spots,Museum,Cultural Attraction,Drivable,-20.8859,55.4411,,1162,No,Spring; Summer; Autumn,images/FR-001162,,,
FR-001163,Castle Paris 084,France,FR,Île-de-France,75,Paris,"Castle location in Paris, Île-de-France, France.",Historical spots,Castle,Historic Landmark,Drivable,48.8516,2.3472,,1163,No,Spring; Summer; Autumn,images/FR-001163,,,
FR-001164,Cathedral Lyon 084,France,FR,Auvergne-Rhône-Alpes,69,Lyon,"Cathedral location in Lyon, Auvergne-Rhône-Alpes, France.",Religious/spiritual spots,Cathedral,Religious Site,Drivable,45.761,4.8327,,1164,No,Spring; Summer; Autumn,images/FR-001164,,,
FR-001165,Park Marseille 084,France,FR,Provence-Alpes-Côte d'Azur,13,Marseille,"Park location in Marseille, Provence-Alpes-Côte d'Azur, France.",Natural spots,Park,Nature & Recreation,Drivable,43.2955,5.3688,,1165,No,Spring; Summer; Autumn,images/FR-001165,,,
FR-001166,Garden Bordeaux 084,France,FR,Nouvelle-Aquitaine,33,Bordeaux,"Garden location in Bordeaux, Nouvelle-Aquitaine, France.",Cultural spots|Natural spots,Garden,Nature & Recreation,Drivable,44.8388,-0.5782,,1166,No,Spring; Summer; Autumn,images/FR-001166,,,
FR-001167,Monument Toulouse 084,France,FR,Occitanie,31,Toulouse,"Monument location in Toulouse, Occitanie, France.",Historical spots,Monument,Landmark,Drivable,43.6077,1.4472,,1167,No,Spring; Summer; Autumn,images/FR-001167,,,
FR-001168,Beach Lille 084,France,FR,Hauts-de-France,59,Lille,"Beach location in Lille, Hauts-de-France, France.",Beach spots|Natural spots,Beach,Nature & Recreation,Drivable,50.6342,3.0623,,1168,No,Spring; Summer; Autumn,images/FR-001168,,,
FR-001169,Viewpoint Strasbourg 084,France,FR,Grand Est,67,Strasbourg,"Viewpoint location in Strasbourg, Grand Est, France.",Adventure spots|Natural spots,Viewpoint,Scenic Attraction,Drivable,48.5804,7.7591,,1169,No,Spring; Summer; Autumn,images/FR-001169,,,
FR-001170,Market Nantes 084,France,FR,Pays de la Loire,44,Nantes,"Market location in Nantes, Pays de la Loire, France.",Cultural spots,Market,Local Attraction,Drivable,47.2274,-1.5446,,1170,No,Spring; Summer; Autumn,images/FR-001170,,,
FR-001171,Art Gallery Rennes 084,France,FR,Bretagne,35,Rennes,"Art Gallery location in Rennes, Bretagne, France.",Cultural spots,Art Gallery,Cultural Attraction,Drivable,48.1083,-1.6868,,1171,No,Spring; Summer; Autumn,images/FR-001171,,,
FR-001172,Theatre Rouen 084,France,FR,Normandie,76,Rouen,"Theatre location in Rouen, Normandie, France.",Historical spots,Theatre,Performing Arts,Drivable,49.4362,1.0923,,1172,No,Spring; Summer; Autumn,images/FR-001172,,,
FR-001173,Church Dijon 084,France,FR,Bourgogne-Franche-Comté,21,Dijon,"Church location in Dijon, Bourgogne-Franche-Comté, France.",Religious/spiritual spots,Church,Religious Site,Drivable,47.317,5.0365,,1173,No,Spring; Summer; Autumn,images/FR-001173,,,
FR-001174,Abbey Tours 084,France,FR,Centre-Val de Loire,37,Tours,"Abbey location in Tours, Centre-Val de Loire, France.",Religious/spiritual spots,Abbey,Religious Site,Drivable,47.3911,0.6818,,1174,No,Spring; Summer; Autumn,images/FR-001174,,,
FR-001175,Fortress Ajaccio 084,France,FR,Corse,2A,Ajaccio,"Fortress location in Ajaccio, Corse, France.",Historical spots,Fortress,Historic Landmark,Drivable,41.9182,8.7376,,1175,No,Spring; Summer; Autumn,images/FR-001175,,,
FR-001176,Archaeological Site Saint-Denis 084,France,FR,La Réunion,974,Saint-Denis,"Archaeological Site location in Saint-Denis, La Réunion, France.",Historical spots,Archaeological Site,Historic Site,Drivable,-20.8779,55.4491,,1176,No,Spring; Summer; Autumn,images/FR-001176,,,
FR-001177,Zoo Paris 085,France,FR,Île-de-France,75,Paris,"Zoo location in Paris, Île-de-France, France.",Wildlife spots,Zoo,Family Attraction,Drivable,48.8596,2.3552,,1177,No,Spring; Summer; Autumn,images/FR-001177,,,
FR-001178,Aquarium Lyon 085,France,FR,Auvergne-Rhône-Alpes,69,Lyon,"Aquarium location in Lyon, Auvergne-Rhône-Alpes, France.",Wildlife spots,Aquarium,Family Attraction,Drivable,45.769,4.8407,,1178,No,Spring; Summer; Autumn,images/FR-001178,,,
FR-001179,Botanical Garden Marseille 085,France,FR,Provence-Alpes-Côte d'Azur,13,Marseille,"Botanical Garden location in Marseille, Provence-Alpes-Côte d'Azur, France.",Cultural spots|Natural spots,Botanical Garden,Nature & Recreation,Drivable,43.3035,5.3768,,1179,No,Spring; Summer; Autumn,images/FR-001179,,,
FR-001180,Marina Bordeaux 085,France,FR,Nouvelle-Aquitaine,33,Bordeaux,"Marina location in Bordeaux, Nouvelle-Aquitaine, France.",Beach spots|Cultural spots,Marina,Leisure,Drivable,44.8468,-0.5702,,1180,No,Spring; Summer; Autumn,images/FR-001180,,,
FR-001181,Historic Site Toulouse 085,France,FR,Occitanie,31,Toulouse,"Historic Site location in Toulouse, Occitanie, France.",Historical spots,Historic Site,Landmark,Drivable,43.5957,1.4352,,1181,No,Spring; Summer; Autumn,images/FR-001181,,,
FR-001182,Museum Lille 085,France,FR,Hauts-de-France,59,Lille,"Museum location in Lille, Hauts-de-France, France.",Historical spots|Cultural spots,Museum,Cultural Attraction,Drivable,50.6222,3.0503,,1182,No,Spring; Summer; Autumn,images/FR-001182,,,
FR-001183,Castle Strasbourg 085,France,FR,Grand Est,67,Strasbourg,"Castle location in Strasbourg, Grand Est, France.",Historical spots,Castle,Historic Landmark,Drivable,48.5684,7.7471,,1183,No,Spring; Summer; Autumn,images/FR-001183,,,
FR-001184,Cathedral Nantes 085,France,FR,Pays de la Loire,44,Nantes,"Cathedral location in Nantes, Pays de la Loire, France.",Religious/spiritual spots,Cathedral,Religious Site,Drivable,47.2154,-1.5566,,1184,No,Spring; Summer; Autumn,images/FR-001184,,,
FR-001185,Park Rennes 085,France,FR,Bretagne,35,Rennes,"Park location in Rennes, Bretagne, France.",Natural spots,Park,Nature & Recreation,Drivable,48.1163,-1.6788,,1185,No,Spring; Summer; Autumn,images/FR-001185,,,
FR-001186,Garden Rouen 085,France,FR,Normandie,76,Rouen,"Garden location in Rouen, Normandie, France.",Cultural spots|Natural spots,Garden,Nature & Recreation,Drivable,49.4442,1.1003,,1186,No,Spring; Summer; Autumn,images/FR-001186,,,
FR-001187,Monument Dijon 085,France,FR,Bourgogne-Franche-Comté,21,Dijon,"Monument location in Dijon, Bourgogne-Franche-Comté, France.",Historical spots,Monument,Landmark,Drivable,47.325,5.0445,,1187,No,Spring; Summer; Autumn,images/FR-001187,,,
FR-001188,Beach Tours 085,France,FR,Centre-Val de Loire,37,Tours,"Beach location in Tours, Centre-Val de Loire, France.",Beach spots|Natural spots,Beach,Nature & Recreation,Drivable,47.3991,0.6898,,1188,No,Spring; Summer; Autumn,images/FR-001188,,,
FR-001189,Viewpoint Ajaccio 085,France,FR,Corse,2A,Ajaccio,"Viewpoint location in Ajaccio, Corse, France.",Adventure spots|Natural spots,Viewpoint,Scenic Attraction,Drivable,41.9262,8.7456,,1189,No,Spring; Summer; Autumn,images/FR-001189,,,
FR-001190,Market Saint-Denis 085,France,FR,La Réunion,974,Saint-Denis,"Market location in Saint-Denis, La Réunion, France.",Cultural spots,Market,Local Attraction,Drivable,-20.8699,55.4571,,1190,No,Spring; Summer; Autumn,images/FR-001190,,,
FR-001191,Art Gallery Paris 086,France,FR,Île-de-France,75,Paris,"Art Gallery location in Paris, Île-de-France, France.",Cultural spots,Art Gallery,Cultural Attraction,Drivable,48.8476,2.3432,,1191,No,Spring; Summer; Autumn,images/FR-001191,,,
FR-001192,Theatre Lyon 086,France,FR,Auvergne-Rhône-Alpes,69,Lyon,"Theatre location in Lyon, Auvergne-Rhône-Alpes, France.",Historical spots,Theatre,Performing Arts,Drivable,45.757,4.8287,,1192,No,Spring; Summer; Autumn,images/FR-001192,,,
FR-001193,Church Marseille 086,France,FR,Provence-Alpes-Côte d'Azur,13,Marseille,"Church location in Marseille, Provence-Alpes-Côte d'Azur, France.",Religious/spiritual spots,Church,Religious Site,Drivable,43.2915,5.3648,,1193,No,Spring; Summer; Autumn,images/FR-001193,,,
FR-001194,Abbey Bordeaux 086,France,FR,Nouvelle-Aquitaine,33,Bordeaux,"Abbey location in Bordeaux, Nouvelle-Aquitaine, France.",Religious/spiritual spots,Abbey,Religious Site,Drivable,44.8348,-0.5822,,1194,No,Spring; Summer; Autumn,images/FR-001194,,,
FR-001195,Fortress Toulouse 086,France,FR,Occitanie,31,Toulouse,"Fortress location in Toulouse, Occitanie, France.",Historical spots,Fortress,Historic Landmark,Drivable,43.6037,1.4432,,1195,No,Spring; Summer; Autumn,images/FR-001195,,,
FR-001196,Archaeological Site Lille 086,France,FR,Hauts-de-France,59,Lille,"Archaeological Site location in Lille, Hauts-de-France, France.",Historical spots,Archaeological Site,Historic Site,Drivable,50.6302,3.0583,,1196,No,Spring; Summer; Autumn,images/FR-001196,,,
FR-001197,Zoo Strasbourg 086,France,FR,Grand Est,67,Strasbourg,"Zoo location in Strasbourg, Grand Est, France.",Wildlife spots,Zoo,Family Attraction,Drivable,48.5764,7.7551,,1197,No,Spring; Summer; Autumn,images/FR-001197,,,
FR-001198,Aquarium Nantes 086,France,FR,Pays de la Loire,44,Nantes,"Aquarium location in Nantes, Pays de la Loire, France.",Wildlife spots,Aquarium,Family Attraction,Drivable,47.2234,-1.5486,,1198,No,Spring; Summer; Autumn,images/FR-001198,,,
FR-001199,Botanical Garden Rennes 086,France,FR,Bretagne,35,Rennes,"Botanical Garden location in Rennes, Bretagne, France.",Cultural spots|Natural spots,Botanical Garden,Nature & Recreation,Drivable,48.1243,-1.6708,,1199,No,Spring; Summer; Autumn,images/FR-001199,,,
FR-001200,Marina Rouen 086,France,FR,Normandie,76,Rouen,"Marina location in Rouen, Normandie, France.",Beach spots|Cultural spots,Marina,Leisure,Drivable,49.4522,1.1083,,1200,No,Spring; Summer; Autumn,images/FR-001200,,,
FR-001201,Historic Site Dijon 086,France,FR,Bourgogne-Franche-Comté,21,Dijon,"Historic Site location in Dijon, Bourgogne-Franche-Comté, France.",Historical spots,Historic Site,Landmark,Drivable,47.313,5.0325,239,1201,No,Spring; Summer; Autumn,images/FR-001201,,,
FR-001202,Museum Tours 086,France,FR,Centre-Val de Loire,37,Tours,"Museum location in Tours, Centre-Val de Loire, France.",Historical spots|Cultural spots,Museum,Cultural Attraction,Drivable,47.3871,0.6778,51,1202,No,Spring; Summer; Autumn,images/FR-001202,,,
FR-001203,Castle Ajaccio 086,France,FR,Corse,2A,Ajaccio,"Castle location in Ajaccio, Corse, France.",Historical spots,Castle,Historic Landmark,Drivable,41.9142,8.7336,0,1203,No,Spring; Summer; Autumn,images/FR-001203,,,
FR-001204,Cathedral Saint-Denis 086,France,FR,La Réunion,974,Saint-Denis,"Cathedral location in Saint-Denis, La Réunion, France.",Religious/spiritual spots,Cathedral,Religious Site,Drivable,-20.8819,55.4451,16,1204,No,Spring; Summer; Autumn,images/FR-001204,,,
FR-001205,Park Paris 087,France,FR,Île-de-France,75,Paris,"Park location in Paris, Île-de-France, France.",Natural spots,Park,Nature & Recreation,Drivable,48.8556,2.3512,26,1205,No,Spring; Summer; Autumn,images/FR-001205,,,
FR-001206,Garden Lyon 087,France,FR,Auvergne-Rhône-Alpes,69,Lyon,"Garden location in Lyon, Auvergne-Rhône-Alpes, France.",Cultural spots|Natural spots,Garden,Nature & Recreation,Drivable,45.765,4.8367,181,1206,No,Spring; Summer; Autumn,images/FR-001206,,,
FR-001207,Monument Marseille 087,France,FR,Provence-Alpes-Côte d'Azur,13,Marseille,"Monument location in Marseille, Provence-Alpes-Côte d'Azur, France.",Historical spots,Monument,Landmark,Drivable,43.2995,5.3728,34,1207,No,Spring; Summer; Autumn,images/FR-001207,,,
FR-001208,Beach Bordeaux 087,France,FR,Nouvelle-Aquitaine,33,Bordeaux,"Beach location in Bordeaux, Nouvelle-Aquitaine, France.",Beach spots|Natural spots,Beach,Nature & Recreation,Drivable,44.8428,-0.5742,15,1208,No,Spring; Summer; Autumn,images/FR-001208,,,
FR-001209,Viewpoint Toulouse 087,France,FR,Occitanie,31,Toulouse,"Viewpoint location in Toulouse, Occitanie, France.",Adventure spots|Natural spots,Viewpoint,Scenic Attraction,Drivable,43.6117,1.4512,150,1209,No,Spring; Summer; Autumn,images/FR-001209,,,
FR-001210,Market Lille 087,France,FR,Hauts-de-France,59,Lille,"Market location in Lille, Hauts-de-France, France.",Cultural spots,Market,Local Attraction,Drivable,50.6382,3.0663,29,1210,No,Spring; Summer; Autumn,images/FR-001210,,,
FR-001211,Art Gallery Strasbourg 087,France,FR,Grand Est,67,Strasbourg,"Art Gallery location in Strasbourg, Grand Est, France.",Cultural spots,Art Gallery,Cultural Attraction,Drivable,48.5644,7.7431,139,1211,No,Spring; Summer; Autumn,images/FR-001211,,,
FR-001212,Theatre Nantes 087,France,FR,Pays de la Loire,44,Nantes,"Theatre location in Nantes, Pays de la Loire, France.",Historical spots,Theatre,Performing Arts,Drivable,47.2114,-1.5606,15,1212,No,Spring; Summer; Autumn,images/FR-001212,,,
FR-001213,Church Rennes 087,France,FR,Bretagne,35,Rennes,"Church location in Rennes, Bretagne, France.",Religious/spiritual spots,Church,Religious Site,Drivable,48.1123,-1.6828,39,1213,No,Spring; Summer; Autumn,images/FR-001213,,,
FR-001214,Abbey Rouen 087,France,FR,Normandie,76,Rouen,"Abbey location in Rouen, Normandie, France.",Religious/spiritual spots,Abbey,Religious Site,Drivable,49.4402,1.0963,23,1214,No,Spring; Summer; Autumn,images/FR-001214,,,
FR-001215,Fortress Dijon 087,France,FR,Bourgogne-Franche-Comté,21,Dijon,"Fortress location in Dijon, Bourgogne-Franche-Comté, France.",Historical spots,Fortress,Historic Landmark,Drivable,47.321,5.0405,252,1215,No,Spring; Summer; Autumn,images/FR-001215,,,
FR-001216,Archaeological Site Tours 087,France,FR,Centre-Val de Loire,37,Tours,"Archaeological Site location in Tours, Centre-Val de Loire, France.",Historical spots,Archaeological Site,Historic Site,Drivable,47.3951,0.6858,56,1216,No,Spring; Summer; Autumn,images/FR-001216,,,
FR-001217,Zoo Ajaccio 087,France,FR,Corse,2A,Ajaccio,"Zoo location in Ajaccio, Corse, France.",Wildlife spots,Zoo,Family Attraction,Drivable,41.9222,8.7416,0,1217,No,Spring; Summer; Autumn,images/FR-001217,,,
FR-001218,Aquarium Saint-Denis 087,France,FR,La Réunion,974,Saint-Denis,"Aquarium location in Saint-Denis, La Réunion, France.",Wildlife spots,Aquarium,Family Attraction,Drivable,-20.8739,55.4531,10,1218,No,Spring; Summer; Autumn,images/FR-001218,,,
FR-001219,Botanical Garden Paris 088,France,FR,Île-de-France,75,Paris,"Botanical Garden location in Paris, Île-de-France, France.",Cultural spots|Natural spots,Botanical Garden,Nature & Recreation,Drivable,48.8636,2.3592,48,1219,No,Spring; Summer; Autumn,images/FR-001219,,,
FR-001220,Marina Lyon 088,France,FR,Auvergne-Rhône-Alpes,69,Lyon,"Marina location in Lyon, Auvergne-Rhône-Alpes, France.",Beach spots|Cultural spots,Marina,Leisure,Drivable,45.773,4.8447,176,1220,No,Spring; Summer; Autumn,images/FR-001220,,,
FR-001221,Historic Site Marseille 088,France,FR,Provence-Alpes-Côte d'Azur,13,Marseille,"Historic Site location in Marseille, Provence-Alpes-Côte d'Azur, France.",Historical spots,Historic Site,Landmark,Drivable,43.2875,5.3608,20,1221,No,Spring; Summer; Autumn,images/FR-001221,,,
FR-001222,Museum Bordeaux 088,France,FR,Nouvelle-Aquitaine,33,Bordeaux,"Museum location in Bordeaux, Nouvelle-Aquitaine, France.",Historical spots|Cultural spots,Museum,Cultural Attraction,Drivable,44.8308,-0.5862,16,1222,No,Spring; Summer; Autumn,images/FR-001222,,,
FR-001223,Castle Toulouse 088,France,FR,Occitanie,31,Toulouse,"Castle location in Toulouse, Occitanie, France.",Historical spots,Castle,Historic Landmark,Drivable,43.5997,1.4392,130,1223,No,Spring; Summer; Autumn,images/FR-001223,,,
FR-001224,Cathedral Lille 088,France,FR,Hauts-de-France,59,Lille,"Cathedral location in Lille, Hauts-de-France, France.",Religious/spiritual spots,Cathedral,Religious Site,Drivable,50.6262,3.0543,26,1224,No,Spring; Summer; Autumn,images/FR-001224,,,
FR-001225,Park Strasbourg 088,France,FR,Grand Est,67,Strasbourg,"Park location in Strasbourg, Grand Est, France.",Natural spots,Park,Nature & Recreation,Drivable,48.5724,7.7511,141,1225,No,Spring; Summer; Autumn,images/FR-001225,,,
FR-001226,Garden Nantes 088,France,FR,Pays de la Loire,44,Nantes,"Garden location in Nantes, Pays de la Loire, France.",Cultural spots|Natural spots,Garden,Nature & Recreation,Drivable,47.2194,-1.5526,14,1226,No,Spring; Summer; Autumn,images/FR-001226,,,
FR-001227,Monument Rennes 088,France,FR,Bretagne,35,Rennes,"Monument location in Rennes, Bretagne, France.",Historical spots,Monument,Landmark,Drivable,48.1203,-1.6748,34,1227,No,Spring; Summer; Autumn,images/FR-001227,,,
FR-001228,Beach Rouen 088,France,FR,Normandie,76,Rouen,"Beach location in Rouen, Normandie, France.",Beach spots|Natural spots,Beach,Nature & Recreation,Drivable,49.4482,1.1043,60,1228,No,Spring; Summer; Autumn,images/FR-001228,,,
FR-001229,Viewpoint Dijon 088,France,FR,Bourgogne-Franche-Comté,21,Dijon,"Viewpoint location in Dijon, Bourgogne-Franche-Comté, France.",Adventure spots|Natural spots,Viewpoint,Scenic Attraction,Drivable,47.329,5.0485,249,1229,No,Spring; Summer; Autumn,images/FR-001229,,,
FR-001230,Market Tours 088,France,FR,Centre-Val de Loire,37,Tours,"Market location in Tours, Centre-Val de Loire, France.",Cultural spots,Market,Local Attraction,Drivable,47.4031,0.6938,67,1230,No,Spring; Summer; Autumn,images/FR-001230,,,
FR-001231,Art Gallery Ajaccio 088,France,FR,Corse,2A,Ajaccio,"Art Gallery location in Ajaccio, Corse, France.",Cultural spots,Art Gallery,Cultural Attraction,Drivable,41.9102,8.7296,0,1231,No,Spring; Summer; Autumn,images/FR-001231,,,
FR-001232,Theatre Saint-Denis 088,France,FR,La Réunion,974,Saint-Denis,"Theatre location in Saint-Denis, La Réunion, France.",Historical spots,Theatre,Performing Arts,Drivable,-20.8859,55.4411,69,1232,No,Spring; Summer; Autumn,images/FR-001232,,,
FR-001233,Church Paris 089,France,FR,Île-de-France,75,Paris,"Church location in Paris, Île-de-France, France.",Religious/spiritual spots,Church,Religious Site,Drivable,48.8516,2.3472,48,1233,No,Spring; Summer; Autumn,images/FR-001233,,,
FR-001234,Abbey Lyon 089,France,FR,Auvergne-Rhône-Alpes,69,Lyon,"Abbey location in Lyon, Auvergne-Rhône-Alpes, France.",Religious/spiritual spots,Abbey,Religious Site,Drivable,45.761,4.8327,185,1234,No,Spring; Summer; Autumn,images/FR-001234,,,
FR-001235,Fortress Marseille 089,France,FR,Provence-Alpes-Côte d'Azur,13,Marseille,"Fortress location in Marseille, Provence-Alpes-Côte d'Azur, France.",Historical spots,Fortress,Historic Landmark,Drivable,43.2955,5.3688,2,1235,No,Spring; Summer; Autumn,images/FR-001235,,,
FR-001236,Archaeological Site Bordeaux 089,France,FR,Nouvelle-Aquitaine,33,Bordeaux,"Archaeological Site location in Bordeaux, Nouvelle-Aquitaine, France.",Historical spots,Archaeological Site,Historic Site,Drivable,44.8388,-0.5782,16,1236,No,Spring; Summer; Autumn,images/FR-001236,,,
FR-001237,Zoo Toulouse 089,France,FR,Occitanie,31,Toulouse,"Zoo location in Toulouse, Occitanie, France.",Wildlife spots,Zoo,Family Attraction,Drivable,43.6077,1.4472,151,1237,No,Spring; Summer; Autumn,images/FR-001237,,,
FR-001238,Aquarium Lille 089,France,FR,Hauts-de-France,59,Lille,"Aquarium location in Lille, Hauts-de-France, France.",Wildlife spots,Aquarium,Family Attraction,Drivable,50.6342,3.0623,29,1238,No,Spring; Summer; Autumn,images/FR-001238,,,
FR-001239,Botanical Garden Strasbourg 089,France,FR,Grand Est,67,Strasbourg,"Botanical Garden location in Strasbourg, Grand Est, France.",Cultural spots|Natural spots,Botanical Garden,Nature & Recreation,Drivable,48.5804,7.7591,146,1239,No,Spring; Summer; Autumn,images/FR-001239,,,
FR-001240,Marina Nantes 089,France,FR,Pays de la Loire,44,Nantes,"Marina location in Nantes, Pays de la Loire, France.",Beach spots|Cultural spots,Marina,Leisure,Drivable,47.2274,-1.5446,24,1240,No,Spring; Summer; Autumn,images/FR-001240,,,
FR-001241,Historic Site Rennes 089,France,FR,Bretagne,35,Rennes,"Historic Site location in Rennes, Bretagne, France.",Historical spots,Historic Site,Landmark,Drivable,48.1083,-1.6868,30,1241,No,Spring; Summer; Autumn,images/FR-001241,,,
FR-001242,Museum Rouen 089,France,FR,Normandie,76,Rouen,"Museum location in Rouen, Normandie, France.",Historical spots|Cultural spots,Museum,Cultural Attraction,Drivable,49.4362,1.0923,0,1242,No,Spring; Summer; Autumn,images/FR-001242,,,
FR-001243,Castle Dijon 089,France,FR,Bourgogne-Franche-Comté,21,Dijon,"Castle location in Dijon, Bourgogne-Franche-Comté, France.",Historical spots,Castle,Historic Landmark,Drivable,47.317,5.0365,245,1243,No,Spring; Summer; Autumn,images/FR-001243,,,
FR-001244,Cathedral Tours 089,France,FR,Centre-Val de Loire,37,Tours,"Cathedral location in Tours, Centre-Val de Loire, France.",Religious/spiritual spots,Cathedral,Religious Site,Drivable,47.3911,0.6818,57,1244,No,Spring; Summer; Autumn,images/FR-001244,,,
FR-001245,Park Ajaccio 089,France,FR,Corse,2A,Ajaccio,"Park location in Ajaccio, Corse, France.",Natural spots,Park,Nature & Recreation,Drivable,41.9182,8.7376,19,1245,No,Spring; Summer; Autumn,images/FR-001245,,,
FR-001246,Garden Saint-Denis 089,France,FR,La Réunion,974,Saint-Denis,"Garden location in Saint-Denis, La Réunion, France.",Cultural spots|Natural spots,Garden,Nature & Recreation,Drivable,-20.8779,55.4491,29,1246,No,Spring; Summer; Autumn,images/FR-001246,,,
FR-001247,Monument Paris 090,France,FR,Île-de-France,75,Paris,"Monument location in Paris, Île-de-France, France.",Historical spots,Monument,Landmark,Drivable,48.8596,2.3552,47,1247,No,Spring; Summer; Autumn,images/FR-001247,,,
FR-001248,Beach Lyon 090,France,FR,Auvergne-Rhône-Alpes,69,Lyon,"Beach location in Lyon, Auvergne-Rhône-Alpes, France.",Beach spots|Natural spots,Beach,Nature & Recreation,Drivable,45.769,4.8407,161,1248,No,Spring; Summer; Autumn,images/FR-001248,,,
FR-001249,Viewpoint Marseille 090,France,FR,Provence-Alpes-Côte d'Azur,13,Marseille,"Viewpoint location in Marseille, Provence-Alpes-Côte d'Azur, France.",Adventure spots|Natural spots,Viewpoint,Scenic Attraction,Drivable,43.3035,5.3768,44,1249,No,Spring; Summer; Autumn,images/FR-001249,,,
FR-001250,Market Bordeaux 090,France,FR,Nouvelle-Aquitaine,33,Bordeaux,"Market location in Bordeaux, Nouvelle-Aquitaine, France.",Cultural spots,Market,Local Attraction,Drivable,44.8468,-0.5702,6,1250,No,Spring; Summer; Autumn,images/FR-001250,,,
FR-001251,Art Gallery Toulouse 090,France,FR,Occitanie,31,Toulouse,"Art Gallery location in Toulouse, Occitanie, France.",Cultural spots,Art Gallery,Cultural Attraction,Drivable,43.5957,1.4352,142,1251,No,Spring; Summer; Autumn,images/FR-001251,,,
FR-001252,Theatre Lille 090,France,FR,Hauts-de-France,59,Lille,"Theatre location in Lille, Hauts-de-France, France.",Historical spots,Theatre,Performing Arts,Drivable,50.6222,3.0503,28,1252,No,Spring; Summer; Autumn,images/FR-001252,,,
FR-001253,Church Strasbourg 090,France,FR,Grand Est,67,Strasbourg,"Church location in Strasbourg, Grand Est, France.",Religious/spiritual spots,Church,Religious Site,Drivable,48.5684,7.7471,143,1253,No,Spring; Summer; Autumn,images/FR-001253,,,
FR-001254,Abbey Nantes 090,France,FR,Pays de la Loire,44,Nantes,"Abbey location in Nantes, Pays de la Loire, France.",Religious/spiritual spots,Abbey,Religious Site,Drivable,47.2154,-1.5566,14,1254,No,Spring; Summer; Autumn,images/FR-001254,,,
FR-001255,Fortress Rennes 090,France,FR,Bretagne,35,Rennes,"Fortress location in Rennes, Bretagne, France.",Historical spots,Fortress,Historic Landmark,Drivable,48.1163,-1.6788,48,1255,No,Spring; Summer; Autumn,images/FR-001255,,,
FR-001256,Archaeological Site Rouen 090,France,FR,Normandie,76,Rouen,"Archaeological Site location in Rouen, Normandie, France.",Historical spots,Archaeological Site,Historic Site,Drivable,49.4442,1.1003,30,1256,No,Spring; Summer; Autumn,images/FR-001256,,,
FR-001257,Zoo Dijon 090,France,FR,Bourgogne-Franche-Comté,21,Dijon,"Zoo location in Dijon, Bourgogne-Franche-Comté, France.",Wildlife spots,Zoo,Family Attraction,Drivable,47.325,5.0445,248,1257,No,Spring; Summer; Autumn,images/FR-001257,,,
FR-001258,Aquarium Tours 090,France,FR,Centre-Val de Loire,37,Tours,"Aquarium location in Tours, Centre-Val de Loire, France.",Wildlife spots,Aquarium,Family Attraction,Drivable,47.3991,0.6898,44,1258,No,Spring; Summer; Autumn,images/FR-001258,,,
FR-001259,Botanical Garden Ajaccio 090,France,FR,Corse,2A,Ajaccio,"Botanical Garden location in Ajaccio, Corse, France.",Cultural spots|Natural spots,Botanical Garden,Nature & Recreation,Drivable,41.9262,8.7456,0,1259,No,Spring; Summer; Autumn,images/FR-001259,,,
FR-001260,Marina Saint-Denis 090,France,FR,La Réunion,974,Saint-Denis,"Marina location in Saint-Denis, La Réunion, France.",Beach spots|Cultural spots,Marina,Leisure,Drivable,-20.8699,55.4571,0,1260,No,Spring; Summer; Autumn,images/FR-001260,,,
FR-001261,Historic Site Paris 091,France,FR,Île-de-France,75,Paris,"Historic Site location in Paris, Île-de-France, France.",Historical spots,Historic Site,Landmark,Drivable,48.8476,2.3432,62,1261,No,Spring; Summer; Autumn,images/FR-001261,,,
FR-001262,Museum Lyon 091,France,FR,Auvergne-Rhône-Alpes,69,Lyon,"Museum location in Lyon, Auvergne-Rhône-Alpes, France.",Historical spots|Cultural spots,Museum,Cultural Attraction,Drivable,45.757,4.8287,177,1262,No,Spring; Summer; Autumn,images/FR-001262,,,
FR-001263,Castle Marseille 091,France,FR,Provence-Alpes-Côte d'Azur,13,Marseille,"Castle location in Marseille, Provence-Alpes-Côte d'Azur, France.",Historical spots,Castle,Historic Landmark,Drivable,43.2915,5.3648,2,1263,No,Spring; Summer; Autumn,images/FR-001263,,,
FR-001264,Cathedral Bordeaux 091,France,FR,Nouvelle-Aquitaine,33,Bordeaux,"Cathedral location in Bordeaux, Nouvelle-Aquitaine, France.",Religious/spiritual spots,Cathedral,Religious Site,Drivable,44.8348,-0.5822,13,1264,No,Spring; Summer; Autumn,images/FR-001264,,,
FR-001265,Park Toulouse 091,France,FR,Occitanie,31,Toulouse,"Park location in Toulouse, Occitanie, France.",Natural spots,Park,Nature & Recreation,Drivable,43.6037,1.4432,155,1265,No,Spring; Summer; Autumn,images/FR-001265,,,
FR-001266,Garden Lille 091,France,FR,Hauts-de-France,59,Lille,"Garden location in Lille, Hauts-de-France, France.",Cultural spots|Natural spots,Garden,Nature & Recreation,Drivable,50.6302,3.0583,27,1266,No,Spring; Summer; Autumn,images/FR-001266,,,
FR-001267,Monument Strasbourg 091,France,FR,Grand Est,67,Strasbourg,"Monument location in Strasbourg, Grand Est, France.",Historical spots,Monument,Landmark,Drivable,48.5764,7.7551,147,1267,No,Spring; Summer; Autumn,images/FR-001267,,,
FR-001268,Beach Nantes 091,France,FR,Pays de la Loire,44,Nantes,"Beach location in Nantes, Pays de la Loire, France.",Beach spots|Natural spots,Beach,Nature & Recreation,Drivable,47.2234,-1.5486,13,1268,No,Spring; Summer; Autumn,images/FR-001268,,,
FR-001269,Viewpoint Rennes 091,France,FR,Bretagne,35,Rennes,"Viewpoint location in Rennes, Bretagne, France.",Adventure spots|Natural spots,Viewpoint,Scenic Attraction,Drivable,48.1243,-1.6708,26,1269,No,Spring; Summer; Autumn,images/FR-001269,,,
FR-001270,Market Rouen 091,France,FR,Normandie,76,Rouen,"Market location in Rouen, Normandie, France.",Cultural spots,Market,Local Attraction,Drivable,49.4522,1.1083,74,1270,No,Spring; Summer; Autumn,images/FR-001270,,,
FR-001271,Art Gallery Dijon 091,France,FR,Bourgogne-Franche-Comté,21,Dijon,"Art Gallery location in Dijon, Bourgogne-Franche-Comté, France.",Cultural spots,Art Gallery,Cultural Attraction,Drivable,47.313,5.0325,239,1271,No,Spring; Summer; Autumn,images/FR-001271,,,
FR-001272,Theatre Tours 091,France,FR,Centre-Val de Loire,37,Tours,"Theatre location in Tours, Centre-Val de Loire, France.",Historical spots,Theatre,Performing Arts,Drivable,47.3871,0.6778,51,1272,No,Spring; Summer; Autumn,images/FR-001272,,,
FR-001273,Church Ajaccio 091,France,FR,Corse,2A,Ajaccio,"Church location in Ajaccio, Corse, France.",Religious/spiritual spots,Church,Religious Site,Drivable,41.9142,8.7336,0,1273,No,Spring; Summer; Autumn,images/FR-001273,,,
FR-001274,Abbey Saint-Denis 091,France,FR,La Réunion,974,Saint-Denis,"Abbey location in Saint-Denis, La Réunion, France.",Religious/spiritual spots,Abbey,Religious Site,Drivable,-20.8819,55.4451,16,1274,No,Spring; Summer; Autumn,images/FR-001274,,,
FR-001275,Fortress Paris 092,France,FR,Île-de-France,75,Paris,"Fortress location in Paris, Île-de-France, France.",Historical spots,Fortress,Historic Landmark,Drivable,48.8556,2.3512,26,1275,No,Spring; Summer; Autumn,images/FR-001275,,,
FR-001276,Archaeological Site Lyon 092,France,FR,Auvergne-Rhône-Alpes,69,Lyon,"Archaeological Site location in Lyon, Auvergne-Rhône-Alpes, France.",Historical spots,Archaeological Site,Historic Site,Drivable,45.765,4.8367,181,1276,No,Spring; Summer; Autumn,images/FR-001276,,,
FR-001277,Zoo Marseille 092,France,FR,Provence-Alpes-Côte d'Azur,13,Marseille,"Zoo location in Marseille, Provence-Alpes-Côte d'Azur, France.",Wildlife spots,Zoo,Family Attraction,Drivable,43.2995,5.3728,34,1277,No,Spring; Summer; Autumn,images/FR-001277,,,
FR-001278,Aquarium Bordeaux 092,France,FR,Nouvelle-Aquitaine,33,Bordeaux,"Aquarium location in Bordeaux, Nouvelle-Aquitaine, France.",Wildlife spots,Aquarium,Family Attraction,Drivable,44.8428,-0.5742,15,1278,No,Spring; Summer; Autumn,images/FR-001278,,,
FR-001279,Botanical Garden Toulouse 092,France,FR,Occitanie,31,Toulouse,"Botanical Garden location in Toulouse, Occitanie, France.",Cultural spots|Natural spots,Botanical Garden,Nature & Recreation,Drivable,43.6117,1.4512,150,1279,No,Spring; Summer; Autumn,images/FR-001279,,,
FR-001280,Marina Lille 092,France,FR,Hauts-de-France,59,Lille,"Marina location in Lille, Hauts-de-France, France.",Beach spots|Cultural spots,Marina,Leisure,Drivable,50.6382,3.0663,29,1280,No,Spring; Summer; Autumn,images/FR-001280,,,
FR-001281,Historic Site Strasbourg 092,France,FR,Grand Est,67,Strasbourg,"Historic Site location in Strasbourg, Grand Est, France.",Historical spots,Historic Site,Landmark,Drivable,48.5644,7.7431,139,1281,No,Spring; Summer; Autumn,images/FR-001281,,,
FR-001282,Museum Nantes 092,France,FR,Pays de la Loire,44,Nantes,"Museum location in Nantes, Pays de la Loire, France.",Historical spots|Cultural spots,Museum,Cultural Attraction,Drivable,47.2114,-1.5606,15,1282,No,Spring; Summer; Autumn,images/FR-001282,,,
FR-001283,Castle Rennes 092,France,FR,Bretagne,35,Rennes,"Castle location in Rennes, Bretagne, France.",Historical spots,Castle,Historic Landmark,Drivable,48.1123,-1.6828,39,1283,No,Spring; Summer; Autumn,images/FR-001283,,,
FR-001284,Cathedral Rouen 092,France,FR,Normandie,76,Rouen,"Cathedral location in Rouen, Normandie, France.",Religious/spiritual spots,Cathedral,Religious Site,Drivable,49.4402,1.0963,23,1284,No,Spring; Summer; Autumn,images/FR-001284,,,
FR-001285,Park Dijon 092,France,FR,Bourgogne-Franche-Comté,21,Dijon,"Park location in Dijon, Bourgogne-Franche-Comté, France.",Natural spots,Park,Nature & Recreation,Drivable,47.321,5.0405,252,1285,No,Spring; Summer; Autumn,images/FR-001285,,,
FR-001286,Garden Tours 092,France,FR,Centre-Val de Loire,37,Tours,"Garden location in Tours, Centre-Val de Loire, France.",Cultural spots|Natural spots,Garden,Nature & Recreation,Drivable,47.3951,0.6858,56,1286,No,Spring; Summer; Autumn,images/FR-001286,,,
FR-001287,Monument Ajaccio 092,France,FR,Corse,2A,Ajaccio,"Monument location in Ajaccio, Corse, France.",Historical spots,Monument,Landmark,Drivable,41.9222,8.7416,0,1287,No,Spring; Summer; Autumn,images/FR-001287,,,
FR-001288,Beach Saint-Denis 092,France,FR,La Réunion,974,Saint-Denis,"Beach location in Saint-Denis, La Réunion, France.",Beach spots|Natural spots,Beach,Nature & Recreation,Drivable,-20.8739,55.4531,10,1288,No,Spring; Summer; Autumn,images/FR-001288,,,
FR-001289,Viewpoint Paris 093,France,FR,Île-de-France,75,Paris,"Viewpoint location in Paris, Île-de-France, France.",Adventure spots|Natural spots,Viewpoint,Scenic Attraction,Drivable,48.8636,2.3592,48,1289,No,Spring; Summer; Autumn,images/FR-001289,,,
FR-001290,Market Lyon 093,France,FR,Auvergne-Rhône-Alpes,69,Lyon,"Market location in Lyon, Auvergne-Rhône-Alpes, France.",Cultural spots,Market,Local Attraction,Drivable,45.773,4.8447,176,1290,No,Spring; Summer; Autumn,images/FR-001290,,,
FR-001291,Art Gallery Marseille 093,France,FR,Provence-Alpes-Côte d'Azur,13,Marseille,"Art Gallery location in Marseille, Provence-Alpes-Côte d'Azur, France.",Cultural spots,Art Gallery,Cultural Attraction,Drivable,43.2875,5.3608,20,1291,No,Spring; Summer; Autumn,images/FR-001291,,,
FR-001292,Theatre Bordeaux 093,France,FR,Nouvelle-Aquitaine,33,Bordeaux,"Theatre location in Bordeaux, Nouvelle-Aquitaine, France.",Historical spots,Theatre,Performing Arts,Drivable,44.8308,-0.5862,16,1292,No,Spring; Summer; Autumn,images/FR-001292,,,
FR-001293,Church Toulouse 093,France,FR,Occitanie,31,Toulouse,"Church location in Toulouse, Occitanie, France.",Religious/spiritual spots,Church,Religious Site,Drivable,43.5997,1.4392,130,1293,No,Spring; Summer; Autumn,images/FR-001293,,,
FR-001294,Abbey Lille 093,France,FR,Hauts-de-France,59,Lille,"Abbey location in Lille, Hauts-de-France, France.",Religious/spiritual spots,Abbey,Religious Site,Drivable,50.6262,3.0543,26,1294,No,Spring; Summer; Autumn,images/FR-001294,,,
FR-001295,Fortress Strasbourg 093,France,FR,Grand Est,67,Strasbourg,"Fortress location in Strasbourg, Grand Est, France.",Historical spots,Fortress,Historic Landmark,Drivable,48.5724,7.7511,141,1295,No,Spring; Summer; Autumn,images/FR-001295,,,
FR-001296,Archaeological Site Nantes 093,France,FR,Pays de la Loire,44,Nantes,"Archaeological Site location in Nantes, Pays de la Loire, France.",Historical spots,Archaeological Site,Historic Site,Drivable,47.2194,-1.5526,14,1296,No,Spring; Summer; Autumn,images/FR-001296,,,
FR-001297,Zoo Rennes 093,France,FR,Bretagne,35,Rennes,"Zoo location in Rennes, Bretagne, France.",Wildlife spots,Zoo,Family Attraction,Drivable,48.1203,-1.6748,34,1297,No,Spring; Summer; Autumn,images/FR-001297,,,
FR-001298,Aquarium Rouen 093,France,FR,Normandie,76,Rouen,"Aquarium location in Rouen, Normandie, France.",Wildlife spots,Aquarium,Family Attraction,Drivable,49.4482,1.1043,60,1298,No,Spring; Summer; Autumn,images/FR-001298,,,
FR-001299,Botanical Garden Dijon 093,France,FR,Bourgogne-Franche-Comté,21,Dijon,"Botanical Garden location in Dijon, Bourgogne-Franche-Comté, France.",Cultural spots|Natural spots,Botanical Garden,Nature & Recreation,Drivable,47.329,5.0485,249,1299,No,Spring; Summer; Autumn,images/FR-001299,,,
FR-001300,Marina Tours 093,France,FR,Centre-Val de Loire,37,Tours,"Marina location in Tours, Centre-Val de Loire, France.",Beach spots|Cultural spots,Marina,Leisure,Drivable,47.4031,0.6938,67,1300,No,Spring; Summer; Autumn,images/FR-001300,,,
FR-001301,Historic Site Ajaccio 093,France,FR,Corse,2A,Ajaccio,"Historic Site location in Ajaccio, Corse, France.",Historical spots,Historic Site,Landmark,Drivable,41.9102,8.7296,0,1301,No,Spring; Summer; Autumn,images/FR-001301,,,
FR-001302,Museum Saint-Denis 093,France,FR,La Réunion,974,Saint-Denis,"Museum location in Saint-Denis, La Réunion, France.",Historical spots|Cultural spots,Museum,Cultural Attraction,Drivable,-20.8859,55.4411,69,1302,No,Spring; Summer; Autumn,images/FR-001302,,,
FR-001303,Castle Paris 094,France,FR,Île-de-France,75,Paris,"Castle location in Paris, Île-de-France, France.",Historical spots,Castle,Historic Landmark,Drivable,48.8516,2.3472,48,1303,No,Spring; Summer; Autumn,images/FR-001303,,,
FR-001304,Cathedral Lyon 094,France,FR,Auvergne-Rhône-Alpes,69,Lyon,"Cathedral location in Lyon, Auvergne-Rhône-Alpes, France.",Religious/spiritual spots,Cathedral,Religious Site,Drivable,45.761,4.8327,185,1304,No,Spring; Summer; Autumn,images/FR-001304,,,
FR-001305,Park Marseille 094,France,FR,Provence-Alpes-Côte d'Azur,13,Marseille,"Park location in Marseille, Provence-Alpes-Côte d'Azur, France.",Natural spots,Park,Nature & Recreation,Drivable,43.2955,5.3688,2,1305,No,Spring; Summer; Autumn,images/FR-001305,,,
FR-001306,Garden Bordeaux 094,France,FR,Nouvelle-Aquitaine,33,Bordeaux,"Garden location in Bordeaux, Nouvelle-Aquitaine, France.",Cultural spots|Natural spots,Garden,Nature & Recreation,Drivable,44.8388,-0.5782,16,1306,No,Spring; Summer; Autumn,images/FR-001306,,,
FR-001307,Monument Toulouse 094,France,FR,Occitanie,31,Toulouse,"Monument location in Toulouse, Occitanie, France.",Historical spots,Monument,Landmark,Drivable,43.6077,1.4472,151,1307,No,Spring; Summer; Autumn,images/FR-001307,,,
FR-001308,Beach Lille 094,France,FR,Hauts-de-France,59,Lille,"Beach location in Lille, Hauts-de-France, France.",Beach spots|Natural spots,Beach,Nature & Recreation,Drivable,50.6342,3.0623,29,1308,No,Spring; Summer; Autumn,images/FR-001308,,,
FR-001309,Viewpoint Strasbourg 094,France,FR,Grand Est,67,Strasbourg,"Viewpoint location in Strasbourg, Grand Est, France.",Adventure spots|Natural spots,Viewpoint,Scenic Attraction,Drivable,48.5804,7.7591,146,1309,No,Spring; Summer; Autumn,images/FR-001309,,,
FR-001310,Market Nantes 094,France,FR,Pays de la Loire,44,Nantes,"Market location in Nantes, Pays de la Loire, France.",Cultural spots,Market,Local Attraction,Drivable,47.2274,-1.5446,24,1310,No,Spring; Summer; Autumn,images/FR-001310,,,
FR-001311,Art Gallery Rennes 094,France,FR,Bretagne,35,Rennes,"Art Gallery location in Rennes, Bretagne, France.",Cultural spots,Art Gallery,Cultural Attraction,Drivable,48.1083,-1.6868,30,1311,No,Spring; Summer; Autumn,images/FR-001311,,,
FR-001312,Theatre Rouen 094,France,FR,Normandie,76,Rouen,"Theatre location in Rouen, Normandie, France.",Historical spots,Theatre,Performing Arts,Drivable,49.4362,1.0923,0,1312,No,Spring; Summer; Autumn,images/FR-001312,,,
FR-001313,Church Dijon 094,France,FR,Bourgogne-Franche-Comté,21,Dijon,"Church location in Dijon, Bourgogne-Franche-Comté, France.",Religious/spiritual spots,Church,Religious Site,Drivable,47.317,5.0365,245,1313,No,Spring; Summer; Autumn,images/FR-001313,,,
FR-001314,Abbey Tours 094,France,FR,Centre-Val de Loire,37,Tours,"Abbey location in Tours, Centre-Val de Loire, France.",Religious/spiritual spots,Abbey,Religious Site,Drivable,47.3911,0.6818,57,1314,No,Spring; Summer; Autumn,images/FR-001314,,,
FR-001315,Fortress Ajaccio 094,France,FR,Corse,2A,Ajaccio,"Fortress location in Ajaccio, Corse, France.",Historical spots,Fortress,Historic Landmark,Drivable,41.9182,8.7376,19,1315,No,Spring; Summer; Autumn,images/FR-001315,,,
FR-001316,Archaeological Site Saint-Denis 094,France,FR,La Réunion,974,Saint-Denis,"Archaeological Site location in Saint-Denis, La Réunion, France.",Historical spots,Archaeological Site,Historic Site,Drivable,-20.8779,55.4491,29,1316,No,Spring; Summer; Autumn,images/FR-001316,,,
FR-001317,Zoo Paris 095,France,FR,Île-de-France,75,Paris,"Zoo location in Paris, Île-de-France, France.",Wildlife spots,Zoo,Family Attraction,Drivable,48.8596,2.3552,47,1317,No,Spring; Summer; Autumn,images/FR-001317,,,
FR-001318,Aquarium Lyon 095,France,FR,Auvergne-Rhône-Alpes,69,Lyon,"Aquarium location in Lyon, Auvergne-Rhône-Alpes, France.",Wildlife spots,Aquarium,Family Attraction,Drivable,45.769,4.8407,161,1318,No,Spring; Summer; Autumn,images/FR-001318,,,
FR-001319,Botanical Garden Marseille 095,France,FR,Provence-Alpes-Côte d'Azur,13,Marseille,"Botanical Garden location in Marseille, Provence-Alpes-Côte d'Azur, France.",Cultural spots|Natural spots,Botanical Garden,Nature & Recreation,Drivable,43.3035,5.3768,44,1319,No,Spring; Summer; Autumn,images/FR-001319,,,
FR-001320,Marina Bordeaux 095,France,FR,Nouvelle-Aquitaine,33,Bordeaux,"Marina location in Bordeaux, Nouvelle-Aquitaine, France.",Beach spots|Cultural spots,Marina,Leisure,Drivable,44.8468,-0.5702,6,1320,No,Spring; Summer; Autumn,images/FR-001320,,,
FR-001321,Historic Site Toulouse 095,France,FR,Occitanie,31,Toulouse,"Historic Site location in Toulouse, Occitanie, France.",Historical spots,Historic Site,Landmark,Drivable,43.5957,1.4352,142,1321,No,Spring; Summer; Autumn,images/FR-001321,,,
FR-001322,Museum Lille 095,France,FR,Hauts-de-France,59,Lille,"Museum location in Lille, Hauts-de-France, France.",Historical spots|Cultural spots,Museum,Cultural Attraction,Drivable,50.6222,3.0503,28,1322,No,Spring; Summer; Autumn,images/FR-001322,,,
FR-001323,Castle Strasbourg 095,France,FR,Grand Est,67,Strasbourg,"Castle location in Strasbourg, Grand Est, France.",Historical spots,Castle,Historic Landmark,Drivable,48.5684,7.7471,143,1323,No,Spring; Summer; Autumn,images/FR-001323,,,
FR-001324,Cathedral Nantes 095,France,FR,Pays de la Loire,44,Nantes,"Cathedral location in Nantes, Pays de la Loire, France.",Religious/spiritual spots,Cathedral,Religious Site,Drivable,47.2154,-1.5566,14,1324,No,Spring; Summer; Autumn,images/FR-001324,,,
FR-001325,Park Rennes 095,France,FR,Bretagne,35,Rennes,"Park location in Rennes, Bretagne, France.",Natural spots,Park,Nature & Recreation,Drivable,48.1163,-1.6788,48,1325,No,Spring; Summer; Autumn,images/FR-001325,,,
FR-001326,Garden Rouen 095,France,FR,Normandie,76,Rouen,"Garden location in Rouen, Normandie, France.",Cultural spots|Natural spots,Garden,Nature & Recreation,Drivable,49.4442,1.1003,30,1326,No,Spring; Summer; Autumn,images/FR-001326,,,
FR-001327,Monument Dijon 095,France,FR,Bourgogne-Franche-Comté,21,Dijon,"Monument location in Dijon, Bourgogne-Franche-Comté, France.",Historical spots,Monument,Landmark,Drivable,47.325,5.0445,248,1327,No,Spring; Summer; Autumn,images/FR-001327,,,
FR-001328,Beach Tours 095,France,FR,Centre-Val de Loire,37,Tours,"Beach location in Tours, Centre-Val de Loire, France.",Beach spots|Natural spots,Beach,Nature & Recreation,Drivable,47.3991,0.6898,44,1328,No,Spring; Summer; Autumn,images/FR-001328,,,
FR-001329,Viewpoint Ajaccio 095,France,FR,Corse,2A,Ajaccio,"Viewpoint location in Ajaccio, Corse, France.",Adventure spots|Natural spots,Viewpoint,Scenic Attraction,Drivable,41.9262,8.7456,0,1329,No,Spring; Summer; Autumn,images/FR-001329,,,
FR-001330,Market Saint-Denis 095,France,FR,La Réunion,974,Saint-Denis,"Market location in Saint-Denis, La Réunion, France.",Cultural spots,Market,Local Attraction,Drivable,-20.8699,55.4571,0,1330,No,Spring; Summer; Autumn,images/FR-001330,,,
FR-001331,Art Gallery Paris 096,France,FR,Île-de-France,75,Paris,"Art Gallery location in Paris, Île-de-France, France.",Cultural spots,Art Gallery,Cultural Attraction,Drivable,48.8476,2.3432,62,1331,No,Spring; Summer; Autumn,images/FR-001331,,,
FR-001332,Theatre Lyon 096,France,FR,Auvergne-Rhône-Alpes,69,Lyon,"Theatre location in Lyon, Auvergne-Rhône-Alpes, France.",Historical spots,Theatre,Performing Arts,Drivable,45.757,4.8287,177,1332,No,Spring; Summer; Autumn,images/FR-001332,,,
FR-001333,Church Marseille 096,France,FR,Provence-Alpes-Côte d'Azur,13,Marseille,"Church location in Marseille, Provence-Alpes-Côte d'Azur, France.",Religious/spiritual spots,Church,Religious Site,Drivable,43.2915,5.3648,2,1333,No,Spring; Summer; Autumn,images/FR-001333,,,
FR-001334,Abbey Bordeaux 096,France,FR,Nouvelle-Aquitaine,33,Bordeaux,"Abbey location in Bordeaux, Nouvelle-Aquitaine, France.",Religious/spiritual spots,Abbey,Religious Site,Drivable,44.8348,-0.5822,13,1334,No,Spring; Summer; Autumn,images/FR-001334,,,
FR-001335,Fortress Toulouse 096,France,FR,Occitanie,31,Toulouse,"Fortress location in Toulouse, Occitanie, France.",Historical spots,Fortress,Historic Landmark,Drivable,43.6037,1.4432,155,1335,No,Spring; Summer; Autumn,images/FR-001335,,,
FR-001336,Archaeological Site Lille 096,France,FR,Hauts-de-France,59,Lille,"Archaeological Site location in Lille, Hauts-de-France, France.",Historical spots,Archaeological Site,Historic Site,Drivable,50.6302,3.0583,27,1336,No,Spring; Summer; Autumn,images/FR-001336,,,
FR-001337,Zoo Strasbourg 096,France,FR,Grand Est,67,Strasbourg,"Zoo location in Strasbourg, Grand Est, France.",Wildlife spots,Zoo,Family Attraction,Drivable,48.5764,7.7551,147,1337,No,Spring; Summer; Autumn,images/FR-001337,,,
FR-001338,Aquarium Nantes 096,France,FR,Pays de la Loire,44,Nantes,"Aquarium location in Nantes, Pays de la Loire, France.",Wildlife spots,Aquarium,Family Attraction,Drivable,47.2234,-1.5486,13,1338,No,Spring; Summer; Autumn,images/FR-001338,,,
FR-001339,Botanical Garden Rennes 096,France,FR,Bretagne,35,Rennes,"Botanical Garden location in Rennes, Bretagne, France.",Cultural spots|Natural spots,Botanical Garden,Nature & Recreation,Drivable,48.1243,-1.6708,26,1339,No,Spring; Summer; Autumn,images/FR-001339,,,
FR-001340,Marina Rouen 096,France,FR,Normandie,76,Rouen,"Marina location in Rouen, Normandie, France.",Beach spots|Cultural spots,Marina,Leisure,Drivable,49.4522,1.1083,74,1340,No,Spring; Summer; Autumn,images/FR-001340,,,
FR-001341,Historic Site Dijon 096,France,FR,Bourgogne-Franche-Comté,21,Dijon,"Historic Site location in Dijon, Bourgogne-Franche-Comté, France.",Historical spots,Historic Site,Landmark,Drivable,47.313,5.0325,239,1341,No,Spring; Summer; Autumn,images/FR-001341,,,
FR-001342,Museum Tours 096,France,FR,Centre-Val de Loire,37,Tours,"Museum location in Tours, Centre-Val de Loire, France.",Historical spots|Cultural spots,Museum,Cultural Attraction,Drivable,47.3871,0.6778,51,1342,No,Spring; Summer; Autumn,images/FR-001342,,,
FR-001343,Castle Ajaccio 096,France,FR,Corse,2A,Ajaccio,"Castle location in Ajaccio, Corse, France.",Historical spots,Castle,Historic Landmark,Drivable,41.9142,8.7336,0,1343,No,Spring; Summer; Autumn,images/FR-001343,,,
FR-001344,Cathedral Saint-Denis 096,France,FR,La Réunion,974,Saint-Denis,"Cathedral location in Saint-Denis, La Réunion, France.",Religious/spiritual spots,Cathedral,Religious Site,Drivable,-20.8819,55.4451,16,1344,No,Spring; Summer; Autumn,images/FR-001344,,,
FR-001345,Park Paris 097,France,FR,Île-de-France,75,Paris,"Park location in Paris, Île-de-France, France.",Natural spots,Park,Nature & Recreation,Drivable,48.8556,2.3512,26,1345,No,Spring; Summer; Autumn,images/FR-001345,,,
FR-001346,Garden Lyon 097,France,FR,Auvergne-Rhône-Alpes,69,Lyon,"Garden location in Lyon, Auvergne-Rhône-Alpes, France.",Cultural spots|Natural spots,Garden,Nature & Recreation,Drivable,45.765,4.8367,181,1346,No,Spring; Summer; Autumn,images/FR-001346,,,
FR-001347,Monument Marseille 097,France,FR,Provence-Alpes-Côte d'Azur,13,Marseille,"Monument location in Marseille, Provence-Alpes-Côte d'Azur, France.",Historical spots,Monument,Landmark,Drivable,43.2995,5.3728,34,1347,No,Spring; Summer; Autumn,images/FR-001347,,,
FR-001348,Beach Bordeaux 097,France,FR,Nouvelle-Aquitaine,33,Bordeaux,"Beach location in Bordeaux, Nouvelle-Aquitaine, France.",Beach spots|Natural spots,Beach,Nature & Recreation,Drivable,44.8428,-0.5742,15,1348,No,Spring; Summer; Autumn,images/FR-001348,,,
FR-001349,Viewpoint Toulouse 097,France,FR,Occitanie,31,Toulouse,"Viewpoint location in Toulouse, Occitanie, France.",Adventure spots|Natural spots,Viewpoint,Scenic Attraction,Drivable,43.6117,1.4512,150,1349,No,Spring; Summer; Autumn,images/FR-001349,,,
FR-001350,Market Lille 097,France,FR,Hauts-de-France,59,Lille,"Market location in Lille, Hauts-de-France, France.",Cultural spots,Market,Local Attraction,Drivable,50.6382,3.0663,29,1350,No,Spring; Summer; Autumn,images/FR-001350,,,
FR-001351,Art Gallery Strasbourg 097,France,FR,Grand Est,67,Strasbourg,"Art Gallery location in Strasbourg, Grand Est, France.",Cultural spots,Art Gallery,Cultural Attraction,Drivable,48.5644,7.7431,139,1351,No,Spring; Summer; Autumn,images/FR-001351,,,
FR-001352,Theatre Nantes 097,France,FR,Pays de la Loire,44,Nantes,"Theatre location in Nantes, Pays de la Loire, France.",Historical spots,Theatre,Performing Arts,Drivable,47.2114,-1.5606,15,1352,No,Spring; Summer; Autumn,images/FR-001352,,,
FR-001353,Church Rennes 097,France,FR,Bretagne,35,Rennes,"Church location in Rennes, Bretagne, France.",Religious/spiritual spots,Church,Religious Site,Drivable,48.1123,-1.6828,39,1353,No,Spring; Summer; Autumn,images/FR-001353,,,
FR-001354,Abbey Rouen 097,France,FR,Normandie,76,Rouen,"Abbey location in Rouen, Normandie, France.",Religious/spiritual spots,Abbey,Religious Site,Drivable,49.4402,1.0963,23,1354,No,Spring; Summer; Autumn,images/FR-001354,,,
FR-001355,Fortress Dijon 097,France,FR,Bourgogne-Franche-Comté,21,Dijon,"Fortress location in Dijon, Bourgogne-Franche-Comté, France.",Historical spots,Fortress,Historic Landmark,Drivable,47.321,5.0405,252,1355,No,Spring; Summer; Autumn,images/FR-001355,,,
FR-001356,Archaeological Site Tours 097,France,FR,Centre-Val de Loire,37,Tours,"Archaeological Site location in Tours, Centre-Val de Loire, France.",Historical spots,Archaeological Site,Historic Site,Drivable,47.3951,0.6858,56,1356,No,Spring; Summer; Autumn,images/FR-001356,,,
FR-001357,Zoo Ajaccio 097,France,FR,Corse,2A,Ajaccio,"Zoo location in Ajaccio, Corse, France.",Wildlife spots,Zoo,Family Attraction,Drivable,41.9222,8.7416,0,1357,No,Spring; Summer; Autumn,images/FR-001357,,,
FR-001358,Aquarium Saint-Denis 097,France,FR,La Réunion,974,Saint-Denis,"Aquarium location in Saint-Denis, La Réunion, France.",Wildlife spots,Aquarium,Family Attraction,Drivable,-20.8739,55.4531,10,1358,No,Spring; Summer; Autumn,images/FR-001358,,,
FR-001359,Botanical Garden Paris 098,France,FR,Île-de-France,75,Paris,"Botanical Garden location in Paris, Île-de-France, France.",Cultural spots|Natural spots,Botanical Garden,Nature & Recreation,Drivable,48.8636,2.3592,48,1359,No,Spring; Summer; Autumn,images/FR-001359,,,
FR-001360,Marina Lyon 098,France,FR,Auvergne-Rhône-Alpes,69,Lyon,"Marina location in Lyon, Auvergne-Rhône-Alpes, France.",Beach spots|Cultural spots,Marina,Leisure,Drivable,45.773,4.8447,176,1360,No,Spring; Summer; Autumn,images/FR-001360,,,
FR-001361,Historic Site Marseille 098,France,FR,Provence-Alpes-Côte d'Azur,13,Marseille,"Historic Site location in Marseille, Provence-Alpes-Côte d'Azur, France.",Historical spots,Historic Site,Landmark,Drivable,43.2875,5.3608,20,1361,No,Spring; Summer; Autumn,images/FR-001361,,,
FR-001362,Museum Bordeaux 098,France,FR,Nouvelle-Aquitaine,33,Bordeaux,"Museum location in Bordeaux, Nouvelle-Aquitaine, France.",Historical spots|Cultural spots,Museum,Cultural Attraction,Drivable,44.8308,-0.5862,16,1362,No,Spring; Summer; Autumn,images/FR-001362,,,
FR-001363,Castle Toulouse 098,France,FR,Occitanie,31,Toulouse,"Castle location in Toulouse, Occitanie, France.",Historical spots,Castle,Historic Landmark,Drivable,43.5997,1.4392,130,1363,No,Spring; Summer; Autumn,images/FR-001363,,,
FR-001364,Cathedral Lille 098,France,FR,Hauts-de-France,59,Lille,"Cathedral location in Lille, Hauts-de-France, France.",Religious/spiritual spots,Cathedral,Religious Site,Drivable,50.6262,3.0543,26,1364,No,Spring; Summer; Autumn,images/FR-001364,,,
FR-001365,Park Strasbourg 098,France,FR,Grand Est,67,Strasbourg,"Park location in Strasbourg, Grand Est, France.",Natural spots,Park,Nature & Recreation,Drivable,48.5724,7.7511,141,1365,No,Spring; Summer; Autumn,images/FR-001365,,,
FR-001366,Garden Nantes 098,France,FR,Pays de la Loire,44,Nantes,"Garden location in Nantes, Pays de la Loire, France.",Cultural spots|Natural spots,Garden,Nature & Recreation,Drivable,47.2194,-1.5526,14,1366,No,Spring; Summer; Autumn,images/FR-001366,,,
FR-001367,Monument Rennes 098,France,FR,Bretagne,35,Rennes,"Monument location in Rennes, Bretagne, France.",Historical spots,Monument,Landmark,Drivable,48.1203,-1.6748,34,1367,No,Spring; Summer; Autumn,images/FR-001367,,,
FR-001368,Beach Rouen 098,France,FR,Normandie,76,Rouen,"Beach location in Rouen, Normandie, France.",Beach spots|Natural spots,Beach,Nature & Recreation,Drivable,49.4482,1.1043,60,1368,No,Spring; Summer; Autumn,images/FR-001368,,,
FR-001369,Viewpoint Dijon 098,France,FR,Bourgogne-Franche-Comté,21,Dijon,"Viewpoint location in Dijon, Bourgogne-Franche-Comté, France.",Adventure spots|Natural spots,Viewpoint,Scenic Attraction,Drivable,47.329,5.0485,249,1369,No,Spring; Summer; Autumn,images/FR-001369,,,
FR-001370,Market Tours 098,France,FR,Centre-Val de Loire,37,Tours,"Market location in Tours, Centre-Val de Loire, France.",Cultural spots,Market,Local Attraction,Drivable,47.4031,0.6938,67,1370,No,Spring; Summer; Autumn,images/FR-001370,,,
FR-001371,Art Gallery Ajaccio 098,France,FR,Corse,2A,Ajaccio,"Art Gallery location in Ajaccio, Corse, France.",Cultural spots,Art Gallery,Cultural Attraction,Drivable,41.9102,8.7296,0,1371,No,Spring; Summer; Autumn,images/FR-001371,,,
FR-001372,Theatre Saint-Denis 098,France,FR,La Réunion,974,Saint-Denis,"Theatre location in Saint-Denis, La Réunion, France.",Historical spots,Theatre,Performing Arts,Drivable,-20.8859,55.4411,69,1372,No,Spring; Summer; Autumn,images/FR-001372,,,
FR-001373,Church Paris 099,France,FR,Île-de-France,75,Paris,"Church location in Paris, Île-de-France, France.",Religious/spiritual spots,Church,Religious Site,Drivable,48.8516,2.3472,48,1373,No,Spring; Summer; Autumn,images/FR-001373,,,
FR-001374,Abbey Lyon 099,France,FR,Auvergne-Rhône-Alpes,69,Lyon,"Abbey location in Lyon, Auvergne-Rhône-Alpes, France.",Religious/spiritual spots,Abbey,Religious Site,Drivable,45.761,4.8327,185,1374,No,Spring; Summer; Autumn,images/FR-001374,,,
FR-001375,Fortress Marseille 099,France,FR,Provence-Alpes-Côte d'Azur,13,Marseille,"Fortress location in Marseille, Provence-Alpes-Côte d'Azur, France.",Historical spots,Fortress,Historic Landmark,Drivable,43.2955,5.3688,2,1375,No,Spring; Summer; Autumn,images/FR-001375,,,
FR-001376,Archaeological Site Bordeaux 099,France,FR,Nouvelle-Aquitaine,33,Bordeaux,"Archaeological Site location in Bordeaux, Nouvelle-Aquitaine, France.",Historical spots,Archaeological Site,Historic Site,Drivable,44.8388,-0.5782,16,1376,No,Spring; Summer; Autumn,images/FR-001376,,,
FR-001377,Zoo Toulouse 099,France,FR,Occitanie,31,Toulouse,"Zoo location in Toulouse, Occitanie, France.",Wildlife spots,Zoo,Family Attraction,Drivable,43.6077,1.4472,151,1377,No,Spring; Summer; Autumn,images/FR-001377,,,
FR-001378,Aquarium Lille 099,France,FR,Hauts-de-France,59,Lille,"Aquarium location in Lille, Hauts-de-France, France.",Wildlife spots,Aquarium,Family Attraction,Drivable,50.6342,3.0623,29,1378,No,Spring; Summer; Autumn,images/FR-001378,,,
FR-001379,Botanical Garden Strasbourg 099,France,FR,Grand Est,67,Strasbourg,"Botanical Garden location in Strasbourg, Grand Est, France.",Cultural spots|Natural spots,Botanical Garden,Nature & Recreation,Drivable,48.5804,7.7591,146,1379,No,Spring; Summer; Autumn,images/FR-001379,,,
FR-001380,Marina Nantes 099,France,FR,Pays de la Loire,44,Nantes,"Marina location in Nantes, Pays de la Loire, France.",Beach spots|Cultural spots,Marina,Leisure,Drivable,47.2274,-1.5446,24,1380,No,Spring; Summer; Autumn,images/FR-001380,,,
FR-001381,Historic Site Rennes 099,France,FR,Bretagne,35,Rennes,"Historic Site location in Rennes, Bretagne, France.",Historical spots,Historic Site,Landmark,Drivable,48.1083,-1.6868,30,1381,No,Spring; Summer; Autumn,images/FR-001381,,,
FR-001382,Museum Rouen 099,France,FR,Normandie,76,Rouen,"Museum location in Rouen, Normandie, France.",Historical spots|Cultural spots,Museum,Cultural Attraction,Drivable,49.4362,1.0923,0,1382,No,Spring; Summer; Autumn,images/FR-001382,,,
FR-001383,Castle Dijon 099,France,FR,Bourgogne-Franche-Comté,21,Dijon,"Castle location in Dijon, Bourgogne-Franche-Comté, France.",Historical spots,Castle,Historic Landmark,Drivable,47.317,5.0365,245,1383,No,Spring; Summer; Autumn,images/FR-001383,,,
FR-001384,Cathedral Tours 099,France,FR,Centre-Val de Loire,37,Tours,"Cathedral location in Tours, Centre-Val de Loire, France.",Religious/spiritual spots,Cathedral,Religious Site,Drivable,47.3911,0.6818,57,1384,No,Spring; Summer; Autumn,images/FR-001384,,,
FR-001385,Park Ajaccio 099,France,FR,Corse,2A,Ajaccio,"Park location in Ajaccio, Corse, France.",Natural spots,Park,Nature & Recreation,Drivable,41.9182,8.7376,19,1385,No,Spring; Summer; Autumn,images/FR-001385,,,
FR-001386,Garden Saint-Denis 099,France,FR,La Réunion,974,Saint-Denis,"Garden location in Saint-Denis, La Réunion, France.",Cultural spots|Natural spots,Garden,Nature & Recreation,Drivable,-20.8779,55.4491,29,1386,No,Spring; Summer; Autumn,images/FR-001386,,,
FR-001387,Monument Paris 100,France,FR,Île-de-France,75,Paris,"Monument location in Paris, Île-de-France, France.",Historical spots,Monument,Landmark,Drivable,48.8596,2.3552,47,1387,No,Spring; Summer; Autumn,images/FR-001387,,,
FR-001388,Beach Lyon 100,France,FR,Auvergne-Rhône-Alpes,69,Lyon,"Beach location in Lyon, Auvergne-Rhône-Alpes, France.",Beach spots|Natural spots,Beach,Nature & Recreation,Drivable,45.769,4.8407,161,1388,No,Spring; Summer; Autumn,images/FR-001388,,,
FR-001389,Viewpoint Marseille 100,France,FR,Provence-Alpes-Côte d'Azur,13,Marseille,"Viewpoint location in Marseille, Provence-Alpes-Côte d'Azur, France.",Adventure spots|Natural spots,Viewpoint,Scenic Attraction,Drivable,43.3035,5.3768,44,1389,No,Spring; Summer; Autumn,images/FR-001389,,,
FR-001390,Market Bordeaux 100,France,FR,Nouvelle-Aquitaine,33,Bordeaux,"Market location in Bordeaux, Nouvelle-Aquitaine, France.",Cultural spots,Market,Local Attraction,Drivable,44.8468,-0.5702,6,1390,No,Spring; Summer; Autumn,images/FR-001390,,,
FR-001391,Art Gallery Toulouse 100,France,FR,Occitanie,31,Toulouse,"Art Gallery location in Toulouse, Occitanie, France.",Cultural spots,Art Gallery,Cultural Attraction,Drivable,43.5957,1.4352,142,1391,No,Spring; Summer; Autumn,images/FR-001391,,,
FR-001392,Theatre Lille 100,France,FR,Hauts-de-France,59,Lille,"Theatre location in Lille, Hauts-de-France, France.",Historical spots,Theatre,Performing Arts,Drivable,50.6222,3.0503,28,1392,No,Spring; Summer; Autumn,images/FR-001392,,,
FR-001393,Church Strasbourg 100,France,FR,Grand Est,67,Strasbourg,"Church location in Strasbourg, Grand Est, France.",Religious/spiritual spots,Church,Religious Site,Drivable,48.5684,7.7471,143,1393,No,Spring; Summer; Autumn,images/FR-001393,,,
FR-001394,Abbey Nantes 100,France,FR,Pays de la Loire,44,Nantes,"Abbey location in Nantes, Pays de la Loire, France.",Religious/spiritual spots,Abbey,Religious Site,Drivable,47.2154,-1.5566,14,1394,No,Spring; Summer; Autumn,images/FR-001394,,,
FR-001395,Fortress Rennes 100,France,FR,Bretagne,35,Rennes,"Fortress location in Rennes, Bretagne, France.",Historical spots,Fortress,Historic Landmark,Drivable,48.1163,-1.6788,48,1395,No,Spring; Summer; Autumn,images/FR-001395,,,
FR-001396,Archaeological Site Rouen 100,France,FR,Normandie,76,Rouen,"Archaeological Site location in Rouen, Normandie, France.",Historical spots,Archaeological Site,Historic Site,Drivable,49.4442,1.1003,30,1396,No,Spring; Summer; Autumn,images/FR-001396,,,
FR-001397,Zoo Dijon 100,France,FR,Bourgogne-Franche-Comté,21,Dijon,"Zoo location in Dijon, Bourgogne-Franche-Comté, France.",Wildlife spots,Zoo,Family Attraction,Drivable,47.325,5.0445,248,1397,No,Spring; Summer; Autumn,images/FR-001397,,,
FR-001398,Aquarium Tours 100,France,FR,Centre-Val de Loire,37,Tours,"Aquarium location in Tours, Centre-Val de Loire, France.",Wildlife spots,Aquarium,Family Attraction,Drivable,47.3991,0.6898,44,1398,No,Spring; Summer; Autumn,images/FR-001398,,,
FR-001399,Botanical Garden Ajaccio 100,France,FR,Corse,2A,Ajaccio,"Botanical Garden location in Ajaccio, Corse, France.",Cultural spots|Natural spots,Botanical Garden,Nature & Recreation,Drivable,41.9262,8.7456,0,1399,No,Spring; Summer; Autumn,images/FR-001399,,,
FR-001400,Marina Saint-Denis 100,France,FR,La Réunion,974,Saint-Denis,"Marina location in Saint-Denis, La Réunion, France.",Beach spots|Cultural spots,Marina,Leisure,Drivable,-20.8699,55.4571,0,1400,No,Spring; Summer; Autumn,images/FR-001400,,,
FR-001401,Historic Site Paris 101,France,FR,Île-de-France,75,Paris,"Historic Site location in Paris, Île-de-France, France.",Historical spots,Historic Site,Landmark,Drivable,48.8476,2.3432,62,1401,No,Spring; Summer; Autumn,images/FR-001401,,,
FR-001402,Museum Lyon 101,France,FR,Auvergne-Rhône-Alpes,69,Lyon,"Museum location in Lyon, Auvergne-Rhône-Alpes, France.",Historical spots|Cultural spots,Museum,Cultural Attraction,Drivable,45.757,4.8287,177,1402,No,Spring; Summer; Autumn,images/FR-001402,,,
FR-001403,Castle Marseille 101,France,FR,Provence-Alpes-Côte d'Azur,13,Marseille,"Castle location in Marseille, Provence-Alpes-Côte d'Azur, France.",Historical spots,Castle,Historic Landmark,Drivable,43.2915,5.3648,2,1403,No,Spring; Summer; Autumn,images/FR-001403,,,
FR-001404,Cathedral Bordeaux 101,France,FR,Nouvelle-Aquitaine,33,Bordeaux,"Cathedral location in Bordeaux, Nouvelle-Aquitaine, France.",Religious/spiritual spots,Cathedral,Religious Site,Drivable,44.8348,-0.5822,13,1404,No,Spring; Summer; Autumn,images/FR-001404,,,
FR-001405,Park Toulouse 101,France,FR,Occitanie,31,Toulouse,"Park location in Toulouse, Occitanie, France.",Natural spots,Park,Nature & Recreation,Drivable,43.6037,1.4432,155,1405,No,Spring; Summer; Autumn,images/FR-001405,,,
FR-001406,Garden Lille 101,France,FR,Hauts-de-France,59,Lille,"Garden location in Lille, Hauts-de-France, France.",Cultural spots|Natural spots,Garden,Nature & Recreation,Drivable,50.6302,3.0583,27,1406,No,Spring; Summer; Autumn,images/FR-001406,,,
FR-001407,Monument Strasbourg 101,France,FR,Grand Est,67,Strasbourg,"Monument location in Strasbourg, Grand Est, France.",Historical spots,Monument,Landmark,Drivable,48.5764,7.7551,147,1407,No,Spring; Summer; Autumn,images/FR-001407,,,
FR-001408,Beach Nantes 101,France,FR,Pays de la Loire,44,Nantes,"Beach location in Nantes, Pays de la Loire, France.",Beach spots|Natural spots,Beach,Nature & Recreation,Drivable,47.2234,-1.5486,13,1408,No,Spring; Summer; Autumn,images/FR-001408,,,
FR-001409,Viewpoint Rennes 101,France,FR,Bretagne,35,Rennes,"Viewpoint location in Rennes, Bretagne, France.",Adventure spots|Natural spots,Viewpoint,Scenic Attraction,Drivable,48.1243,-1.6708,26,1409,No,Spring; Summer; Autumn,images/FR-001409,,,
FR-001410,Market Rouen 101,France,FR,Normandie,76,Rouen,"Market location in Rouen, Normandie, France.",Cultural spots,Market,Local Attraction,Drivable,49.4522,1.1083,74,1410,No,Spring; Summer; Autumn,images/FR-001410,,,
FR-001411,Art Gallery Dijon 101,France,FR,Bourgogne-Franche-Comté,21,Dijon,"Art Gallery location in Dijon, Bourgogne-Franche-Comté, France.",Cultural spots,Art Gallery,Cultural Attraction,Drivable,47.313,5.0325,239,1411,No,Spring; Summer; Autumn,images/FR-001411,,,
FR-001412,Theatre Tours 101,France,FR,Centre-Val de Loire,37,Tours,"Theatre location in Tours, Centre-Val de Loire, France.",Historical spots,Theatre,Performing Arts,Drivable,47.3871,0.6778,51,1412,No,Spring; Summer; Autumn,images/FR-001412,,,
FR-001413,Church Ajaccio 101,France,FR,Corse,2A,Ajaccio,"Church location in Ajaccio, Corse, France.",Religious/spiritual spots,Church,Religious Site,Drivable,41.9142,8.7336,0,1413,No,Spring; Summer; Autumn,images/FR-001413,,,
FR-001414,Abbey Saint-Denis 101,France,FR,La Réunion,974,Saint-Denis,"Abbey location in Saint-Denis, La Réunion, France.",Religious/spiritual spots,Abbey,Religious Site,Drivable,-20.8819,55.4451,16,1414,No,Spring; Summer; Autumn,images/FR-001414,,,
FR-001415,Fortress Paris 102,France,FR,Île-de-France,75,Paris,"Fortress location in Paris, Île-de-France, France.",Historical spots,Fortress,Historic Landmark,Drivable,48.8556,2.3512,26,1415,No,Spring; Summer; Autumn,images/FR-001415,,,
FR-001416,Archaeological Site Lyon 102,France,FR,Auvergne-Rhône-Alpes,69,Lyon,"Archaeological Site location in Lyon, Auvergne-Rhône-Alpes, France.",Historical spots,Archaeological Site,Historic Site,Drivable,45.765,4.8367,181,1416,No,Spring; Summer; Autumn,images/FR-001416,,,
FR-001417,Zoo Marseille 102,France,FR,Provence-Alpes-Côte d'Azur,13,Marseille,"Zoo location in Marseille, Provence-Alpes-Côte d'Azur, France.",Wildlife spots,Zoo,Family Attraction,Drivable,43.2995,5.3728,34,1417,No,Spring; Summer; Autumn,images/FR-001417,,,
FR-001418,Aquarium Bordeaux 102,France,FR,Nouvelle-Aquitaine,33,Bordeaux,"Aquarium location in Bordeaux, Nouvelle-Aquitaine, France.",Wildlife spots,Aquarium,Family Attraction,Drivable,44.8428,-0.5742,15,1418,No,Spring; Summer; Autumn,images/FR-001418,,,
FR-001419,Botanical Garden Toulouse 102,France,FR,Occitanie,31,Toulouse,"Botanical Garden location in Toulouse, Occitanie, France.",Cultural spots|Natural spots,Botanical Garden,Nature & Recreation,Drivable,43.6117,1.4512,150,1419,No,Spring; Summer; Autumn,images/FR-001419,,,
FR-001420,Marina Lille 102,France,FR,Hauts-de-France,59,Lille,"Marina location in Lille, Hauts-de-France, France.",Beach spots|Cultural spots,Marina,Leisure,Drivable,50.6382,3.0663,29,1420,No,Spring; Summer; Autumn,images/FR-001420,,,
FR-001421,Historic Site Strasbourg 102,France,FR,Grand Est,67,Strasbourg,"Historic Site location in Strasbourg, Grand Est, France.",Historical spots,Historic Site,Landmark,Drivable,48.5644,7.7431,139,1421,No,Spring; Summer; Autumn,images/FR-001421,,,
FR-001422,Museum Nantes 102,France,FR,Pays de la Loire,44,Nantes,"Museum location in Nantes, Pays de la Loire, France.",Historical spots|Cultural spots,Museum,Cultural Attraction,Drivable,47.2114,-1.5606,15,1422,No,Spring; Summer; Autumn,images/FR-001422,,,
FR-001423,Castle Rennes 102,France,FR,Bretagne,35,Rennes,"Castle location in Rennes, Bretagne, France.",Historical spots,Castle,Historic Landmark,Drivable,48.1123,-1.6828,39,1423,No,Spring; Summer; Autumn,images/FR-001423,,,
FR-001424,Cathedral Rouen 102,France,FR,Normandie,76,Rouen,"Cathedral location in Rouen, Normandie, France.",Religious/spiritual spots,Cathedral,Religious Site,Drivable,49.4402,1.0963,23,1424,No,Spring; Summer; Autumn,images/FR-001424,,,
FR-001425,Park Dijon 102,France,FR,Bourgogne-Franche-Comté,21,Dijon,"Park location in Dijon, Bourgogne-Franche-Comté, France.",Natural spots,Park,Nature & Recreation,Drivable,47.321,5.0405,252,1425,No,Spring; Summer; Autumn,images/FR-001425,,,
FR-001426,Garden Tours 102,France,FR,Centre-Val de Loire,37,Tours,"Garden location in Tours, Centre-Val de Loire, France.",Cultural spots|Natural spots,Garden,Nature & Recreation,Drivable,47.3951,0.6858,56,1426,No,Spring; Summer; Autumn,images/FR-001426,,,
FR-001427,Monument Ajaccio 102,France,FR,Corse,2A,Ajaccio,"Monument location in Ajaccio, Corse, France.",Historical spots,Monument,Landmark,Drivable,41.9222,8.7416,0,1427,No,Spring; Summer; Autumn,images/FR-001427,,,
FR-001428,Beach Saint-Denis 102,France,FR,La Réunion,974,Saint-Denis,"Beach location in Saint-Denis, La Réunion, France.",Beach spots|Natural spots,Beach,Nature & Recreation,Drivable,-20.8739,55.4531,10,1428,No,Spring; Summer; Autumn,images/FR-001428,,,
FR-001429,Viewpoint Paris 103,France,FR,Île-de-France,75,Paris,"Viewpoint location in Paris, Île-de-France, France.",Adventure spots|Natural spots,Viewpoint,Scenic Attraction,Drivable,48.8636,2.3592,48,1429,No,Spring; Summer; Autumn,images/FR-001429,,,
FR-001430,Market Lyon 103,France,FR,Auvergne-Rhône-Alpes,69,Lyon,"Market location in Lyon, Auvergne-Rhône-Alpes, France.",Cultural spots,Market,Local Attraction,Drivable,45.773,4.8447,176,1430,No,Spring; Summer; Autumn,images/FR-001430,,,
FR-001431,Art Gallery Marseille 103,France,FR,Provence-Alpes-Côte d'Azur,13,Marseille,"Art Gallery location in Marseille, Provence-Alpes-Côte d'Azur, France.",Cultural spots,Art Gallery,Cultural Attraction,Drivable,43.2875,5.3608,20,1431,No,Spring; Summer; Autumn,images/FR-001431,,,
FR-001432,Theatre Bordeaux 103,France,FR,Nouvelle-Aquitaine,33,Bordeaux,"Theatre location in Bordeaux, Nouvelle-Aquitaine, France.",Historical spots,Theatre,Performing Arts,Drivable,44.8308,-0.5862,16,1432,No,Spring; Summer; Autumn,images/FR-001432,,,
FR-001433,Church Toulouse 103,France,FR,Occitanie,31,Toulouse,"Church location in Toulouse, Occitanie, France.",Religious/spiritual spots,Church,Religious Site,Drivable,43.5997,1.4392,130,1433,No,Spring; Summer; Autumn,images/FR-001433,,,
FR-001434,Abbey Lille 103,France,FR,Hauts-de-France,59,Lille,"Abbey location in Lille, Hauts-de-France, France.",Religious/spiritual spots,Abbey,Religious Site,Drivable,50.6262,3.0543,26,1434,No,Spring; Summer; Autumn,images/FR-001434,,,
FR-001435,Fortress Strasbourg 103,France,FR,Grand Est,67,Strasbourg,"Fortress location in Strasbourg, Grand Est, France.",Historical spots,Fortress,Historic Landmark,Drivable,48.5724,7.7511,141,1435,No,Spring; Summer; Autumn,images/FR-001435,,,
FR-001436,Archaeological Site Nantes 103,France,FR,Pays de la Loire,44,Nantes,"Archaeological Site location in Nantes, Pays de la Loire, France.",Historical spots,Archaeological Site,Historic Site,Drivable,47.2194,-1.5526,14,1436,No,Spring; Summer; Autumn,images/FR-001436,,,
FR-001437,Zoo Rennes 103,France,FR,Bretagne,35,Rennes,"Zoo location in Rennes, Bretagne, France.",Wildlife spots,Zoo,Family Attraction,Drivable,48.1203,-1.6748,34,1437,No,Spring; Summer; Autumn,images/FR-001437,,,
FR-001438,Aquarium Rouen 103,France,FR,Normandie,76,Rouen,"Aquarium location in Rouen, Normandie, France.",Wildlife spots,Aquarium,Family Attraction,Drivable,49.4482,1.1043,60,1438,No,Spring; Summer; Autumn,images/FR-001438,,,
FR-001439,Botanical Garden Dijon 103,France,FR,Bourgogne-Franche-Comté,21,Dijon,"Botanical Garden location in Dijon, Bourgogne-Franche-Comté, France.",Cultural spots|Natural spots,Botanical Garden,Nature & Recreation,Drivable,47.329,5.0485,249,1439,No,Spring; Summer; Autumn,images/FR-001439,,,
FR-001440,Marina Tours 103,France,FR,Centre-Val de Loire,37,Tours,"Marina location in Tours, Centre-Val de Loire, France.",Beach spots|Cultural spots,Marina,Leisure,Drivable,47.4031,0.6938,67,1440,No,Spring; Summer; Autumn,images/FR-001440,,,
FR-001441,Historic Site Ajaccio 103,France,FR,Corse,2A,Ajaccio,"Historic Site location in Ajaccio, Corse, France.",Historical spots,Historic Site,Landmark,Drivable,41.9102,8.7296,0,1441,No,Spring; Summer; Autumn,images/FR-001441,,,
FR-001442,Museum Saint-Denis 103,France,FR,La Réunion,974,Saint-Denis,"Museum location in Saint-Denis, La Réunion, France.",Historical spots|Cultural spots,Museum,Cultural Attraction,Drivable,-20.8859,55.4411,69,1442,No,Spring; Summer; Autumn,images/FR-001442,,,
FR-001443,Castle Paris 104,France,FR,Île-de-France,75,Paris,"Castle location in Paris, Île-de-France, France.",Historical spots,Castle,Historic Landmark,Drivable,48.8516,2.3472,48,1443,No,Spring; Summer; Autumn,images/FR-001443,,,
FR-001444,Cathedral Lyon 104,France,FR,Auvergne-Rhône-Alpes,69,Lyon,"Cathedral location in Lyon, Auvergne-Rhône-Alpes, France.",Religious/spiritual spots,Cathedral,Religious Site,Drivable,45.761,4.8327,185,1444,No,Spring; Summer; Autumn,images/FR-001444,,,
FR-001445,Park Marseille 104,France,FR,Provence-Alpes-Côte d'Azur,13,Marseille,"Park location in Marseille, Provence-Alpes-Côte d'Azur, France.",Natural spots,Park,Nature & Recreation,Drivable,43.2955,5.3688,2,1445,No,Spring; Summer; Autumn,images/FR-001445,,,
FR-001446,Garden Bordeaux 104,France,FR,Nouvelle-Aquitaine,33,Bordeaux,"Garden location in Bordeaux, Nouvelle-Aquitaine, France.",Cultural spots|Natural spots,Garden,Nature & Recreation,Drivable,44.8388,-0.5782,16,1446,No,Spring; Summer; Autumn,images/FR-001446,,,
FR-001447,Monument Toulouse 104,France,FR,Occitanie,31,Toulouse,"Monument location in Toulouse, Occitanie, France.",Historical spots,Monument,Landmark,Drivable,43.6077,1.4472,151,1447,No,Spring; Summer; Autumn,images/FR-001447,,,
FR-001448,Beach Lille 104,France,FR,Hauts-de-France,59,Lille,"Beach location in Lille, Hauts-de-France, France.",Beach spots|Natural spots,Beach,Nature & Recreation,Drivable,50.6342,3.0623,29,1448,No,Spring; Summer; Autumn,images/FR-001448,,,
FR-001449,Viewpoint Strasbourg 104,France,FR,Grand Est,67,Strasbourg,"Viewpoint location in Strasbourg, Grand Est, France.",Adventure spots|Natural spots,Viewpoint,Scenic Attraction,Drivable,48.5804,7.7591,146,1449,No,Spring; Summer; Autumn,images/FR-001449,,,
FR-001450,Market Nantes 104,France,FR,Pays de la Loire,44,Nantes,"Market location in Nantes, Pays de la Loire, France.",Cultural spots,Market,Local Attraction,Drivable,47.2274,-1.5446,24,1450,No,Spring; Summer; Autumn,images/FR-001450,,,
FR-001451,Art Gallery Rennes 104,France,FR,Bretagne,35,Rennes,"Art Gallery location in Rennes, Bretagne, France.",Cultural spots,Art Gallery,Cultural Attraction,Drivable,48.1083,-1.6868,30,1451,No,Spring; Summer; Autumn,images/FR-001451,,,
FR-001452,Theatre Rouen 104,France,FR,Normandie,76,Rouen,"Theatre location in Rouen, Normandie, France.",Historical spots,Theatre,Performing Arts,Drivable,49.4362,1.0923,0,1452,No,Spring; Summer; Autumn,images/FR-001452,,,
FR-001453,Church Dijon 104,France,FR,Bourgogne-Franche-Comté,21,Dijon,"Church location in Dijon, Bourgogne-Franche-Comté, France.",Religious/spiritual spots,Church,Religious Site,Drivable,47.317,5.0365,245,1453,No,Spring; Summer; Autumn,images/FR-001453,,,
FR-001454,Abbey Tours 104,France,FR,Centre-Val de Loire,37,Tours,"Abbey location in Tours, Centre-Val de Loire, France.",Religious/spiritual spots,Abbey,Religious Site,Drivable,47.3911,0.6818,57,1454,No,Spring; Summer; Autumn,images/FR-001454,,,
FR-001455,Fortress Ajaccio 104,France,FR,Corse,2A,Ajaccio,"Fortress location in Ajaccio, Corse, France.",Historical spots,Fortress,Historic Landmark,Drivable,41.9182,8.7376,19,1455,No,Spring; Summer; Autumn,images/FR-001455,,,
FR-001456,Archaeological Site Saint-Denis 104,France,FR,La Réunion,974,Saint-Denis,"Archaeological Site location in Saint-Denis, La Réunion, France.",Historical spots,Archaeological Site,Historic Site,Drivable,-20.8779,55.4491,29,1456,No,Spring; Summer; Autumn,images/FR-001456,,,
FR-001457,Zoo Paris 105,France,FR,Île-de-France,75,Paris,"Zoo location in Paris, Île-de-France, France.",Wildlife spots,Zoo,Family Attraction,Drivable,48.8596,2.3552,47,1457,No,Spring; Summer; Autumn,images/FR-001457,,,
FR-001458,Aquarium Lyon 105,France,FR,Auvergne-Rhône-Alpes,69,Lyon,"Aquarium location in Lyon, Auvergne-Rhône-Alpes, France.",Wildlife spots,Aquarium,Family Attraction,Drivable,45.769,4.8407,161,1458,No,Spring; Summer; Autumn,images/FR-001458,,,
FR-001459,Botanical Garden Marseille 105,France,FR,Provence-Alpes-Côte d'Azur,13,Marseille,"Botanical Garden location in Marseille, Provence-Alpes-Côte d'Azur, France.",Cultural spots|Natural spots,Botanical Garden,Nature & Recreation,Drivable,43.3035,5.3768,44,1459,No,Spring; Summer; Autumn,images/FR-001459,,,
FR-001460,Marina Bordeaux 105,France,FR,Nouvelle-Aquitaine,33,Bordeaux,"Marina location in Bordeaux, Nouvelle-Aquitaine, France.",Beach spots|Cultural spots,Marina,Leisure,Drivable,44.8468,-0.5702,6,1460,No,Spring; Summer; Autumn,images/FR-001460,,,
FR-001461,Historic Site Toulouse 105,France,FR,Occitanie,31,Toulouse,"Historic Site location in Toulouse, Occitanie, France.",Historical spots,Historic Site,Landmark,Drivable,43.5957,1.4352,142,1461,No,Spring; Summer; Autumn,images/FR-001461,,,
FR-001462,Museum Lille 105,France,FR,Hauts-de-France,59,Lille,"Museum location in Lille, Hauts-de-France, France.",Historical spots|Cultural spots,Museum,Cultural Attraction,Drivable,50.6222,3.0503,28,1462,No,Spring; Summer; Autumn,images/FR-001462,,,
FR-001463,Castle Strasbourg 105,France,FR,Grand Est,67,Strasbourg,"Castle location in Strasbourg, Grand Est, France.",Historical spots,Castle,Historic Landmark,Drivable,48.5684,7.7471,143,1463,No,Spring; Summer; Autumn,images/FR-001463,,,
FR-001464,Cathedral Nantes 105,France,FR,Pays de la Loire,44,Nantes,"Cathedral location in Nantes, Pays de la Loire, France.",Religious/spiritual spots,Cathedral,Religious Site,Drivable,47.2154,-1.5566,14,1464,No,Spring; Summer; Autumn,images/FR-001464,,,
FR-001465,Park Rennes 105,France,FR,Bretagne,35,Rennes,"Park location in Rennes, Bretagne, France.",Natural spots,Park,Nature & Recreation,Drivable,48.1163,-1.6788,48,1465,No,Spring; Summer; Autumn,images/FR-001465,,,
FR-001466,Garden Rouen 105,France,FR,Normandie,76,Rouen,"Garden location in Rouen, Normandie, France.",Cultural spots|Natural spots,Garden,Nature & Recreation,Drivable,49.4442,1.1003,30,1466,No,Spring; Summer; Autumn,images/FR-001466,,,
FR-001467,Monument Dijon 105,France,FR,Bourgogne-Franche-Comté,21,Dijon,"Monument location in Dijon, Bourgogne-Franche-Comté, France.",Historical spots,Monument,Landmark,Drivable,47.325,5.0445,248,1467,No,Spring; Summer; Autumn,images/FR-001467,,,
FR-001468,Beach Tours 105,France,FR,Centre-Val de Loire,37,Tours,"Beach location in Tours, Centre-Val de Loire, France.",Beach spots|Natural spots,Beach,Nature & Recreation,Drivable,47.3991,0.6898,44,1468,No,Spring; Summer; Autumn,images/FR-001468,,,
FR-001469,Viewpoint Ajaccio 105,France,FR,Corse,2A,Ajaccio,"Viewpoint location in Ajaccio, Corse, France.",Adventure spots|Natural spots,Viewpoint,Scenic Attraction,Drivable,41.9262,8.7456,0,1469,No,Spring; Summer; Autumn,images/FR-001469,,,
FR-001470,Market Saint-Denis 105,France,FR,La Réunion,974,Saint-Denis,"Market location in Saint-Denis, La Réunion, France.",Cultural spots,Market,Local Attraction,Drivable,-20.8699,55.4571,0,1470,No,Spring; Summer; Autumn,images/FR-001470,,,
FR-001471,Art Gallery Paris 106,France,FR,Île-de-France,75,Paris,"Art Gallery location in Paris, Île-de-France, France.",Cultural spots,Art Gallery,Cultural Attraction,Drivable,48.8476,2.3432,62,1471,No,Spring; Summer; Autumn,images/FR-001471,,,
FR-001472,Theatre Lyon 106,France,FR,Auvergne-Rhône-Alpes,69,Lyon,"Theatre location in Lyon, Auvergne-Rhône-Alpes, France.",Historical spots,Theatre,Performing Arts,Drivable,45.757,4.8287,177,1472,No,Spring; Summer; Autumn,images/FR-001472,,,
FR-001473,Church Marseille 106,France,FR,Provence-Alpes-Côte d'Azur,13,Marseille,"Church location in Marseille, Provence-Alpes-Côte d'Azur, France.",Religious/spiritual spots,Church,Religious Site,Drivable,43.2915,5.3648,2,1473,No,Spring; Summer; Autumn,images/FR-001473,,,
FR-001474,Abbey Bordeaux 106,France,FR,Nouvelle-Aquitaine,33,Bordeaux,"Abbey location in Bordeaux, Nouvelle-Aquitaine, France.",Religious/spiritual spots,Abbey,Religious Site,Drivable,44.8348,-0.5822,13,1474,No,Spring; Summer; Autumn,images/FR-001474,,,
FR-001475,Fortress Toulouse 106,France,FR,Occitanie,31,Toulouse,"Fortress location in Toulouse, Occitanie, France.",Historical spots,Fortress,Historic Landmark,Drivable,43.6037,1.4432,155,1475,No,Spring; Summer; Autumn,images/FR-001475,,,
FR-001476,Archaeological Site Lille 106,France,FR,Hauts-de-France,59,Lille,"Archaeological Site location in Lille, Hauts-de-France, France.",Historical spots,Archaeological Site,Historic Site,Drivable,50.6302,3.0583,27,1476,No,Spring; Summer; Autumn,images/FR-001476,,,
FR-001477,Zoo Strasbourg 106,France,FR,Grand Est,67,Strasbourg,"Zoo location in Strasbourg, Grand Est, France.",Wildlife spots,Zoo,Family Attraction,Drivable,48.5764,7.7551,147,1477,No,Spring; Summer; Autumn,images/FR-001477,,,
FR-001478,Aquarium Nantes 106,France,FR,Pays de la Loire,44,Nantes,"Aquarium location in Nantes, Pays de la Loire, France.",Wildlife spots,Aquarium,Family Attraction,Drivable,47.2234,-1.5486,13,1478,No,Spring; Summer; Autumn,images/FR-001478,,,
FR-001479,Botanical Garden Rennes 106,France,FR,Bretagne,35,Rennes,"Botanical Garden location in Rennes, Bretagne, France.",Cultural spots|Natural spots,Botanical Garden,Nature & Recreation,Drivable,48.1243,-1.6708,26,1479,No,Spring; Summer; Autumn,images/FR-001479,,,
FR-001480,Marina Rouen 106,France,FR,Normandie,76,Rouen,"Marina location in Rouen, Normandie, France.",Beach spots|Cultural spots,Marina,Leisure,Drivable,49.4522,1.1083,74,1480,No,Spring; Summer; Autumn,images/FR-001480,,,
FR-001481,Historic Site Dijon 106,France,FR,Bourgogne-Franche-Comté,21,Dijon,"Historic Site location in Dijon, Bourgogne-Franche-Comté, France.",Historical spots,Historic Site,Landmark,Drivable,47.313,5.0325,239,1481,No,Spring; Summer; Autumn,images/FR-001481,,,
FR-001482,Museum Tours 106,France,FR,Centre-Val de Loire,37,Tours,"Museum location in Tours, Centre-Val de Loire, France.",Historical spots|Cultural spots,Museum,Cultural Attraction,Drivable,47.3871,0.6778,51,1482,No,Spring; Summer; Autumn,images/FR-001482,,,
FR-001483,Castle Ajaccio 106,France,FR,Corse,2A,Ajaccio,"Castle location in Ajaccio, Corse, France.",Historical spots,Castle,Historic Landmark,Drivable,41.9142,8.7336,0,1483,No,Spring; Summer; Autumn,images/FR-001483,,,
FR-001484,Cathedral Saint-Denis 106,France,FR,La Réunion,974,Saint-Denis,"Cathedral location in Saint-Denis, La Réunion, France.",Religious/spiritual spots,Cathedral,Religious Site,Drivable,-20.8819,55.4451,16,1484,No,Spring; Summer; Autumn,images/FR-001484,,,
FR-001485,Park Paris 107,France,FR,Île-de-France,75,Paris,"Park location in Paris, Île-de-France, France.",Natural spots,Park,Nature & Recreation,Drivable,48.8556,2.3512,26,1485,No,Spring; Summer; Autumn,images/FR-001485,,,
FR-001486,Garden Lyon 107,France,FR,Auvergne-Rhône-Alpes,69,Lyon,"Garden location in Lyon, Auvergne-Rhône-Alpes, France.",Cultural spots|Natural spots,Garden,Nature & Recreation,Drivable,45.765,4.8367,181,1486,No,Spring; Summer; Autumn,images/FR-001486,,,
FR-001487,Monument Marseille 107,France,FR,Provence-Alpes-Côte d'Azur,13,Marseille,"Monument location in Marseille, Provence-Alpes-Côte d'Azur, France.",Historical spots,Monument,Landmark,Drivable,43.2995,5.3728,34,1487,No,Spring; Summer; Autumn,images/FR-001487,,,
FR-001488,Beach Bordeaux 107,France,FR,Nouvelle-Aquitaine,33,Bordeaux,"Beach location in Bordeaux, Nouvelle-Aquitaine, France.",Beach spots|Natural spots,Beach,Nature & Recreation,Drivable,44.8428,-0.5742,15,1488,No,Spring; Summer; Autumn,images/FR-001488,,,
FR-001489,Viewpoint Toulouse 107,France,FR,Occitanie,31,Toulouse,"Viewpoint location in Toulouse, Occitanie, France.",Adventure spots|Natural spots,Viewpoint,Scenic Attraction,Drivable,43.6117,1.4512,150,1489,No,Spring; Summer; Autumn,images/FR-001489,,,
FR-001490,Market Lille 107,France,FR,Hauts-de-France,59,Lille,"Market location in Lille, Hauts-de-France, France.",Cultural spots,Market,Local Attraction,Drivable,50.6382,3.0663,29,1490,No,Spring; Summer; Autumn,images/FR-001490,,,
FR-001491,Art Gallery Strasbourg 107,France,FR,Grand Est,67,Strasbourg,"Art Gallery location in Strasbourg, Grand Est, France.",Cultural spots,Art Gallery,Cultural Attraction,Drivable,48.5644,7.7431,139,1491,No,Spring; Summer; Autumn,images/FR-001491,,,
FR-001492,Theatre Nantes 107,France,FR,Pays de la Loire,44,Nantes,"Theatre location in Nantes, Pays de la Loire, France.",Historical spots,Theatre,Performing Arts,Drivable,47.2114,-1.5606,15,1492,No,Spring; Summer; Autumn,images/FR-001492,,,
FR-001493,Church Rennes 107,France,FR,Bretagne,35,Rennes,"Church location in Rennes, Bretagne, France.",Religious/spiritual spots,Church,Religious Site,Drivable,48.1123,-1.6828,39,1493,No,Spring; Summer; Autumn,images/FR-001493,,,
FR-001494,Abbey Rouen 107,France,FR,Normandie,76,Rouen,"Abbey location in Rouen, Normandie, France.",Religious/spiritual spots,Abbey,Religious Site,Drivable,49.4402,1.0963,23,1494,No,Spring; Summer; Autumn,images/FR-001494,,,
FR-001495,Fortress Dijon 107,France,FR,Bourgogne-Franche-Comté,21,Dijon,"Fortress location in Dijon, Bourgogne-Franche-Comté, France.",Historical spots,Fortress,Historic Landmark,Drivable,47.321,5.0405,252,1495,No,Spring; Summer; Autumn,images/FR-001495,,,
FR-001496,Archaeological Site Tours 107,France,FR,Centre-Val de Loire,37,Tours,"Archaeological Site location in Tours, Centre-Val de Loire, France.",Historical spots,Archaeological Site,Historic Site,Drivable,47.3951,0.6858,56,1496,No,Spring; Summer; Autumn,images/FR-001496,,,
FR-001497,Zoo Ajaccio 107,France,FR,Corse,2A,Ajaccio,"Zoo location in Ajaccio, Corse, France.",Wildlife spots,Zoo,Family Attraction,Drivable,41.9222,8.7416,0,1497,No,Spring; Summer; Autumn,images/FR-001497,,,
FR-001498,Aquarium Saint-Denis 107,France,FR,La Réunion,974,Saint-Denis,"Aquarium location in Saint-Denis, La Réunion, France.",Wildlife spots,Aquarium,Family Attraction,Drivable,-20.8739,55.4531,10,1498,No,Spring; Summer; Autumn,images/FR-001498,,,
FR-001499,Botanical Garden Paris 108,France,FR,Île-de-France,75,Paris,"Botanical Garden location in Paris, Île-de-France, France.",Cultural spots|Natural spots,Botanical Garden,Nature & Recreation,Drivable,48.8636,2.3592,48,1499,No,Spring; Summer; Autumn,images/FR-001499,,,
FR-001500,Marina Lyon 108,France,FR,Auvergne-Rhône-Alpes,69,Lyon,"Marina location in Lyon, Auvergne-Rhône-Alpes, France.",Beach spots|Cultural spots,Marina,Leisure,Drivable,45.773,4.8447,176,1500,No,Spring; Summer; Autumn,images/FR-001500,,,
FR-001501,Historic Site Marseille 108,France,FR,Provence-Alpes-Côte d'Azur,13,Marseille,"Historic Site location in Marseille, Provence-Alpes-Côte d'Azur, France.",Historical spots,Historic Site,Landmark,Drivable,43.2875,5.3608,20,1501,No,Spring; Summer; Autumn,images/FR-001501,,,
FR-001502,Museum Bordeaux 108,France,FR,Nouvelle-Aquitaine,33,Bordeaux,"Museum location in Bordeaux, Nouvelle-Aquitaine, France.",Historical spots|Cultural spots,Museum,Cultural Attraction,Drivable,44.8308,-0.5862,16,1502,No,Spring; Summer; Autumn,images/FR-001502,,,
FR-001503,Castle Toulouse 108,France,FR,Occitanie,31,Toulouse,"Castle location in Toulouse, Occitanie, France.",Historical spots,Castle,Historic Landmark,Drivable,43.5997,1.4392,130,1503,No,Spring; Summer; Autumn,images/FR-001503,,,
FR-001504,Cathedral Lille 108,France,FR,Hauts-de-France,59,Lille,"Cathedral location in Lille, Hauts-de-France, France.",Religious/spiritual spots,Cathedral,Religious Site,Drivable,50.6262,3.0543,26,1504,No,Spring; Summer; Autumn,images/FR-001504,,,
FR-001505,Park Strasbourg 108,France,FR,Grand Est,67,Strasbourg,"Park location in Strasbourg, Grand Est, France.",Natural spots,Park,Nature & Recreation,Drivable,48.5724,7.7511,141,1505,No,Spring; Summer; Autumn,images/FR-001505,,,
FR-001506,Garden Nantes 108,France,FR,Pays de la Loire,44,Nantes,"Garden location in Nantes, Pays de la Loire, France.",Cultural spots|Natural spots,Garden,Nature & Recreation,Drivable,47.2194,-1.5526,14,1506,No,Spring; Summer; Autumn,images/FR-001506,,,
FR-001507,Monument Rennes 108,France,FR,Bretagne,35,Rennes,"Monument location in Rennes, Bretagne, France.",Historical spots,Monument,Landmark,Drivable,48.1203,-1.6748,34,1507,No,Spring; Summer; Autumn,images/FR-001507,,,
FR-001508,Beach Rouen 108,France,FR,Normandie,76,Rouen,"Beach location in Rouen, Normandie, France.",Beach spots|Natural spots,Beach,Nature & Recreation,Drivable,49.4482,1.1043,60,1508,No,Spring; Summer; Autumn,images/FR-001508,,,
FR-001509,Viewpoint Dijon 108,France,FR,Bourgogne-Franche-Comté,21,Dijon,"Viewpoint location in Dijon, Bourgogne-Franche-Comté, France.",Adventure spots|Natural spots,Viewpoint,Scenic Attraction,Drivable,47.329,5.0485,249,1509,No,Spring; Summer; Autumn,images/FR-001509,,,
FR-001510,Market Tours 108,France,FR,Centre-Val de Loire,37,Tours,"Market location in Tours, Centre-Val de Loire, France.",Cultural spots,Market,Local Attraction,Drivable,47.4031,0.6938,67,1510,No,Spring; Summer; Autumn,images/FR-001510,,,
FR-001511,Art Gallery Ajaccio 108,France,FR,Corse,2A,Ajaccio,"Art Gallery location in Ajaccio, Corse, France.",Cultural spots,Art Gallery,Cultural Attraction,Drivable,41.9102,8.7296,0,1511,No,Spring; Summer; Autumn,images/FR-001511,,,
FR-001512,Theatre Saint-Denis 108,France,FR,La Réunion,974,Saint-Denis,"Theatre location in Saint-Denis, La Réunion, France.",Historical spots,Theatre,Performing Arts,Drivable,-20.8859,55.4411,69,1512,No,Spring; Summer; Autumn,images/FR-001512,,,
FR-001513,Church Paris 109,France,FR,Île-de-France,75,Paris,"Church location in Paris, Île-de-France, France.",Religious/spiritual spots,Church,Religious Site,Drivable,48.8516,2.3472,48,1513,No,Spring; Summer; Autumn,images/FR-001513,,,
FR-001514,Abbey Lyon 109,France,FR,Auvergne-Rhône-Alpes,69,Lyon,"Abbey location in Lyon, Auvergne-Rhône-Alpes, France.",Religious/spiritual spots,Abbey,Religious Site,Drivable,45.761,4.8327,185,1514,No,Spring; Summer; Autumn,images/FR-001514,,,
FR-001515,Fortress Marseille 109,France,FR,Provence-Alpes-Côte d'Azur,13,Marseille,"Fortress location in Marseille, Provence-Alpes-Côte d'Azur, France.",Historical spots,Fortress,Historic Landmark,Drivable,43.2955,5.3688,2,1515,No,Spring; Summer; Autumn,images/FR-001515,,,
FR-001516,Archaeological Site Bordeaux 109,France,FR,Nouvelle-Aquitaine,33,Bordeaux,"Archaeological Site location in Bordeaux, Nouvelle-Aquitaine, France.",Historical spots,Archaeological Site,Historic Site,Drivable,44.8388,-0.5782,16,1516,No,Spring; Summer; Autumn,images/FR-001516,,,
FR-001517,Zoo Toulouse 109,France,FR,Occitanie,31,Toulouse,"Zoo location in Toulouse, Occitanie, France.",Wildlife spots,Zoo,Family Attraction,Drivable,43.6077,1.4472,151,1517,No,Spring; Summer; Autumn,images/FR-001517,,,
FR-001518,Aquarium Lille 109,France,FR,Hauts-de-France,59,Lille,"Aquarium location in Lille, Hauts-de-France, France.",Wildlife spots,Aquarium,Family Attraction,Drivable,50.6342,3.0623,29,1518,No,Spring; Summer; Autumn,images/FR-001518,,,
FR-001519,Botanical Garden Strasbourg 109,France,FR,Grand Est,67,Strasbourg,"Botanical Garden location in Strasbourg, Grand Est, France.",Cultural spots|Natural spots,Botanical Garden,Nature & Recreation,Drivable,48.5804,7.7591,146,1519,No,Spring; Summer; Autumn,images/FR-001519,,,
FR-001520,Marina Nantes 109,France,FR,Pays de la Loire,44,Nantes,"Marina location in Nantes, Pays de la Loire, France.",Beach spots|Cultural spots,Marina,Leisure,Drivable,47.2274,-1.5446,24,1520,No,Spring; Summer; Autumn,images/FR-001520,,,
FR-001521,Historic Site Rennes 109,France,FR,Bretagne,35,Rennes,"Historic Site location in Rennes, Bretagne, France.",Historical spots,Historic Site,Landmark,Drivable,48.1083,-1.6868,30,1521,No,Spring; Summer; Autumn,images/FR-001521,,,
FR-001522,Museum Rouen 109,France,FR,Normandie,76,Rouen,"Museum location in Rouen, Normandie, France.",Historical spots|Cultural spots,Museum,Cultural Attraction,Drivable,49.4362,1.0923,0,1522,No,Spring; Summer; Autumn,images/FR-001522,,,
FR-001523,Castle Dijon 109,France,FR,Bourgogne-Franche-Comté,21,Dijon,"Castle location in Dijon, Bourgogne-Franche-Comté, France.",Historical spots,Castle,Historic Landmark,Drivable,47.317,5.0365,245,1523,No,Spring; Summer; Autumn,images/FR-001523,,,
FR-001524,Cathedral Tours 109,France,FR,Centre-Val de Loire,37,Tours,"Cathedral location in Tours, Centre-Val de Loire, France.",Religious/spiritual spots,Cathedral,Religious Site,Drivable,47.3911,0.6818,57,1524,No,Spring; Summer; Autumn,images/FR-001524,,,
FR-001525,Park Ajaccio 109,France,FR,Corse,2A,Ajaccio,"Park location in Ajaccio, Corse, France.",Natural spots,Park,Nature & Recreation,Drivable,41.9182,8.7376,19,1525,No,Spring; Summer; Autumn,images/FR-001525,,,
FR-001526,Garden Saint-Denis 109,France,FR,La Réunion,974,Saint-Denis,"Garden location in Saint-Denis, La Réunion, France.",Cultural spots|Natural spots,Garden,Nature & Recreation,Drivable,-20.8779,55.4491,29,1526,No,Spring; Summer; Autumn,images/FR-001526,,,
FR-001527,Monument Paris 110,France,FR,Île-de-France,75,Paris,"Monument location in Paris, Île-de-France, France.",Historical spots,Monument,Landmark,Drivable,48.8596,2.3552,47,1527,No,Spring; Summer; Autumn,images/FR-001527,,,
FR-001528,Beach Lyon 110,France,FR,Auvergne-Rhône-Alpes,69,Lyon,"Beach location in Lyon, Auvergne-Rhône-Alpes, France.",Beach spots|Natural spots,Beach,Nature & Recreation,Drivable,45.769,4.8407,161,1528,No,Spring; Summer; Autumn,images/FR-001528,,,
FR-001529,Viewpoint Marseille 110,France,FR,Provence-Alpes-Côte d'Azur,13,Marseille,"Viewpoint location in Marseille, Provence-Alpes-Côte d'Azur, France.",Adventure spots|Natural spots,Viewpoint,Scenic Attraction,Drivable,43.3035,5.3768,44,1529,No,Spring; Summer; Autumn,images/FR-001529,,,
FR-001530,Market Bordeaux 110,France,FR,Nouvelle-Aquitaine,33,Bordeaux,"Market location in Bordeaux, Nouvelle-Aquitaine, France.",Cultural spots,Market,Local Attraction,Drivable,44.8468,-0.5702,6,1530,No,Spring; Summer; Autumn,images/FR-001530,,,
FR-001531,Art Gallery Toulouse 110,France,FR,Occitanie,31,Toulouse,"Art Gallery location in Toulouse, Occitanie, France.",Cultural spots,Art Gallery,Cultural Attraction,Drivable,43.5957,1.4352,142,1531,No,Spring; Summer; Autumn,images/FR-001531,,,
FR-001532,Theatre Lille 110,France,FR,Hauts-de-France,59,Lille,"Theatre location in Lille, Hauts-de-France, France.",Historical spots,Theatre,Performing Arts,Drivable,50.6222,3.0503,28,1532,No,Spring; Summer; Autumn,images/FR-001532,,,
FR-001533,Church Strasbourg 110,France,FR,Grand Est,67,Strasbourg,"Church location in Strasbourg, Grand Est, France.",Religious/spiritual spots,Church,Religious Site,Drivable,48.5684,7.7471,143,1533,No,Spring; Summer; Autumn,images/FR-001533,,,
FR-001534,Abbey Nantes 110,France,FR,Pays de la Loire,44,Nantes,"Abbey location in Nantes, Pays de la Loire, France.",Religious/spiritual spots,Abbey,Religious Site,Drivable,47.2154,-1.5566,14,1534,No,Spring; Summer; Autumn,images/FR-001534,,,
FR-001535,Fortress Rennes 110,France,FR,Bretagne,35,Rennes,"Fortress location in Rennes, Bretagne, France.",Historical spots,Fortress,Historic Landmark,Drivable,48.1163,-1.6788,48,1535,No,Spring; Summer; Autumn,images/FR-001535,,,
FR-001536,Archaeological Site Rouen 110,France,FR,Normandie,76,Rouen,"Archaeological Site location in Rouen, Normandie, France.",Historical spots,Archaeological Site,Historic Site,Drivable,49.4442,1.1003,30,1536,No,Spring; Summer; Autumn,images/FR-001536,,,
FR-001537,Zoo Dijon 110,France,FR,Bourgogne-Franche-Comté,21,Dijon,"Zoo location in Dijon, Bourgogne-Franche-Comté, France.",Wildlife spots,Zoo,Family Attraction,Drivable,47.325,5.0445,248,1537,No,Spring; Summer; Autumn,images/FR-001537,,,
FR-001538,Aquarium Tours 110,France,FR,Centre-Val de Loire,37,Tours,"Aquarium location in Tours, Centre-Val de Loire, France.",Wildlife spots,Aquarium,Family Attraction,Drivable,47.3991,0.6898,44,1538,No,Spring; Summer; Autumn,images/FR-001538,,,
FR-001539,Botanical Garden Ajaccio 110,France,FR,Corse,2A,Ajaccio,"Botanical Garden location in Ajaccio, Corse, France.",Cultural spots|Natural spots,Botanical Garden,Nature & Recreation,Drivable,41.9262,8.7456,0,1539,No,Spring; Summer; Autumn,images/FR-001539,,,
FR-001540,Marina Saint-Denis 110,France,FR,La Réunion,974,Saint-Denis,"Marina location in Saint-Denis, La Réunion, France.",Beach spots|Cultural spots,Marina,Leisure,Drivable,-20.8699,55.4571,0,1540,No,Spring; Summer; Autumn,images/FR-001540,,,
FR-001541,Historic Site Paris 111,France,FR,Île-de-France,75,Paris,"Historic Site location in Paris, Île-de-France, France.",Historical spots,Historic Site,Landmark,Drivable,48.8476,2.3432,62,1541,No,Spring; Summer; Autumn,images/FR-001541,,,
FR-001542,Museum Lyon 111,France,FR,Auvergne-Rhône-Alpes,69,Lyon,"Museum location in Lyon, Auvergne-Rhône-Alpes, France.",Historical spots|Cultural spots,Museum,Cultural Attraction,Drivable,45.757,4.8287,177,1542,No,Spring; Summer; Autumn,images/FR-001542,,,
FR-001543,Castle Marseille 111,France,FR,Provence-Alpes-Côte d'Azur,13,Marseille,"Castle location in Marseille, Provence-Alpes-Côte d'Azur, France.",Historical spots,Castle,Historic Landmark,Drivable,43.2915,5.3648,2,1543,No,Spring; Summer; Autumn,images/FR-001543,,,
FR-001544,Cathedral Bordeaux 111,France,FR,Nouvelle-Aquitaine,33,Bordeaux,"Cathedral location in Bordeaux, Nouvelle-Aquitaine, France.",Religious/spiritual spots,Cathedral,Religious Site,Drivable,44.8348,-0.5822,13,1544,No,Spring; Summer; Autumn,images/FR-001544,,,
FR-001545,Park Toulouse 111,France,FR,Occitanie,31,Toulouse,"Park location in Toulouse, Occitanie, France.",Natural spots,Park,Nature & Recreation,Drivable,43.6037,1.4432,155,1545,No,Spring; Summer; Autumn,images/FR-001545,,,
FR-001546,Garden Lille 111,France,FR,Hauts-de-France,59,Lille,"Garden location in Lille, Hauts-de-France, France.",Cultural spots|Natural spots,Garden,Nature & Recreation,Drivable,50.6302,3.0583,27,1546,No,Spring; Summer; Autumn,images/FR-001546,,,
FR-001547,Monument Strasbourg 111,France,FR,Grand Est,67,Strasbourg,"Monument location in Strasbourg, Grand Est, France.",Historical spots,Monument,Landmark,Drivable,48.5764,7.7551,147,1547,No,Spring; Summer; Autumn,images/FR-001547,,,
FR-001548,Beach Nantes 111,France,FR,Pays de la Loire,44,Nantes,"Beach location in Nantes, Pays de la Loire, France.",Beach spots|Natural spots,Beach,Nature & Recreation,Drivable,47.2234,-1.5486,13,1548,No,Spring; Summer; Autumn,images/FR-001548,,,
FR-001549,Viewpoint Rennes 111,France,FR,Bretagne,35,Rennes,"Viewpoint location in Rennes, Bretagne, France.",Adventure spots|Natural spots,Viewpoint,Scenic Attraction,Drivable,48.1243,-1.6708,26,1549,No,Spring; Summer; Autumn,images/FR-001549,,,
FR-001550,Market Rouen 111,France,FR,Normandie,76,Rouen,"Market location in Rouen, Normandie, France.",Cultural spots,Market,Local Attraction,Drivable,49.4522,1.1083,74,1550,No,Spring; Summer; Autumn,images/FR-001550,,,
FR-001551,Art Gallery Dijon 111,France,FR,Bourgogne-Franche-Comté,21,Dijon,"Art Gallery location in Dijon, Bourgogne-Franche-Comté, France.",Cultural spots,Art Gallery,Cultural Attraction,Drivable,47.313,5.0325,239,1551,No,Spring; Summer; Autumn,images/FR-001551,,,
FR-001552,Theatre Tours 111,France,FR,Centre-Val de Loire,37,Tours,"Theatre location in Tours, Centre-Val de Loire, France.",Historical spots,Theatre,Performing Arts,Drivable,47.3871,0.6778,51,1552,No,Spring; Summer; Autumn,images/FR-001552,,,
FR-001553,Church Ajaccio 111,France,FR,Corse,2A,Ajaccio,"Church location in Ajaccio, Corse, France.",Religious/spiritual spots,Church,Religious Site,Drivable,41.9142,8.7336,0,1553,No,Spring; Summer; Autumn,images/FR-001553,,,
FR-001554,Abbey Saint-Denis 111,France,FR,La Réunion,974,Saint-Denis,"Abbey location in Saint-Denis, La Réunion, France.",Religious/spiritual spots,Abbey,Religious Site,Drivable,-20.8819,55.4451,16,1554,No,Spring; Summer; Autumn,images/FR-001554,,,
FR-001555,Fortress Paris 112,France,FR,Île-de-France,75,Paris,"Fortress location in Paris, Île-de-France, France.",Historical spots,Fortress,Historic Landmark,Drivable,48.8556,2.3512,26,1555,No,Spring; Summer; Autumn,images/FR-001555,,,
FR-001556,Archaeological Site Lyon 112,France,FR,Auvergne-Rhône-Alpes,69,Lyon,"Archaeological Site location in Lyon, Auvergne-Rhône-Alpes, France.",Historical spots,Archaeological Site,Historic Site,Drivable,45.765,4.8367,181,1556,No,Spring; Summer; Autumn,images/FR-001556,,,
FR-001557,Zoo Marseille 112,France,FR,Provence-Alpes-Côte d'Azur,13,Marseille,"Zoo location in Marseille, Provence-Alpes-Côte d'Azur, France.",Wildlife spots,Zoo,Family Attraction,Drivable,43.2995,5.3728,34,1557,No,Spring; Summer; Autumn,images/FR-001557,,,
FR-001558,Aquarium Bordeaux 112,France,FR,Nouvelle-Aquitaine,33,Bordeaux,"Aquarium location in Bordeaux, Nouvelle-Aquitaine, France.",Wildlife spots,Aquarium,Family Attraction,Drivable,44.8428,-0.5742,15,1558,No,Spring; Summer; Autumn,images/FR-001558,,,
FR-001559,Botanical Garden Toulouse 112,France,FR,Occitanie,31,Toulouse,"Botanical Garden location in Toulouse, Occitanie, France.",Cultural spots|Natural spots,Botanical Garden,Nature & Recreation,Drivable,43.6117,1.4512,150,1559,No,Spring; Summer; Autumn,images/FR-001559,,,
FR-001560,Marina Lille 112,France,FR,Hauts-de-France,59,Lille,"Marina location in Lille, Hauts-de-France, France.",Beach spots|Cultural spots,Marina,Leisure,Drivable,50.6382,3.0663,29,1560,No,Spring; Summer; Autumn,images/FR-001560,,,
FR-001561,Historic Site Strasbourg 112,France,FR,Grand Est,67,Strasbourg,"Historic Site location in Strasbourg, Grand Est, France.",Historical spots,Historic Site,Landmark,Drivable,48.5644,7.7431,139,1561,No,Spring; Summer; Autumn,images/FR-001561,,,
FR-001562,Museum Nantes 112,France,FR,Pays de la Loire,44,Nantes,"Museum location in Nantes, Pays de la Loire, France.",Historical spots|Cultural spots,Museum,Cultural Attraction,Drivable,47.2114,-1.5606,15,1562,No,Spring; Summer; Autumn,images/FR-001562,,,
FR-001563,Castle Rennes 112,France,FR,Bretagne,35,Rennes,"Castle location in Rennes, Bretagne, France.",Historical spots,Castle,Historic Landmark,Drivable,48.1123,-1.6828,39,1563,No,Spring; Summer; Autumn,images/FR-001563,,,
FR-001564,Cathedral Rouen 112,France,FR,Normandie,76,Rouen,"Cathedral location in Rouen, Normandie, France.",Religious/spiritual spots,Cathedral,Religious Site,Drivable,49.4402,1.0963,23,1564,No,Spring; Summer; Autumn,images/FR-001564,,,
FR-001565,Park Dijon 112,France,FR,Bourgogne-Franche-Comté,21,Dijon,"Park location in Dijon, Bourgogne-Franche-Comté, France.",Natural spots,Park,Nature & Recreation,Drivable,47.321,5.0405,252,1565,No,Spring; Summer; Autumn,images/FR-001565,,,
FR-001566,Garden Tours 112,France,FR,Centre-Val de Loire,37,Tours,"Garden location in Tours, Centre-Val de Loire, France.",Cultural spots|Natural spots,Garden,Nature & Recreation,Drivable,47.3951,0.6858,56,1566,No,Spring; Summer; Autumn,images/FR-001566,,,
FR-001567,Monument Ajaccio 112,France,FR,Corse,2A,Ajaccio,"Monument location in Ajaccio, Corse, France.",Historical spots,Monument,Landmark,Drivable,41.9222,8.7416,0,1567,No,Spring; Summer; Autumn,images/FR-001567,,,
FR-001568,Beach Saint-Denis 112,France,FR,La Réunion,974,Saint-Denis,"Beach location in Saint-Denis, La Réunion, France.",Beach spots|Natural spots,Beach,Nature & Recreation,Drivable,-20.8739,55.4531,10,1568,No,Spring; Summer; Autumn,images/FR-001568,,,
FR-001569,Viewpoint Paris 113,France,FR,Île-de-France,75,Paris,"Viewpoint location in Paris, Île-de-France, France.",Adventure spots|Natural spots,Viewpoint,Scenic Attraction,Drivable,48.8636,2.3592,48,1569,No,Spring; Summer; Autumn,images/FR-001569,,,
FR-001570,Market Lyon 113,France,FR,Auvergne-Rhône-Alpes,69,Lyon,"Market location in Lyon, Auvergne-Rhône-Alpes, France.",Cultural spots,Market,Local Attraction,Drivable,45.773,4.8447,176,1570,No,Spring; Summer; Autumn,images/FR-001570,,,
FR-001571,Art Gallery Marseille 113,France,FR,Provence-Alpes-Côte d'Azur,13,Marseille,"Art Gallery location in Marseille, Provence-Alpes-Côte d'Azur, France.",Cultural spots,Art Gallery,Cultural Attraction,Drivable,43.2875,5.3608,20,1571,No,Spring; Summer; Autumn,images/FR-001571,,,
FR-001572,Theatre Bordeaux 113,France,FR,Nouvelle-Aquitaine,33,Bordeaux,"Theatre location in Bordeaux, Nouvelle-Aquitaine, France.",Historical spots,Theatre,Performing Arts,Drivable,44.8308,-0.5862,16,1572,No,Spring; Summer; Autumn,images/FR-001572,,,
FR-001573,Church Toulouse 113,France,FR,Occitanie,31,Toulouse,"Church location in Toulouse, Occitanie, France.",Religious/spiritual spots,Church,Religious Site,Drivable,43.5997,1.4392,130,1573,No,Spring; Summer; Autumn,images/FR-001573,,,
FR-001574,Abbey Lille 113,France,FR,Hauts-de-France,59,Lille,"Abbey location in Lille, Hauts-de-France, France.",Religious/spiritual spots,Abbey,Religious Site,Drivable,50.6262,3.0543,26,1574,No,Spring; Summer; Autumn,images/FR-001574,,,
FR-001575,Fortress Strasbourg 113,France,FR,Grand Est,67,Strasbourg,"Fortress location in Strasbourg, Grand Est, France.",Historical spots,Fortress,Historic Landmark,Drivable,48.5724,7.7511,141,1575,No,Spring; Summer; Autumn,images/FR-001575,,,
FR-001576,Archaeological Site Nantes 113,France,FR,Pays de la Loire,44,Nantes,"Archaeological Site location in Nantes, Pays de la Loire, France.",Historical spots,Archaeological Site,Historic Site,Drivable,47.2194,-1.5526,14,1576,No,Spring; Summer; Autumn,images/FR-001576,,,
FR-001577,Zoo Rennes 113,France,FR,Bretagne,35,Rennes,"Zoo location in Rennes, Bretagne, France.",Wildlife spots,Zoo,Family Attraction,Drivable,48.1203,-1.6748,34,1577,No,Spring; Summer; Autumn,images/FR-001577,,,
FR-001578,Aquarium Rouen 113,France,FR,Normandie,76,Rouen,"Aquarium location in Rouen, Normandie, France.",Wildlife spots,Aquarium,Family Attraction,Drivable,49.4482,1.1043,60,1578,No,Spring; Summer; Autumn,images/FR-001578,,,
FR-001579,Botanical Garden Dijon 113,France,FR,Bourgogne-Franche-Comté,21,Dijon,"Botanical Garden location in Dijon, Bourgogne-Franche-Comté, France.",Cultural spots|Natural spots,Botanical Garden,Nature & Recreation,Drivable,47.329,5.0485,249,1579,No,Spring; Summer; Autumn,images/FR-001579,,,
FR-001580,Marina Tours 113,France,FR,Centre-Val de Loire,37,Tours,"Marina location in Tours, Centre-Val de Loire, France.",Beach spots|Cultural spots,Marina,Leisure,Drivable,47.4031,0.6938,67,1580,No,Spring; Summer; Autumn,images/FR-001580,,,
FR-001581,Historic Site Ajaccio 113,France,FR,Corse,2A,Ajaccio,"Historic Site location in Ajaccio, Corse, France.",Historical spots,Historic Site,Landmark,Drivable,41.9102,8.7296,0,1581,No,Spring; Summer; Autumn,images/FR-001581,,,
FR-001582,Museum Saint-Denis 113,France,FR,La Réunion,974,Saint-Denis,"Museum location in Saint-Denis, La Réunion, France.",Historical spots|Cultural spots,Museum,Cultural Attraction,Drivable,-20.8859,55.4411,69,1582,No,Spring; Summer; Autumn,images/FR-001582,,,
FR-001583,Castle Paris 114,France,FR,Île-de-France,75,Paris,"Castle location in Paris, Île-de-France, France.",Historical spots,Castle,Historic Landmark,Drivable,48.8516,2.3472,48,1583,No,Spring; Summer; Autumn,images/FR-001583,,,
FR-001584,Cathedral Lyon 114,France,FR,Auvergne-Rhône-Alpes,69,Lyon,"Cathedral location in Lyon, Auvergne-Rhône-Alpes, France.",Religious/spiritual spots,Cathedral,Religious Site,Drivable,45.761,4.8327,185,1584,No,Spring; Summer; Autumn,images/FR-001584,,,
FR-001585,Park Marseille 114,France,FR,Provence-Alpes-Côte d'Azur,13,Marseille,"Park location in Marseille, Provence-Alpes-Côte d'Azur, France.",Natural spots,Park,Nature & Recreation,Drivable,43.2955,5.3688,2,1585,No,Spring; Summer; Autumn,images/FR-001585,,,
FR-001586,Garden Bordeaux 114,France,FR,Nouvelle-Aquitaine,33,Bordeaux,"Garden location in Bordeaux, Nouvelle-Aquitaine, France.",Cultural spots|Natural spots,Garden,Nature & Recreation,Drivable,44.8388,-0.5782,16,1586,No,Spring; Summer; Autumn,images/FR-001586,,,
FR-001587,Monument Toulouse 114,France,FR,Occitanie,31,Toulouse,"Monument location in Toulouse, Occitanie, France.",Historical spots,Monument,Landmark,Drivable,43.6077,1.4472,151,1587,No,Spring; Summer; Autumn,images/FR-001587,,,
FR-001588,Beach Lille 114,France,FR,Hauts-de-France,59,Lille,"Beach location in Lille, Hauts-de-France, France.",Beach spots|Natural spots,Beach,Nature & Recreation,Drivable,50.6342,3.0623,29,1588,No,Spring; Summer; Autumn,images/FR-001588,,,
FR-001589,Viewpoint Strasbourg 114,France,FR,Grand Est,67,Strasbourg,"Viewpoint location in Strasbourg, Grand Est, France.",Adventure spots|Natural spots,Viewpoint,Scenic Attraction,Drivable,48.5804,7.7591,146,1589,No,Spring; Summer; Autumn,images/FR-001589,,,
FR-001590,Market Nantes 114,France,FR,Pays de la Loire,44,Nantes,"Market location in Nantes, Pays de la Loire, France.",Cultural spots,Market,Local Attraction,Drivable,47.2274,-1.5446,24,1590,No,Spring; Summer; Autumn,images/FR-001590,,,
FR-001591,Art Gallery Rennes 114,France,FR,Bretagne,35,Rennes,"Art Gallery location in Rennes, Bretagne, France.",Cultural spots,Art Gallery,Cultural Attraction,Drivable,48.1083,-1.6868,30,1591,No,Spring; Summer; Autumn,images/FR-001591,,,
FR-001592,Theatre Rouen 114,France,FR,Normandie,76,Rouen,"Theatre location in Rouen, Normandie, France.",Historical spots,Theatre,Performing Arts,Drivable,49.4362,1.0923,0,1592,No,Spring; Summer; Autumn,images/FR-001592,,,
FR-001593,Church Dijon 114,France,FR,Bourgogne-Franche-Comté,21,Dijon,"Church location in Dijon, Bourgogne-Franche-Comté, France.",Religious/spiritual spots,Church,Religious Site,Drivable,47.317,5.0365,245,1593,No,Spring; Summer; Autumn,images/FR-001593,,,
FR-001594,Abbey Tours 114,France,FR,Centre-Val de Loire,37,Tours,"Abbey location in Tours, Centre-Val de Loire, France.",Religious/spiritual spots,Abbey,Religious Site,Drivable,47.3911,0.6818,57,1594,No,Spring; Summer; Autumn,images/FR-001594,,,
FR-001595,Fortress Ajaccio 114,France,FR,Corse,2A,Ajaccio,"Fortress location in Ajaccio, Corse, France.",Historical spots,Fortress,Historic Landmark,Drivable,41.9182,8.7376,19,1595,No,Spring; Summer; Autumn,images/FR-001595,,,
FR-001596,Archaeological Site Saint-Denis 114,France,FR,La Réunion,974,Saint-Denis,"Archaeological Site location in Saint-Denis, La Réunion, France.",Historical spots,Archaeological Site,Historic Site,Drivable,-20.8779,55.4491,29,1596,No,Spring; Summer; Autumn,images/FR-001596,,,
FR-001597,Zoo Paris 115,France,FR,Île-de-France,75,Paris,"Zoo location in Paris, Île-de-France, France.",Wildlife spots,Zoo,Family Attraction,Drivable,48.8596,2.3552,47,1597,No,Spring; Summer; Autumn,images/FR-001597,,,
FR-001598,Aquarium Lyon 115,France,FR,Auvergne-Rhône-Alpes,69,Lyon,"Aquarium location in Lyon, Auvergne-Rhône-Alpes, France.",Wildlife spots,Aquarium,Family Attraction,Drivable,45.769,4.8407,161,1598,No,Spring; Summer; Autumn,images/FR-001598,,,
FR-001599,Botanical Garden Marseille 115,France,FR,Provence-Alpes-Côte d'Azur,13,Marseille,"Botanical Garden location in Marseille, Provence-Alpes-Côte d'Azur, France.",Cultural spots|Natural spots,Botanical Garden,Nature & Recreation,Drivable,43.3035,5.3768,44,1599,No,Spring; Summer; Autumn,images/FR-001599,,,
FR-001600,Marina Bordeaux 115,France,FR,Nouvelle-Aquitaine,33,Bordeaux,"Marina location in Bordeaux, Nouvelle-Aquitaine, France.",Beach spots|Cultural spots,Marina,Leisure,Drivable,44.8468,-0.5702,6,1600,No,Spring; Summer; Autumn,images/FR-001600,,,
FR-001601,Historic Site Toulouse 115,France,FR,Occitanie,31,Toulouse,"Historic Site location in Toulouse, Occitanie, France.",Historical spots,Historic Site,Landmark,Drivable,43.5957,1.4352,142,1601,No,Spring; Summer; Autumn,images/FR-001601,,,
FR-001602,Museum Lille 115,France,FR,Hauts-de-France,59,Lille,"Museum location in Lille, Hauts-de-France, France.",Historical spots|Cultural spots,Museum,Cultural Attraction,Drivable,50.6222,3.0503,28,1602,No,Spring; Summer; Autumn,images/FR-001602,,,
FR-001603,Castle Strasbourg 115,France,FR,Grand Est,67,Strasbourg,"Castle location in Strasbourg, Grand Est, France.",Historical spots,Castle,Historic Landmark,Drivable,48.5684,7.7471,143,1603,No,Spring; Summer; Autumn,images/FR-001603,,,
FR-001604,Cathedral Nantes 115,France,FR,Pays de la Loire,44,Nantes,"Cathedral location in Nantes, Pays de la Loire, France.",Religious/spiritual spots,Cathedral,Religious Site,Drivable,47.2154,-1.5566,14,1604,No,Spring; Summer; Autumn,images/FR-001604,,,
FR-001605,Park Rennes 115,France,FR,Bretagne,35,Rennes,"Park location in Rennes, Bretagne, France.",Natural spots,Park,Nature & Recreation,Drivable,48.1163,-1.6788,48,1605,No,Spring; Summer; Autumn,images/FR-001605,,,
FR-001606,Garden Rouen 115,France,FR,Normandie,76,Rouen,"Garden location in Rouen, Normandie, France.",Cultural spots|Natural spots,Garden,Nature & Recreation,Drivable,49.4442,1.1003,30,1606,No,Spring; Summer; Autumn,images/FR-001606,,,
FR-001607,Monument Dijon 115,France,FR,Bourgogne-Franche-Comté,21,Dijon,"Monument location in Dijon, Bourgogne-Franche-Comté, France.",Historical spots,Monument,Landmark,Drivable,47.325,5.0445,248,1607,No,Spring; Summer; Autumn,images/FR-001607,,,
FR-001608,Beach Tours 115,France,FR,Centre-Val de Loire,37,Tours,"Beach location in Tours, Centre-Val de Loire, France.",Beach spots|Natural spots,Beach,Nature & Recreation,Drivable,47.3991,0.6898,44,1608,No,Spring; Summer; Autumn,images/FR-001608,,,
FR-001609,Viewpoint Ajaccio 115,France,FR,Corse,2A,Ajaccio,"Viewpoint location in Ajaccio, Corse, France.",Adventure spots|Natural spots,Viewpoint,Scenic Attraction,Drivable,41.9262,8.7456,0,1609,No,Spring; Summer; Autumn,images/FR-001609,,,
FR-001610,Market Saint-Denis 115,France,FR,La Réunion,974,Saint-Denis,"Market location in Saint-Denis, La Réunion, France.",Cultural spots,Market,Local Attraction,Drivable,-20.8699,55.4571,0,1610,No,Spring; Summer; Autumn,images/FR-001610,,,
FR-001611,Art Gallery Paris 116,France,FR,Île-de-France,75,Paris,"Art Gallery location in Paris, Île-de-France, France.",Cultural spots,Art Gallery,Cultural Attraction,Drivable,48.8476,2.3432,62,1611,No,Spring; Summer; Autumn,images/FR-001611,,,
FR-001612,Theatre Lyon 116,France,FR,Auvergne-Rhône-Alpes,69,Lyon,"Theatre location in Lyon, Auvergne-Rhône-Alpes, France.",Historical spots,Theatre,Performing Arts,Drivable,45.757,4.8287,177,1612,No,Spring; Summer; Autumn,images/FR-001612,,,
FR-001613,Church Marseille 116,France,FR,Provence-Alpes-Côte d'Azur,13,Marseille,"Church location in Marseille, Provence-Alpes-Côte d'Azur, France.",Religious/spiritual spots,Church,Religious Site,Drivable,43.2915,5.3648,2,1613,No,Spring; Summer; Autumn,images/FR-001613,,,
FR-001614,Abbey Bordeaux 116,France,FR,Nouvelle-Aquitaine,33,Bordeaux,"Abbey location in Bordeaux, Nouvelle-Aquitaine, France.",Religious/spiritual spots,Abbey,Religious Site,Drivable,44.8348,-0.5822,13,1614,No,Spring; Summer; Autumn,images/FR-001614,,,
FR-001615,Fortress Toulouse 116,France,FR,Occitanie,31,Toulouse,"Fortress location in Toulouse, Occitanie, France.",Historical spots,Fortress,Historic Landmark,Drivable,43.6037,1.4432,155,1615,No,Spring; Summer; Autumn,images/FR-001615,,,
FR-001616,Archaeological Site Lille 116,France,FR,Hauts-de-France,59,Lille,"Archaeological Site location in Lille, Hauts-de-France, France.",Historical spots,Archaeological Site,Historic Site,Drivable,50.6302,3.0583,27,1616,No,Spring; Summer; Autumn,images/FR-001616,,,
FR-001617,Zoo Strasbourg 116,France,FR,Grand Est,67,Strasbourg,"Zoo location in Strasbourg, Grand Est, France.",Wildlife spots,Zoo,Family Attraction,Drivable,48.5764,7.7551,147,1617,No,Spring; Summer; Autumn,images/FR-001617,,,
FR-001618,Aquarium Nantes 116,France,FR,Pays de la Loire,44,Nantes,"Aquarium location in Nantes, Pays de la Loire, France.",Wildlife spots,Aquarium,Family Attraction,Drivable,47.2234,-1.5486,13,1618,No,Spring; Summer; Autumn,images/FR-001618,,,
FR-001619,Botanical Garden Rennes 116,France,FR,Bretagne,35,Rennes,"Botanical Garden location in Rennes, Bretagne, France.",Cultural spots|Natural spots,Botanical Garden,Nature & Recreation,Drivable,48.1243,-1.6708,26,1619,No,Spring; Summer; Autumn,images/FR-001619,,,
FR-001620,Marina Rouen 116,France,FR,Normandie,76,Rouen,"Marina location in Rouen, Normandie, France.",Beach spots|Cultural spots,Marina,Leisure,Drivable,49.4522,1.1083,74,1620,No,Spring; Summer; Autumn,images/FR-001620,,,
FR-001621,Historic Site Dijon 116,France,FR,Bourgogne-Franche-Comté,21,Dijon,"Historic Site location in Dijon, Bourgogne-Franche-Comté, France.",Historical spots,Historic Site,Landmark,Drivable,47.313,5.0325,239,1621,No,Spring; Summer; Autumn,images/FR-001621,,,
FR-001622,Museum Tours 116,France,FR,Centre-Val de Loire,37,Tours,"Museum location in Tours, Centre-Val de Loire, France.",Historical spots|Cultural spots,Museum,Cultural Attraction,Drivable,47.3871,0.6778,51,1622,No,Spring; Summer; Autumn,images/FR-001622,,,
FR-001623,Castle Ajaccio 116,France,FR,Corse,2A,Ajaccio,"Castle location in Ajaccio, Corse, France.",Historical spots,Castle,Historic Landmark,Drivable,41.9142,8.7336,0,1623,No,Spring; Summer; Autumn,images/FR-001623,,,
FR-001624,Cathedral Saint-Denis 116,France,FR,La Réunion,974,Saint-Denis,"Cathedral location in Saint-Denis, La Réunion, France.",Religious/spiritual spots,Cathedral,Religious Site,Drivable,-20.8819,55.4451,16,1624,No,Spring; Summer; Autumn,images/FR-001624,,,
FR-001625,Park Paris 117,France,FR,Île-de-France,75,Paris,"Park location in Paris, Île-de-France, France.",Natural spots,Park,Nature & Recreation,Drivable,48.8556,2.3512,26,1625,No,Spring; Summer; Autumn,images/FR-001625,,,
FR-001626,Garden Lyon 117,France,FR,Auvergne-Rhône-Alpes,69,Lyon,"Garden location in Lyon, Auvergne-Rhône-Alpes, France.",Cultural spots|Natural spots,Garden,Nature & Recreation,Drivable,45.765,4.8367,181,1626,No,Spring; Summer; Autumn,images/FR-001626,,,
FR-001627,Monument Marseille 117,France,FR,Provence-Alpes-Côte d'Azur,13,Marseille,"Monument location in Marseille, Provence-Alpes-Côte d'Azur, France.",Historical spots,Monument,Landmark,Drivable,43.2995,5.3728,34,1627,No,Spring; Summer; Autumn,images/FR-001627,,,
FR-001628,Beach Bordeaux 117,France,FR,Nouvelle-Aquitaine,33,Bordeaux,"Beach location in Bordeaux, Nouvelle-Aquitaine, France.",Beach spots|Natural spots,Beach,Nature & Recreation,Drivable,44.8428,-0.5742,15,1628,No,Spring; Summer; Autumn,images/FR-001628,,,
FR-001629,Viewpoint Toulouse 117,France,FR,Occitanie,31,Toulouse,"Viewpoint location in Toulouse, Occitanie, France.",Adventure spots|Natural spots,Viewpoint,Scenic Attraction,Drivable,43.6117,1.4512,150,1629,No,Spring; Summer; Autumn,images/FR-001629,,,
FR-001630,Market Lille 117,France,FR,Hauts-de-France,59,Lille,"Market location in Lille, Hauts-de-France, France.",Cultural spots,Market,Local Attraction,Drivable,50.6382,3.0663,29,1630,No,Spring; Summer; Autumn,images/FR-001630,,,
FR-001631,Art Gallery Strasbourg 117,France,FR,Grand Est,67,Strasbourg,"Art Gallery location in Strasbourg, Grand Est, France.",Cultural spots,Art Gallery,Cultural Attraction,Drivable,48.5644,7.7431,139,1631,No,Spring; Summer; Autumn,images/FR-001631,,,
FR-001632,Theatre Nantes 117,France,FR,Pays de la Loire,44,Nantes,"Theatre location in Nantes, Pays de la Loire, France.",Historical spots,Theatre,Performing Arts,Drivable,47.2114,-1.5606,15,1632,No,Spring; Summer; Autumn,images/FR-001632,,,
FR-001633,Church Rennes 117,France,FR,Bretagne,35,Rennes,"Church location in Rennes, Bretagne, France.",Religious/spiritual spots,Church,Religious Site,Drivable,48.1123,-1.6828,39,1633,No,Spring; Summer; Autumn,images/FR-001633,,,
FR-001634,Abbey Rouen 117,France,FR,Normandie,76,Rouen,"Abbey location in Rouen, Normandie, France.",Religious/spiritual spots,Abbey,Religious Site,Drivable,49.4402,1.0963,23,1634,No,Spring; Summer; Autumn,images/FR-001634,,,
FR-001635,Fortress Dijon 117,France,FR,Bourgogne-Franche-Comté,21,Dijon,"Fortress location in Dijon, Bourgogne-Franche-Comté, France.",Historical spots,Fortress,Historic Landmark,Drivable,47.321,5.0405,252,1635,No,Spring; Summer; Autumn,images/FR-001635,,,
FR-001636,Archaeological Site Tours 117,France,FR,Centre-Val de Loire,37,Tours,"Archaeological Site location in Tours, Centre-Val de Loire, France.",Historical spots,Archaeological Site,Historic Site,Drivable,47.3951,0.6858,56,1636,No,Spring; Summer; Autumn,images/FR-001636,,,
FR-001637,Zoo Ajaccio 117,France,FR,Corse,2A,Ajaccio,"Zoo location in Ajaccio, Corse, France.",Wildlife spots,Zoo,Family Attraction,Drivable,41.9222,8.7416,0,1637,No,Spring; Summer; Autumn,images/FR-001637,,,
FR-001638,Aquarium Saint-Denis 117,France,FR,La Réunion,974,Saint-Denis,"Aquarium location in Saint-Denis, La Réunion, France.",Wildlife spots,Aquarium,Family Attraction,Drivable,-20.8739,55.4531,10,1638,No,Spring; Summer; Autumn,images/FR-001638,,,
FR-001639,Botanical Garden Paris 118,France,FR,Île-de-France,75,Paris,"Botanical Garden location in Paris, Île-de-France, France.",Cultural spots|Natural spots,Botanical Garden,Nature & Recreation,Drivable,48.8636,2.3592,48,1639,No,Spring; Summer; Autumn,images/FR-001639,,,
FR-001640,Marina Lyon 118,France,FR,Auvergne-Rhône-Alpes,69,Lyon,"Marina location in Lyon, Auvergne-Rhône-Alpes, France.",Beach spots|Cultural spots,Marina,Leisure,Drivable,45.773,4.8447,176,1640,No,Spring; Summer; Autumn,images/FR-001640,,,
FR-001641,Historic Site Marseille 118,France,FR,Provence-Alpes-Côte d'Azur,13,Marseille,"Historic Site location in Marseille, Provence-Alpes-Côte d'Azur, France.",Historical spots,Historic Site,Landmark,Drivable,43.2875,5.3608,20,1641,No,Spring; Summer; Autumn,images/FR-001641,,,
FR-001642,Museum Bordeaux 118,France,FR,Nouvelle-Aquitaine,33,Bordeaux,"Museum location in Bordeaux, Nouvelle-Aquitaine, France.",Historical spots|Cultural spots,Museum,Cultural Attraction,Drivable,44.8308,-0.5862,16,1642,No,Spring; Summer; Autumn,images/FR-001642,,,
FR-001643,Castle Toulouse 118,France,FR,Occitanie,31,Toulouse,"Castle location in Toulouse, Occitanie, France.",Historical spots,Castle,Historic Landmark,Drivable,43.5997,1.4392,130,1643,No,Spring; Summer; Autumn,images/FR-001643,,,
FR-001644,Cathedral Lille 118,France,FR,Hauts-de-France,59,Lille,"Cathedral location in Lille, Hauts-de-France, France.",Religious/spiritual spots,Cathedral,Religious Site,Drivable,50.6262,3.0543,26,1644,No,Spring; Summer; Autumn,images/FR-001644,,,
FR-001645,Park Strasbourg 118,France,FR,Grand Est,67,Strasbourg,"Park location in Strasbourg, Grand Est, France.",Natural spots,Park,Nature & Recreation,Drivable,48.5724,7.7511,141,1645,No,Spring; Summer; Autumn,images/FR-001645,,,
FR-001646,Garden Nantes 118,France,FR,Pays de la Loire,44,Nantes,"Garden location in Nantes, Pays de la Loire, France.",Cultural spots|Natural spots,Garden,Nature & Recreation,Drivable,47.2194,-1.5526,14,1646,No,Spring; Summer; Autumn,images/FR-001646,,,
FR-001647,Monument Rennes 118,France,FR,Bretagne,35,Rennes,"Monument location in Rennes, Bretagne, France.",Historical spots,Monument,Landmark,Drivable,48.1203,-1.6748,34,1647,No,Spring; Summer; Autumn,images/FR-001647,,,
FR-001648,Beach Rouen 118,France,FR,Normandie,76,Rouen,"Beach location in Rouen, Normandie, France.",Beach spots|Natural spots,Beach,Nature & Recreation,Drivable,49.4482,1.1043,60,1648,No,Spring; Summer; Autumn,images/FR-001648,,,
FR-001649,Viewpoint Dijon 118,France,FR,Bourgogne-Franche-Comté,21,Dijon,"Viewpoint location in Dijon, Bourgogne-Franche-Comté, France.",Adventure spots|Natural spots,Viewpoint,Scenic Attraction,Drivable,47.329,5.0485,249,1649,No,Spring; Summer; Autumn,images/FR-001649,,,
FR-001650,Market Tours 118,France,FR,Centre-Val de Loire,37,Tours,"Market location in Tours, Centre-Val de Loire, France.",Cultural spots,Market,Local Attraction,Drivable,47.4031,0.6938,67,1650,No,Spring; Summer; Autumn,images/FR-001650,,,
FR-001651,Art Gallery Ajaccio 118,France,FR,Corse,2A,Ajaccio,"Art Gallery location in Ajaccio, Corse, France.",Cultural spots,Art Gallery,Cultural Attraction,Drivable,41.9102,8.7296,0,1651,No,Spring; Summer; Autumn,images/FR-001651,,,
FR-001652,Theatre Saint-Denis 118,France,FR,La Réunion,974,Saint-Denis,"Theatre location in Saint-Denis, La Réunion, France.",Historical spots,Theatre,Performing Arts,Drivable,-20.8859,55.4411,69,1652,No,Spring; Summer; Autumn,images/FR-001652,,,
FR-001653,Church Paris 119,France,FR,Île-de-France,75,Paris,"Church location in Paris, Île-de-France, France.",Religious/spiritual spots,Church,Religious Site,Drivable,48.8516,2.3472,48,1653,No,Spring; Summer; Autumn,images/FR-001653,,,
FR-001654,Abbey Lyon 119,France,FR,Auvergne-Rhône-Alpes,69,Lyon,"Abbey location in Lyon, Auvergne-Rhône-Alpes, France.",Religious/spiritual spots,Abbey,Religious Site,Drivable,45.761,4.8327,185,1654,No,Spring; Summer; Autumn,images/FR-001654,,,
FR-001655,Fortress Marseille 119,France,FR,Provence-Alpes-Côte d'Azur,13,Marseille,"Fortress location in Marseille, Provence-Alpes-Côte d'Azur, France.",Historical spots,Fortress,Historic Landmark,Drivable,43.2955,5.3688,2,1655,No,Spring; Summer; Autumn,images/FR-001655,,,
FR-001656,Archaeological Site Bordeaux 119,France,FR,Nouvelle-Aquitaine,33,Bordeaux,"Archaeological Site location in Bordeaux, Nouvelle-Aquitaine, France.",Historical spots,Archaeological Site,Historic Site,Drivable,44.8388,-0.5782,16,1656,No,Spring; Summer; Autumn,images/FR-001656,,,
FR-001657,Zoo Toulouse 119,France,FR,Occitanie,31,Toulouse,"Zoo location in Toulouse, Occitanie, France.",Wildlife spots,Zoo,Family Attraction,Drivable,43.6077,1.4472,151,1657,No,Spring; Summer; Autumn,images/FR-001657,,,
FR-001658,Aquarium Lille 119,France,FR,Hauts-de-France,59,Lille,"Aquarium location in Lille, Hauts-de-France, France.",Wildlife spots,Aquarium,Family Attraction,Drivable,50.6342,3.0623,29,1658,No,Spring; Summer; Autumn,images/FR-001658,,,
FR-001659,Botanical Garden Strasbourg 119,France,FR,Grand Est,67,Strasbourg,"Botanical Garden location in Strasbourg, Grand Est, France.",Cultural spots|Natural spots,Botanical Garden,Nature & Recreation,Drivable,48.5804,7.7591,146,1659,No,Spring; Summer; Autumn,images/FR-001659,,,
FR-001660,Marina Nantes 119,France,FR,Pays de la Loire,44,Nantes,"Marina location in Nantes, Pays de la Loire, France.",Beach spots|Cultural spots,Marina,Leisure,Drivable,47.2274,-1.5446,24,1660,No,Spring; Summer; Autumn,images/FR-001660,,,
FR-001661,Historic Site Rennes 119,France,FR,Bretagne,35,Rennes,"Historic Site location in Rennes, Bretagne, France.",Historical spots,Historic Site,Landmark,Drivable,48.1083,-1.6868,30,1661,No,Spring; Summer; Autumn,images/FR-001661,,,
FR-001662,Museum Rouen 119,France,FR,Normandie,76,Rouen,"Museum location in Rouen, Normandie, France.",Historical spots|Cultural spots,Museum,Cultural Attraction,Drivable,49.4362,1.0923,0,1662,No,Spring; Summer; Autumn,images/FR-001662,,,
FR-001663,Castle Dijon 119,France,FR,Bourgogne-Franche-Comté,21,Dijon,"Castle location in Dijon, Bourgogne-Franche-Comté, France.",Historical spots,Castle,Historic Landmark,Drivable,47.317,5.0365,245,1663,No,Spring; Summer; Autumn,images/FR-001663,,,
FR-001664,Cathedral Tours 119,France,FR,Centre-Val de Loire,37,Tours,"Cathedral location in Tours, Centre-Val de Loire, France.",Religious/spiritual spots,Cathedral,Religious Site,Drivable,47.3911,0.6818,57,1664,No,Spring; Summer; Autumn,images/FR-001664,,,
FR-001665,Park Ajaccio 119,France,FR,Corse,2A,Ajaccio,"Park location in Ajaccio, Corse, France.",Natural spots,Park,Nature & Recreation,Drivable,41.9182,8.7376,19,1665,No,Spring; Summer; Autumn,images/FR-001665,,,
FR-001666,Garden Saint-Denis 119,France,FR,La Réunion,974,Saint-Denis,"Garden location in Saint-Denis, La Réunion, France.",Cultural spots|Natural spots,Garden,Nature & Recreation,Drivable,-20.8779,55.4491,29,1666,No,Spring; Summer; Autumn,images/FR-001666,,,
FR-001667,Monument Paris 120,France,FR,Île-de-France,75,Paris,"Monument location in Paris, Île-de-France, France.",Historical spots,Monument,Landmark,Drivable,48.8596,2.3552,47,1667,No,Spring; Summer; Autumn,images/FR-001667,,,
FR-001668,Beach Lyon 120,France,FR,Auvergne-Rhône-Alpes,69,Lyon,"Beach location in Lyon, Auvergne-Rhône-Alpes, France.",Beach spots|Natural spots,Beach,Nature & Recreation,Drivable,45.769,4.8407,161,1668,No,Spring; Summer; Autumn,images/FR-001668,,,
FR-001669,Viewpoint Marseille 120,France,FR,Provence-Alpes-Côte d'Azur,13,Marseille,"Viewpoint location in Marseille, Provence-Alpes-Côte d'Azur, France.",Adventure spots|Natural spots,Viewpoint,Scenic Attraction,Drivable,43.3035,5.3768,44,1669,No,Spring; Summer; Autumn,images/FR-001669,,,
FR-001670,Market Bordeaux 120,France,FR,Nouvelle-Aquitaine,33,Bordeaux,"Market location in Bordeaux, Nouvelle-Aquitaine, France.",Cultural spots,Market,Local Attraction,Drivable,44.8468,-0.5702,6,1670,No,Spring; Summer; Autumn,images/FR-001670,,,
FR-001671,Art Gallery Toulouse 120,France,FR,Occitanie,31,Toulouse,"Art Gallery location in Toulouse, Occitanie, France.",Cultural spots,Art Gallery,Cultural Attraction,Drivable,43.5957,1.4352,142,1671,No,Spring; Summer; Autumn,images/FR-001671,,,
FR-001672,Theatre Lille 120,France,FR,Hauts-de-France,59,Lille,"Theatre location in Lille, Hauts-de-France, France.",Historical spots,Theatre,Performing Arts,Drivable,50.6222,3.0503,28,1672,No,Spring; Summer; Autumn,images/FR-001672,,,
FR-001673,Church Strasbourg 120,France,FR,Grand Est,67,Strasbourg,"Church location in Strasbourg, Grand Est, France.",Religious/spiritual spots,Church,Religious Site,Drivable,48.5684,7.7471,143,1673,No,Spring; Summer; Autumn,images/FR-001673,,,
FR-001674,Abbey Nantes 120,France,FR,Pays de la Loire,44,Nantes,"Abbey location in Nantes, Pays de la Loire, France.",Religious/spiritual spots,Abbey,Religious Site,Drivable,47.2154,-1.5566,14,1674,No,Spring; Summer; Autumn,images/FR-001674,,,
FR-001675,Fortress Rennes 120,France,FR,Bretagne,35,Rennes,"Fortress location in Rennes, Bretagne, France.",Historical spots,Fortress,Historic Landmark,Drivable,48.1163,-1.6788,48,1675,No,Spring; Summer; Autumn,images/FR-001675,,,
FR-001676,Archaeological Site Rouen 120,France,FR,Normandie,76,Rouen,"Archaeological Site location in Rouen, Normandie, France.",Historical spots,Archaeological Site,Historic Site,Drivable,49.4442,1.1003,30,1676,No,Spring; Summer; Autumn,images/FR-001676,,,
FR-001677,Zoo Dijon 120,France,FR,Bourgogne-Franche-Comté,21,Dijon,"Zoo location in Dijon, Bourgogne-Franche-Comté, France.",Wildlife spots,Zoo,Family Attraction,Drivable,47.325,5.0445,248,1677,No,Spring; Summer; Autumn,images/FR-001677,,,
FR-001678,Aquarium Tours 120,France,FR,Centre-Val de Loire,37,Tours,"Aquarium location in Tours, Centre-Val de Loire, France.",Wildlife spots,Aquarium,Family Attraction,Drivable,47.3991,0.6898,44,1678,No,Spring; Summer; Autumn,images/FR-001678,,,
FR-001679,Botanical Garden Ajaccio 120,France,FR,Corse,2A,Ajaccio,"Botanical Garden location in Ajaccio, Corse, France.",Cultural spots|Natural spots,Botanical Garden,Nature & Recreation,Drivable,41.9262,8.7456,0,1679,No,Spring; Summer; Autumn,images/FR-001679,,,
FR-001680,Marina Saint-Denis 120,France,FR,La Réunion,974,Saint-Denis,"Marina location in Saint-Denis, La Réunion, France.",Beach spots|Cultural spots,Marina,Leisure,Drivable,-20.8699,55.4571,0,1680,No,Spring; Summer; Autumn,images/FR-001680,,,
FR-001681,Historic Site Paris 121,France,FR,Île-de-France,75,Paris,"Historic Site location in Paris, Île-de-France, France.",Historical spots,Historic Site,Landmark,Drivable,48.8476,2.3432,62,1681,No,Spring; Summer; Autumn,images/FR-001681,,,
FR-001682,Museum Lyon 121,France,FR,Auvergne-Rhône-Alpes,69,Lyon,"Museum location in Lyon, Auvergne-Rhône-Alpes, France.",Historical spots|Cultural spots,Museum,Cultural Attraction,Drivable,45.757,4.8287,177,1682,No,Spring; Summer; Autumn,images/FR-001682,,,
FR-001683,Castle Marseille 121,France,FR,Provence-Alpes-Côte d'Azur,13,Marseille,"Castle location in Marseille, Provence-Alpes-Côte d'Azur, France.",Historical spots,Castle,Historic Landmark,Drivable,43.2915,5.3648,2,1683,No,Spring; Summer; Autumn,images/FR-001683,,,
FR-001684,Cathedral Bordeaux 121,France,FR,Nouvelle-Aquitaine,33,Bordeaux,"Cathedral location in Bordeaux, Nouvelle-Aquitaine, France.",Religious/spiritual spots,Cathedral,Religious Site,Drivable,44.8348,-0.5822,13,1684,No,Spring; Summer; Autumn,images/FR-001684,,,
FR-001685,Park Toulouse 121,France,FR,Occitanie,31,Toulouse,"Park location in Toulouse, Occitanie, France.",Natural spots,Park,Nature & Recreation,Drivable,43.6037,1.4432,155,1685,No,Spring; Summer; Autumn,images/FR-001685,,,
FR-001686,Garden Lille 121,France,FR,Hauts-de-France,59,Lille,"Garden location in Lille, Hauts-de-France, France.",Cultural spots|Natural spots,Garden,Nature & Recreation,Drivable,50.6302,3.0583,27,1686,No,Spring; Summer; Autumn,images/FR-001686,,,
FR-001687,Monument Strasbourg 121,France,FR,Grand Est,67,Strasbourg,"Monument location in Strasbourg, Grand Est, France.",Historical spots,Monument,Landmark,Drivable,48.5764,7.7551,147,1687,No,Spring; Summer; Autumn,images/FR-001687,,,
FR-001688,Beach Nantes 121,France,FR,Pays de la Loire,44,Nantes,"Beach location in Nantes, Pays de la Loire, France.",Beach spots|Natural spots,Beach,Nature & Recreation,Drivable,47.2234,-1.5486,13,1688,No,Spring; Summer; Autumn,images/FR-001688,,,
FR-001689,Viewpoint Rennes 121,France,FR,Bretagne,35,Rennes,"Viewpoint location in Rennes, Bretagne, France.",Adventure spots|Natural spots,Viewpoint,Scenic Attraction,Drivable,48.1243,-1.6708,26,1689,No,Spring; Summer; Autumn,images/FR-001689,,,
FR-001690,Market Rouen 121,France,FR,Normandie,76,Rouen,"Market location in Rouen, Normandie, France.",Cultural spots,Market,Local Attraction,Drivable,49.4522,1.1083,74,1690,No,Spring; Summer; Autumn,images/FR-001690,,,
FR-001691,Art Gallery Dijon 121,France,FR,Bourgogne-Franche-Comté,21,Dijon,"Art Gallery location in Dijon, Bourgogne-Franche-Comté, France.",Cultural spots,Art Gallery,Cultural Attraction,Drivable,47.313,5.0325,239,1691,No,Spring; Summer; Autumn,images/FR-001691,,,
FR-001692,Theatre Tours 121,France,FR,Centre-Val de Loire,37,Tours,"Theatre location in Tours, Centre-Val de Loire, France.",Historical spots,Theatre,Performing Arts,Drivable,47.3871,0.6778,51,1692,No,Spring; Summer; Autumn,images/FR-001692,,,
FR-001693,Church Ajaccio 121,France,FR,Corse,2A,Ajaccio,"Church location in Ajaccio, Corse, France.",Religious/spiritual spots,Church,Religious Site,Drivable,41.9142,8.7336,0,1693,No,Spring; Summer; Autumn,images/FR-001693,,,
FR-001694,Abbey Saint-Denis 121,France,FR,La Réunion,974,Saint-Denis,"Abbey location in Saint-Denis, La Réunion, France.",Religious/spiritual spots,Abbey,Religious Site,Drivable,-20.8819,55.4451,16,1694,No,Spring; Summer; Autumn,images/FR-001694,,,
FR-001695,Fortress Paris 122,France,FR,Île-de-France,75,Paris,"Fortress location in Paris, Île-de-France, France.",Historical spots,Fortress,Historic Landmark,Drivable,48.8556,2.3512,26,1695,No,Spring; Summer; Autumn,images/FR-001695,,,
FR-001696,Archaeological Site Lyon 122,France,FR,Auvergne-Rhône-Alpes,69,Lyon,"Archaeological Site location in Lyon, Auvergne-Rhône-Alpes, France.",Historical spots,Archaeological Site,Historic Site,Drivable,45.765,4.8367,181,1696,No,Spring; Summer; Autumn,images/FR-001696,,,
FR-001697,Zoo Marseille 122,France,FR,Provence-Alpes-Côte d'Azur,13,Marseille,"Zoo location in Marseille, Provence-Alpes-Côte d'Azur, France.",Wildlife spots,Zoo,Family Attraction,Drivable,43.2995,5.3728,34,1697,No,Spring; Summer; Autumn,images/FR-001697,,,
FR-001698,Aquarium Bordeaux 122,France,FR,Nouvelle-Aquitaine,33,Bordeaux,"Aquarium location in Bordeaux, Nouvelle-Aquitaine, France.",Wildlife spots,Aquarium,Family Attraction,Drivable,44.8428,-0.5742,15,1698,No,Spring; Summer; Autumn,images/FR-001698,,,
FR-001699,Botanical Garden Toulouse 122,France,FR,Occitanie,31,Toulouse,"Botanical Garden location in Toulouse, Occitanie, France.",Cultural spots|Natural spots,Botanical Garden,Nature & Recreation,Drivable,43.6117,1.4512,150,1699,No,Spring; Summer; Autumn,images/FR-001699,,,
FR-001700,Marina Lille 122,France,FR,Hauts-de-France,59,Lille,"Marina location in Lille, Hauts-de-France, France.",Beach spots|Cultural spots,Marina,Leisure,Drivable,50.6382,3.0663,29,1700,No,Spring; Summer; Autumn,images/FR-001700,,,
FR-001701,Historic Site Strasbourg 122,France,FR,Grand Est,67,Strasbourg,"Historic Site location in Strasbourg, Grand Est, France.",Historical spots,Historic Site,Landmark,Drivable,48.5644,7.7431,139,1701,No,Spring; Summer; Autumn,images/FR-001701,,,
FR-001702,Museum Nantes 122,France,FR,Pays de la Loire,44,Nantes,"Museum location in Nantes, Pays de la Loire, France.",Historical spots|Cultural spots,Museum,Cultural Attraction,Drivable,47.2114,-1.5606,15,1702,No,Spring; Summer; Autumn,images/FR-001702,,,
FR-001703,Castle Rennes 122,France,FR,Bretagne,35,Rennes,"Castle location in Rennes, Bretagne, France.",Historical spots,Castle,Historic Landmark,Drivable,48.1123,-1.6828,39,1703,No,Spring; Summer; Autumn,images/FR-001703,,,
FR-001704,Cathedral Rouen 122,France,FR,Normandie,76,Rouen,"Cathedral location in Rouen, Normandie, France.",Religious/spiritual spots,Cathedral,Religious Site,Drivable,49.4402,1.0963,23,1704,No,Spring; Summer; Autumn,images/FR-001704,,,
FR-001705,Park Dijon 122,France,FR,Bourgogne-Franche-Comté,21,Dijon,"Park location in Dijon, Bourgogne-Franche-Comté, France.",Natural spots,Park,Nature & Recreation,Drivable,47.321,5.0405,252,1705,No,Spring; Summer; Autumn,images/FR-001705,,,
FR-001706,Garden Tours 122,France,FR,Centre-Val de Loire,37,Tours,"Garden location in Tours, Centre-Val de Loire, France.",Cultural spots|Natural spots,Garden,Nature & Recreation,Drivable,47.3951,0.6858,56,1706,No,Spring; Summer; Autumn,images/FR-001706,,,
FR-001707,Monument Ajaccio 122,France,FR,Corse,2A,Ajaccio,"Monument location in Ajaccio, Corse, France.",Historical spots,Monument,Landmark,Drivable,41.9222,8.7416,0,1707,No,Spring; Summer; Autumn,images/FR-001707,,,
FR-001708,Beach Saint-Denis 122,France,FR,La Réunion,974,Saint-Denis,"Beach location in Saint-Denis, La Réunion, France.",Beach spots|Natural spots,Beach,Nature & Recreation,Drivable,-20.8739,55.4531,10,1708,No,Spring; Summer; Autumn,images/FR-001708,,,
FR-001709,Viewpoint Paris 123,France,FR,Île-de-France,75,Paris,"Viewpoint location in Paris, Île-de-France, France.",Adventure spots|Natural spots,Viewpoint,Scenic Attraction,Drivable,48.8636,2.3592,48,1709,No,Spring; Summer; Autumn,images/FR-001709,,,
FR-001710,Market Lyon 123,France,FR,Auvergne-Rhône-Alpes,69,Lyon,"Market location in Lyon, Auvergne-Rhône-Alpes, France.",Cultural spots,Market,Local Attraction,Drivable,45.773,4.8447,176,1710,No,Spring; Summer; Autumn,images/FR-001710,,,
FR-001711,Art Gallery Marseille 123,France,FR,Provence-Alpes-Côte d'Azur,13,Marseille,"Art Gallery location in Marseille, Provence-Alpes-Côte d'Azur, France.",Cultural spots,Art Gallery,Cultural Attraction,Drivable,43.2875,5.3608,20,1711,No,Spring; Summer; Autumn,images/FR-001711,,,
FR-001712,Theatre Bordeaux 123,France,FR,Nouvelle-Aquitaine,33,Bordeaux,"Theatre location in Bordeaux, Nouvelle-Aquitaine, France.",Historical spots,Theatre,Performing Arts,Drivable,44.8308,-0.5862,16,1712,No,Spring; Summer; Autumn,images/FR-001712,,,
FR-001713,Church Toulouse 123,France,FR,Occitanie,31,Toulouse,"Church location in Toulouse, Occitanie, France.",Religious/spiritual spots,Church,Religious Site,Drivable,43.5997,1.4392,130,1713,No,Spring; Summer; Autumn,images/FR-001713,,,
FR-001714,Abbey Lille 123,France,FR,Hauts-de-France,59,Lille,"Abbey location in Lille, Hauts-de-France, France.",Religious/spiritual spots,Abbey,Religious Site,Drivable,50.6262,3.0543,26,1714,No,Spring; Summer; Autumn,images/FR-001714,,,
FR-001715,Fortress Strasbourg 123,France,FR,Grand Est,67,Strasbourg,"Fortress location in Strasbourg, Grand Est, France.",Historical spots,Fortress,Historic Landmark,Drivable,48.5724,7.7511,141,1715,No,Spring; Summer; Autumn,images/FR-001715,,,
FR-001716,Archaeological Site Nantes 123,France,FR,Pays de la Loire,44,Nantes,"Archaeological Site location in Nantes, Pays de la Loire, France.",Historical spots,Archaeological Site,Historic Site,Drivable,47.2194,-1.5526,14,1716,No,Spring; Summer; Autumn,images/FR-001716,,,
FR-001717,Zoo Rennes 123,France,FR,Bretagne,35,Rennes,"Zoo location in Rennes, Bretagne, France.",Wildlife spots,Zoo,Family Attraction,Drivable,48.1203,-1.6748,34,1717,No,Spring; Summer; Autumn,images/FR-001717,,,
FR-001718,Aquarium Rouen 123,France,FR,Normandie,76,Rouen,"Aquarium location in Rouen, Normandie, France.",Wildlife spots,Aquarium,Family Attraction,Drivable,49.4482,1.1043,60,1718,No,Spring; Summer; Autumn,images/FR-001718,,,
FR-001719,Botanical Garden Dijon 123,France,FR,Bourgogne-Franche-Comté,21,Dijon,"Botanical Garden location in Dijon, Bourgogne-Franche-Comté, France.",Cultural spots|Natural spots,Botanical Garden,Nature & Recreation,Drivable,47.329,5.0485,249,1719,No,Spring; Summer; Autumn,images/FR-001719,,,
FR-001720,Marina Tours 123,France,FR,Centre-Val de Loire,37,Tours,"Marina location in Tours, Centre-Val de Loire, France.",Beach spots|Cultural spots,Marina,Leisure,Drivable,47.4031,0.6938,67,1720,No,Spring; Summer; Autumn,images/FR-001720,,,
FR-001721,Historic Site Ajaccio 123,France,FR,Corse,2A,Ajaccio,"Historic Site location in Ajaccio, Corse, France.",Historical spots,Historic Site,Landmark,Drivable,41.9102,8.7296,0,1721,No,Spring; Summer; Autumn,images/FR-001721,,,
FR-001722,Museum Saint-Denis 123,France,FR,La Réunion,974,Saint-Denis,"Museum location in Saint-Denis, La Réunion, France.",Historical spots|Cultural spots,Museum,Cultural Attraction,Drivable,-20.8859,55.4411,69,1722,No,Spring; Summer; Autumn,images/FR-001722,,,
FR-001723,Castle Paris 124,France,FR,Île-de-France,75,Paris,"Castle location in Paris, Île-de-France, France.",Historical spots,Castle,Historic Landmark,Drivable,48.8516,2.3472,48,1723,No,Spring; Summer; Autumn,images/FR-001723,,,
FR-001724,Cathedral Lyon 124,France,FR,Auvergne-Rhône-Alpes,69,Lyon,"Cathedral location in Lyon, Auvergne-Rhône-Alpes, France.",Religious/spiritual spots,Cathedral,Religious Site,Drivable,45.761,4.8327,185,1724,No,Spring; Summer; Autumn,images/FR-001724,,,
FR-001725,Park Marseille 124,France,FR,Provence-Alpes-Côte d'Azur,13,Marseille,"Park location in Marseille, Provence-Alpes-Côte d'Azur, France.",Natural spots,Park,Nature & Recreation,Drivable,43.2955,5.3688,2,1725,No,Spring; Summer; Autumn,images/FR-001725,,,
FR-001726,Garden Bordeaux 124,France,FR,Nouvelle-Aquitaine,33,Bordeaux,"Garden location in Bordeaux, Nouvelle-Aquitaine, France.",Cultural spots|Natural spots,Garden,Nature & Recreation,Drivable,44.8388,-0.5782,16,1726,No,Spring; Summer; Autumn,images/FR-001726,,,
FR-001727,Monument Toulouse 124,France,FR,Occitanie,31,Toulouse,"Monument location in Toulouse, Occitanie, France.",Historical spots,Monument,Landmark,Drivable,43.6077,1.4472,151,1727,No,Spring; Summer; Autumn,images/FR-001727,,,
FR-001728,Beach Lille 124,France,FR,Hauts-de-France,59,Lille,"Beach location in Lille, Hauts-de-France, France.",Beach spots|Natural spots,Beach,Nature & Recreation,Drivable,50.6342,3.0623,29,1728,No,Spring; Summer; Autumn,images/FR-001728,,,
FR-001729,Viewpoint Strasbourg 124,France,FR,Grand Est,67,Strasbourg,"Viewpoint location in Strasbourg, Grand Est, France.",Adventure spots|Natural spots,Viewpoint,Scenic Attraction,Drivable,48.5804,7.7591,146,1729,No,Spring; Summer; Autumn,images/FR-001729,,,
FR-001730,Market Nantes 124,France,FR,Pays de la Loire,44,Nantes,"Market location in Nantes, Pays de la Loire, France.",Cultural spots,Market,Local Attraction,Drivable,47.2274,-1.5446,24,1730,No,Spring; Summer; Autumn,images/FR-001730,,,
FR-001731,Art Gallery Rennes 124,France,FR,Bretagne,35,Rennes,"Art Gallery location in Rennes, Bretagne, France.",Cultural spots,Art Gallery,Cultural Attraction,Drivable,48.1083,-1.6868,30,1731,No,Spring; Summer; Autumn,images/FR-001731,,,
FR-001732,Theatre Rouen 124,France,FR,Normandie,76,Rouen,"Theatre location in Rouen, Normandie, France.",Historical spots,Theatre,Performing Arts,Drivable,49.4362,1.0923,0,1732,No,Spring; Summer; Autumn,images/FR-001732,,,
FR-001733,Church Dijon 124,France,FR,Bourgogne-Franche-Comté,21,Dijon,"Church location in Dijon, Bourgogne-Franche-Comté, France.",Religious/spiritual spots,Church,Religious Site,Drivable,47.317,5.0365,245,1733,No,Spring; Summer; Autumn,images/FR-001733,,,
FR-001734,Abbey Tours 124,France,FR,Centre-Val de Loire,37,Tours,"Abbey location in Tours, Centre-Val de Loire, France.",Religious/spiritual spots,Abbey,Religious Site,Drivable,47.3911,0.6818,57,1734,No,Spring; Summer; Autumn,images/FR-001734,,,
FR-001735,Fortress Ajaccio 124,France,FR,Corse,2A,Ajaccio,"Fortress location in Ajaccio, Corse, France.",Historical spots,Fortress,Historic Landmark,Drivable,41.9182,8.7376,19,1735,No,Spring; Summer; Autumn,images/FR-001735,,,
FR-001736,Archaeological Site Saint-Denis 124,France,FR,La Réunion,974,Saint-Denis,"Archaeological Site location in Saint-Denis, La Réunion, France.",Historical spots,Archaeological Site,Historic Site,Drivable,-20.8779,55.4491,29,1736,No,Spring; Summer; Autumn,images/FR-001736,,,
FR-001737,Zoo Paris 125,France,FR,Île-de-France,75,Paris,"Zoo location in Paris, Île-de-France, France.",Wildlife spots,Zoo,Family Attraction,Drivable,48.8596,2.3552,47,1737,No,Spring; Summer; Autumn,images/FR-001737,,,
FR-001738,Aquarium Lyon 125,France,FR,Auvergne-Rhône-Alpes,69,Lyon,"Aquarium location in Lyon, Auvergne-Rhône-Alpes, France.",Wildlife spots,Aquarium,Family Attraction,Drivable,45.769,4.8407,161,1738,No,Spring; Summer; Autumn,images/FR-001738,,,
FR-001739,Botanical Garden Marseille 125,France,FR,Provence-Alpes-Côte d'Azur,13,Marseille,"Botanical Garden location in Marseille, Provence-Alpes-Côte d'Azur, France.",Cultural spots|Natural spots,Botanical Garden,Nature & Recreation,Drivable,43.3035,5.3768,44,1739,No,Spring; Summer; Autumn,images/FR-001739,,,
FR-001740,Marina Bordeaux 125,France,FR,Nouvelle-Aquitaine,33,Bordeaux,"Marina location in Bordeaux, Nouvelle-Aquitaine, France.",Beach spots|Cultural spots,Marina,Leisure,Drivable,44.8468,-0.5702,6,1740,No,Spring; Summer; Autumn,images/FR-001740,,,
FR-001741,Historic Site Toulouse 125,France,FR,Occitanie,31,Toulouse,"Historic Site location in Toulouse, Occitanie, France.",Historical spots,Historic Site,Landmark,Drivable,43.5957,1.4352,142,1741,No,Spring; Summer; Autumn,images/FR-001741,,,
FR-001742,Museum Lille 125,France,FR,Hauts-de-France,59,Lille,"Museum location in Lille, Hauts-de-France, France.",Historical spots|Cultural spots,Museum,Cultural Attraction,Drivable,50.6222,3.0503,28,1742,No,Spring; Summer; Autumn,images/FR-001742,,,
FR-001743,Castle Strasbourg 125,France,FR,Grand Est,67,Strasbourg,"Castle location in Strasbourg, Grand Est, France.",Historical spots,Castle,Historic Landmark,Drivable,48.5684,7.7471,143,1743,No,Spring; Summer; Autumn,images/FR-001743,,,
FR-001744,Cathedral Nantes 125,France,FR,Pays de la Loire,44,Nantes,"Cathedral location in Nantes, Pays de la Loire, France.",Religious/spiritual spots,Cathedral,Religious Site,Drivable,47.2154,-1.5566,14,1744,No,Spring; Summer; Autumn,images/FR-001744,,,
FR-001745,Park Rennes 125,France,FR,Bretagne,35,Rennes,"Park location in Rennes, Bretagne, France.",Natural spots,Park,Nature & Recreation,Drivable,48.1163,-1.6788,48,1745,No,Spring; Summer; Autumn,images/FR-001745,,,
FR-001746,Garden Rouen 125,France,FR,Normandie,76,Rouen,"Garden location in Rouen, Normandie, France.",Cultural spots|Natural spots,Garden,Nature & Recreation,Drivable,49.4442,1.1003,30,1746,No,Spring; Summer; Autumn,images/FR-001746,,,
FR-001747,Monument Dijon 125,France,FR,Bourgogne-Franche-Comté,21,Dijon,"Monument location in Dijon, Bourgogne-Franche-Comté, France.",Historical spots,Monument,Landmark,Drivable,47.325,5.0445,248,1747,No,Spring; Summer; Autumn,images/FR-001747,,,
FR-001748,Beach Tours 125,France,FR,Centre-Val de Loire,37,Tours,"Beach location in Tours, Centre-Val de Loire, France.",Beach spots|Natural spots,Beach,Nature & Recreation,Drivable,47.3991,0.6898,44,1748,No,Spring; Summer; Autumn,images/FR-001748,,,
FR-001749,Viewpoint Ajaccio 125,France,FR,Corse,2A,Ajaccio,"Viewpoint location in Ajaccio, Corse, France.",Adventure spots|Natural spots,Viewpoint,Scenic Attraction,Drivable,41.9262,8.7456,0,1749,No,Spring; Summer; Autumn,images/FR-001749,,,
FR-001750,Market Saint-Denis 125,France,FR,La Réunion,974,Saint-Denis,"Market location in Saint-Denis, La Réunion, France.",Cultural spots,Market,Local Attraction,Drivable,-20.8699,55.4571,0,1750,No,Spring; Summer; Autumn,images/FR-001750,,,
FR-001751,Art Gallery Paris 126,France,FR,Île-de-France,75,Paris,"Art Gallery location in Paris, Île-de-France, France.",Cultural spots,Art Gallery,Cultural Attraction,Drivable,48.8476,2.3432,62,1751,No,Spring; Summer; Autumn,images/FR-001751,,,
FR-001752,Theatre Lyon 126,France,FR,Auvergne-Rhône-Alpes,69,Lyon,"Theatre location in Lyon, Auvergne-Rhône-Alpes, France.",Historical spots,Theatre,Performing Arts,Drivable,45.757,4.8287,177,1752,No,Spring; Summer; Autumn,images/FR-001752,,,
FR-001753,Church Marseille 126,France,FR,Provence-Alpes-Côte d'Azur,13,Marseille,"Church location in Marseille, Provence-Alpes-Côte d'Azur, France.",Religious/spiritual spots,Church,Religious Site,Drivable,43.2915,5.3648,2,1753,No,Spring; Summer; Autumn,images/FR-001753,,,
FR-001754,Abbey Bordeaux 126,France,FR,Nouvelle-Aquitaine,33,Bordeaux,"Abbey location in Bordeaux, Nouvelle-Aquitaine, France.",Religious/spiritual spots,Abbey,Religious Site,Drivable,44.8348,-0.5822,13,1754,No,Spring; Summer; Autumn,images/FR-001754,,,
FR-001755,Fortress Toulouse 126,France,FR,Occitanie,31,Toulouse,"Fortress location in Toulouse, Occitanie, France.",Historical spots,Fortress,Historic Landmark,Drivable,43.6037,1.4432,155,1755,No,Spring; Summer; Autumn,images/FR-001755,,,
FR-001756,Archaeological Site Lille 126,France,FR,Hauts-de-France,59,Lille,"Archaeological Site location in Lille, Hauts-de-France, France.",Historical spots,Archaeological Site,Historic Site,Drivable,50.6302,3.0583,27,1756,No,Spring; Summer; Autumn,images/FR-001756,,,
FR-001757,Zoo Strasbourg 126,France,FR,Grand Est,67,Strasbourg,"Zoo location in Strasbourg, Grand Est, France.",Wildlife spots,Zoo,Family Attraction,Drivable,48.5764,7.7551,147,1757,No,Spring; Summer; Autumn,images/FR-001757,,,
FR-001758,Aquarium Nantes 126,France,FR,Pays de la Loire,44,Nantes,"Aquarium location in Nantes, Pays de la Loire, France.",Wildlife spots,Aquarium,Family Attraction,Drivable,47.2234,-1.5486,13,1758,No,Spring; Summer; Autumn,images/FR-001758,,,
FR-001759,Botanical Garden Rennes 126,France,FR,Bretagne,35,Rennes,"Botanical Garden location in Rennes, Bretagne, France.",Cultural spots|Natural spots,Botanical Garden,Nature & Recreation,Drivable,48.1243,-1.6708,26,1759,No,Spring; Summer; Autumn,images/FR-001759,,,
FR-001760,Marina Rouen 126,France,FR,Normandie,76,Rouen,"Marina location in Rouen, Normandie, France.",Beach spots|Cultural spots,Marina,Leisure,Drivable,49.4522,1.1083,74,1760,No,Spring; Summer; Autumn,images/FR-001760,,,
FR-001761,Historic Site Dijon 126,France,FR,Bourgogne-Franche-Comté,21,Dijon,"Historic Site location in Dijon, Bourgogne-Franche-Comté, France.",Historical spots,Historic Site,Landmark,Drivable,47.313,5.0325,239,1761,No,Spring; Summer; Autumn,images/FR-001761,,,
FR-001762,Museum Tours 126,France,FR,Centre-Val de Loire,37,Tours,"Museum location in Tours, Centre-Val de Loire, France.",Historical spots|Cultural spots,Museum,Cultural Attraction,Drivable,47.3871,0.6778,51,1762,No,Spring; Summer; Autumn,images/FR-001762,,,
FR-001763,Castle Ajaccio 126,France,FR,Corse,2A,Ajaccio,"Castle location in Ajaccio, Corse, France.",Historical spots,Castle,Historic Landmark,Drivable,41.9142,8.7336,0,1763,No,Spring; Summer; Autumn,images/FR-001763,,,
FR-001764,Cathedral Saint-Denis 126,France,FR,La Réunion,974,Saint-Denis,"Cathedral location in Saint-Denis, La Réunion, France.",Religious/spiritual spots,Cathedral,Religious Site,Drivable,-20.8819,55.4451,16,1764,No,Spring; Summer; Autumn,images/FR-001764,,,
FR-001765,Park Paris 127,France,FR,Île-de-France,75,Paris,"Park location in Paris, Île-de-France, France.",Natural spots,Park,Nature & Recreation,Drivable,48.8556,2.3512,26,1765,No,Spring; Summer; Autumn,images/FR-001765,,,
FR-001766,Garden Lyon 127,France,FR,Auvergne-Rhône-Alpes,69,Lyon,"Garden location in Lyon, Auvergne-Rhône-Alpes, France.",Cultural spots|Natural spots,Garden,Nature & Recreation,Drivable,45.765,4.8367,181,1766,No,Spring; Summer; Autumn,images/FR-001766,,,
FR-001767,Monument Marseille 127,France,FR,Provence-Alpes-Côte d'Azur,13,Marseille,"Monument location in Marseille, Provence-Alpes-Côte d'Azur, France.",Historical spots,Monument,Landmark,Drivable,43.2995,5.3728,34,1767,No,Spring; Summer; Autumn,images/FR-001767,,,
FR-001768,Beach Bordeaux 127,France,FR,Nouvelle-Aquitaine,33,Bordeaux,"Beach location in Bordeaux, Nouvelle-Aquitaine, France.",Beach spots|Natural spots,Beach,Nature & Recreation,Drivable,44.8428,-0.5742,15,1768,No,Spring; Summer; Autumn,images/FR-001768,,,
FR-001769,Viewpoint Toulouse 127,France,FR,Occitanie,31,Toulouse,"Viewpoint location in Toulouse, Occitanie, France.",Adventure spots|Natural spots,Viewpoint,Scenic Attraction,Drivable,43.6117,1.4512,150,1769,No,Spring; Summer; Autumn,images/FR-001769,,,
FR-001770,Market Lille 127,France,FR,Hauts-de-France,59,Lille,"Market location in Lille, Hauts-de-France, France.",Cultural spots,Market,Local Attraction,Drivable,50.6382,3.0663,29,1770,No,Spring; Summer; Autumn,images/FR-001770,,,
FR-001771,Art Gallery Strasbourg 127,France,FR,Grand Est,67,Strasbourg,"Art Gallery location in Strasbourg, Grand Est, France.",Cultural spots,Art Gallery,Cultural Attraction,Drivable,48.5644,7.7431,139,1771,No,Spring; Summer; Autumn,images/FR-001771,,,
FR-001772,Theatre Nantes 127,France,FR,Pays de la Loire,44,Nantes,"Theatre location in Nantes, Pays de la Loire, France.",Historical spots,Theatre,Performing Arts,Drivable,47.2114,-1.5606,15,1772,No,Spring; Summer; Autumn,images/FR-001772,,,
FR-001773,Church Rennes 127,France,FR,Bretagne,35,Rennes,"Church location in Rennes, Bretagne, France.",Religious/spiritual spots,Church,Religious Site,Drivable,48.1123,-1.6828,39,1773,No,Spring; Summer; Autumn,images/FR-001773,,,
FR-001774,Abbey Rouen 127,France,FR,Normandie,76,Rouen,"Abbey location in Rouen, Normandie, France.",Religious/spiritual spots,Abbey,Religious Site,Drivable,49.4402,1.0963,23,1774,No,Spring; Summer; Autumn,images/FR-001774,,,
FR-001775,Fortress Dijon 127,France,FR,Bourgogne-Franche-Comté,21,Dijon,"Fortress location in Dijon, Bourgogne-Franche-Comté, France.",Historical spots,Fortress,Historic Landmark,Drivable,47.321,5.0405,252,1775,No,Spring; Summer; Autumn,images/FR-001775,,,
FR-001776,Archaeological Site Tours 127,France,FR,Centre-Val de Loire,37,Tours,"Archaeological Site location in Tours, Centre-Val de Loire, France.",Historical spots,Archaeological Site,Historic Site,Drivable,47.3951,0.6858,56,1776,No,Spring; Summer; Autumn,images/FR-001776,,,
FR-001777,Zoo Ajaccio 127,France,FR,Corse,2A,Ajaccio,"Zoo location in Ajaccio, Corse, France.",Wildlife spots,Zoo,Family Attraction,Drivable,41.9222,8.7416,0,1777,No,Spring; Summer; Autumn,images/FR-001777,,,
FR-001778,Aquarium Saint-Denis 127,France,FR,La Réunion,974,Saint-Denis,"Aquarium location in Saint-Denis, La Réunion, France.",Wildlife spots,Aquarium,Family Attraction,Drivable,-20.8739,55.4531,10,1778,No,Spring; Summer; Autumn,images/FR-001778,,,
FR-001779,Botanical Garden Paris 128,France,FR,Île-de-France,75,Paris,"Botanical Garden location in Paris, Île-de-France, France.",Cultural spots|Natural spots,Botanical Garden,Nature & Recreation,Drivable,48.8636,2.3592,48,1779,No,Spring; Summer; Autumn,images/FR-001779,,,
FR-001780,Marina Lyon 128,France,FR,Auvergne-Rhône-Alpes,69,Lyon,"Marina location in Lyon, Auvergne-Rhône-Alpes, France.",Beach spots|Cultural spots,Marina,Leisure,Drivable,45.773,4.8447,176,1780,No,Spring; Summer; Autumn,images/FR-001780,,,
FR-001781,Historic Site Marseille 128,France,FR,Provence-Alpes-Côte d'Azur,13,Marseille,"Historic Site location in Marseille, Provence-Alpes-Côte d'Azur, France.",Historical spots,Historic Site,Landmark,Drivable,43.2875,5.3608,20,1781,No,Spring; Summer; Autumn,images/FR-001781,,,
FR-001782,Museum Bordeaux 128,France,FR,Nouvelle-Aquitaine,33,Bordeaux,"Museum location in Bordeaux, Nouvelle-Aquitaine, France.",Historical spots|Cultural spots,Museum,Cultural Attraction,Drivable,44.8308,-0.5862,16,1782,No,Spring; Summer; Autumn,images/FR-001782,,,
FR-001783,Castle Toulouse 128,France,FR,Occitanie,31,Toulouse,"Castle location in Toulouse, Occitanie, France.",Historical spots,Castle,Historic Landmark,Drivable,43.5997,1.4392,130,1783,No,Spring; Summer; Autumn,images/FR-001783,,,
FR-001784,Cathedral Lille 128,France,FR,Hauts-de-France,59,Lille,"Cathedral location in Lille, Hauts-de-France, France.",Religious/spiritual spots,Cathedral,Religious Site,Drivable,50.6262,3.0543,26,1784,No,Spring; Summer; Autumn,images/FR-001784,,,
FR-001785,Park Strasbourg 128,France,FR,Grand Est,67,Strasbourg,"Park location in Strasbourg, Grand Est, France.",Natural spots,Park,Nature & Recreation,Drivable,48.5724,7.7511,141,1785,No,Spring; Summer; Autumn,images/FR-001785,,,
FR-001786,Garden Nantes 128,France,FR,Pays de la Loire,44,Nantes,"Garden location in Nantes, Pays de la Loire, France.",Cultural spots|Natural spots,Garden,Nature & Recreation,Drivable,47.2194,-1.5526,14,1786,No,Spring; Summer; Autumn,images/FR-001786,,,
FR-001787,Monument Rennes 128,France,FR,Bretagne,35,Rennes,"Monument location in Rennes, Bretagne, France.",Historical spots,Monument,Landmark,Drivable,48.1203,-1.6748,34,1787,No,Spring; Summer; Autumn,images/FR-001787,,,
FR-001788,Beach Rouen 128,France,FR,Normandie,76,Rouen,"Beach location in Rouen, Normandie, France.",Beach spots|Natural spots,Beach,Nature & Recreation,Drivable,49.4482,1.1043,60,1788,No,Spring; Summer; Autumn,images/FR-001788,,,
FR-001789,Viewpoint Dijon 128,France,FR,Bourgogne-Franche-Comté,21,Dijon,"Viewpoint location in Dijon, Bourgogne-Franche-Comté, France.",Adventure spots|Natural spots,Viewpoint,Scenic Attraction,Drivable,47.329,5.0485,249,1789,No,Spring; Summer; Autumn,images/FR-001789,,,
FR-001790,Market Tours 128,France,FR,Centre-Val de Loire,37,Tours,"Market location in Tours, Centre-Val de Loire, France.",Cultural spots,Market,Local Attraction,Drivable,47.4031,0.6938,67,1790,No,Spring; Summer; Autumn,images/FR-001790,,,
FR-001791,Art Gallery Ajaccio 128,France,FR,Corse,2A,Ajaccio,"Art Gallery location in Ajaccio, Corse, France.",Cultural spots,Art Gallery,Cultural Attraction,Drivable,41.9102,8.7296,0,1791,No,Spring; Summer; Autumn,images/FR-001791,,,
FR-001792,Theatre Saint-Denis 128,France,FR,La Réunion,974,Saint-Denis,"Theatre location in Saint-Denis, La Réunion, France.",Historical spots,Theatre,Performing Arts,Drivable,-20.8859,55.4411,69,1792,No,Spring; Summer; Autumn,images/FR-001792,,,
FR-001793,Church Paris 129,France,FR,Île-de-France,75,Paris,"Church location in Paris, Île-de-France, France.",Religious/spiritual spots,Church,Religious Site,Drivable,48.8516,2.3472,48,1793,No,Spring; Summer; Autumn,images/FR-001793,,,
FR-001794,Abbey Lyon 129,France,FR,Auvergne-Rhône-Alpes,69,Lyon,"Abbey location in Lyon, Auvergne-Rhône-Alpes, France.",Religious/spiritual spots,Abbey,Religious Site,Drivable,45.761,4.8327,185,1794,No,Spring; Summer; Autumn,images/FR-001794,,,
FR-001795,Fortress Marseille 129,France,FR,Provence-Alpes-Côte d'Azur,13,Marseille,"Fortress location in Marseille, Provence-Alpes-Côte d'Azur, France.",Historical spots,Fortress,Historic Landmark,Drivable,43.2955,5.3688,2,1795,No,Spring; Summer; Autumn,images/FR-001795,,,
FR-001796,Archaeological Site Bordeaux 129,France,FR,Nouvelle-Aquitaine,33,Bordeaux,"Archaeological Site location in Bordeaux, Nouvelle-Aquitaine, France.",Historical spots,Archaeological Site,Historic Site,Drivable,44.8388,-0.5782,16,1796,No,Spring; Summer; Autumn,images/FR-001796,,,
FR-001797,Zoo Toulouse 129,France,FR,Occitanie,31,Toulouse,"Zoo location in Toulouse, Occitanie, France.",Wildlife spots,Zoo,Family Attraction,Drivable,43.6077,1.4472,151,1797,No,Spring; Summer; Autumn,images/FR-001797,,,
FR-001798,Aquarium Lille 129,France,FR,Hauts-de-France,59,Lille,"Aquarium location in Lille, Hauts-de-France, France.",Wildlife spots,Aquarium,Family Attraction,Drivable,50.6342,3.0623,29,1798,No,Spring; Summer; Autumn,images/FR-001798,,,
FR-001799,Botanical Garden Strasbourg 129,France,FR,Grand Est,67,Strasbourg,"Botanical Garden location in Strasbourg, Grand Est, France.",Cultural spots|Natural spots,Botanical Garden,Nature & Recreation,Drivable,48.5804,7.7591,146,1799,No,Spring; Summer; Autumn,images/FR-001799,,,
FR-001800,Marina Nantes 129,France,FR,Pays de la Loire,44,Nantes,"Marina location in Nantes, Pays de la Loire, France.",Beach spots|Cultural spots,Marina,Leisure,Drivable,47.2274,-1.5446,24,1800,No,Spring; Summer; Autumn,images/FR-001800,,,
FR-001801,Historic Site Rennes 129,France,FR,Bretagne,35,Rennes,"Historic Site location in Rennes, Bretagne, France.",Historical spots,Historic Site,Landmark,Drivable,48.1083,-1.6868,,1801,No,Spring; Summer; Autumn,images/FR-001801,,,
FR-001802,Museum Rouen 129,France,FR,Normandie,76,Rouen,"Museum location in Rouen, Normandie, France.",Historical spots|Cultural spots,Museum,Cultural Attraction,Drivable,49.4362,1.0923,,1802,No,Spring; Summer; Autumn,images/FR-001802,,,
FR-001803,Castle Dijon 129,France,FR,Bourgogne-Franche-Comté,21,Dijon,"Castle location in Dijon, Bourgogne-Franche-Comté, France.",Historical spots,Castle,Historic Landmark,Drivable,47.317,5.0365,,1803,No,Spring; Summer; Autumn,images/FR-001803,,,
FR-001804,Cathedral Tours 129,France,FR,Centre-Val de Loire,37,Tours,"Cathedral location in Tours, Centre-Val de Loire, France.",Religious/spiritual spots,Cathedral,Religious Site,Drivable,47.3911,0.6818,,1804,No,Spring; Summer; Autumn,images/FR-001804,,,
FR-001805,Park Ajaccio 129,France,FR,Corse,2A,Ajaccio,"Park location in Ajaccio, Corse, France.",Natural spots,Park,Nature & Recreation,Drivable,41.9182,8.7376,,1805,No,Spring; Summer; Autumn,images/FR-001805,,,
FR-001806,Garden Saint-Denis 129,France,FR,La Réunion,974,Saint-Denis,"Garden location in Saint-Denis, La Réunion, France.",Cultural spots|Natural spots,Garden,Nature & Recreation,Drivable,-20.8779,55.4491,,1806,No,Spring; Summer; Autumn,images/FR-001806,,,
FR-001807,Monument Paris 130,France,FR,Île-de-France,75,Paris,"Monument location in Paris, Île-de-France, France.",Historical spots,Monument,Landmark,Drivable,48.8596,2.3552,,1807,No,Spring; Summer; Autumn,images/FR-001807,,,
FR-001808,Beach Lyon 130,France,FR,Auvergne-Rhône-Alpes,69,Lyon,"Beach location in Lyon, Auvergne-Rhône-Alpes, France.",Beach spots|Natural spots,Beach,Nature & Recreation,Drivable,45.769,4.8407,,1808,No,Spring; Summer; Autumn,images/FR-001808,,,
FR-001809,Viewpoint Marseille 130,France,FR,Provence-Alpes-Côte d'Azur,13,Marseille,"Viewpoint location in Marseille, Provence-Alpes-Côte d'Azur, France.",Adventure spots|Natural spots,Viewpoint,Scenic Attraction,Drivable,43.3035,5.3768,,1809,No,Spring; Summer; Autumn,images/FR-001809,,,
FR-001810,Market Bordeaux 130,France,FR,Nouvelle-Aquitaine,33,Bordeaux,"Market location in Bordeaux, Nouvelle-Aquitaine, France.",Cultural spots,Market,Local Attraction,Drivable,44.8468,-0.5702,,1810,No,Spring; Summer; Autumn,images/FR-001810,,,
FR-001811,Art Gallery Toulouse 130,France,FR,Occitanie,31,Toulouse,"Art Gallery location in Toulouse, Occitanie, France.",Cultural spots,Art Gallery,Cultural Attraction,Drivable,43.5957,1.4352,,1811,No,Spring; Summer; Autumn,images/FR-001811,,,
FR-001812,Theatre Lille 130,France,FR,Hauts-de-France,59,Lille,"Theatre location in Lille, Hauts-de-France, France.",Historical spots,Theatre,Performing Arts,Drivable,50.6222,3.0503,,1812,No,Spring; Summer; Autumn,images/FR-001812,,,
FR-001813,Church Strasbourg 130,France,FR,Grand Est,67,Strasbourg,"Church location in Strasbourg, Grand Est, France.",Religious/spiritual spots,Church,Religious Site,Drivable,48.5684,7.7471,,1813,No,Spring; Summer; Autumn,images/FR-001813,,,
FR-001814,Abbey Nantes 130,France,FR,Pays de la Loire,44,Nantes,"Abbey location in Nantes, Pays de la Loire, France.",Religious/spiritual spots,Abbey,Religious Site,Drivable,47.2154,-1.5566,,1814,No,Spring; Summer; Autumn,images/FR-001814,,,
FR-001815,Fortress Rennes 130,France,FR,Bretagne,35,Rennes,"Fortress location in Rennes, Bretagne, France.",Historical spots,Fortress,Historic Landmark,Drivable,48.1163,-1.6788,,1815,No,Spring; Summer; Autumn,images/FR-001815,,,
FR-001816,Archaeological Site Rouen 130,France,FR,Normandie,76,Rouen,"Archaeological Site location in Rouen, Normandie, France.",Historical spots,Archaeological Site,Historic Site,Drivable,49.4442,1.1003,,1816,No,Spring; Summer; Autumn,images/FR-001816,,,
FR-001817,Zoo Dijon 130,France,FR,Bourgogne-Franche-Comté,21,Dijon,"Zoo location in Dijon, Bourgogne-Franche-Comté, France.",Wildlife spots,Zoo,Family Attraction,Drivable,47.325,5.0445,,1817,No,Spring; Summer; Autumn,images/FR-001817,,,
FR-001818,Aquarium Tours 130,France,FR,Centre-Val de Loire,37,Tours,"Aquarium location in Tours, Centre-Val de Loire, France.",Wildlife spots,Aquarium,Family Attraction,Drivable,47.3991,0.6898,,1818,No,Spring; Summer; Autumn,images/FR-001818,,,
FR-001819,Botanical Garden Ajaccio 130,France,FR,Corse,2A,Ajaccio,"Botanical Garden location in Ajaccio, Corse, France.",Cultural spots|Natural spots,Botanical Garden,Nature & Recreation,Drivable,41.9262,8.7456,,1819,No,Spring; Summer; Autumn,images/FR-001819,,,
FR-001820,Marina Saint-Denis 130,France,FR,La Réunion,974,Saint-Denis,"Marina location in Saint-Denis, La Réunion, France.",Beach spots|Cultural spots,Marina,Leisure,Drivable,-20.8699,55.4571,,1820,No,Spring; Summer; Autumn,images/FR-001820,,,
FR-001821,Historic Site Paris 131,France,FR,Île-de-France,75,Paris,"Historic Site location in Paris, Île-de-France, France.",Historical spots,Historic Site,Landmark,Drivable,48.8476,2.3432,,1821,No,Spring; Summer; Autumn,images/FR-001821,,,
FR-001822,Museum Lyon 131,France,FR,Auvergne-Rhône-Alpes,69,Lyon,"Museum location in Lyon, Auvergne-Rhône-Alpes, France.",Historical spots|Cultural spots,Museum,Cultural Attraction,Drivable,45.757,4.8287,,1822,No,Spring; Summer; Autumn,images/FR-001822,,,
FR-001823,Castle Marseille 131,France,FR,Provence-Alpes-Côte d'Azur,13,Marseille,"Castle location in Marseille, Provence-Alpes-Côte d'Azur, France.",Historical spots,Castle,Historic Landmark,Drivable,43.2915,5.3648,,1823,No,Spring; Summer; Autumn,images/FR-001823,,,
FR-001824,Cathedral Bordeaux 131,France,FR,Nouvelle-Aquitaine,33,Bordeaux,"Cathedral location in Bordeaux, Nouvelle-Aquitaine, France.",Religious/spiritual spots,Cathedral,Religious Site,Drivable,44.8348,-0.5822,,1824,No,Spring; Summer; Autumn,images/FR-001824,,,
FR-001825,Park Toulouse 131,France,FR,Occitanie,31,Toulouse,"Park location in Toulouse, Occitanie, France.",Natural spots,Park,Nature & Recreation,Drivable,43.6037,1.4432,,1825,No,Spring; Summer; Autumn,images/FR-001825,,,
FR-001826,Garden Lille 131,France,FR,Hauts-de-France,59,Lille,"Garden location in Lille, Hauts-de-France, France.",Cultural spots|Natural spots,Garden,Nature & Recreation,Drivable,50.6302,3.0583,,1826,No,Spring; Summer; Autumn,images/FR-001826,,,
FR-001827,Monument Strasbourg 131,France,FR,Grand Est,67,Strasbourg,"Monument location in Strasbourg, Grand Est, France.",Historical spots,Monument,Landmark,Drivable,48.5764,7.7551,,1827,No,Spring; Summer; Autumn,images/FR-001827,,,
FR-001828,Beach Nantes 131,France,FR,Pays de la Loire,44,Nantes,"Beach location in Nantes, Pays de la Loire, France.",Beach spots|Natural spots,Beach,Nature & Recreation,Drivable,47.2234,-1.5486,,1828,No,Spring; Summer; Autumn,images/FR-001828,,,
FR-001829,Viewpoint Rennes 131,France,FR,Bretagne,35,Rennes,"Viewpoint location in Rennes, Bretagne, France.",Adventure spots|Natural spots,Viewpoint,Scenic Attraction,Drivable,48.1243,-1.6708,,1829,No,Spring; Summer; Autumn,images/FR-001829,,,
FR-001830,Market Rouen 131,France,FR,Normandie,76,Rouen,"Market location in Rouen, Normandie, France.",Cultural spots,Market,Local Attraction,Drivable,49.4522,1.1083,,1830,No,Spring; Summer; Autumn,images/FR-001830,,,
FR-001831,Art Gallery Dijon 131,France,FR,Bourgogne-Franche-Comté,21,Dijon,"Art Gallery location in Dijon, Bourgogne-Franche-Comté, France.",Cultural spots,Art Gallery,Cultural Attraction,Drivable,47.313,5.0325,,1831,No,Spring; Summer; Autumn,images/FR-001831,,,
FR-001832,Theatre Tours 131,France,FR,Centre-Val de Loire,37,Tours,"Theatre location in Tours, Centre-Val de Loire, France.",Historical spots,Theatre,Performing Arts,Drivable,47.3871,0.6778,,1832,No,Spring; Summer; Autumn,images/FR-001832,,,
FR-001833,Church Ajaccio 131,France,FR,Corse,2A,Ajaccio,"Church location in Ajaccio, Corse, France.",Religious/spiritual spots,Church,Religious Site,Drivable,41.9142,8.7336,,1833,No,Spring; Summer; Autumn,images/FR-001833,,,
FR-001834,Abbey Saint-Denis 131,France,FR,La Réunion,974,Saint-Denis,"Abbey location in Saint-Denis, La Réunion, France.",Religious/spiritual spots,Abbey,Religious Site,Drivable,-20.8819,55.4451,,1834,No,Spring; Summer; Autumn,images/FR-001834,,,
FR-001835,Fortress Paris 132,France,FR,Île-de-France,75,Paris,"Fortress location in Paris, Île-de-France, France.",Historical spots,Fortress,Historic Landmark,Drivable,48.8556,2.3512,,1835,No,Spring; Summer; Autumn,images/FR-001835,,,
FR-001836,Archaeological Site Lyon 132,France,FR,Auvergne-Rhône-Alpes,69,Lyon,"Archaeological Site location in Lyon, Auvergne-Rhône-Alpes, France.",Historical spots,Archaeological Site,Historic Site,Drivable,45.765,4.8367,,1836,No,Spring; Summer; Autumn,images/FR-001836,,,
FR-001837,Zoo Marseille 132,France,FR,Provence-Alpes-Côte d'Azur,13,Marseille,"Zoo location in Marseille, Provence-Alpes-Côte d'Azur, France.",Wildlife spots,Zoo,Family Attraction,Drivable,43.2995,5.3728,,1837,No,Spring; Summer; Autumn,images/FR-001837,,,
FR-001838,Aquarium Bordeaux 132,France,FR,Nouvelle-Aquitaine,33,Bordeaux,"Aquarium location in Bordeaux, Nouvelle-Aquitaine, France.",Wildlife spots,Aquarium,Family Attraction,Drivable,44.8428,-0.5742,,1838,No,Spring; Summer; Autumn,images/FR-001838,,,
FR-001839,Botanical Garden Toulouse 132,France,FR,Occitanie,31,Toulouse,"Botanical Garden location in Toulouse, Occitanie, France.",Cultural spots|Natural spots,Botanical Garden,Nature & Recreation,Drivable,43.6117,1.4512,,1839,No,Spring; Summer; Autumn,images/FR-001839,,,
FR-001840,Marina Lille 132,France,FR,Hauts-de-France,59,Lille,"Marina location in Lille, Hauts-de-France, France.",Beach spots|Cultural spots,Marina,Leisure,Drivable,50.6382,3.0663,,1840,No,Spring; Summer; Autumn,images/FR-001840,,,
FR-001841,Historic Site Strasbourg 132,France,FR,Grand Est,67,Strasbourg,"Historic Site location in Strasbourg, Grand Est, France.",Historical spots,Historic Site,Landmark,Drivable,48.5644,7.7431,,1841,No,Spring; Summer; Autumn,images/FR-001841,,,
FR-001842,Museum Nantes 132,France,FR,Pays de la Loire,44,Nantes,"Museum location in Nantes, Pays de la Loire, France.",Historical spots|Cultural spots,Museum,Cultural Attraction,Drivable,47.2114,-1.5606,,1842,No,Spring; Summer; Autumn,images/FR-001842,,,
FR-001843,Castle Rennes 132,France,FR,Bretagne,35,Rennes,"Castle location in Rennes, Bretagne, France.",Historical spots,Castle,Historic Landmark,Drivable,48.1123,-1.6828,,1843,No,Spring; Summer; Autumn,images/FR-001843,,,
FR-001844,Cathedral Rouen 132,France,FR,Normandie,76,Rouen,"Cathedral location in Rouen, Normandie, France.",Religious/spiritual spots,Cathedral,Religious Site,Drivable,49.4402,1.0963,,1844,No,Spring; Summer; Autumn,images/FR-001844,,,
FR-001845,Park Dijon 132,France,FR,Bourgogne-Franche-Comté,21,Dijon,"Park location in Dijon, Bourgogne-Franche-Comté, France.",Natural spots,Park,Nature & Recreation,Drivable,47.321,5.0405,,1845,No,Spring; Summer; Autumn,images/FR-001845,,,
FR-001846,Garden Tours 132,France,FR,Centre-Val de Loire,37,Tours,"Garden location in Tours, Centre-Val de Loire, France.",Cultural spots|Natural spots,Garden,Nature & Recreation,Drivable,47.3951,0.6858,,1846,No,Spring; Summer; Autumn,images/FR-001846,,,
FR-001847,Monument Ajaccio 132,France,FR,Corse,2A,Ajaccio,"Monument location in Ajaccio, Corse, France.",Historical spots,Monument,Landmark,Drivable,41.9222,8.7416,,1847,No,Spring; Summer; Autumn,images/FR-001847,,,
FR-001848,Beach Saint-Denis 132,France,FR,La Réunion,974,Saint-Denis,"Beach location in Saint-Denis, La Réunion, France.",Beach spots|Natural spots,Beach,Nature & Recreation,Drivable,-20.8739,55.4531,,1848,No,Spring; Summer; Autumn,images/FR-001848,,,
FR-001849,Viewpoint Paris 133,France,FR,Île-de-France,75,Paris,"Viewpoint location in Paris, Île-de-France, France.",Adventure spots|Natural spots,Viewpoint,Scenic Attraction,Drivable,48.8636,2.3592,,1849,No,Spring; Summer; Autumn,images/FR-001849,,,
FR-001850,Market Lyon 133,France,FR,Auvergne-Rhône-Alpes,69,Lyon,"Market location in Lyon, Auvergne-Rhône-Alpes, France.",Cultural spots,Market,Local Attraction,Drivable,45.773,4.8447,,1850,No,Spring; Summer; Autumn,images/FR-001850,,,
FR-001851,Art Gallery Marseille 133,France,FR,Provence-Alpes-Côte d'Azur,13,Marseille,"Art Gallery location in Marseille, Provence-Alpes-Côte d'Azur, France.",Cultural spots,Art Gallery,Cultural Attraction,Drivable,43.2875,5.3608,,1851,No,Spring; Summer; Autumn,images/FR-001851,,,
FR-001852,Theatre Bordeaux 133,France,FR,Nouvelle-Aquitaine,33,Bordeaux,"Theatre location in Bordeaux, Nouvelle-Aquitaine, France.",Historical spots,Theatre,Performing Arts,Drivable,44.8308,-0.5862,,1852,No,Spring; Summer; Autumn,images/FR-001852,,,
FR-001853,Church Toulouse 133,France,FR,Occitanie,31,Toulouse,"Church location in Toulouse, Occitanie, France.",Religious/spiritual spots,Church,Religious Site,Drivable,43.5997,1.4392,,1853,No,Spring; Summer; Autumn,images/FR-001853,,,
FR-001854,Abbey Lille 133,France,FR,Hauts-de-France,59,Lille,"Abbey location in Lille, Hauts-de-France, France.",Religious/spiritual spots,Abbey,Religious Site,Drivable,50.6262,3.0543,,1854,No,Spring; Summer; Autumn,images/FR-001854,,,
FR-001855,Fortress Strasbourg 133,France,FR,Grand Est,67,Strasbourg,"Fortress location in Strasbourg, Grand Est, France.",Historical spots,Fortress,Historic Landmark,Drivable,48.5724,7.7511,,1855,No,Spring; Summer; Autumn,images/FR-001855,,,
FR-001856,Archaeological Site Nantes 133,France,FR,Pays de la Loire,44,Nantes,"Archaeological Site location in Nantes, Pays de la Loire, France.",Historical spots,Archaeological Site,Historic Site,Drivable,47.2194,-1.5526,,1856,No,Spring; Summer; Autumn,images/FR-001856,,,
FR-001857,Zoo Rennes 133,France,FR,Bretagne,35,Rennes,"Zoo location in Rennes, Bretagne, France.",Wildlife spots,Zoo,Family Attraction,Drivable,48.1203,-1.6748,,1857,No,Spring; Summer; Autumn,images/FR-001857,,,
FR-001858,Aquarium Rouen 133,France,FR,Normandie,76,Rouen,"Aquarium location in Rouen, Normandie, France.",Wildlife spots,Aquarium,Family Attraction,Drivable,49.4482,1.1043,,1858,No,Spring; Summer; Autumn,images/FR-001858,,,
FR-001859,Botanical Garden Dijon 133,France,FR,Bourgogne-Franche-Comté,21,Dijon,"Botanical Garden location in Dijon, Bourgogne-Franche-Comté, France.",Cultural spots|Natural spots,Botanical Garden,Nature & Recreation,Drivable,47.329,5.0485,,1859,No,Spring; Summer; Autumn,images/FR-001859,,,
FR-001860,Marina Tours 133,France,FR,Centre-Val de Loire,37,Tours,"Marina location in Tours, Centre-Val de Loire, France.",Beach spots|Cultural spots,Marina,Leisure,Drivable,47.4031,0.6938,,1860,No,Spring; Summer; Autumn,images/FR-001860,,,
FR-001861,Historic Site Ajaccio 133,France,FR,Corse,2A,Ajaccio,"Historic Site location in Ajaccio, Corse, France.",Historical spots,Historic Site,Landmark,Drivable,41.9102,8.7296,,1861,No,Spring; Summer; Autumn,images/FR-001861,,,
FR-001862,Museum Saint-Denis 133,France,FR,La Réunion,974,Saint-Denis,"Museum location in Saint-Denis, La Réunion, France.",Historical spots|Cultural spots,Museum,Cultural Attraction,Drivable,-20.8859,55.4411,,1862,No,Spring; Summer; Autumn,images/FR-001862,,,
FR-001863,Castle Paris 134,France,FR,Île-de-France,75,Paris,"Castle location in Paris, Île-de-France, France.",Historical spots,Castle,Historic Landmark,Drivable,48.8516,2.3472,,1863,No,Spring; Summer; Autumn,images/FR-001863,,,
FR-001864,Cathedral Lyon 134,France,FR,Auvergne-Rhône-Alpes,69,Lyon,"Cathedral location in Lyon, Auvergne-Rhône-Alpes, France.",Religious/spiritual spots,Cathedral,Religious Site,Drivable,45.761,4.8327,,1864,No,Spring; Summer; Autumn,images/FR-001864,,,
FR-001865,Park Marseille 134,France,FR,Provence-Alpes-Côte d'Azur,13,Marseille,"Park location in Marseille, Provence-Alpes-Côte d'Azur, France.",Natural spots,Park,Nature & Recreation,Drivable,43.2955,5.3688,,1865,No,Spring; Summer; Autumn,images/FR-001865,,,
FR-001866,Garden Bordeaux 134,France,FR,Nouvelle-Aquitaine,33,Bordeaux,"Garden location in Bordeaux, Nouvelle-Aquitaine, France.",Cultural spots|Natural spots,Garden,Nature & Recreation,Drivable,44.8388,-0.5782,,1866,No,Spring; Summer; Autumn,images/FR-001866,,,
FR-001867,Monument Toulouse 134,France,FR,Occitanie,31,Toulouse,"Monument location in Toulouse, Occitanie, France.",Historical spots,Monument,Landmark,Drivable,43.6077,1.4472,,1867,No,Spring; Summer; Autumn,images/FR-001867,,,
FR-001868,Beach Lille 134,France,FR,Hauts-de-France,59,Lille,"Beach location in Lille, Hauts-de-France, France.",Beach spots|Natural spots,Beach,Nature & Recreation,Drivable,50.6342,3.0623,,1868,No,Spring; Summer; Autumn,images/FR-001868,,,
FR-001869,Viewpoint Strasbourg 134,France,FR,Grand Est,67,Strasbourg,"Viewpoint location in Strasbourg, Grand Est, France.",Adventure spots|Natural spots,Viewpoint,Scenic Attraction,Drivable,48.5804,7.7591,,1869,No,Spring; Summer; Autumn,images/FR-001869,,,
FR-001870,Market Nantes 134,France,FR,Pays de la Loire,44,Nantes,"Market location in Nantes, Pays de la Loire, France.",Cultural spots,Market,Local Attraction,Drivable,47.2274,-1.5446,,1870,No,Spring; Summer; Autumn,images/FR-001870,,,
FR-001871,Art Gallery Rennes 134,France,FR,Bretagne,35,Rennes,"Art Gallery location in Rennes, Bretagne, France.",Cultural spots,Art Gallery,Cultural Attraction,Drivable,48.1083,-1.6868,,1871,No,Spring; Summer; Autumn,images/FR-001871,,,
FR-001872,Theatre Rouen 134,France,FR,Normandie,76,Rouen,"Theatre location in Rouen, Normandie, France.",Historical spots,Theatre,Performing Arts,Drivable,49.4362,1.0923,,1872,No,Spring; Summer; Autumn,images/FR-001872,,,
FR-001873,Church Dijon 134,France,FR,Bourgogne-Franche-Comté,21,Dijon,"Church location in Dijon, Bourgogne-Franche-Comté, France.",Religious/spiritual spots,Church,Religious Site,Drivable,47.317,5.0365,,1873,No,Spring; Summer; Autumn,images/FR-001873,,,
FR-001874,Abbey Tours 134,France,FR,Centre-Val de Loire,37,Tours,"Abbey location in Tours, Centre-Val de Loire, France.",Religious/spiritual spots,Abbey,Religious Site,Drivable,47.3911,0.6818,,1874,No,Spring; Summer; Autumn,images/FR-001874,,,
FR-001875,Fortress Ajaccio 134,France,FR,Corse,2A,Ajaccio,"Fortress location in Ajaccio, Corse, France.",Historical spots,Fortress,Historic Landmark,Drivable,41.9182,8.7376,,1875,No,Spring; Summer; Autumn,images/FR-001875,,,
FR-001876,Archaeological Site Saint-Denis 134,France,FR,La Réunion,974,Saint-Denis,"Archaeological Site location in Saint-Denis, La Réunion, France.",Historical spots,Archaeological Site,Historic Site,Drivable,-20.8779,55.4491,,1876,No,Spring; Summer; Autumn,images/FR-001876,,,
FR-001877,Zoo Paris 135,France,FR,Île-de-France,75,Paris,"Zoo location in Paris, Île-de-France, France.",Wildlife spots,Zoo,Family Attraction,Drivable,48.8596,2.3552,,1877,No,Spring; Summer; Autumn,images/FR-001877,,,
FR-001878,Aquarium Lyon 135,France,FR,Auvergne-Rhône-Alpes,69,Lyon,"Aquarium location in Lyon, Auvergne-Rhône-Alpes, France.",Wildlife spots,Aquarium,Family Attraction,Drivable,45.769,4.8407,,1878,No,Spring; Summer; Autumn,images/FR-001878,,,
FR-001879,Botanical Garden Marseille 135,France,FR,Provence-Alpes-Côte d'Azur,13,Marseille,"Botanical Garden location in Marseille, Provence-Alpes-Côte d'Azur, France.",Cultural spots|Natural spots,Botanical Garden,Nature & Recreation,Drivable,43.3035,5.3768,,1879,No,Spring; Summer; Autumn,images/FR-001879,,,
FR-001880,Marina Bordeaux 135,France,FR,Nouvelle-Aquitaine,33,Bordeaux,"Marina location in Bordeaux, Nouvelle-Aquitaine, France.",Beach spots|Cultural spots,Marina,Leisure,Drivable,44.8468,-0.5702,,1880,No,Spring; Summer; Autumn,images/FR-001880,,,
FR-001881,Historic Site Toulouse 135,France,FR,Occitanie,31,Toulouse,"Historic Site location in Toulouse, Occitanie, France.",Historical spots,Historic Site,Landmark,Drivable,43.5957,1.4352,,1881,No,Spring; Summer; Autumn,images/FR-001881,,,
FR-001882,Museum Lille 135,France,FR,Hauts-de-France,59,Lille,"Museum location in Lille, Hauts-de-France, France.",Historical spots|Cultural spots,Museum,Cultural Attraction,Drivable,50.6222,3.0503,,1882,No,Spring; Summer; Autumn,images/FR-001882,,,
FR-001883,Castle Strasbourg 135,France,FR,Grand Est,67,Strasbourg,"Castle location in Strasbourg, Grand Est, France.",Historical spots,Castle,Historic Landmark,Drivable,48.5684,7.7471,,1883,No,Spring; Summer; Autumn,images/FR-001883,,,
FR-001884,Cathedral Nantes 135,France,FR,Pays de la Loire,44,Nantes,"Cathedral location in Nantes, Pays de la Loire, France.",Religious/spiritual spots,Cathedral,Religious Site,Drivable,47.2154,-1.5566,,1884,No,Spring; Summer; Autumn,images/FR-001884,,,
FR-001885,Park Rennes 135,France,FR,Bretagne,35,Rennes,"Park location in Rennes, Bretagne, France.",Natural spots,Park,Nature & Recreation,Drivable,48.1163,-1.6788,,1885,No,Spring; Summer; Autumn,images/FR-001885,,,
FR-001886,Garden Rouen 135,France,FR,Normandie,76,Rouen,"Garden location in Rouen, Normandie, France.",Cultural spots|Natural spots,Garden,Nature & Recreation,Drivable,49.4442,1.1003,,1886,No,Spring; Summer; Autumn,images/FR-001886,,,
FR-001887,Monument Dijon 135,France,FR,Bourgogne-Franche-Comté,21,Dijon,"Monument location in Dijon, Bourgogne-Franche-Comté, France.",Historical spots,Monument,Landmark,Drivable,47.325,5.0445,,1887,No,Spring; Summer; Autumn,images/FR-001887,,,
FR-001888,Beach Tours 135,France,FR,Centre-Val de Loire,37,Tours,"Beach location in Tours, Centre-Val de Loire, France.",Beach spots|Natural spots,Beach,Nature & Recreation,Drivable,47.3991,0.6898,,1888,No,Spring; Summer; Autumn,images/FR-001888,,,
FR-001889,Viewpoint Ajaccio 135,France,FR,Corse,2A,Ajaccio,"Viewpoint location in Ajaccio, Corse, France.",Adventure spots|Natural spots,Viewpoint,Scenic Attraction,Drivable,41.9262,8.7456,,1889,No,Spring; Summer; Autumn,images/FR-001889,,,
FR-001890,Market Saint-Denis 135,France,FR,La Réunion,974,Saint-Denis,"Market location in Saint-Denis, La Réunion, France.",Cultural spots,Market,Local Attraction,Drivable,-20.8699,55.4571,,1890,No,Spring; Summer; Autumn,images/FR-001890,,,
FR-001891,Art Gallery Paris 136,France,FR,Île-de-France,75,Paris,"Art Gallery location in Paris, Île-de-France, France.",Cultural spots,Art Gallery,Cultural Attraction,Drivable,48.8476,2.3432,,1891,No,Spring; Summer; Autumn,images/FR-001891,,,
FR-001892,Theatre Lyon 136,France,FR,Auvergne-Rhône-Alpes,69,Lyon,"Theatre location in Lyon, Auvergne-Rhône-Alpes, France.",Historical spots,Theatre,Performing Arts,Drivable,45.757,4.8287,,1892,No,Spring; Summer; Autumn,images/FR-001892,,,
FR-001893,Church Marseille 136,France,FR,Provence-Alpes-Côte d'Azur,13,Marseille,"Church location in Marseille, Provence-Alpes-Côte d'Azur, France.",Religious/spiritual spots,Church,Religious Site,Drivable,43.2915,5.3648,,1893,No,Spring; Summer; Autumn,images/FR-001893,,,
FR-001894,Abbey Bordeaux 136,France,FR,Nouvelle-Aquitaine,33,Bordeaux,"Abbey location in Bordeaux, Nouvelle-Aquitaine, France.",Religious/spiritual spots,Abbey,Religious Site,Drivable,44.8348,-0.5822,,1894,No,Spring; Summer; Autumn,images/FR-001894,,,
FR-001895,Fortress Toulouse 136,France,FR,Occitanie,31,Toulouse,"Fortress location in Toulouse, Occitanie, France.",Historical spots,Fortress,Historic Landmark,Drivable,43.6037,1.4432,,1895,No,Spring; Summer; Autumn,images/FR-001895,,,
FR-001896,Archaeological Site Lille 136,France,FR,Hauts-de-France,59,Lille,"Archaeological Site location in Lille, Hauts-de-France, France.",Historical spots,Archaeological Site,Historic Site,Drivable,50.6302,3.0583,,1896,No,Spring; Summer; Autumn,images/FR-001896,,,
FR-001897,Zoo Strasbourg 136,France,FR,Grand Est,67,Strasbourg,"Zoo location in Strasbourg, Grand Est, France.",Wildlife spots,Zoo,Family Attraction,Drivable,48.5764,7.7551,,1897,No,Spring; Summer; Autumn,images/FR-001897,,,
FR-001898,Aquarium Nantes 136,France,FR,Pays de la Loire,44,Nantes,"Aquarium location in Nantes, Pays de la Loire, France.",Wildlife spots,Aquarium,Family Attraction,Drivable,47.2234,-1.5486,,1898,No,Spring; Summer; Autumn,images/FR-001898,,,
FR-001899,Botanical Garden Rennes 136,France,FR,Bretagne,35,Rennes,"Botanical Garden location in Rennes, Bretagne, France.",Cultural spots|Natural spots,Botanical Garden,Nature & Recreation,Drivable,48.1243,-1.6708,,1899,No,Spring; Summer; Autumn,images/FR-001899,,,
FR-001900,Marina Rouen 136,France,FR,Normandie,76,Rouen,"Marina location in Rouen, Normandie, France.",Beach spots|Cultural spots,Marina,Leisure,Drivable,49.4522,1.1083,,1900,No,Spring; Summer; Autumn,images/FR-001900,,,
FR-001901,Historic Site Dijon 136,France,FR,Bourgogne-Franche-Comté,21,Dijon,"Historic Site location in Dijon, Bourgogne-Franche-Comté, France.",Historical spots,Historic Site,Landmark,Drivable,47.313,5.0325,,1901,No,Spring; Summer; Autumn,images/FR-001901,,,
FR-001902,Museum Tours 136,France,FR,Centre-Val de Loire,37,Tours,"Museum location in Tours, Centre-Val de Loire, France.",Historical spots|Cultural spots,Museum,Cultural Attraction,Drivable,47.3871,0.6778,,1902,No,Spring; Summer; Autumn,images/FR-001902,,,
FR-001903,Castle Ajaccio 136,France,FR,Corse,2A,Ajaccio,"Castle location in Ajaccio, Corse, France.",Historical spots,Castle,Historic Landmark,Drivable,41.9142,8.7336,,1903,No,Spring; Summer; Autumn,images/FR-001903,,,
FR-001904,Cathedral Saint-Denis 136,France,FR,La Réunion,974,Saint-Denis,"Cathedral location in Saint-Denis, La Réunion, France.",Religious/spiritual spots,Cathedral,Religious Site,Drivable,-20.8819,55.4451,,1904,No,Spring; Summer; Autumn,images/FR-001904,,,
FR-001905,Park Paris 137,France,FR,Île-de-France,75,Paris,"Park location in Paris, Île-de-France, France.",Natural spots,Park,Nature & Recreation,Drivable,48.8556,2.3512,,1905,No,Spring; Summer; Autumn,images/FR-001905,,,
FR-001906,Garden Lyon 137,France,FR,Auvergne-Rhône-Alpes,69,Lyon,"Garden location in Lyon, Auvergne-Rhône-Alpes, France.",Cultural spots|Natural spots,Garden,Nature & Recreation,Drivable,45.765,4.8367,,1906,No,Spring; Summer; Autumn,images/FR-001906,,,
FR-001907,Monument Marseille 137,France,FR,Provence-Alpes-Côte d'Azur,13,Marseille,"Monument location in Marseille, Provence-Alpes-Côte d'Azur, France.",Historical spots,Monument,Landmark,Drivable,43.2995,5.3728,,1907,No,Spring; Summer; Autumn,images/FR-001907,,,
FR-001908,Beach Bordeaux 137,France,FR,Nouvelle-Aquitaine,33,Bordeaux,"Beach location in Bordeaux, Nouvelle-Aquitaine, France.",Beach spots|Natural spots,Beach,Nature & Recreation,Drivable,44.8428,-0.5742,,1908,No,Spring; Summer; Autumn,images/FR-001908,,,
FR-001909,Viewpoint Toulouse 137,France,FR,Occitanie,31,Toulouse,"Viewpoint location in Toulouse, Occitanie, France.",Adventure spots|Natural spots,Viewpoint,Scenic Attraction,Drivable,43.6117,1.4512,,1909,No,Spring; Summer; Autumn,images/FR-001909,,,
FR-001910,Market Lille 137,France,FR,Hauts-de-France,59,Lille,"Market location in Lille, Hauts-de-France, France.",Cultural spots,Market,Local Attraction,Drivable,50.6382,3.0663,,1910,No,Spring; Summer; Autumn,images/FR-001910,,,
FR-001911,Art Gallery Strasbourg 137,France,FR,Grand Est,67,Strasbourg,"Art Gallery location in Strasbourg, Grand Est, France.",Cultural spots,Art Gallery,Cultural Attraction,Drivable,48.5644,7.7431,,1911,No,Spring; Summer; Autumn,images/FR-001911,,,
FR-001912,Theatre Nantes 137,France,FR,Pays de la Loire,44,Nantes,"Theatre location in Nantes, Pays de la Loire, France.",Historical spots,Theatre,Performing Arts,Drivable,47.2114,-1.5606,,1912,No,Spring; Summer; Autumn,images/FR-001912,,,
FR-001913,Church Rennes 137,France,FR,Bretagne,35,Rennes,"Church location in Rennes, Bretagne, France.",Religious/spiritual spots,Church,Religious Site,Drivable,48.1123,-1.6828,,1913,No,Spring; Summer; Autumn,images/FR-001913,,,
FR-001914,Abbey Rouen 137,France,FR,Normandie,76,Rouen,"Abbey location in Rouen, Normandie, France.",Religious/spiritual spots,Abbey,Religious Site,Drivable,49.4402,1.0963,,1914,No,Spring; Summer; Autumn,images/FR-001914,,,
FR-001915,Fortress Dijon 137,France,FR,Bourgogne-Franche-Comté,21,Dijon,"Fortress location in Dijon, Bourgogne-Franche-Comté, France.",Historical spots,Fortress,Historic Landmark,Drivable,47.321,5.0405,,1915,No,Spring; Summer; Autumn,images/FR-001915,,,
FR-001916,Archaeological Site Tours 137,France,FR,Centre-Val de Loire,37,Tours,"Archaeological Site location in Tours, Centre-Val de Loire, France.",Historical spots,Archaeological Site,Historic Site,Drivable,47.3951,0.6858,,1916,No,Spring; Summer; Autumn,images/FR-001916,,,
FR-001917,Zoo Ajaccio 137,France,FR,Corse,2A,Ajaccio,"Zoo location in Ajaccio, Corse, France.",Wildlife spots,Zoo,Family Attraction,Drivable,41.9222,8.7416,,1917,No,Spring; Summer; Autumn,images/FR-001917,,,
FR-001918,Aquarium Saint-Denis 137,France,FR,La Réunion,974,Saint-Denis,"Aquarium location in Saint-Denis, La Réunion, France.",Wildlife spots,Aquarium,Family Attraction,Drivable,-20.8739,55.4531,,1918,No,Spring; Summer; Autumn,images/FR-001918,,,
FR-001919,Botanical Garden Paris 138,France,FR,Île-de-France,75,Paris,"Botanical Garden location in Paris, Île-de-France, France.",Cultural spots|Natural spots,Botanical Garden,Nature & Recreation,Drivable,48.8636,2.3592,,1919,No,Spring; Summer; Autumn,images/FR-001919,,,
FR-001920,Marina Lyon 138,France,FR,Auvergne-Rhône-Alpes,69,Lyon,"Marina location in Lyon, Auvergne-Rhône-Alpes, France.",Beach spots|Cultural spots,Marina,Leisure,Drivable,45.773,4.8447,,1920,No,Spring; Summer; Autumn,images/FR-001920,,,
FR-001921,Historic Site Marseille 138,France,FR,Provence-Alpes-Côte d'Azur,13,Marseille,"Historic Site location in Marseille, Provence-Alpes-Côte d'Azur, France.",Historical spots,Historic Site,Landmark,Drivable,43.2875,5.3608,,1921,No,Spring; Summer; Autumn,images/FR-001921,,,
FR-001922,Museum Bordeaux 138,France,FR,Nouvelle-Aquitaine,33,Bordeaux,"Museum location in Bordeaux, Nouvelle-Aquitaine, France.",Historical spots|Cultural spots,Museum,Cultural Attraction,Drivable,44.8308,-0.5862,,1922,No,Spring; Summer; Autumn,images/FR-001922,,,
FR-001923,Castle Toulouse 138,France,FR,Occitanie,31,Toulouse,"Castle location in Toulouse, Occitanie, France.",Historical spots,Castle,Historic Landmark,Drivable,43.5997,1.4392,,1923,No,Spring; Summer; Autumn,images/FR-001923,,,
FR-001924,Cathedral Lille 138,France,FR,Hauts-de-France,59,Lille,"Cathedral location in Lille, Hauts-de-France, France.",Religious/spiritual spots,Cathedral,Religious Site,Drivable,50.6262,3.0543,,1924,No,Spring; Summer; Autumn,images/FR-001924,,,
FR-001925,Park Strasbourg 138,France,FR,Grand Est,67,Strasbourg,"Park location in Strasbourg, Grand Est, France.",Natural spots,Park,Nature & Recreation,Drivable,48.5724,7.7511,,1925,No,Spring; Summer; Autumn,images/FR-001925,,,
FR-001926,Garden Nantes 138,France,FR,Pays de la Loire,44,Nantes,"Garden location in Nantes, Pays de la Loire, France.",Cultural spots|Natural spots,Garden,Nature & Recreation,Drivable,47.2194,-1.5526,,1926,No,Spring; Summer; Autumn,images/FR-001926,,,
FR-001927,Monument Rennes 138,France,FR,Bretagne,35,Rennes,"Monument location in Rennes, Bretagne, France.",Historical spots,Monument,Landmark,Drivable,48.1203,-1.6748,,1927,No,Spring; Summer; Autumn,images/FR-001927,,,
FR-001928,Beach Rouen 138,France,FR,Normandie,76,Rouen,"Beach location in Rouen, Normandie, France.",Beach spots|Natural spots,Beach,Nature & Recreation,Drivable,49.4482,1.1043,,1928,No,Spring; Summer; Autumn,images/FR-001928,,,
FR-001929,Viewpoint Dijon 138,France,FR,Bourgogne-Franche-Comté,21,Dijon,"Viewpoint location in Dijon, Bourgogne-Franche-Comté, France.",Adventure spots|Natural spots,Viewpoint,Scenic Attraction,Drivable,47.329,5.0485,,1929,No,Spring; Summer; Autumn,images/FR-001929,,,
FR-001930,Market Tours 138,France,FR,Centre-Val de Loire,37,Tours,"Market location in Tours, Centre-Val de Loire, France.",Cultural spots,Market,Local Attraction,Drivable,47.4031,0.6938,,1930,No,Spring; Summer; Autumn,images/FR-001930,,,
FR-001931,Art Gallery Ajaccio 138,France,FR,Corse,2A,Ajaccio,"Art Gallery location in Ajaccio, Corse, France.",Cultural spots,Art Gallery,Cultural Attraction,Drivable,41.9102,8.7296,,1931,No,Spring; Summer; Autumn,images/FR-001931,,,
FR-001932,Theatre Saint-Denis 138,France,FR,La Réunion,974,Saint-Denis,"Theatre location in Saint-Denis, La Réunion, France.",Historical spots,Theatre,Performing Arts,Drivable,-20.8859,55.4411,,1932,No,Spring; Summer; Autumn,images/FR-001932,,,
FR-001933,Church Paris 139,France,FR,Île-de-France,75,Paris,"Church location in Paris, Île-de-France, France.",Religious/spiritual spots,Church,Religious Site,Drivable,48.8516,2.3472,,1933,No,Spring; Summer; Autumn,images/FR-001933,,,
FR-001934,Abbey Lyon 139,France,FR,Auvergne-Rhône-Alpes,69,Lyon,"Abbey location in Lyon, Auvergne-Rhône-Alpes, France.",Religious/spiritual spots,Abbey,Religious Site,Drivable,45.761,4.8327,,1934,No,Spring; Summer; Autumn,images/FR-001934,,,
FR-001935,Fortress Marseille 139,France,FR,Provence-Alpes-Côte d'Azur,13,Marseille,"Fortress location in Marseille, Provence-Alpes-Côte d'Azur, France.",Historical spots,Fortress,Historic Landmark,Drivable,43.2955,5.3688,,1935,No,Spring; Summer; Autumn,images/FR-001935,,,
FR-001936,Archaeological Site Bordeaux 139,France,FR,Nouvelle-Aquitaine,33,Bordeaux,"Archaeological Site location in Bordeaux, Nouvelle-Aquitaine, France.",Historical spots,Archaeological Site,Historic Site,Drivable,44.8388,-0.5782,,1936,No,Spring; Summer; Autumn,images/FR-001936,,,
FR-001937,Zoo Toulouse 139,France,FR,Occitanie,31,Toulouse,"Zoo location in Toulouse, Occitanie, France.",Wildlife spots,Zoo,Family Attraction,Drivable,43.6077,1.4472,,1937,No,Spring; Summer; Autumn,images/FR-001937,,,
FR-001938,Aquarium Lille 139,France,FR,Hauts-de-France,59,Lille,"Aquarium location in Lille, Hauts-de-France, France.",Wildlife spots,Aquarium,Family Attraction,Drivable,50.6342,3.0623,,1938,No,Spring; Summer; Autumn,images/FR-001938,,,
FR-001939,Botanical Garden Strasbourg 139,France,FR,Grand Est,67,Strasbourg,"Botanical Garden location in Strasbourg, Grand Est, France.",Cultural spots|Natural spots,Botanical Garden,Nature & Recreation,Drivable,48.5804,7.7591,,1939,No,Spring; Summer; Autumn,images/FR-001939,,,
FR-001940,Marina Nantes 139,France,FR,Pays de la Loire,44,Nantes,"Marina location in Nantes, Pays de la Loire, France.",Beach spots|Cultural spots,Marina,Leisure,Drivable,47.2274,-1.5446,,1940,No,Spring; Summer; Autumn,images/FR-001940,,,
FR-001941,Historic Site Rennes 139,France,FR,Bretagne,35,Rennes,"Historic Site location in Rennes, Bretagne, France.",Historical spots,Historic Site,Landmark,Drivable,48.1083,-1.6868,,1941,No,Spring; Summer; Autumn,images/FR-001941,,,
FR-001942,Museum Rouen 139,France,FR,Normandie,76,Rouen,"Museum location in Rouen, Normandie, France.",Historical spots|Cultural spots,Museum,Cultural Attraction,Drivable,49.4362,1.0923,,1942,No,Spring; Summer; Autumn,images/FR-001942,,,
FR-001943,Castle Dijon 139,France,FR,Bourgogne-Franche-Comté,21,Dijon,"Castle location in Dijon, Bourgogne-Franche-Comté, France.",Historical spots,Castle,Historic Landmark,Drivable,47.317,5.0365,,1943,No,Spring; Summer; Autumn,images/FR-001943,,,
FR-001944,Cathedral Tours 139,France,FR,Centre-Val de Loire,37,Tours,"Cathedral location in Tours, Centre-Val de Loire, France.",Religious/spiritual spots,Cathedral,Religious Site,Drivable,47.3911,0.6818,,1944,No,Spring; Summer; Autumn,images/FR-001944,,,
FR-001945,Park Ajaccio 139,France,FR,Corse,2A,Ajaccio,"Park location in Ajaccio, Corse, France.",Natural spots,Park,Nature & Recreation,Drivable,41.9182,8.7376,,1945,No,Spring; Summer; Autumn,images/FR-001945,,,
FR-001946,Garden Saint-Denis 139,France,FR,La Réunion,974,Saint-Denis,"Garden location in Saint-Denis, La Réunion, France.",Cultural spots|Natural spots,Garden,Nature & Recreation,Drivable,-20.8779,55.4491,,1946,No,Spring; Summer; Autumn,images/FR-001946,,,
FR-001947,Monument Paris 140,France,FR,Île-de-France,75,Paris,"Monument location in Paris, Île-de-France, France.",Historical spots,Monument,Landmark,Drivable,48.8596,2.3552,,1947,No,Spring; Summer; Autumn,images/FR-001947,,,
FR-001948,Beach Lyon 140,France,FR,Auvergne-Rhône-Alpes,69,Lyon,"Beach location in Lyon, Auvergne-Rhône-Alpes, France.",Beach spots|Natural spots,Beach,Nature & Recreation,Drivable,45.769,4.8407,,1948,No,Spring; Summer; Autumn,images/FR-001948,,,
FR-001949,Viewpoint Marseille 140,France,FR,Provence-Alpes-Côte d'Azur,13,Marseille,"Viewpoint location in Marseille, Provence-Alpes-Côte d'Azur, France.",Adventure spots|Natural spots,Viewpoint,Scenic Attraction,Drivable,43.3035,5.3768,,1949,No,Spring; Summer; Autumn,images/FR-001949,,,
FR-001950,Market Bordeaux 140,France,FR,Nouvelle-Aquitaine,33,Bordeaux,"Market location in Bordeaux, Nouvelle-Aquitaine, France.",Cultural spots,Market,Local Attraction,Drivable,44.8468,-0.5702,,1950,No,Spring; Summer; Autumn,images/FR-001950,,,
FR-001951,Art Gallery Toulouse 140,France,FR,Occitanie,31,Toulouse,"Art Gallery location in Toulouse, Occitanie, France.",Cultural spots,Art Gallery,Cultural Attraction,Drivable,43.5957,1.4352,,1951,No,Spring; Summer; Autumn,images/FR-001951,,,
FR-001952,Theatre Lille 140,France,FR,Hauts-de-France,59,Lille,"Theatre location in Lille, Hauts-de-France, France.",Historical spots,Theatre,Performing Arts,Drivable,50.6222,3.0503,,1952,No,Spring; Summer; Autumn,images/FR-001952,,,
FR-001953,Church Strasbourg 140,France,FR,Grand Est,67,Strasbourg,"Church location in Strasbourg, Grand Est, France.",Religious/spiritual spots,Church,Religious Site,Drivable,48.5684,7.7471,,1953,No,Spring; Summer; Autumn,images/FR-001953,,,
FR-001954,Abbey Nantes 140,France,FR,Pays de la Loire,44,Nantes,"Abbey location in Nantes, Pays de la Loire, France.",Religious/spiritual spots,Abbey,Religious Site,Drivable,47.2154,-1.5566,,1954,No,Spring; Summer; Autumn,images/FR-001954,,,
FR-001955,Fortress Rennes 140,France,FR,Bretagne,35,Rennes,"Fortress location in Rennes, Bretagne, France.",Historical spots,Fortress,Historic Landmark,Drivable,48.1163,-1.6788,,1955,No,Spring; Summer; Autumn,images/FR-001955,,,
FR-001956,Archaeological Site Rouen 140,France,FR,Normandie,76,Rouen,"Archaeological Site location in Rouen, Normandie, France.",Historical spots,Archaeological Site,Historic Site,Drivable,49.4442,1.1003,,1956,No,Spring; Summer; Autumn,images/FR-001956,,,
FR-001957,Zoo Dijon 140,France,FR,Bourgogne-Franche-Comté,21,Dijon,"Zoo location in Dijon, Bourgogne-Franche-Comté, France.",Wildlife spots,Zoo,Family Attraction,Drivable,47.325,5.0445,,1957,No,Spring; Summer; Autumn,images/FR-001957,,,
FR-001958,Aquarium Tours 140,France,FR,Centre-Val de Loire,37,Tours,"Aquarium location in Tours, Centre-Val de Loire, France.",Wildlife spots,Aquarium,Family Attraction,Drivable,47.3991,0.6898,,1958,No,Spring; Summer; Autumn,images/FR-001958,,,
FR-001959,Botanical Garden Ajaccio 140,France,FR,Corse,2A,Ajaccio,"Botanical Garden location in Ajaccio, Corse, France.",Cultural spots|Natural spots,Botanical Garden,Nature & Recreation,Drivable,41.9262,8.7456,,1959,No,Spring; Summer; Autumn,images/FR-001959,,,
FR-001960,Marina Saint-Denis 140,France,FR,La Réunion,974,Saint-Denis,"Marina location in Saint-Denis, La Réunion, France.",Beach spots|Cultural spots,Marina,Leisure,Drivable,-20.8699,55.4571,,1960,No,Spring; Summer; Autumn,images/FR-001960,,,
FR-001961,Historic Site Paris 141,France,FR,Île-de-France,75,Paris,"Historic Site location in Paris, Île-de-France, France.",Historical spots,Historic Site,Landmark,Drivable,48.8476,2.3432,,1961,No,Spring; Summer; Autumn,images/FR-001961,,,
FR-001962,Museum Lyon 141,France,FR,Auvergne-Rhône-Alpes,69,Lyon,"Museum location in Lyon, Auvergne-Rhône-Alpes, France.",Historical spots|Cultural spots,Museum,Cultural Attraction,Drivable,45.757,4.8287,,1962,No,Spring; Summer; Autumn,images/FR-001962,,,
FR-001963,Castle Marseille 141,France,FR,Provence-Alpes-Côte d'Azur,13,Marseille,"Castle location in Marseille, Provence-Alpes-Côte d'Azur, France.",Historical spots,Castle,Historic Landmark,Drivable,43.2915,5.3648,,1963,No,Spring; Summer; Autumn,images/FR-001963,,,
FR-001964,Cathedral Bordeaux 141,France,FR,Nouvelle-Aquitaine,33,Bordeaux,"Cathedral location in Bordeaux, Nouvelle-Aquitaine, France.",Religious/spiritual spots,Cathedral,Religious Site,Drivable,44.8348,-0.5822,,1964,No,Spring; Summer; Autumn,images/FR-001964,,,
FR-001965,Park Toulouse 141,France,FR,Occitanie,31,Toulouse,"Park location in Toulouse, Occitanie, France.",Natural spots,Park,Nature & Recreation,Drivable,43.6037,1.4432,,1965,No,Spring; Summer; Autumn,images/FR-001965,,,
FR-001966,Garden Lille 141,France,FR,Hauts-de-France,59,Lille,"Garden location in Lille, Hauts-de-France, France.",Cultural spots|Natural spots,Garden,Nature & Recreation,Drivable,50.6302,3.0583,,1966,No,Spring; Summer; Autumn,images/FR-001966,,,
FR-001967,Monument Strasbourg 141,France,FR,Grand Est,67,Strasbourg,"Monument location in Strasbourg, Grand Est, France.",Historical spots,Monument,Landmark,Drivable,48.5764,7.7551,,1967,No,Spring; Summer; Autumn,images/FR-001967,,,
FR-001968,Beach Nantes 141,France,FR,Pays de la Loire,44,Nantes,"Beach location in Nantes, Pays de la Loire, France.",Beach spots|Natural spots,Beach,Nature & Recreation,Drivable,47.2234,-1.5486,,1968,No,Spring; Summer; Autumn,images/FR-001968,,,
FR-001969,Viewpoint Rennes 141,France,FR,Bretagne,35,Rennes,"Viewpoint location in Rennes, Bretagne, France.",Adventure spots|Natural spots,Viewpoint,Scenic Attraction,Drivable,48.1243,-1.6708,,1969,No,Spring; Summer; Autumn,images/FR-001969,,,
FR-001970,Market Rouen 141,France,FR,Normandie,76,Rouen,"Market location in Rouen, Normandie, France.",Cultural spots,Market,Local Attraction,Drivable,49.4522,1.1083,,1970,No,Spring; Summer; Autumn,images/FR-001970,,,
FR-001971,Art Gallery Dijon 141,France,FR,Bourgogne-Franche-Comté,21,Dijon,"Art Gallery location in Dijon, Bourgogne-Franche-Comté, France.",Cultural spots,Art Gallery,Cultural Attraction,Drivable,47.313,5.0325,,1971,No,Spring; Summer; Autumn,images/FR-001971,,,
FR-001972,Theatre Tours 141,France,FR,Centre-Val de Loire,37,Tours,"Theatre location in Tours, Centre-Val de Loire, France.",Historical spots,Theatre,Performing Arts,Drivable,47.3871,0.6778,,1972,No,Spring; Summer; Autumn,images/FR-001972,,,
FR-001973,Church Ajaccio 141,France,FR,Corse,2A,Ajaccio,"Church location in Ajaccio, Corse, France.",Religious/spiritual spots,Church,Religious Site,Drivable,41.9142,8.7336,,1973,No,Spring; Summer; Autumn,images/FR-001973,,,
FR-001974,Abbey Saint-Denis 141,France,FR,La Réunion,974,Saint-Denis,"Abbey location in Saint-Denis, La Réunion, France.",Religious/spiritual spots,Abbey,Religious Site,Drivable,-20.8819,55.4451,,1974,No,Spring; Summer; Autumn,images/FR-001974,,,
FR-001975,Fortress Paris 142,France,FR,Île-de-France,75,Paris,"Fortress location in Paris, Île-de-France, France.",Historical spots,Fortress,Historic Landmark,Drivable,48.8556,2.3512,,1975,No,Spring; Summer; Autumn,images/FR-001975,,,
FR-001976,Archaeological Site Lyon 142,France,FR,Auvergne-Rhône-Alpes,69,Lyon,"Archaeological Site location in Lyon, Auvergne-Rhône-Alpes, France.",Historical spots,Archaeological Site,Historic Site,Drivable,45.765,4.8367,,1976,No,Spring; Summer; Autumn,images/FR-001976,,,
FR-001977,Zoo Marseille 142,France,FR,Provence-Alpes-Côte d'Azur,13,Marseille,"Zoo location in Marseille, Provence-Alpes-Côte d'Azur, France.",Wildlife spots,Zoo,Family Attraction,Drivable,43.2995,5.3728,,1977,No,Spring; Summer; Autumn,images/FR-001977,,,
FR-001978,Aquarium Bordeaux 142,France,FR,Nouvelle-Aquitaine,33,Bordeaux,"Aquarium location in Bordeaux, Nouvelle-Aquitaine, France.",Wildlife spots,Aquarium,Family Attraction,Drivable,44.8428,-0.5742,,1978,No,Spring; Summer; Autumn,images/FR-001978,,,
FR-001979,Botanical Garden Toulouse 142,France,FR,Occitanie,31,Toulouse,"Botanical Garden location in Toulouse, Occitanie, France.",Cultural spots|Natural spots,Botanical Garden,Nature & Recreation,Drivable,43.6117,1.4512,,1979,No,Spring; Summer; Autumn,images/FR-001979,,,
FR-001980,Marina Lille 142,France,FR,Hauts-de-France,59,Lille,"Marina location in Lille, Hauts-de-France, France.",Beach spots|Cultural spots,Marina,Leisure,Drivable,50.6382,3.0663,,1980,No,Spring; Summer; Autumn,images/FR-001980,,,
FR-001981,Historic Site Strasbourg 142,France,FR,Grand Est,67,Strasbourg,"Historic Site location in Strasbourg, Grand Est, France.",Historical spots,Historic Site,Landmark,Drivable,48.5644,7.7431,,1981,No,Spring; Summer; Autumn,images/FR-001981,,,
FR-001982,Museum Nantes 142,France,FR,Pays de la Loire,44,Nantes,"Museum location in Nantes, Pays de la Loire, France.",Historical spots|Cultural spots,Museum,Cultural Attraction,Drivable,47.2114,-1.5606,,1982,No,Spring; Summer; Autumn,images/FR-001982,,,
FR-001983,Castle Rennes 142,France,FR,Bretagne,35,Rennes,"Castle location in Rennes, Bretagne, France.",Historical spots,Castle,Historic Landmark,Drivable,48.1123,-1.6828,,1983,No,Spring; Summer; Autumn,images/FR-001983,,,
FR-001984,Cathedral Rouen 142,France,FR,Normandie,76,Rouen,"Cathedral location in Rouen, Normandie, France.",Religious/spiritual spots,Cathedral,Religious Site,Drivable,49.4402,1.0963,,1984,No,Spring; Summer; Autumn,images/FR-001984,,,
FR-001985,Park Dijon 142,France,FR,Bourgogne-Franche-Comté,21,Dijon,"Park location in Dijon, Bourgogne-Franche-Comté, France.",Natural spots,Park,Nature & Recreation,Drivable,47.321,5.0405,,1985,No,Spring; Summer; Autumn,images/FR-001985,,,
FR-001986,Garden Tours 142,France,FR,Centre-Val de Loire,37,Tours,"Garden location in Tours, Centre-Val de Loire, France.",Cultural spots|Natural spots,Garden,Nature & Recreation,Drivable,47.3951,0.6858,,1986,No,Spring; Summer; Autumn,images/FR-001986,,,
FR-001987,Monument Ajaccio 142,France,FR,Corse,2A,Ajaccio,"Monument location in Ajaccio, Corse, France.",Historical spots,Monument,Landmark,Drivable,41.9222,8.7416,,1987,No,Spring; Summer; Autumn,images/FR-001987,,,
FR-001988,Beach Saint-Denis 142,France,FR,La Réunion,974,Saint-Denis,"Beach location in Saint-Denis, La Réunion, France.",Beach spots|Natural spots,Beach,Nature & Recreation,Drivable,-20.8739,55.4531,,1988,No,Spring; Summer; Autumn,images/FR-001988,,,
FR-001989,Viewpoint Paris 143,France,FR,Île-de-France,75,Paris,"Viewpoint location in Paris, Île-de-France, France.",Adventure spots|Natural spots,Viewpoint,Scenic Attraction,Drivable,48.8636,2.3592,,1989,No,Spring; Summer; Autumn,images/FR-001989,,,
FR-001990,Market Lyon 143,France,FR,Auvergne-Rhône-Alpes,69,Lyon,"Market location in Lyon, Auvergne-Rhône-Alpes, France.",Cultural spots,Market,Local Attraction,Drivable,45.773,4.8447,,1990,No,Spring; Summer; Autumn,images/FR-001990,,,
FR-001991,Art Gallery Marseille 143,France,FR,Provence-Alpes-Côte d'Azur,13,Marseille,"Art Gallery location in Marseille, Provence-Alpes-Côte d'Azur, France.",Cultural spots,Art Gallery,Cultural Attraction,Drivable,43.2875,5.3608,,1991,No,Spring; Summer; Autumn,images/FR-001991,,,
FR-001992,Theatre Bordeaux 143,France,FR,Nouvelle-Aquitaine,33,Bordeaux,"Theatre location in Bordeaux, Nouvelle-Aquitaine, France.",Historical spots,Theatre,Performing Arts,Drivable,44.8308,-0.5862,,1992,No,Spring; Summer; Autumn,images/FR-001992,,,
FR-001993,Church Toulouse 143,France,FR,Occitanie,31,Toulouse,"Church location in Toulouse, Occitanie, France.",Religious/spiritual spots,Church,Religious Site,Drivable,43.5997,1.4392,,1993,No,Spring; Summer; Autumn,images/FR-001993,,,
FR-001994,Abbey Lille 143,France,FR,Hauts-de-France,59,Lille,"Abbey location in Lille, Hauts-de-France, France.",Religious/spiritual spots,Abbey,Religious Site,Drivable,50.6262,3.0543,,1994,No,Spring; Summer; Autumn,images/FR-001994,,,
FR-001995,Fortress Strasbourg 143,France,FR,Grand Est,67,Strasbourg,"Fortress location in Strasbourg, Grand Est, France.",Historical spots,Fortress,Historic Landmark,Drivable,48.5724,7.7511,,1995,No,Spring; Summer; Autumn,images/FR-001995,,,
FR-001996,Archaeological Site Nantes 143,France,FR,Pays de la Loire,44,Nantes,"Archaeological Site location in Nantes, Pays de la Loire, France.",Historical spots,Archaeological Site,Historic Site,Drivable,47.2194,-1.5526,,1996,No,Spring; Summer; Autumn,images/FR-001996,,,
FR-001997,Zoo Rennes 143,France,FR,Bretagne,35,Rennes,"Zoo location in Rennes, Bretagne, France.",Wildlife spots,Zoo,Family Attraction,Drivable,48.1203,-1.6748,,1997,No,Spring; Summer; Autumn,images/FR-001997,,,
FR-001998,Aquarium Rouen 143,France,FR,Normandie,76,Rouen,"Aquarium location in Rouen, Normandie, France.",Wildlife spots,Aquarium,Family Attraction,Drivable,49.4482,1.1043,,1998,No,Spring; Summer; Autumn,images/FR-001998,,,
FR-001999,Botanical Garden Dijon 143,France,FR,Bourgogne-Franche-Comté,21,Dijon,"Botanical Garden location in Dijon, Bourgogne-Franche-Comté, France.",Cultural spots|Natural spots,Botanical Garden,Nature & Recreation,Drivable,47.329,5.0485,,1999,No,Spring; Summer; Autumn,images/FR-001999,,,
FR-002000,Marina Tours 143,France,FR,Centre-Val de Loire,37,Tours,"Marina location in Tours, Centre-Val de Loire, France.",Beach spots|Cultural spots,Marina,Leisure,Drivable,47.4031,0.6938,,2000,No,Spring; Summer; Autumn,images/FR-002000,,,
