source_id,name,country,country_code,state_province,state_code,city,description,spot_types,category_raw,subcategory_raw,travel_info,latitude,longitude,altitude,display_order,unesco,best_season,image_folder,image_1,image_2,image_3
FR-000001,Historic Site Paris 001,France,FR,Île-de-France,75,Paris,"Historic Site location in Paris, Île-de-France, France.",Historic Site,Historic Site,Landmark,"Located in Paris, Île-de-France.",48.8476,2.3432,,1,No,Spring; Summer; Autumn,,,,
FR-000002,Museum Lyon 001,France,FR,Auvergne-Rhône-Alpes,69,Lyon,"Museum location in Lyon, Auvergne-Rhône-Alpes, France.",Museum,Museum,Cultural Attraction,"Located in Lyon, Auvergne-Rhône-Alpes.",45.757,4.8287,,2,No,Spring; Summer; Autumn,,,,
FR-000003,Castle Marseille 001,France,FR,Provence-Alpes-Côte d'Azur,13,Marseille,"Castle location in Marseille, Provence-Alpes-Côte d'Azur, France.",Castle,Castle,Historic Landmark,"Located in Marseille, Provence-Alpes-Côte d'Azur.",43.2915,5.3648,,3,No,Spring; Summer; Autumn,,,,
FR-000004,Cathedral Bordeaux 001,France,FR,Nouvelle-Aquitaine,33,Bordeaux,"Cathedral location in Bordeaux, Nouvelle-Aquitaine, France.",Cathedral,Cathedral,Religious Site,"Located in Bordeaux, Nouvelle-Aquitaine.",44.8348,-0.5822,,4,No,Spring; Summer; Autumn,,,,
FR-000005,Park Toulouse 001,France,FR,Occitanie,31,Toulouse,"Park location in Toulouse, Occitanie, France.",Park,Park,Nature & Recreation,"Located in Toulouse, Occitanie.",43.6037,1.4432,,5,No,Spring; Summer; Autumn,,,,
FR-000006,Garden Lille 001,France,FR,Hauts-de-France,59,Lille,"Garden location in Lille, Hauts-de-France, France.",Garden,Garden,Nature & Recreation,"Located in Lille, Hauts-de-France.",50.6302,3.0583,,6,No,Spring; Summer; Autumn,,,,
FR-000007,Monument Strasbourg 001,France,FR,Grand Est,67,Strasbourg,"Monument location in Strasbourg, Grand Est, France.",Monument,Monument,Landmark,"Located in Strasbourg, Grand Est.",48.5764,7.7551,,7,No,Spring; Summer; Autumn,,,,
FR-000008,Beach Nantes 001,France,FR,Pays de la Loire,44,Nantes,"Beach location in Nantes, Pays de la Loire, France.",Beach,Beach,Nature & Recreation,"Located in Nantes, Pays de la Loire.",47.2234,-1.5486,,8,No,Spring; Summer; Autumn,,,,
FR-000009,Viewpoint Rennes 001,France,FR,Bretagne,35,Rennes,"Viewpoint location in Rennes, Bretagne, France.",Viewpoint,Viewpoint,Scenic Attraction,"Located in Rennes, Bretagne.",48.1243,-1.6708,,9,No,Spring; Summer; Autumn,,,,
FR-000010,Market Rouen 001,France,FR,Normandie,76,Rouen,"Market location in Rouen, Normandie, France.",Market,Market,Local Attraction,"Located in Rouen, Normandie.",49.4522,1.1083,,10,No,Spring; Summer; Autumn,,,,
FR-000011,Art Gallery Dijon 001,France,FR,Bourgogne-Franche-Comté,21,Dijon,"Art Gallery location in Dijon, Bourgogne-Franche-Comté, France.",Art Gallery,Art Gallery,Cultural Attraction,"Located in Dijon, Bourgogne-Franche-Comté.",47.313,5.0325,,11,No,Spring; Summer; Autumn,,,,
FR-000012,Theatre Tours 001,France,FR,Centre-Val de Loire,37,Tours,"Theatre location in Tours, Centre-Val de Loire, France.",Theatre,Theatre,Performing Arts,"Located in Tours, Centre-Val de Loire.",47.3871,0.6778,,12,No,Spring; Summer; Autumn,,,,
FR-000013,Church Ajaccio 001,France,FR,Corse,2A,Ajaccio,"Church location in Ajaccio, Corse, France.",Church,Church,Religious Site,"Located in Ajaccio, Corse.",41.9142,8.7336,,13,No,Spring; Summer; Autumn,,,,
FR-000014,Abbey Saint-Denis 001,France,FR,La Réunion,974,Saint-Denis,"Abbey location in Saint-Denis, La Réunion, France.",Abbey,Abbey,Religious Site,"Located in Saint-Denis, La Réunion.",-20.8819,55.4451,,14,No,Spring; Summer; Autumn,,,,
FR-000015,Fortress Paris 002,France,FR,Île-de-France,75,Paris,"Fortress location in Paris, Île-de-France, France.",Fortress,Fortress,Historic Landmark,"Located in Paris, Île-de-France.",48.8556,2.3512,,15,No,Spring; Summer; Autumn,,,,
FR-000016,Archaeological Site Lyon 002,France,FR,Auvergne-Rhône-Alpes,69,Lyon,"Archaeological Site location in Lyon, Auvergne-Rhône-Alpes, France.",Archaeological Site,Archaeological Site,Historic Site,"Located in Lyon, Auvergne-Rhône-Alpes.",45.765,4.8367,,16,No,Spring; Summer; Autumn,,,,
FR-000017,Zoo Marseille 002,France,FR,Provence-Alpes-Côte d'Azur,13,Marseille,"Zoo location in Marseille, Provence-Alpes-Côte d'Azur, France.",Zoo,Zoo,Family Attraction,"Located in Marseille, Provence-Alpes-Côte d'Azur.",43.2995,5.3728,,17,No,Spring; Summer; Autumn,,,,
FR-000018,Aquarium Bordeaux 002,France,FR,Nouvelle-Aquitaine,33,Bordeaux,"Aquarium location in Bordeaux, Nouvelle-Aquitaine, France.",Aquarium,Aquarium,Family Attraction,"Located in Bordeaux, Nouvelle-Aquitaine.",44.8428,-0.5742,,18,No,Spring; Summer; Autumn,,,,
FR-000019,Botanical Garden Toulouse 002,France,FR,Occitanie,31,Toulouse,"Botanical Garden location in Toulouse, Occitanie, France.",Botanical Garden,Botanical Garden,Nature & Recreation,"Located in Toulouse, Occitanie.",43.6117,1.4512,,19,No,Spring; Summer; Autumn,,,,
FR-000020,Marina Lille 002,France,FR,Hauts-de-France,59,Lille,"Marina location in Lille, Hauts-de-France, France.",Marina,Marina,Leisure,"Located in Lille, Hauts-de-France.",50.6382,3.0663,,20,No,Spring; Summer; Autumn,,,,
FR-000021,Historic Site Strasbourg 002,France,FR,Grand Est,67,Strasbourg,"Historic Site location in Strasbourg, Grand Est, France.",Historic Site,Historic Site,Landmark,"Located in Strasbourg, Grand Est.",48.5644,7.7431,,21,No,Spring; Summer; Autumn,,,,
FR-000022,Museum Nantes 002,France,FR,Pays de la Loire,44,Nantes,"Museum location in Nantes, Pays de la Loire, France.",Museum,Museum,Cultural Attraction,"Located in Nantes, Pays de la Loire.",47.2114,-1.5606,,22,No,Spring; Summer; Autumn,,,,
FR-000023,Castle Rennes 002,France,FR,Bretagne,35,Rennes,"Castle location in Rennes, Bretagne, France.",Castle,Castle,Historic Landmark,"Located in Rennes, Bretagne.",48.1123,-1.6828,,23,No,Spring; Summer; Autumn,,,,
FR-000024,Cathedral Rouen 002,France,FR,Normandie,76,Rouen,"Cathedral location in Rouen, Normandie, France.",Cathedral,Cathedral,Religious Site,"Located in Rouen, Normandie.",49.4402,1.0963,,24,No,Spring; Summer; Autumn,,,,
FR-000025,Park Dijon 002,France,FR,Bourgogne-Franche-Comté,21,Dijon,"Park location in Dijon, Bourgogne-Franche-Comté, France.",Park,Park,Nature & Recreation,"Located in Dijon, Bourgogne-Franche-Comté.",47.321,5.0405,,25,No,Spring; Summer; Autumn,,,,
FR-000026,Garden Tours 002,France,FR,Centre-Val de Loire,37,Tours,"Garden location in Tours, Centre-Val de Loire, France.",Garden,Garden,Nature & Recreation,"Located in Tours, Centre-Val de Loire.",47.3951,0.6858,,26,No,Spring; Summer; Autumn,,,,
FR-000027,Monument Ajaccio 002,France,FR,Corse,2A,Ajaccio,"Monument location in Ajaccio, Corse, France.",Monument,Monument,Landmark,"Located in Ajaccio, Corse.",41.9222,8.7416,,27,No,Spring; Summer; Autumn,,,,
FR-000028,Beach Saint-Denis 002,France,FR,La Réunion,974,Saint-Denis,"Beach location in Saint-Denis, La Réunion, France.",Beach,Beach,Nature & Recreation,"Located in Saint-Denis, La Réunion.",-20.8739,55.4531,,28,No,Spring; Summer; Autumn,,,,
FR-000029,Viewpoint Paris 003,France,FR,Île-de-France,75,Paris,"Viewpoint location in Paris, Île-de-France, France.",Viewpoint,Viewpoint,Scenic Attraction,"Located in Paris, Île-de-France.",48.8636,2.3592,,29,No,Spring; Summer; Autumn,,,,
FR-000030,Market Lyon 003,France,FR,Auvergne-Rhône-Alpes,69,Lyon,"Market location in Lyon, Auvergne-Rhône-Alpes, France.",Market,Market,Local Attraction,"Located in Lyon, Auvergne-Rhône-Alpes.",45.773,4.8447,,30,No,Spring; Summer; Autumn,,,,
FR-000031,Art Gallery Marseille 003,France,FR,Provence-Alpes-Côte d'Azur,13,Marseille,"Art Gallery location in Marseille, Provence-Alpes-Côte d'Azur, France.",Art Gallery,Art Gallery,Cultural Attraction,"Located in Marseille, Provence-Alpes-Côte d'Azur.",43.2875,5.3608,,31,No,Spring; Summer; Autumn,,,,
FR-000032,Theatre Bordeaux 003,France,FR,Nouvelle-Aquitaine,33,Bordeaux,"Theatre location in Bordeaux, Nouvelle-Aquitaine, France.",Theatre,Theatre,Performing Arts,"Located in Bordeaux, Nouvelle-Aquitaine.",44.8308,-0.5862,,32,No,Spring; Summer; Autumn,,,,
FR-000033,Church Toulouse 003,France,FR,Occitanie,31,Toulouse,"Church location in Toulouse, Occitanie, France.",Church,Church,Religious Site,"Located in Toulouse, Occitanie.",43.5997,1.4392,,33,No,Spring; Summer; Autumn,,,,
FR-000034,Abbey Lille 003,France,FR,Hauts-de-France,59,Lille,"Abbey location in Lille, Hauts-de-France, France.",Abbey,Abbey,Religious Site,"Located in Lille, Hauts-de-France.",50.6262,3.0543,,34,No,Spring; Summer; Autumn,,,,
FR-000035,Fortress Strasbourg 003,France,FR,Grand Est,67,Strasbourg,"Fortress location in Strasbourg, Grand Est, France.",Fortress,Fortress,Historic Landmark,"Located in Strasbourg, Grand Est.",48.5724,7.7511,,35,No,Spring; Summer; Autumn,,,,
FR-000036,Archaeological Site Nantes 003,France,FR,Pays de la Loire,44,Nantes,"Archaeological Site location in Nantes, Pays de la Loire, France.",Archaeological Site,Archaeological Site,Historic Site,"Located in Nantes, Pays de la Loire.",47.2194,-1.5526,,36,No,Spring; Summer; Autumn,,,,
FR-000037,Zoo Rennes 003,France,FR,Bretagne,35,Rennes,"Zoo location in Rennes, Bretagne, France.",Zoo,Zoo,Family Attraction,"Located in Rennes, Bretagne.",48.1203,-1.6748,,37,No,Spring; Summer; Autumn,,,,
FR-000038,Aquarium Rouen 003,France,FR,Normandie,76,Rouen,"Aquarium location in Rouen, Normandie, France.",Aquarium,Aquarium,Family Attraction,"Located in Rouen, Normandie.",49.4482,1.1043,,38,No,Spring; Summer; Autumn,,,,
FR-000039,Botanical Garden Dijon 003,France,FR,Bourgogne-Franche-Comté,21,Dijon,"Botanical Garden location in Dijon, Bourgogne-Franche-Comté, France.",Botanical Garden,Botanical Garden,Nature & Recreation,"Located in Dijon, Bourgogne-Franche-Comté.",47.329,5.0485,,39,No,Spring; Summer; Autumn,,,,
FR-000040,Marina Tours 003,France,FR,Centre-Val de Loire,37,Tours,"Marina location in Tours, Centre-Val de Loire, France.",Marina,Marina,Leisure,"Located in Tours, Centre-Val de Loire.",47.4031,0.6938,,40,No,Spring; Summer; Autumn,,,,
FR-000041,Historic Site Ajaccio 003,France,FR,Corse,2A,Ajaccio,"Historic Site location in Ajaccio, Corse, France.",Historic Site,Historic Site,Landmark,"Located in Ajaccio, Corse.",41.9102,8.7296,,41,No,Spring; Summer; Autumn,,,,
FR-000042,Museum Saint-Denis 003,France,FR,La Réunion,974,Saint-Denis,"Museum location in Saint-Denis, La Réunion, France.",Museum,Museum,Cultural Attraction,"Located in Saint-Denis, La Réunion.",-20.8859,55.4411,,42,No,Spring; Summer; Autumn,,,,
FR-000043,Castle Paris 004,France,FR,Île-de-France,75,Paris,"Castle location in Paris, Île-de-France, France.",Castle,Castle,Historic Landmark,"Located in Paris, Île-de-France.",48.8516,2.3472,,43,No,Spring; Summer; Autumn,,,,
FR-000044,Cathedral Lyon 004,France,FR,Auvergne-Rhône-Alpes,69,Lyon,"Cathedral location in Lyon, Auvergne-Rhône-Alpes, France.",Cathedral,Cathedral,Religious Site,"Located in Lyon, Auvergne-Rhône-Alpes.",45.761,4.8327,,44,No,Spring; Summer; Autumn,,,,
FR-000045,Park Marseille 004,France,FR,Provence-Alpes-Côte d'Azur,13,Marseille,"Park location in Marseille, Provence-Alpes-Côte d'Azur, France.",Park,Park,Nature & Recreation,"Located in Marseille, Provence-Alpes-Côte d'Azur.",43.2955,5.3688,,45,No,Spring; Summer; Autumn,,,,
FR-000046,Garden Bordeaux 004,France,FR,Nouvelle-Aquitaine,33,Bordeaux,"Garden location in Bordeaux, Nouvelle-Aquitaine, France.",Garden,Garden,Nature & Recreation,"Located in Bordeaux, Nouvelle-Aquitaine.",44.8388,-0.5782,,46,No,Spring; Summer; Autumn,,,,
FR-000047,Monument Toulouse 004,France,FR,Occitanie,31,Toulouse,"Monument location in Toulouse, Occitanie, France.",Monument,Monument,Landmark,"Located in Toulouse, Occitanie.",43.6077,1.4472,,47,No,Spring; Summer; Autumn,,,,
FR-000048,Beach Lille 004,France,FR,Hauts-de-France,59,Lille,"Beach location in Lille, Hauts-de-France, France.",Beach,Beach,Nature & Recreation,"Located in Lille, Hauts-de-France.",50.6342,3.0623,,48,No,Spring; Summer; Autumn,,,,
FR-000049,Viewpoint Strasbourg 004,France,FR,Grand Est,67,Strasbourg,"Viewpoint location in Strasbourg, Grand Est, France.",Viewpoint,Viewpoint,Scenic Attraction,"Located in Strasbourg, Grand Est.",48.5804,7.7591,,49,No,Spring; Summer; Autumn,,,,
FR-000050,Market Nantes 004,France,FR,Pays de la Loire,44,Nantes,"Market location in Nantes, Pays de la Loire, France.",Market,Market,Local Attraction,"Located in Nantes, Pays de la Loire.",47.2274,-1.5446,,50,No,Spring; Summer; Autumn,,,,
FR-000051,Art Gallery Rennes 004,France,FR,Bretagne,35,Rennes,"Art Gallery location in Rennes, Bretagne, France.",Art Gallery,Art Gallery,Cultural Attraction,"Located in Rennes, Bretagne.",48.1083,-1.6868,,51,No,Spring; Summer; Autumn,,,,
FR-000052,Theatre Rouen 004,France,FR,Normandie,76,Rouen,"Theatre location in Rouen, Normandie, France.",Theatre,Theatre,Performing Arts,"Located in Rouen, Normandie.",49.4362,1.0923,,52,No,Spring; Summer; Autumn,,,,
FR-000053,Church Dijon 004,France,FR,Bourgogne-Franche-Comté,21,Dijon,"Church location in Dijon, Bourgogne-Franche-Comté, France.",Church,Church,Religious Site,"Located in Dijon, Bourgogne-Franche-Comté.",47.317,5.0365,,53,No,Spring; Summer; Autumn,,,,
FR-000054,Abbey Tours 004,France,FR,Centre-Val de Loire,37,Tours,"Abbey location in Tours, Centre-Val de Loire, France.",Abbey,Abbey,Religious Site,"Located in Tours, Centre-Val de Loire.",47.3911,0.6818,,54,No,Spring; Summer; Autumn,,,,
FR-000055,Fortress Ajaccio 004,France,FR,Corse,2A,Ajaccio,"Fortress location in Ajaccio, Corse, France.",Fortress,Fortress,Historic Landmark,"Located in Ajaccio, Corse.",41.9182,8.7376,,55,No,Spring; Summer; Autumn,,,,
FR-000056,Archaeological Site Saint-Denis 004,France,FR,La Réunion,974,Saint-Denis,"Archaeological Site location in Saint-Denis, La Réunion, France.",Archaeological Site,Archaeological Site,Historic Site,"Located in Saint-Denis, La Réunion.",-20.8779,55.4491,,56,No,Spring; Summer; Autumn,,,,
FR-000057,Zoo Paris 005,France,FR,Île-de-France,75,Paris,"Zoo location in Paris, Île-de-France, France.",Zoo,Zoo,Family Attraction,"Located in Paris, Île-de-France.",48.8596,2.3552,,57,No,Spring; Summer; Autumn,,,,
FR-000058,Aquarium Lyon 005,France,FR,Auvergne-Rhône-Alpes,69,Lyon,"Aquarium location in Lyon, Auvergne-Rhône-Alpes, France.",Aquarium,Aquarium,Family Attraction,"Located in Lyon, Auvergne-Rhône-Alpes.",45.769,4.8407,,58,No,Spring; Summer; Autumn,,,,
FR-000059,Botanical Garden Marseille 005,France,FR,Provence-Alpes-Côte d'Azur,13,Marseille,"Botanical Garden location in Marseille, Provence-Alpes-Côte d'Azur, France.",Botanical Garden,Botanical Garden,Nature & Recreation,"Located in Marseille, Provence-Alpes-Côte d'Azur.",43.3035,5.3768,,59,No,Spring; Summer; Autumn,,,,
FR-000060,Marina Bordeaux 005,France,FR,Nouvelle-Aquitaine,33,Bordeaux,"Marina location in Bordeaux, Nouvelle-Aquitaine, France.",Marina,Marina,Leisure,"Located in Bordeaux, Nouvelle-Aquitaine.",44.8468,-0.5702,,60,No,Spring; Summer; Autumn,,,,
FR-000061,Historic Site Toulouse 005,France,FR,Occitanie,31,Toulouse,"Historic Site location in Toulouse, Occitanie, France.",Historic Site,Historic Site,Landmark,"Located in Toulouse, Occitanie.",43.5957,1.4352,,61,No,Spring; Summer; Autumn,,,,
FR-000062,Museum Lille 005,France,FR,Hauts-de-France,59,Lille,"Museum location in Lille, Hauts-de-France, France.",Museum,Museum,Cultural Attraction,"Located in Lille, Hauts-de-France.",50.6222,3.0503,,62,No,Spring; Summer; Autumn,,,,
FR-000063,Castle Strasbourg 005,France,FR,Grand Est,67,Strasbourg,"Castle location in Strasbourg, Grand Est, France.",Castle,Castle,Historic Landmark,"Located in Strasbourg, Grand Est.",48.5684,7.7471,,63,No,Spring; Summer; Autumn,,,,
FR-000064,Cathedral Nantes 005,France,FR,Pays de la Loire,44,Nantes,"Cathedral location in Nantes, Pays de la Loire, France.",Cathedral,Cathedral,Religious Site,"Located in Nantes, Pays de la Loire.",47.2154,-1.5566,,64,No,Spring; Summer; Autumn,,,,
FR-000065,Park Rennes 005,France,FR,Bretagne,35,Rennes,"Park location in Rennes, Bretagne, France.",Park,Park,Nature & Recreation,"Located in Rennes, Bretagne.",48.1163,-1.6788,,65,No,Spring; Summer; Autumn,,,,
FR-000066,Garden Rouen 005,France,FR,Normandie,76,Rouen,"Garden location in Rouen, Normandie, France.",Garden,Garden,Nature & Recreation,"Located in Rouen, Normandie.",49.4442,1.1003,,66,No,Spring; Summer; Autumn,,,,
FR-000067,Monument Dijon 005,France,FR,Bourgogne-Franche-Comté,21,Dijon,"Monument location in Dijon, Bourgogne-Franche-Comté, France.",Monument,Monument,Landmark,"Located in Dijon, Bourgogne-Franche-Comté.",47.325,5.0445,,67,No,Spring; Summer; Autumn,,,,
FR-000068,Beach Tours 005,France,FR,Centre-Val de Loire,37,Tours,"Beach location in Tours, Centre-Val de Loire, France.",Beach,Beach,Nature & Recreation,"Located in Tours, Centre-Val de Loire.",47.3991,0.6898,,68,No,Spring; Summer; Autumn,,,,
FR-000069,Viewpoint Ajaccio 005,France,FR,Corse,2A,Ajaccio,"Viewpoint location in Ajaccio, Corse, France.",Viewpoint,Viewpoint,Scenic Attraction,"Located in Ajaccio, Corse.",41.9262,8.7456,,69,No,Spring; Summer; Autumn,,,,
FR-000070,Market Saint-Denis 005,France,FR,La Réunion,974,Saint-Denis,"Market location in Saint-Denis, La Réunion, France.",Market,Market,Local Attraction,"Located in Saint-Denis, La Réunion.",-20.8699,55.4571,,70,No,Spring; Summer; Autumn,,,,
FR-000071,Art Gallery Paris 006,France,FR,Île-de-France,75,Paris,"Art Gallery location in Paris, Île-de-France, France.",Art Gallery,Art Gallery,Cultural Attraction,"Located in Paris, Île-de-France.",48.8476,2.3432,,71,No,Spring; Summer; Autumn,,,,
FR-000072,Theatre Lyon 006,France,FR,Auvergne-Rhône-Alpes,69,Lyon,"Theatre location in Lyon, Auvergne-Rhône-Alpes, France.",Theatre,Theatre,Performing Arts,"Located in Lyon, Auvergne-Rhône-Alpes.",45.757,4.8287,,72,No,Spring; Summer; Autumn,,,,
FR-000073,Church Marseille 006,France,FR,Provence-Alpes-Côte d'Azur,13,Marseille,"Church location in Marseille, Provence-Alpes-Côte d'Azur, France.",Church,Church,Religious Site,"Located in Marseille, Provence-Alpes-Côte d'Azur.",43.2915,5.3648,,73,No,Spring; Summer; Autumn,,,,
FR-000074,Abbey Bordeaux 006,France,FR,Nouvelle-Aquitaine,33,Bordeaux,"Abbey location in Bordeaux, Nouvelle-Aquitaine, France.",Abbey,Abbey,Religious Site,"Located in Bordeaux, Nouvelle-Aquitaine.",44.8348,-0.5822,,74,No,Spring; Summer; Autumn,,,,
FR-000075,Fortress Toulouse 006,France,FR,Occitanie,31,Toulouse,"Fortress location in Toulouse, Occitanie, France.",Fortress,Fortress,Historic Landmark,"Located in Toulouse, Occitanie.",43.6037,1.4432,,75,No,Spring; Summer; Autumn,,,,
FR-000076,Archaeological Site Lille 006,France,FR,Hauts-de-France,59,Lille,"Archaeological Site location in Lille, Hauts-de-France, France.",Archaeological Site,Archaeological Site,Historic Site,"Located in Lille, Hauts-de-France.",50.6302,3.0583,,76,No,Spring; Summer; Autumn,,,,
FR-000077,Zoo Strasbourg 006,France,FR,Grand Est,67,Strasbourg,"Zoo location in Strasbourg, Grand Est, France.",Zoo,Zoo,Family Attraction,"Located in Strasbourg, Grand Est.",48.5764,7.7551,,77,No,Spring; Summer; Autumn,,,,
FR-000078,Aquarium Nantes 006,France,FR,Pays de la Loire,44,Nantes,"Aquarium location in Nantes, Pays de la Loire, France.",Aquarium,Aquarium,Family Attraction,"Located in Nantes, Pays de la Loire.",47.2234,-1.5486,,78,No,Spring; Summer; Autumn,,,,
FR-000079,Botanical Garden Rennes 006,France,FR,Bretagne,35,Rennes,"Botanical Garden location in Rennes, Bretagne, France.",Botanical Garden,Botanical Garden,Nature & Recreation,"Located in Rennes, Bretagne.",48.1243,-1.6708,,79,No,Spring; Summer; Autumn,,,,
FR-000080,Marina Rouen 006,France,FR,Normandie,76,Rouen,"Marina location in Rouen, Normandie, France.",Marina,Marina,Leisure,"Located in Rouen, Normandie.",49.4522,1.1083,,80,No,Spring; Summer; Autumn,,,,
FR-000081,Historic Site Dijon 006,France,FR,Bourgogne-Franche-Comté,21,Dijon,"Historic Site location in Dijon, Bourgogne-Franche-Comté, France.",Historic Site,Historic Site,Landmark,"Located in Dijon, Bourgogne-Franche-Comté.",47.313,5.0325,,81,No,Spring; Summer; Autumn,,,,
FR-000082,Museum Tours 006,France,FR,Centre-Val de Loire,37,Tours,"Museum location in Tours, Centre-Val de Loire, France.",Museum,Museum,Cultural Attraction,"Located in Tours, Centre-Val de Loire.",47.3871,0.6778,,82,No,Spring; Summer; Autumn,,,,
FR-000083,Castle Ajaccio 006,France,FR,Corse,2A,Ajaccio,"Castle location in Ajaccio, Corse, France.",Castle,Castle,Historic Landmark,"Located in Ajaccio, Corse.",41.9142,8.7336,,83,No,Spring; Summer; Autumn,,,,
FR-000084,Cathedral Saint-Denis 006,France,FR,La Réunion,974,Saint-Denis,"Cathedral location in Saint-Denis, La Réunion, France.",Cathedral,Cathedral,Religious Site,"Located in Saint-Denis, La Réunion.",-20.8819,55.4451,,84,No,Spring; Summer; Autumn,,,,
FR-000085,Park Paris 007,France,FR,Île-de-France,75,Paris,"Park location in Paris, Île-de-France, France.",Park,Park,Nature & Recreation,"Located in Paris, Île-de-France.",48.8556,2.3512,,85,No,Spring; Summer; Autumn,,,,
FR-000086,Garden Lyon 007,France,FR,Auvergne-Rhône-Alpes,69,Lyon,"Garden location in Lyon, Auvergne-Rhône-Alpes, France.",Garden,Garden,Nature & Recreation,"Located in Lyon, Auvergne-Rhône-Alpes.",45.765,4.8367,,86,No,Spring; Summer; Autumn,,,,
FR-000087,Monument Marseille 007,France,FR,Provence-Alpes-Côte d'Azur,13,Marseille,"Monument location in Marseille, Provence-Alpes-Côte d'Azur, France.",Monument,Monument,Landmark,"Located in Marseille, Provence-Alpes-Côte d'Azur.",43.2995,5.3728,,87,No,Spring; Summer; Autumn,,,,
FR-000088,Beach Bordeaux 007,France,FR,Nouvelle-Aquitaine,33,Bordeaux,"Beach location in Bordeaux, Nouvelle-Aquitaine, France.",Beach,Beach,Nature & Recreation,"Located in Bordeaux, Nouvelle-Aquitaine.",44.8428,-0.5742,,88,No,Spring; Summer; Autumn,,,,
FR-000089,Viewpoint Toulouse 007,France,FR,Occitanie,31,Toulouse,"Viewpoint location in Toulouse, Occitanie, France.",Viewpoint,Viewpoint,Scenic Attraction,"Located in Toulouse, Occitanie.",43.6117,1.4512,,89,No,Spring; Summer; Autumn,,,,
FR-000090,Market Lille 007,France,FR,Hauts-de-France,59,Lille,"Market location in Lille, Hauts-de-France, France.",Market,Market,Local Attraction,"Located in Lille, Hauts-de-France.",50.6382,3.0663,,90,No,Spring; Summer; Autumn,,,,
FR-000091,Art Gallery Strasbourg 007,France,FR,Grand Est,67,Strasbourg,"Art Gallery location in Strasbourg, Grand Est, France.",Art Gallery,Art Gallery,Cultural Attraction,"Located in Strasbourg, Grand Est.",48.5644,7.7431,,91,No,Spring; Summer; Autumn,,,,
FR-000092,Theatre Nantes 007,France,FR,Pays de la Loire,44,Nantes,"Theatre location in Nantes, Pays de la Loire, France.",Theatre,Theatre,Performing Arts,"Located in Nantes, Pays de la Loire.",47.2114,-1.5606,,92,No,Spring; Summer; Autumn,,,,
FR-000093,Church Rennes 007,France,FR,Bretagne,35,Rennes,"Church location in Rennes, Bretagne, France.",Church,Church,Religious Site,"Located in Rennes, Bretagne.",48.1123,-1.6828,,93,No,Spring; Summer; Autumn,,,,
FR-000094,Abbey Rouen 007,France,FR,Normandie,76,Rouen,"Abbey location in Rouen, Normandie, France.",Abbey,Abbey,Religious Site,"Located in Rouen, Normandie.",49.4402,1.0963,,94,No,Spring; Summer; Autumn,,,,
FR-000095,Fortress Dijon 007,France,FR,Bourgogne-Franche-Comté,21,Dijon,"Fortress location in Dijon, Bourgogne-Franche-Comté, France.",Fortress,Fortress,Historic Landmark,"Located in Dijon, Bourgogne-Franche-Comté.",47.321,5.0405,,95,No,Spring; Summer; Autumn,,,,
FR-000096,Archaeological Site Tours 007,France,FR,Centre-Val de Loire,37,Tours,"Archaeological Site location in Tours, Centre-Val de Loire, France.",Archaeological Site,Archaeological Site,Historic Site,"Located in Tours, Centre-Val de Loire.",47.3951,0.6858,,96,No,Spring; Summer; Autumn,,,,
FR-000097,Zoo Ajaccio 007,France,FR,Corse,2A,Ajaccio,"Zoo location in Ajaccio, Corse, France.",Zoo,Zoo,Family Attraction,"Located in Ajaccio, Corse.",41.9222,8.7416,,97,No,Spring; Summer; Autumn,,,,
FR-000098,Aquarium Saint-Denis 007,France,FR,La Réunion,974,Saint-Denis,"Aquarium location in Saint-Denis, La Réunion, France.",Aquarium,Aquarium,Family Attraction,"Located in Saint-Denis, La Réunion.",-20.8739,55.4531,,98,No,Spring; Summer; Autumn,,,,
FR-000099,Botanical Garden Paris 008,France,FR,Île-de-France,75,Paris,"Botanical Garden location in Paris, Île-de-France, France.",Botanical Garden,Botanical Garden,Nature & Recreation,"Located in Paris, Île-de-France.",48.8636,2.3592,,99,No,Spring; Summer; Autumn,,,,
FR-000100,Marina Lyon 008,France,FR,Auvergne-Rhône-Alpes,69,Lyon,"Marina location in Lyon, Auvergne-Rhône-Alpes, France.",Marina,Marina,Leisure,"Located in Lyon, Auvergne-Rhône-Alpes.",45.773,4.8447,,100,No,Spring; Summer; Autumn,,,,
FR-000101,Historic Site Marseille 008,France,FR,Provence-Alpes-Côte d'Azur,13,Marseille,"Historic Site location in Marseille, Provence-Alpes-Côte d'Azur, France.",Historic Site,Historic Site,Landmark,"Located in Marseille, Provence-Alpes-Côte d'Azur.",43.2875,5.3608,,101,No,Spring; Summer; Autumn,,,,
FR-000102,Museum Bordeaux 008,France,FR,Nouvelle-Aquitaine,33,Bordeaux,"Museum location in Bordeaux, Nouvelle-Aquitaine, France.",Museum,Museum,Cultural Attraction,"Located in Bordeaux, Nouvelle-Aquitaine.",44.8308,-0.5862,,102,No,Spring; Summer; Autumn,,,,
FR-000103,Castle Toulouse 008,France,FR,Occitanie,31,Toulouse,"Castle location in Toulouse, Occitanie, France.",Castle,Castle,Historic Landmark,"Located in Toulouse, Occitanie.",43.5997,1.4392,,103,No,Spring; Summer; Autumn,,,,
FR-000104,Cathedral Lille 008,France,FR,Hauts-de-France,59,Lille,"Cathedral location in Lille, Hauts-de-France, France.",Cathedral,Cathedral,Religious Site,"Located in Lille, Hauts-de-France.",50.6262,3.0543,,104,No,Spring; Summer; Autumn,,,,
FR-000105,Park Strasbourg 008,France,FR,Grand Est,67,Strasbourg,"Park location in Strasbourg, Grand Est, France.",Park,Park,Nature & Recreation,"Located in Strasbourg, Grand Est.",48.5724,7.7511,,105,No,Spring; Summer; Autumn,,,,
FR-000106,Garden Nantes 008,France,FR,Pays de la Loire,44,Nantes,"Garden location in Nantes, Pays de la Loire, France.",Garden,Garden,Nature & Recreation,"Located in Nantes, Pays de la Loire.",47.2194,-1.5526,,106,No,Spring; Summer; Autumn,,,,
FR-000107,Monument Rennes 008,France,FR,Bretagne,35,Rennes,"Monument location in Rennes, Bretagne, France.",Monument,Monument,Landmark,"Located in Rennes, Bretagne.",48.1203,-1.6748,,107,No,Spring; Summer; Autumn,,,,
FR-000108,Beach Rouen 008,France,FR,Normandie,76,Rouen,"Beach location in Rouen, Normandie, France.",Beach,Beach,Nature & Recreation,"Located in Rouen, Normandie.",49.4482,1.1043,,108,No,Spring; Summer; Autumn,,,,
FR-000109,Viewpoint Dijon 008,France,FR,Bourgogne-Franche-Comté,21,Dijon,"Viewpoint location in Dijon, Bourgogne-Franche-Comté, France.",Viewpoint,Viewpoint,Scenic Attraction,"Located in Dijon, Bourgogne-Franche-Comté.",47.329,5.0485,,109,No,Spring; Summer; Autumn,,,,
FR-000110,Market Tours 008,France,FR,Centre-Val de Loire,37,Tours,"Market location in Tours, Centre-Val de Loire, France.",Market,Market,Local Attraction,"Located in Tours, Centre-Val de Loire.",47.4031,0.6938,,110,No,Spring; Summer; Autumn,,,,
FR-000111,Art Gallery Ajaccio 008,France,FR,Corse,2A,Ajaccio,"Art Gallery location in Ajaccio, Corse, France.",Art Gallery,Art Gallery,Cultural Attraction,"Located in Ajaccio, Corse.",41.9102,8.7296,,111,No,Spring; Summer; Autumn,,,,
FR-000112,Theatre Saint-Denis 008,France,FR,La Réunion,974,Saint-Denis,"Theatre location in Saint-Denis, La Réunion, France.",Theatre,Theatre,Performing Arts,"Located in Saint-Denis, La Réunion.",-20.8859,55.4411,,112,No,Spring; Summer; Autumn,,,,
FR-000113,Church Paris 009,France,FR,Île-de-France,75,Paris,"Church location in Paris, Île-de-France, France.",Church,Church,Religious Site,"Located in Paris, Île-de-France.",48.8516,2.3472,,113,No,Spring; Summer; Autumn,,,,
FR-000114,Abbey Lyon 009,France,FR,Auvergne-Rhône-Alpes,69,Lyon,"Abbey location in Lyon, Auvergne-Rhône-Alpes, France.",Abbey,Abbey,Religious Site,"Located in Lyon, Auvergne-Rhône-Alpes.",45.761,4.8327,,114,No,Spring; Summer; Autumn,,,,
FR-000115,Fortress Marseille 009,France,FR,Provence-Alpes-Côte d'Azur,13,Marseille,"Fortress location in Marseille, Provence-Alpes-Côte d'Azur, France.",Fortress,Fortress,Historic Landmark,"Located in Marseille, Provence-Alpes-Côte d'Azur.",43.2955,5.3688,,115,No,Spring; Summer; Autumn,,,,
FR-000116,Archaeological Site Bordeaux 009,France,FR,Nouvelle-Aquitaine,33,Bordeaux,"Archaeological Site location in Bordeaux, Nouvelle-Aquitaine, France.",Archaeological Site,Archaeological Site,Historic Site,"Located in Bordeaux, Nouvelle-Aquitaine.",44.8388,-0.5782,,116,No,Spring; Summer; Autumn,,,,
FR-000117,Zoo Toulouse 009,France,FR,Occitanie,31,Toulouse,"Zoo location in Toulouse, Occitanie, France.",Zoo,Zoo,Family Attraction,"Located in Toulouse, Occitanie.",43.6077,1.4472,,117,No,Spring; Summer; Autumn,,,,
FR-000118,Aquarium Lille 009,France,FR,Hauts-de-France,59,Lille,"Aquarium location in Lille, Hauts-de-France, France.",Aquarium,Aquarium,Family Attraction,"Located in Lille, Hauts-de-France.",50.6342,3.0623,,118,No,Spring; Summer; Autumn,,,,
FR-000119,Botanical Garden Strasbourg 009,France,FR,Grand Est,67,Strasbourg,"Botanical Garden location in Strasbourg, Grand Est, France.",Botanical Garden,Botanical Garden,Nature & Recreation,"Located in Strasbourg, Grand Est.",48.5804,7.7591,,119,No,Spring; Summer; Autumn,,,,
FR-000120,Marina Nantes 009,France,FR,Pays de la Loire,44,Nantes,"Marina location in Nantes, Pays de la Loire, France.",Marina,Marina,Leisure,"Located in Nantes, Pays de la Loire.",47.2274,-1.5446,,120,No,Spring; Summer; Autumn,,,,
FR-000121,Historic Site Rennes 009,France,FR,Bretagne,35,Rennes,"Historic Site location in Rennes, Bretagne, France.",Historic Site,Historic Site,Landmark,"Located in Rennes, Bretagne.",48.1083,-1.6868,,121,No,Spring; Summer; Autumn,,,,
FR-000122,Museum Rouen 009,France,FR,Normandie,76,Rouen,"Museum location in Rouen, Normandie, France.",Museum,Museum,Cultural Attraction,"Located in Rouen, Normandie.",49.4362,1.0923,,122,No,Spring; Summer; Autumn,,,,
FR-000123,Castle Dijon 009,France,FR,Bourgogne-Franche-Comté,21,Dijon,"Castle location in Dijon, Bourgogne-Franche-Comté, France.",Castle,Castle,Historic Landmark,"Located in Dijon, Bourgogne-Franche-Comté.",47.317,5.0365,,123,No,Spring; Summer; Autumn,,,,
FR-000124,Cathedral Tours 009,France,FR,Centre-Val de Loire,37,Tours,"Cathedral location in Tours, Centre-Val de Loire, France.",Cathedral,Cathedral,Religious Site,"Located in Tours, Centre-Val de Loire.",47.3911,0.6818,,124,No,Spring; Summer; Autumn,,,,
FR-000125,Park Ajaccio 009,France,FR,Corse,2A,Ajaccio,"Park location in Ajaccio, Corse, France.",Park,Park,Nature & Recreation,"Located in Ajaccio, Corse.",41.9182,8.7376,,125,No,Spring; Summer; Autumn,,,,
FR-000126,Garden Saint-Denis 009,France,FR,La Réunion,974,Saint-Denis,"Garden location in Saint-Denis, La Réunion, France.",Garden,Garden,Nature & Recreation,"Located in Saint-Denis, La Réunion.",-20.8779,55.4491,,126,No,Spring; Summer; Autumn,,,,
FR-000127,Monument Paris 010,France,FR,Île-de-France,75,Paris,"Monument location in Paris, Île-de-France, France.",Monument,Monument,Landmark,"Located in Paris, Île-de-France.",48.8596,2.3552,,127,No,Spring; Summer; Autumn,,,,
FR-000128,Beach Lyon 010,France,FR,Auvergne-Rhône-Alpes,69,Lyon,"Beach location in Lyon, Auvergne-Rhône-Alpes, France.",Beach,Beach,Nature & Recreation,"Located in Lyon, Auvergne-Rhône-Alpes.",45.769,4.8407,,128,No,Spring; Summer; Autumn,,,,
FR-000129,Viewpoint Marseille 010,France,FR,Provence-Alpes-Côte d'Azur,13,Marseille,"Viewpoint location in Marseille, Provence-Alpes-Côte d'Azur, France.",Viewpoint,Viewpoint,Scenic Attraction,"Located in Marseille, Provence-Alpes-Côte d'Azur.",43.3035,5.3768,,129,No,Spring; Summer; Autumn,,,,
FR-000130,Market Bordeaux 010,France,FR,Nouvelle-Aquitaine,33,Bordeaux,"Market location in Bordeaux, Nouvelle-Aquitaine, France.",Market,Market,Local Attraction,"Located in Bordeaux, Nouvelle-Aquitaine.",44.8468,-0.5702,,130,No,Spring; Summer; Autumn,,,,
FR-000131,Art Gallery Toulouse 010,France,FR,Occitanie,31,Toulouse,"Art Gallery location in Toulouse, Occitanie, France.",Art Gallery,Art Gallery,Cultural Attraction,"Located in Toulouse, Occitanie.",43.5957,1.4352,,131,No,Spring; Summer; Autumn,,,,
FR-000132,Theatre Lille 010,France,FR,Hauts-de-France,59,Lille,"Theatre location in Lille, Hauts-de-France, France.",Theatre,Theatre,Performing Arts,"Located in Lille, Hauts-de-France.",50.6222,3.0503,,132,No,Spring; Summer; Autumn,,,,
FR-000133,Church Strasbourg 010,France,FR,Grand Est,67,Strasbourg,"Church location in Strasbourg, Grand Est, France.",Church,Church,Religious Site,"Located in Strasbourg, Grand Est.",48.5684,7.7471,,133,No,Spring; Summer; Autumn,,,,
FR-000134,Abbey Nantes 010,France,FR,Pays de la Loire,44,Nantes,"Abbey location in Nantes, Pays de la Loire, France.",Abbey,Abbey,Religious Site,"Located in Nantes, Pays de la Loire.",47.2154,-1.5566,,134,No,Spring; Summer; Autumn,,,,
FR-000135,Fortress Rennes 010,France,FR,Bretagne,35,Rennes,"Fortress location in Rennes, Bretagne, France.",Fortress,Fortress,Historic Landmark,"Located in Rennes, Bretagne.",48.1163,-1.6788,,135,No,Spring; Summer; Autumn,,,,
FR-000136,Archaeological Site Rouen 010,France,FR,Normandie,76,Rouen,"Archaeological Site location in Rouen, Normandie, France.",Archaeological Site,Archaeological Site,Historic Site,"Located in Rouen, Normandie.",49.4442,1.1003,,136,No,Spring; Summer; Autumn,,,,
FR-000137,Zoo Dijon 010,France,FR,Bourgogne-Franche-Comté,21,Dijon,"Zoo location in Dijon, Bourgogne-Franche-Comté, France.",Zoo,Zoo,Family Attraction,"Located in Dijon, Bourgogne-Franche-Comté.",47.325,5.0445,,137,No,Spring; Summer; Autumn,,,,
FR-000138,Aquarium Tours 010,France,FR,Centre-Val de Loire,37,Tours,"Aquarium location in Tours, Centre-Val de Loire, France.",Aquarium,Aquarium,Family Attraction,"Located in Tours, Centre-Val de Loire.",47.3991,0.6898,,138,No,Spring; Summer; Autumn,,,,
FR-000139,Botanical Garden Ajaccio 010,France,FR,Corse,2A,Ajaccio,"Botanical Garden location in Ajaccio, Corse, France.",Botanical Garden,Botanical Garden,Nature & Recreation,"Located in Ajaccio, Corse.",41.9262,8.7456,,139,No,Spring; Summer; Autumn,,,,
FR-000140,Marina Saint-Denis 010,France,FR,La Réunion,974,Saint-Denis,"Marina location in Saint-Denis, La Réunion, France.",Marina,Marina,Leisure,"Located in Saint-Denis, La Réunion.",-20.8699,55.4571,,140,No,Spring; Summer; Autumn,,,,
FR-000141,Historic Site Paris 011,France,FR,Île-de-France,75,Paris,"Historic Site location in Paris, Île-de-France, France.",Historic Site,Historic Site,Landmark,"Located in Paris, Île-de-France.",48.8476,2.3432,,141,No,Spring; Summer; Autumn,,,,
FR-000142,Museum Lyon 011,France,FR,Auvergne-Rhône-Alpes,69,Lyon,"Museum location in Lyon, Auvergne-Rhône-Alpes, France.",Museum,Museum,Cultural Attraction,"Located in Lyon, Auvergne-Rhône-Alpes.",45.757,4.8287,,142,No,Spring; Summer; Autumn,,,,
FR-000143,Castle Marseille 011,France,FR,Provence-Alpes-Côte d'Azur,13,Marseille,"Castle location in Marseille, Provence-Alpes-Côte d'Azur, France.",Castle,Castle,Historic Landmark,"Located in Marseille, Provence-Alpes-Côte d'Azur.",43.2915,5.3648,,143,No,Spring; Summer; Autumn,,,,
FR-000144,Cathedral Bordeaux 011,France,FR,Nouvelle-Aquitaine,33,Bordeaux,"Cathedral location in Bordeaux, Nouvelle-Aquitaine, France.",Cathedral,Cathedral,Religious Site,"Located in Bordeaux, Nouvelle-Aquitaine.",44.8348,-0.5822,,144,No,Spring; Summer; Autumn,,,,
FR-000145,Park Toulouse 011,France,FR,Occitanie,31,Toulouse,"Park location in Toulouse, Occitanie, France.",Park,Park,Nature & Recreation,"Located in Toulouse, Occitanie.",43.6037,1.4432,,145,No,Spring; Summer; Autumn,,,,
FR-000146,Garden Lille 011,France,FR,Hauts-de-France,59,Lille,"Garden location in Lille, Hauts-de-France, France.",Garden,Garden,Nature & Recreation,"Located in Lille, Hauts-de-France.",50.6302,3.0583,,146,No,Spring; Summer; Autumn,,,,
FR-000147,Monument Strasbourg 011,France,FR,Grand Est,67,Strasbourg,"Monument location in Strasbourg, Grand Est, France.",Monument,Monument,Landmark,"Located in Strasbourg, Grand Est.",48.5764,7.7551,,147,No,Spring; Summer; Autumn,,,,
FR-000148,Beach Nantes 011,France,FR,Pays de la Loire,44,Nantes,"Beach location in Nantes, Pays de la Loire, France.",Beach,Beach,Nature & Recreation,"Located in Nantes, Pays de la Loire.",47.2234,-1.5486,,148,No,Spring; Summer; Autumn,,,,
FR-000149,Viewpoint Rennes 011,France,FR,Bretagne,35,Rennes,"Viewpoint location in Rennes, Bretagne, France.",Viewpoint,Viewpoint,Scenic Attraction,"Located in Rennes, Bretagne.",48.1243,-1.6708,,149,No,Spring; Summer; Autumn,,,,
FR-000150,Market Rouen 011,France,FR,Normandie,76,Rouen,"Market location in Rouen, Normandie, France.",Market,Market,Local Attraction,"Located in Rouen, Normandie.",49.4522,1.1083,,150,No,Spring; Summer; Autumn,,,,
FR-000151,Art Gallery Dijon 011,France,FR,Bourgogne-Franche-Comté,21,Dijon,"Art Gallery location in Dijon, Bourgogne-Franche-Comté, France.",Art Gallery,Art Gallery,Cultural Attraction,"Located in Dijon, Bourgogne-Franche-Comté.",47.313,5.0325,,151,No,Spring; Summer; Autumn,,,,
FR-000152,Theatre Tours 011,France,FR,Centre-Val de Loire,37,Tours,"Theatre location in Tours, Centre-Val de Loire, France.",Theatre,Theatre,Performing Arts,"Located in Tours, Centre-Val de Loire.",47.3871,0.6778,,152,No,Spring; Summer; Autumn,,,,
FR-000153,Church Ajaccio 011,France,FR,Corse,2A,Ajaccio,"Church location in Ajaccio, Corse, France.",Church,Church,Religious Site,"Located in Ajaccio, Corse.",41.9142,8.7336,,153,No,Spring; Summer; Autumn,,,,
FR-000154,Abbey Saint-Denis 011,France,FR,La Réunion,974,Saint-Denis,"Abbey location in Saint-Denis, La Réunion, France.",Abbey,Abbey,Religious Site,"Located in Saint-Denis, La Réunion.",-20.8819,55.4451,,154,No,Spring; Summer; Autumn,,,,
FR-000155,Fortress Paris 012,France,FR,Île-de-France,75,Paris,"Fortress location in Paris, Île-de-France, France.",Fortress,Fortress,Historic Landmark,"Located in Paris, Île-de-France.",48.8556,2.3512,,155,No,Spring; Summer; Autumn,,,,
FR-000156,Archaeological Site Lyon 012,France,FR,Auvergne-Rhône-Alpes,69,Lyon,"Archaeological Site location in Lyon, Auvergne-Rhône-Alpes, France.",Archaeological Site,Archaeological Site,Historic Site,"Located in Lyon, Auvergne-Rhône-Alpes.",45.765,4.8367,,156,No,Spring; Summer; Autumn,,,,
FR-000157,Zoo Marseille 012,France,FR,Provence-Alpes-Côte d'Azur,13,Marseille,"Zoo location in Marseille, Provence-Alpes-Côte d'Azur, France.",Zoo,Zoo,Family Attraction,"Located in Marseille, Provence-Alpes-Côte d'Azur.",43.2995,5.3728,,157,No,Spring; Summer; Autumn,,,,
FR-000158,Aquarium Bordeaux 012,France,FR,Nouvelle-Aquitaine,33,Bordeaux,"Aquarium location in Bordeaux, Nouvelle-Aquitaine, France.",Aquarium,Aquarium,Family Attraction,"Located in Bordeaux, Nouvelle-Aquitaine.",44.8428,-0.5742,,158,No,Spring; Summer; Autumn,,,,
FR-000159,Botanical Garden Toulouse 012,France,FR,Occitanie,31,Toulouse,"Botanical Garden location in Toulouse, Occitanie, France.",Botanical Garden,Botanical Garden,Nature & Recreation,"Located in Toulouse, Occitanie.",43.6117,1.4512,,159,No,Spring; Summer; Autumn,,,,
FR-000160,Marina Lille 012,France,FR,Hauts-de-France,59,Lille,"Marina location in Lille, Hauts-de-France, France.",Marina,Marina,Leisure,"Located in Lille, Hauts-de-France.",50.6382,3.0663,,160,No,Spring; Summer; Autumn,,,,
FR-000161,Historic Site Strasbourg 012,France,FR,Grand Est,67,Strasbourg,"Historic Site location in Strasbourg, Grand Est, France.",Historic Site,Historic Site,Landmark,"Located in Strasbourg, Grand Est.",48.5644,7.7431,,161,No,Spring; Summer; Autumn,,,,
FR-000162,Museum Nantes 012,France,FR,Pays de la Loire,44,Nantes,"Museum location in Nantes, Pays de la Loire, France.",Museum,Museum,Cultural Attraction,"Located in Nantes, Pays de la Loire.",47.2114,-1.5606,,162,No,Spring; Summer; Autumn,,,,
FR-000163,Castle Rennes 012,France,FR,Bretagne,35,Rennes,"Castle location in Rennes, Bretagne, France.",Castle,Castle,Historic Landmark,"Located in Rennes, Bretagne.",48.1123,-1.6828,,163,No,Spring; Summer; Autumn,,,,
FR-000164,Cathedral Rouen 012,France,FR,Normandie,76,Rouen,"Cathedral location in Rouen, Normandie, France.",Cathedral,Cathedral,Religious Site,"Located in Rouen, Normandie.",49.4402,1.0963,,164,No,Spring; Summer; Autumn,,,,
FR-000165,Park Dijon 012,France,FR,Bourgogne-Franche-Comté,21,Dijon,"Park location in Dijon, Bourgogne-Franche-Comté, France.",Park,Park,Nature & Recreation,"Located in Dijon, Bourgogne-Franche-Comté.",47.321,5.0405,,165,No,Spring; Summer; Autumn,,,,
FR-000166,Garden Tours 012,France,FR,Centre-Val de Loire,37,Tours,"Garden location in Tours, Centre-Val de Loire, France.",Garden,Garden,Nature & Recreation,"Located in Tours, Centre-Val de Loire.",47.3951,0.6858,,166,No,Spring; Summer; Autumn,,,,
FR-000167,Monument Ajaccio 012,France,FR,Corse,2A,Ajaccio,"Monument location in Ajaccio, Corse, France.",Monument,Monument,Landmark,"Located in Ajaccio, Corse.",41.9222,8.7416,,167,No,Spring; Summer; Autumn,,,,
FR-000168,Beach Saint-Denis 012,France,FR,La Réunion,974,Saint-Denis,"Beach location in Saint-Denis, La Réunion, France.",Beach,Beach,Nature & Recreation,"Located in Saint-Denis, La Réunion.",-20.8739,55.4531,,168,No,Spring; Summer; Autumn,,,,
FR-000169,Viewpoint Paris 013,France,FR,Île-de-France,75,Paris,"Viewpoint location in Paris, Île-de-France, France.",Viewpoint,Viewpoint,Scenic Attraction,"Located in Paris, Île-de-France.",48.8636,2.3592,,169,No,Spring; Summer; Autumn,,,,
FR-000170,Market Lyon 013,France,FR,Auvergne-Rhône-Alpes,69,Lyon,"Market location in Lyon, Auvergne-Rhône-Alpes, France.",Market,Market,Local Attraction,"Located in Lyon, Auvergne-Rhône-Alpes.",45.773,4.8447,,170,No,Spring; Summer; Autumn,,,,
FR-000171,Art Gallery Marseille 013,France,FR,Provence-Alpes-Côte d'Azur,13,Marseille,"Art Gallery location in Marseille, Provence-Alpes-Côte d'Azur, France.",Art Gallery,Art Gallery,Cultural Attraction,"Located in Marseille, Provence-Alpes-Côte d'Azur.",43.2875,5.3608,,171,No,Spring; Summer; Autumn,,,,
FR-000172,Theatre Bordeaux 013,France,FR,Nouvelle-Aquitaine,33,Bordeaux,"Theatre location in Bordeaux, Nouvelle-Aquitaine, France.",Theatre,Theatre,Performing Arts,"Located in Bordeaux, Nouvelle-Aquitaine.",44.8308,-0.5862,,172,No,Spring; Summer; Autumn,,,,
FR-000173,Church Toulouse 013,France,FR,Occitanie,31,Toulouse,"Church location in Toulouse, Occitanie, France.",Church,Church,Religious Site,"Located in Toulouse, Occitanie.",43.5997,1.4392,,173,No,Spring; Summer; Autumn,,,,
FR-000174,Abbey Lille 013,France,FR,Hauts-de-France,59,Lille,"Abbey location in Lille, Hauts-de-France, France.",Abbey,Abbey,Religious Site,"Located in Lille, Hauts-de-France.",50.6262,3.0543,,174,No,Spring; Summer; Autumn,,,,
FR-000175,Fortress Strasbourg 013,France,FR,Grand Est,67,Strasbourg,"Fortress location in Strasbourg, Grand Est, France.",Fortress,Fortress,Historic Landmark,"Located in Strasbourg, Grand Est.",48.5724,7.7511,,175,No,Spring; Summer; Autumn,,,,
FR-000176,Archaeological Site Nantes 013,France,FR,Pays de la Loire,44,Nantes,"Archaeological Site location in Nantes, Pays de la Loire, France.",Archaeological Site,Archaeological Site,Historic Site,"Located in Nantes, Pays de la Loire.",47.2194,-1.5526,,176,No,Spring; Summer; Autumn,,,,
FR-000177,Zoo Rennes 013,France,FR,Bretagne,35,Rennes,"Zoo location in Rennes, Bretagne, France.",Zoo,Zoo,Family Attraction,"Located in Rennes, Bretagne.",48.1203,-1.6748,,177,No,Spring; Summer; Autumn,,,,
FR-000178,Aquarium Rouen 013,France,FR,Normandie,76,Rouen,"Aquarium location in Rouen, Normandie, France.",Aquarium,Aquarium,Family Attraction,"Located in Rouen, Normandie.",49.4482,1.1043,,178,No,Spring; Summer; Autumn,,,,
FR-000179,Botanical Garden Dijon 013,France,FR,Bourgogne-Franche-Comté,21,Dijon,"Botanical Garden location in Dijon, Bourgogne-Franche-Comté, France.",Botanical Garden,Botanical Garden,Nature & Recreation,"Located in Dijon, Bourgogne-Franche-Comté.",47.329,5.0485,,179,No,Spring; Summer; Autumn,,,,
FR-000180,Marina Tours 013,France,FR,Centre-Val de Loire,37,Tours,"Marina location in Tours, Centre-Val de Loire, France.",Marina,Marina,Leisure,"Located in Tours, Centre-Val de Loire.",47.4031,0.6938,,180,No,Spring; Summer; Autumn,,,,
FR-000181,Historic Site Ajaccio 013,France,FR,Corse,2A,Ajaccio,"Historic Site location in Ajaccio, Corse, France.",Historic Site,Historic Site,Landmark,"Located in Ajaccio, Corse.",41.9102,8.7296,,181,No,Spring; Summer; Autumn,,,,
FR-000182,Museum Saint-Denis 013,France,FR,La Réunion,974,Saint-Denis,"Museum location in Saint-Denis, La Réunion, France.",Museum,Museum,Cultural Attraction,"Located in Saint-Denis, La Réunion.",-20.8859,55.4411,,182,No,Spring; Summer; Autumn,,,,
FR-000183,Castle Paris 014,France,FR,Île-de-France,75,Paris,"Castle location in Paris, Île-de-France, France.",Castle,Castle,Historic Landmark,"Located in Paris, Île-de-France.",48.8516,2.3472,,183,No,Spring; Summer; Autumn,,,,
FR-000184,Cathedral Lyon 014,France,FR,Auvergne-Rhône-Alpes,69,Lyon,"Cathedral location in Lyon, Auvergne-Rhône-Alpes, France.",Cathedral,Cathedral,Religious Site,"Located in Lyon, Auvergne-Rhône-Alpes.",45.761,4.8327,,184,No,Spring; Summer; Autumn,,,,
FR-000185,Park Marseille 014,France,FR,Provence-Alpes-Côte d'Azur,13,Marseille,"Park location in Marseille, Provence-Alpes-Côte d'Azur, France.",Park,Park,Nature & Recreation,"Located in Marseille, Provence-Alpes-Côte d'Azur.",43.2955,5.3688,,185,No,Spring; Summer; Autumn,,,,
FR-000186,Garden Bordeaux 014,France,FR,Nouvelle-Aquitaine,33,Bordeaux,"Garden location in Bordeaux, Nouvelle-Aquitaine, France.",Garden,Garden,Nature & Recreation,"Located in Bordeaux, Nouvelle-Aquitaine.",44.8388,-0.5782,,186,No,Spring; Summer; Autumn,,,,
FR-000187,Monument Toulouse 014,France,FR,Occitanie,31,Toulouse,"Monument location in Toulouse, Occitanie, France.",Monument,Monument,Landmark,"Located in Toulouse, Occitanie.",43.6077,1.4472,,187,No,Spring; Summer; Autumn,,,,
FR-000188,Beach Lille 014,France,FR,Hauts-de-France,59,Lille,"Beach location in Lille, Hauts-de-France, France.",Beach,Beach,Nature & Recreation,"Located in Lille, Hauts-de-France.",50.6342,3.0623,,188,No,Spring; Summer; Autumn,,,,
FR-000189,Viewpoint Strasbourg 014,France,FR,Grand Est,67,Strasbourg,"Viewpoint location in Strasbourg, Grand Est, France.",Viewpoint,Viewpoint,Scenic Attraction,"Located in Strasbourg, Grand Est.",48.5804,7.7591,,189,No,Spring; Summer; Autumn,,,,
FR-000190,Market Nantes 014,France,FR,Pays de la Loire,44,Nantes,"Market location in Nantes, Pays de la Loire, France.",Market,Market,Local Attraction,"Located in Nantes, Pays de la Loire.",47.2274,-1.5446,,190,No,Spring; Summer; Autumn,,,,
FR-000191,Art Gallery Rennes 014,France,FR,Bretagne,35,Rennes,"Art Gallery location in Rennes, Bretagne, France.",Art Gallery,Art Gallery,Cultural Attraction,"Located in Rennes, Bretagne.",48.1083,-1.6868,,191,No,Spring; Summer; Autumn,,,,
FR-000192,Theatre Rouen 014,France,FR,Normandie,76,Rouen,"Theatre location in Rouen, Normandie, France.",Theatre,Theatre,Performing Arts,"Located in Rouen, Normandie.",49.4362,1.0923,,192,No,Spring; Summer; Autumn,,,,
FR-000193,Church Dijon 014,France,FR,Bourgogne-Franche-Comté,21,Dijon,"Church location in Dijon, Bourgogne-Franche-Comté, France.",Church,Church,Religious Site,"Located in Dijon, Bourgogne-Franche-Comté.",47.317,5.0365,,193,No,Spring; Summer; Autumn,,,,
FR-000194,Abbey Tours 014,France,FR,Centre-Val de Loire,37,Tours,"Abbey location in Tours, Centre-Val de Loire, France.",Abbey,Abbey,Religious Site,"Located in Tours, Centre-Val de Loire.",47.3911,0.6818,,194,No,Spring; Summer; Autumn,,,,
FR-000195,Fortress Ajaccio 014,France,FR,Corse,2A,Ajaccio,"Fortress location in Ajaccio, Corse, France.",Fortress,Fortress,Historic Landmark,"Located in Ajaccio, Corse.",41.9182,8.7376,,195,No,Spring; Summer; Autumn,,,,
FR-000196,Archaeological Site Saint-Denis 014,France,FR,La Réunion,974,Saint-Denis,"Archaeological Site location in Saint-Denis, La Réunion, France.",Archaeological Site,Archaeological Site,Historic Site,"Located in Saint-Denis, La Réunion.",-20.8779,55.4491,,196,No,Spring; Summer; Autumn,,,,
FR-000197,Zoo Paris 015,France,FR,Île-de-France,75,Paris,"Zoo location in Paris, Île-de-France, France.",Zoo,Zoo,Family Attraction,"Located in Paris, Île-de-France.",48.8596,2.3552,,197,No,Spring; Summer; Autumn,,,,
FR-000198,Aquarium Lyon 015,France,FR,Auvergne-Rhône-Alpes,69,Lyon,"Aquarium location in Lyon, Auvergne-Rhône-Alpes, France.",Aquarium,Aquarium,Family Attraction,"Located in Lyon, Auvergne-Rhône-Alpes.",45.769,4.8407,,198,No,Spring; Summer; Autumn,,,,
FR-000199,Botanical Garden Marseille 015,France,FR,Provence-Alpes-Côte d'Azur,13,Marseille,"Botanical Garden location in Marseille, Provence-Alpes-Côte d'Azur, France.",Botanical Garden,Botanical Garden,Nature & Recreation,"Located in Marseille, Provence-Alpes-Côte d'Azur.",43.3035,5.3768,,199,No,Spring; Summer; Autumn,,,,
FR-000200,Marina Bordeaux 015,France,FR,Nouvelle-Aquitaine,33,Bordeaux,"Marina location in Bordeaux, Nouvelle-Aquitaine, France.",Marina,Marina,Leisure,"Located in Bordeaux, Nouvelle-Aquitaine.",44.8468,-0.5702,,200,No,Spring; Summer; Autumn,,,,
FR-000201,Historic Site Toulouse 015,France,FR,Occitanie,31,Toulouse,"Historic Site location in Toulouse, Occitanie, France.",Historic Site,Historic Site,Landmark,"Located in Toulouse, Occitanie.",43.5957,1.4352,,201,No,Spring; Summer; Autumn,,,,
FR-000202,Museum Lille 015,France,FR,Hauts-de-France,59,Lille,"Museum location in Lille, Hauts-de-France, France.",Museum,Museum,Cultural Attraction,"Located in Lille, Hauts-de-France.",50.6222,3.0503,,202,No,Spring; Summer; Autumn,,,,
FR-000203,Castle Strasbourg 015,France,FR,Grand Est,67,Strasbourg,"Castle location in Strasbourg, Grand Est, France.",Castle,Castle,Historic Landmark,"Located in Strasbourg, Grand Est.",48.5684,7.7471,,203,No,Spring; Summer; Autumn,,,,
FR-000204,Cathedral Nantes 015,France,FR,Pays de la Loire,44,Nantes,"Cathedral location in Nantes, Pays de la Loire, France.",Cathedral,Cathedral,Religious Site,"Located in Nantes, Pays de la Loire.",47.2154,-1.5566,,204,No,Spring; Summer; Autumn,,,,
FR-000205,Park Rennes 015,France,FR,Bretagne,35,Rennes,"Park location in Rennes, Bretagne, France.",Park,Park,Nature & Recreation,"Located in Rennes, Bretagne.",48.1163,-1.6788,,205,No,Spring; Summer; Autumn,,,,
FR-000206,Garden Rouen 015,France,FR,Normandie,76,Rouen,"Garden location in Rouen, Normandie, France.",Garden,Garden,Nature & Recreation,"Located in Rouen, Normandie.",49.4442,1.1003,,206,No,Spring; Summer; Autumn,,,,
FR-000207,Monument Dijon 015,France,FR,Bourgogne-Franche-Comté,21,Dijon,"Monument location in Dijon, Bourgogne-Franche-Comté, France.",Monument,Monument,Landmark,"Located in Dijon, Bourgogne-Franche-Comté.",47.325,5.0445,,207,No,Spring; Summer; Autumn,,,,
FR-000208,Beach Tours 015,France,FR,Centre-Val de Loire,37,Tours,"Beach location in Tours, Centre-Val de Loire, France.",Beach,Beach,Nature & Recreation,"Located in Tours, Centre-Val de Loire.",47.3991,0.6898,,208,No,Spring; Summer; Autumn,,,,
FR-000209,Viewpoint Ajaccio 015,France,FR,Corse,2A,Ajaccio,"Viewpoint location in Ajaccio, Corse, France.",Viewpoint,Viewpoint,Scenic Attraction,"Located in Ajaccio, Corse.",41.9262,8.7456,,209,No,Spring; Summer; Autumn,,,,
FR-000210,Market Saint-Denis 015,France,FR,La Réunion,974,Saint-Denis,"Market location in Saint-Denis, La Réunion, France.",Market,Market,Local Attraction,"Located in Saint-Denis, La Réunion.",-20.8699,55.4571,,210,No,Spring; Summer; Autumn,,,,
FR-000211,Art Gallery Paris 016,France,FR,Île-de-France,75,Paris,"Art Gallery location in Paris, Île-de-France, France.",Art Gallery,Art Gallery,Cultural Attraction,"Located in Paris, Île-de-France.",48.8476,2.3432,,211,No,Spring; Summer; Autumn,,,,
FR-000212,Theatre Lyon 016,France,FR,Auvergne-Rhône-Alpes,69,Lyon,"Theatre location in Lyon, Auvergne-Rhône-Alpes, France.",Theatre,Theatre,Performing Arts,"Located in Lyon, Auvergne-Rhône-Alpes.",45.757,4.8287,,212,No,Spring; Summer; Autumn,,,,
FR-000213,Church Marseille 016,France,FR,Provence-Alpes-Côte d'Azur,13,Marseille,"Church location in Marseille, Provence-Alpes-Côte d'Azur, France.",Church,Church,Religious Site,"Located in Marseille, Provence-Alpes-Côte d'Azur.",43.2915,5.3648,,213,No,Spring; Summer; Autumn,,,,
FR-000214,Abbey Bordeaux 016,France,FR,Nouvelle-Aquitaine,33,Bordeaux,"Abbey location in Bordeaux, Nouvelle-Aquitaine, France.",Abbey,Abbey,Religious Site,"Located in Bordeaux, Nouvelle-Aquitaine.",44.8348,-0.5822,,214,No,Spring; Summer; Autumn,,,,
FR-000215,Fortress Toulouse 016,France,FR,Occitanie,31,Toulouse,"Fortress location in Toulouse, Occitanie, France.",Fortress,Fortress,Historic Landmark,"Located in Toulouse, Occitanie.",43.6037,1.4432,,215,No,Spring; Summer; Autumn,,,,
FR-000216,Archaeological Site Lille 016,France,FR,Hauts-de-France,59,Lille,"Archaeological Site location in Lille, Hauts-de-France, France.",Archaeological Site,Archaeological Site,Historic Site,"Located in Lille, Hauts-de-France.",50.6302,3.0583,,216,No,Spring; Summer; Autumn,,,,
FR-000217,Zoo Strasbourg 016,France,FR,Grand Est,67,Strasbourg,"Zoo location in Strasbourg, Grand Est, France.",Zoo,Zoo,Family Attraction,"Located in Strasbourg, Grand Est.",48.5764,7.7551,,217,No,Spring; Summer; Autumn,,,,
FR-000218,Aquarium Nantes 016,France,FR,Pays de la Loire,44,Nantes,"Aquarium location in Nantes, Pays de la Loire, France.",Aquarium,Aquarium,Family Attraction,"Located in Nantes, Pays de la Loire.",47.2234,-1.5486,,218,No,Spring; Summer; Autumn,,,,
FR-000219,Botanical Garden Rennes 016,France,FR,Bretagne,35,Rennes,"Botanical Garden location in Rennes, Bretagne, France.",Botanical Garden,Botanical Garden,Nature & Recreation,"Located in Rennes, Bretagne.",48.1243,-1.6708,,219,No,Spring; Summer; Autumn,,,,
FR-000220,Marina Rouen 016,France,FR,Normandie,76,Rouen,"Marina location in Rouen, Normandie, France.",Marina,Marina,Leisure,"Located in Rouen, Normandie.",49.4522,1.1083,,220,No,Spring; Summer; Autumn,,,,
FR-000221,Historic Site Dijon 016,France,FR,Bourgogne-Franche-Comté,21,Dijon,"Historic Site location in Dijon, Bourgogne-Franche-Comté, France.",Historic Site,Historic Site,Landmark,"Located in Dijon, Bourgogne-Franche-Comté.",47.313,5.0325,,221,No,Spring; Summer; Autumn,,,,
FR-000222,Museum Tours 016,France,FR,Centre-Val de Loire,37,Tours,"Museum location in Tours, Centre-Val de Loire, France.",Museum,Museum,Cultural Attraction,"Located in Tours, Centre-Val de Loire.",47.3871,0.6778,,222,No,Spring; Summer; Autumn,,,,
FR-000223,Castle Ajaccio 016,France,FR,Corse,2A,Ajaccio,"Castle location in Ajaccio, Corse, France.",Castle,Castle,Historic Landmark,"Located in Ajaccio, Corse.",41.9142,8.7336,,223,No,Spring; Summer; Autumn,,,,
FR-000224,Cathedral Saint-Denis 016,France,FR,La Réunion,974,Saint-Denis,"Cathedral location in Saint-Denis, La Réunion, France.",Cathedral,Cathedral,Religious Site,"Located in Saint-Denis, La Réunion.",-20.8819,55.4451,,224,No,Spring; Summer; Autumn,,,,
FR-000225,Park Paris 017,France,FR,Île-de-France,75,Paris,"Park location in Paris, Île-de-France, France.",Park,Park,Nature & Recreation,"Located in Paris, Île-de-France.",48.8556,2.3512,,225,No,Spring; Summer; Autumn,,,,
FR-000226,Garden Lyon 017,France,FR,Auvergne-Rhône-Alpes,69,Lyon,"Garden location in Lyon, Auvergne-Rhône-Alpes, France.",Garden,Garden,Nature & Recreation,"Located in Lyon, Auvergne-Rhône-Alpes.",45.765,4.8367,,226,No,Spring; Summer; Autumn,,,,
FR-000227,Monument Marseille 017,France,FR,Provence-Alpes-Côte d'Azur,13,Marseille,"Monument location in Marseille, Provence-Alpes-Côte d'Azur, France.",Monument,Monument,Landmark,"Located in Marseille, Provence-Alpes-Côte d'Azur.",43.2995,5.3728,,227,No,Spring; Summer; Autumn,,,,
FR-000228,Beach Bordeaux 017,France,FR,Nouvelle-Aquitaine,33,Bordeaux,"Beach location in Bordeaux, Nouvelle-Aquitaine, France.",Beach,Beach,Nature & Recreation,"Located in Bordeaux, Nouvelle-Aquitaine.",44.8428,-0.5742,,228,No,Spring; Summer; Autumn,,,,
FR-000229,Viewpoint Toulouse 017,France,FR,Occitanie,31,Toulouse,"Viewpoint location in Toulouse, Occitanie, France.",Viewpoint,Viewpoint,Scenic Attraction,"Located in Toulouse, Occitanie.",43.6117,1.4512,,229,No,Spring; Summer; Autumn,,,,
FR-000230,Market Lille 017,France,FR,Hauts-de-France,59,Lille,"Market location in Lille, Hauts-de-France, France.",Market,Market,Local Attraction,"Located in Lille, Hauts-de-France.",50.6382,3.0663,,230,No,Spring; Summer; Autumn,,,,
FR-000231,Art Gallery Strasbourg 017,France,FR,Grand Est,67,Strasbourg,"Art Gallery location in Strasbourg, Grand Est, France.",Art Gallery,Art Gallery,Cultural Attraction,"Located in Strasbourg, Grand Est.",48.5644,7.7431,,231,No,Spring; Summer; Autumn,,,,
FR-000232,Theatre Nantes 017,France,FR,Pays de la Loire,44,Nantes,"Theatre location in Nantes, Pays de la Loire, France.",Theatre,Theatre,Performing Arts,"Located in Nantes, Pays de la Loire.",47.2114,-1.5606,,232,No,Spring; Summer; Autumn,,,,
FR-000233,Church Rennes 017,France,FR,Bretagne,35,Rennes,"Church location in Rennes, Bretagne, France.",Church,Church,Religious Site,"Located in Rennes, Bretagne.",48.1123,-1.6828,,233,No,Spring; Summer; Autumn,,,,
FR-000234,Abbey Rouen 017,France,FR,Normandie,76,Rouen,"Abbey location in Rouen, Normandie, France.",Abbey,Abbey,Religious Site,"Located in Rouen, Normandie.",49.4402,1.0963,,234,No,Spring; Summer; Autumn,,,,
FR-000235,Fortress Dijon 017,France,FR,Bourgogne-Franche-Comté,21,Dijon,"Fortress location in Dijon, Bourgogne-Franche-Comté, France.",Fortress,Fortress,Historic Landmark,"Located in Dijon, Bourgogne-Franche-Comté.",47.321,5.0405,,235,No,Spring; Summer; Autumn,,,,
FR-000236,Archaeological Site Tours 017,France,FR,Centre-Val de Loire,37,Tours,"Archaeological Site location in Tours, Centre-Val de Loire, France.",Archaeological Site,Archaeological Site,Historic Site,"Located in Tours, Centre-Val de Loire.",47.3951,0.6858,,236,No,Spring; Summer; Autumn,,,,
FR-000237,Zoo Ajaccio 017,France,FR,Corse,2A,Ajaccio,"Zoo location in Ajaccio, Corse, France.",Zoo,Zoo,Family Attraction,"Located in Ajaccio, Corse.",41.9222,8.7416,,237,No,Spring; Summer; Autumn,,,,
FR-000238,Aquarium Saint-Denis 017,France,FR,La Réunion,974,Saint-Denis,"Aquarium location in Saint-Denis, La Réunion, France.",Aquarium,Aquarium,Family Attraction,"Located in Saint-Denis, La Réunion.",-20.8739,55.4531,,238,No,Spring; Summer; Autumn,,,,
FR-000239,Botanical Garden Paris 018,France,FR,Île-de-France,75,Paris,"Botanical Garden location in Paris, Île-de-France, France.",Botanical Garden,Botanical Garden,Nature & Recreation,"Located in Paris, Île-de-France.",48.8636,2.3592,,239,No,Spring; Summer; Autumn,,,,
FR-000240,Marina Lyon 018,France,FR,Auvergne-Rhône-Alpes,69,Lyon,"Marina location in Lyon, Auvergne-Rhône-Alpes, France.",Marina,Marina,Leisure,"Located in Lyon, Auvergne-Rhône-Alpes.",45.773,4.8447,,240,No,Spring; Summer; Autumn,,,,
FR-000241,Historic Site Marseille 018,France,FR,Provence-Alpes-Côte d'Azur,13,Marseille,"Historic Site location in Marseille, Provence-Alpes-Côte d'Azur, France.",Historic Site,Historic Site,Landmark,"Located in Marseille, Provence-Alpes-Côte d'Azur.",43.2875,5.3608,,241,No,Spring; Summer; Autumn,,,,
FR-000242,Museum Bordeaux 018,France,FR,Nouvelle-Aquitaine,33,Bordeaux,"Museum location in Bordeaux, Nouvelle-Aquitaine, France.",Museum,Museum,Cultural Attraction,"Located in Bordeaux, Nouvelle-Aquitaine.",44.8308,-0.5862,,242,No,Spring; Summer; Autumn,,,,
FR-000243,Castle Toulouse 018,France,FR,Occitanie,31,Toulouse,"Castle location in Toulouse, Occitanie, France.",Castle,Castle,Historic Landmark,"Located in Toulouse, Occitanie.",43.5997,1.4392,,243,No,Spring; Summer; Autumn,,,,
FR-000244,Cathedral Lille 018,France,FR,Hauts-de-France,59,Lille,"Cathedral location in Lille, Hauts-de-France, France.",Cathedral,Cathedral,Religious Site,"Located in Lille, Hauts-de-France.",50.6262,3.0543,,244,No,Spring; Summer; Autumn,,,,
FR-000245,Park Strasbourg 018,France,FR,Grand Est,67,Strasbourg,"Park location in Strasbourg, Grand Est, France.",Park,Park,Nature & Recreation,"Located in Strasbourg, Grand Est.",48.5724,7.7511,,245,No,Spring; Summer; Autumn,,,,
FR-000246,Garden Nantes 018,France,FR,Pays de la Loire,44,Nantes,"Garden location in Nantes, Pays de la Loire, France.",Garden,Garden,Nature & Recreation,"Located in Nantes, Pays de la Loire.",47.2194,-1.5526,,246,No,Spring; Summer; Autumn,,,,
FR-000247,Monument Rennes 018,France,FR,Bretagne,35,Rennes,"Monument location in Rennes, Bretagne, France.",Monument,Monument,Landmark,"Located in Rennes, Bretagne.",48.1203,-1.6748,,247,No,Spring; Summer; Autumn,,,,
FR-000248,Beach Rouen 018,France,FR,Normandie,76,Rouen,"Beach location in Rouen, Normandie, France.",Beach,Beach,Nature & Recreation,"Located in Rouen, Normandie.",49.4482,1.1043,,248,No,Spring; Summer; Autumn,,,,
FR-000249,Viewpoint Dijon 018,France,FR,Bourgogne-Franche-Comté,21,Dijon,"Viewpoint location in Dijon, Bourgogne-Franche-Comté, France.",Viewpoint,Viewpoint,Scenic Attraction,"Located in Dijon, Bourgogne-Franche-Comté.",47.329,5.0485,,249,No,Spring; Summer; Autumn,,,,
FR-000250,Market Tours 018,France,FR,Centre-Val de Loire,37,Tours,"Market location in Tours, Centre-Val de Loire, France.",Market,Market,Local Attraction,"Located in Tours, Centre-Val de Loire.",47.4031,0.6938,,250,No,Spring; Summer; Autumn,,,,
FR-000251,Art Gallery Ajaccio 018,France,FR,Corse,2A,Ajaccio,"Art Gallery location in Ajaccio, Corse, France.",Art Gallery,Art Gallery,Cultural Attraction,"Located in Ajaccio, Corse.",41.9102,8.7296,,251,No,Spring; Summer; Autumn,,,,
FR-000252,Theatre Saint-Denis 018,France,FR,La Réunion,974,Saint-Denis,"Theatre location in Saint-Denis, La Réunion, France.",Theatre,Theatre,Performing Arts,"Located in Saint-Denis, La Réunion.",-20.8859,55.4411,,252,No,Spring; Summer; Autumn,,,,
FR-000253,Church Paris 019,France,FR,Île-de-France,75,Paris,"Church location in Paris, Île-de-France, France.",Church,Church,Religious Site,"Located in Paris, Île-de-France.",48.8516,2.3472,,253,No,Spring; Summer; Autumn,,,,
FR-000254,Abbey Lyon 019,France,FR,Auvergne-Rhône-Alpes,69,Lyon,"Abbey location in Lyon, Auvergne-Rhône-Alpes, France.",Abbey,Abbey,Religious Site,"Located in Lyon, Auvergne-Rhône-Alpes.",45.761,4.8327,,254,No,Spring; Summer; Autumn,,,,
FR-000255,Fortress Marseille 019,France,FR,Provence-Alpes-Côte d'Azur,13,Marseille,"Fortress location in Marseille, Provence-Alpes-Côte d'Azur, France.",Fortress,Fortress,Historic Landmark,"Located in Marseille, Provence-Alpes-Côte d'Azur.",43.2955,5.3688,,255,No,Spring; Summer; Autumn,,,,
FR-000256,Archaeological Site Bordeaux 019,France,FR,Nouvelle-Aquitaine,33,Bordeaux,"Archaeological Site location in Bordeaux, Nouvelle-Aquitaine, France.",Archaeological Site,Archaeological Site,Historic Site,"Located in Bordeaux, Nouvelle-Aquitaine.",44.8388,-0.5782,,256,No,Spring; Summer; Autumn,,,,
FR-000257,Zoo Toulouse 019,France,FR,Occitanie,31,Toulouse,"Zoo location in Toulouse, Occitanie, France.",Zoo,Zoo,Family Attraction,"Located in Toulouse, Occitanie.",43.6077,1.4472,,257,No,Spring; Summer; Autumn,,,,
FR-000258,Aquarium Lille 019,France,FR,Hauts-de-France,59,Lille,"Aquarium location in Lille, Hauts-de-France, France.",Aquarium,Aquarium,Family Attraction,"Located in Lille, Hauts-de-France.",50.6342,3.0623,,258,No,Spring; Summer; Autumn,,,,
FR-000259,Botanical Garden Strasbourg 019,France,FR,Grand Est,67,Strasbourg,"Botanical Garden location in Strasbourg, Grand Est, France.",Botanical Garden,Botanical Garden,Nature & Recreation,"Located in Strasbourg, Grand Est.",48.5804,7.7591,,259,No,Spring; Summer; Autumn,,,,
FR-000260,Marina Nantes 019,France,FR,Pays de la Loire,44,Nantes,"Marina location in Nantes, Pays de la Loire, France.",Marina,Marina,Leisure,"Located in Nantes, Pays de la Loire.",47.2274,-1.5446,,260,No,Spring; Summer; Autumn,,,,
FR-000261,Historic Site Rennes 019,France,FR,Bretagne,35,Rennes,"Historic Site location in Rennes, Bretagne, France.",Historic Site,Historic Site,Landmark,"Located in Rennes, Bretagne.",48.1083,-1.6868,,261,No,Spring; Summer; Autumn,,,,
FR-000262,Museum Rouen 019,France,FR,Normandie,76,Rouen,"Museum location in Rouen, Normandie, France.",Museum,Museum,Cultural Attraction,"Located in Rouen, Normandie.",49.4362,1.0923,,262,No,Spring; Summer; Autumn,,,,
FR-000263,Castle Dijon 019,France,FR,Bourgogne-Franche-Comté,21,Dijon,"Castle location in Dijon, Bourgogne-Franche-Comté, France.",Castle,Castle,Historic Landmark,"Located in Dijon, Bourgogne-Franche-Comté.",47.317,5.0365,,263,No,Spring; Summer; Autumn,,,,
FR-000264,Cathedral Tours 019,France,FR,Centre-Val de Loire,37,Tours,"Cathedral location in Tours, Centre-Val de Loire, France.",Cathedral,Cathedral,Religious Site,"Located in Tours, Centre-Val de Loire.",47.3911,0.6818,,264,No,Spring; Summer; Autumn,,,,
FR-000265,Park Ajaccio 019,France,FR,Corse,2A,Ajaccio,"Park location in Ajaccio, Corse, France.",Park,Park,Nature & Recreation,"Located in Ajaccio, Corse.",41.9182,8.7376,,265,No,Spring; Summer; Autumn,,,,
FR-000266,Garden Saint-Denis 019,France,FR,La Réunion,974,Saint-Denis,"Garden location in Saint-Denis, La Réunion, France.",Garden,Garden,Nature & Recreation,"Located in Saint-Denis, La Réunion.",-20.8779,55.4491,,266,No,Spring; Summer; Autumn,,,,
FR-000267,Monument Paris 020,France,FR,Île-de-France,75,Paris,"Monument location in Paris, Île-de-France, France.",Monument,Monument,Landmark,"Located in Paris, Île-de-France.",48.8596,2.3552,,267,No,Spring; Summer; Autumn,,,,
FR-000268,Beach Lyon 020,France,FR,Auvergne-Rhône-Alpes,69,Lyon,"Beach location in Lyon, Auvergne-Rhône-Alpes, France.",Beach,Beach,Nature & Recreation,"Located in Lyon, Auvergne-Rhône-Alpes.",45.769,4.8407,,268,No,Spring; Summer; Autumn,,,,
FR-000269,Viewpoint Marseille 020,France,FR,Provence-Alpes-Côte d'Azur,13,Marseille,"Viewpoint location in Marseille, Provence-Alpes-Côte d'Azur, France.",Viewpoint,Viewpoint,Scenic Attraction,"Located in Marseille, Provence-Alpes-Côte d'Azur.",43.3035,5.3768,,269,No,Spring; Summer; Autumn,,,,
FR-000270,Market Bordeaux 020,France,FR,Nouvelle-Aquitaine,33,Bordeaux,"Market location in Bordeaux, Nouvelle-Aquitaine, France.",Market,Market,Local Attraction,"Located in Bordeaux, Nouvelle-Aquitaine.",44.8468,-0.5702,,270,No,Spring; Summer; Autumn,,,,
FR-000271,Art Gallery Toulouse 020,France,FR,Occitanie,31,Toulouse,"Art Gallery location in Toulouse, Occitanie, France.",Art Gallery,Art Gallery,Cultural Attraction,"Located in Toulouse, Occitanie.",43.5957,1.4352,,271,No,Spring; Summer; Autumn,,,,
FR-000272,Theatre Lille 020,France,FR,Hauts-de-France,59,Lille,"Theatre location in Lille, Hauts-de-France, France.",Theatre,Theatre,Performing Arts,"Located in Lille, Hauts-de-France.",50.6222,3.0503,,272,No,Spring; Summer; Autumn,,,,
FR-000273,Church Strasbourg 020,France,FR,Grand Est,67,Strasbourg,"Church location in Strasbourg, Grand Est, France.",Church,Church,Religious Site,"Located in Strasbourg, Grand Est.",48.5684,7.7471,,273,No,Spring; Summer; Autumn,,,,
FR-000274,Abbey Nantes 020,France,FR,Pays de la Loire,44,Nantes,"Abbey location in Nantes, Pays de la Loire, France.",Abbey,Abbey,Religious Site,"Located in Nantes, Pays de la Loire.",47.2154,-1.5566,,274,No,Spring; Summer; Autumn,,,,
FR-000275,Fortress Rennes 020,France,FR,Bretagne,35,Rennes,"Fortress location in Rennes, Bretagne, France.",Fortress,Fortress,Historic Landmark,"Located in Rennes, Bretagne.",48.1163,-1.6788,,275,No,Spring; Summer; Autumn,,,,
FR-000276,Archaeological Site Rouen 020,France,FR,Normandie,76,Rouen,"Archaeological Site location in Rouen, Normandie, France.",Archaeological Site,Archaeological Site,Historic Site,"Located in Rouen, Normandie.",49.4442,1.1003,,276,No,Spring; Summer; Autumn,,,,
FR-000277,Zoo Dijon 020,France,FR,Bourgogne-Franche-Comté,21,Dijon,"Zoo location in Dijon, Bourgogne-Franche-Comté, France.",Zoo,Zoo,Family Attraction,"Located in Dijon, Bourgogne-Franche-Comté.",47.325,5.0445,,277,No,Spring; Summer; Autumn,,,,
FR-000278,Aquarium Tours 020,France,FR,Centre-Val de Loire,37,Tours,"Aquarium location in Tours, Centre-Val de Loire, France.",Aquarium,Aquarium,Family Attraction,"Located in Tours, Centre-Val de Loire.",47.3991,0.6898,,278,No,Spring; Summer; Autumn,,,,
FR-000279,Botanical Garden Ajaccio 020,France,FR,Corse,2A,Ajaccio,"Botanical Garden location in Ajaccio, Corse, France.",Botanical Garden,Botanical Garden,Nature & Recreation,"Located in Ajaccio, Corse.",41.9262,8.7456,,279,No,Spring; Summer; Autumn,,,,
FR-000280,Marina Saint-Denis 020,France,FR,La Réunion,974,Saint-Denis,"Marina location in Saint-Denis, La Réunion, France.",Marina,Marina,Leisure,"Located in Saint-Denis, La Réunion.",-20.8699,55.4571,,280,No,Spring; Summer; Autumn,,,,
FR-000281,Historic Site Paris 021,France,FR,Île-de-France,75,Paris,"Historic Site location in Paris, Île-de-France, France.",Historic Site,Historic Site,Landmark,"Located in Paris, Île-de-France.",48.8476,2.3432,,281,No,Spring; Summer; Autumn,,,,
FR-000282,Museum Lyon 021,France,FR,Auvergne-Rhône-Alpes,69,Lyon,"Museum location in Lyon, Auvergne-Rhône-Alpes, France.",Museum,Museum,Cultural Attraction,"Located in Lyon, Auvergne-Rhône-Alpes.",45.757,4.8287,,282,No,Spring; Summer; Autumn,,,,
FR-000283,Castle Marseille 021,France,FR,Provence-Alpes-Côte d'Azur,13,Marseille,"Castle location in Marseille, Provence-Alpes-Côte d'Azur, France.",Castle,Castle,Historic Landmark,"Located in Marseille, Provence-Alpes-Côte d'Azur.",43.2915,5.3648,,283,No,Spring; Summer; Autumn,,,,
FR-000284,Cathedral Bordeaux 021,France,FR,Nouvelle-Aquitaine,33,Bordeaux,"Cathedral location in Bordeaux, Nouvelle-Aquitaine, France.",Cathedral,Cathedral,Religious Site,"Located in Bordeaux, Nouvelle-Aquitaine.",44.8348,-0.5822,,284,No,Spring; Summer; Autumn,,,,
FR-000285,Park Toulouse 021,France,FR,Occitanie,31,Toulouse,"Park location in Toulouse, Occitanie, France.",Park,Park,Nature & Recreation,"Located in Toulouse, Occitanie.",43.6037,1.4432,,285,No,Spring; Summer; Autumn,,,,
FR-000286,Garden Lille 021,France,FR,Hauts-de-France,59,Lille,"Garden location in Lille, Hauts-de-France, France.",Garden,Garden,Nature & Recreation,"Located in Lille, Hauts-de-France.",50.6302,3.0583,,286,No,Spring; Summer; Autumn,,,,
FR-000287,Monument Strasbourg 021,France,FR,Grand Est,67,Strasbourg,"Monument location in Strasbourg, Grand Est, France.",Monument,Monument,Landmark,"Located in Strasbourg, Grand Est.",48.5764,7.7551,,287,No,Spring; Summer; Autumn,,,,
FR-000288,Beach Nantes 021,France,FR,Pays de la Loire,44,Nantes,"Beach location in Nantes, Pays de la Loire, France.",Beach,Beach,Nature & Recreation,"Located in Nantes, Pays de la Loire.",47.2234,-1.5486,,288,No,Spring; Summer; Autumn,,,,
FR-000289,Viewpoint Rennes 021,France,FR,Bretagne,35,Rennes,"Viewpoint location in Rennes, Bretagne, France.",Viewpoint,Viewpoint,Scenic Attraction,"Located in Rennes, Bretagne.",48.1243,-1.6708,,289,No,Spring; Summer; Autumn,,,,
FR-000290,Market Rouen 021,France,FR,Normandie,76,Rouen,"Market location in Rouen, Normandie, France.",Market,Market,Local Attraction,"Located in Rouen, Normandie.",49.4522,1.1083,,290,No,Spring; Summer; Autumn,,,,
FR-000291,Art Gallery Dijon 021,France,FR,Bourgogne-Franche-Comté,21,Dijon,"Art Gallery location in Dijon, Bourgogne-Franche-Comté, France.",Art Gallery,Art Gallery,Cultural Attraction,"Located in Dijon, Bourgogne-Franche-Comté.",47.313,5.0325,,291,No,Spring; Summer; Autumn,,,,
FR-000292,Theatre Tours 021,France,FR,Centre-Val de Loire,37,Tours,"Theatre location in Tours, Centre-Val de Loire, France.",Theatre,Theatre,Performing Arts,"Located in Tours, Centre-Val de Loire.",47.3871,0.6778,,292,No,Spring; Summer; Autumn,,,,
FR-000293,Church Ajaccio 021,France,FR,Corse,2A,Ajaccio,"Church location in Ajaccio, Corse, France.",Church,Church,Religious Site,"Located in Ajaccio, Corse.",41.9142,8.7336,,293,No,Spring; Summer; Autumn,,,,
FR-000294,Abbey Saint-Denis 021,France,FR,La Réunion,974,Saint-Denis,"Abbey location in Saint-Denis, La Réunion, France.",Abbey,Abbey,Religious Site,"Located in Saint-Denis, La Réunion.",-20.8819,55.4451,,294,No,Spring; Summer; Autumn,,,,
FR-000295,Fortress Paris 022,France,FR,Île-de-France,75,Paris,"Fortress location in Paris, Île-de-France, France.",Fortress,Fortress,Historic Landmark,"Located in Paris, Île-de-France.",48.8556,2.3512,,295,No,Spring; Summer; Autumn,,,,
FR-000296,Archaeological Site Lyon 022,France,FR,Auvergne-Rhône-Alpes,69,Lyon,"Archaeological Site location in Lyon, Auvergne-Rhône-Alpes, France.",Archaeological Site,Archaeological Site,Historic Site,"Located in Lyon, Auvergne-Rhône-Alpes.",45.765,4.8367,,296,No,Spring; Summer; Autumn,,,,
FR-000297,Zoo Marseille 022,France,FR,Provence-Alpes-Côte d'Azur,13,Marseille,"Zoo location in Marseille, Provence-Alpes-Côte d'Azur, France.",Zoo,Zoo,Family Attraction,"Located in Marseille, Provence-Alpes-Côte d'Azur.",43.2995,5.3728,,297,No,Spring; Summer; Autumn,,,,
FR-000298,Aquarium Bordeaux 022,France,FR,Nouvelle-Aquitaine,33,Bordeaux,"Aquarium location in Bordeaux, Nouvelle-Aquitaine, France.",Aquarium,Aquarium,Family Attraction,"Located in Bordeaux, Nouvelle-Aquitaine.",44.8428,-0.5742,,298,No,Spring; Summer; Autumn,,,,
FR-000299,Botanical Garden Toulouse 022,France,FR,Occitanie,31,Toulouse,"Botanical Garden location in Toulouse, Occitanie, France.",Botanical Garden,Botanical Garden,Nature & Recreation,"Located in Toulouse, Occitanie.",43.6117,1.4512,,299,No,Spring; Summer; Autumn,,,,
FR-000300,Marina Lille 022,France,FR,Hauts-de-France,59,Lille,"Marina location in Lille, Hauts-de-France, France.",Marina,Marina,Leisure,"Located in Lille, Hauts-de-France.",50.6382,3.0663,,300,No,Spring; Summer; Autumn,,,,
FR-000301,Historic Site Strasbourg 022,France,FR,Grand Est,67,Strasbourg,"Historic Site location in Strasbourg, Grand Est, France.",Historic Site,Historic Site,Landmark,"Located in Strasbourg, Grand Est.",48.5644,7.7431,,301,No,Spring; Summer; Autumn,,,,
FR-000302,Museum Nantes 022,France,FR,Pays de la Loire,44,Nantes,"Museum location in Nantes, Pays de la Loire, France.",Museum,Museum,Cultural Attraction,"Located in Nantes, Pays de la Loire.",47.2114,-1.5606,,302,No,Spring; Summer; Autumn,,,,
FR-000303,Castle Rennes 022,France,FR,Bretagne,35,Rennes,"Castle location in Rennes, Bretagne, France.",Castle,Castle,Historic Landmark,"Located in Rennes, Bretagne.",48.1123,-1.6828,,303,No,Spring; Summer; Autumn,,,,
FR-000304,Cathedral Rouen 022,France,FR,Normandie,76,Rouen,"Cathedral location in Rouen, Normandie, France.",Cathedral,Cathedral,Religious Site,"Located in Rouen, Normandie.",49.4402,1.0963,,304,No,Spring; Summer; Autumn,,,,
FR-000305,Park Dijon 022,France,FR,Bourgogne-Franche-Comté,21,Dijon,"Park location in Dijon, Bourgogne-Franche-Comté, France.",Park,Park,Nature & Recreation,"Located in Dijon, Bourgogne-Franche-Comté.",47.321,5.0405,,305,No,Spring; Summer; Autumn,,,,
FR-000306,Garden Tours 022,France,FR,Centre-Val de Loire,37,Tours,"Garden location in Tours, Centre-Val de Loire, France.",Garden,Garden,Nature & Recreation,"Located in Tours, Centre-Val de Loire.",47.3951,0.6858,,306,No,Spring; Summer; Autumn,,,,
FR-000307,Monument Ajaccio 022,France,FR,Corse,2A,Ajaccio,"Monument location in Ajaccio, Corse, France.",Monument,Monument,Landmark,"Located in Ajaccio, Corse.",41.9222,8.7416,,307,No,Spring; Summer; Autumn,,,,
FR-000308,Beach Saint-Denis 022,France,FR,La Réunion,974,Saint-Denis,"Beach location in Saint-Denis, La Réunion, France.",Beach,Beach,Nature & Recreation,"Located in Saint-Denis, La Réunion.",-20.8739,55.4531,,308,No,Spring; Summer; Autumn,,,,
FR-000309,Viewpoint Paris 023,France,FR,Île-de-France,75,Paris,"Viewpoint location in Paris, Île-de-France, France.",Viewpoint,Viewpoint,Scenic Attraction,"Located in Paris, Île-de-France.",48.8636,2.3592,,309,No,Spring; Summer; Autumn,,,,
FR-000310,Market Lyon 023,France,FR,Auvergne-Rhône-Alpes,69,Lyon,"Market location in Lyon, Auvergne-Rhône-Alpes, France.",Market,Market,Local Attraction,"Located in Lyon, Auvergne-Rhône-Alpes.",45.773,4.8447,,310,No,Spring; Summer; Autumn,,,,
FR-000311,Art Gallery Marseille 023,France,FR,Provence-Alpes-Côte d'Azur,13,Marseille,"Art Gallery location in Marseille, Provence-Alpes-Côte d'Azur, France.",Art Gallery,Art Gallery,Cultural Attraction,"Located in Marseille, Provence-Alpes-Côte d'Azur.",43.2875,5.3608,,311,No,Spring; Summer; Autumn,,,,
FR-000312,Theatre Bordeaux 023,France,FR,Nouvelle-Aquitaine,33,Bordeaux,"Theatre location in Bordeaux, Nouvelle-Aquitaine, France.",Theatre,Theatre,Performing Arts,"Located in Bordeaux, Nouvelle-Aquitaine.",44.8308,-0.5862,,312,No,Spring; Summer; Autumn,,,,
FR-000313,Church Toulouse 023,France,FR,Occitanie,31,Toulouse,"Church location in Toulouse, Occitanie, France.",Church,Church,Religious Site,"Located in Toulouse, Occitanie.",43.5997,1.4392,,313,No,Spring; Summer; Autumn,,,,
FR-000314,Abbey Lille 023,France,FR,Hauts-de-France,59,Lille,"Abbey location in Lille, Hauts-de-France, France.",Abbey,Abbey,Religious Site,"Located in Lille, Hauts-de-France.",50.6262,3.0543,,314,No,Spring; Summer; Autumn,,,,
FR-000315,Fortress Strasbourg 023,France,FR,Grand Est,67,Strasbourg,"Fortress location in Strasbourg, Grand Est, France.",Fortress,Fortress,Historic Landmark,"Located in Strasbourg, Grand Est.",48.5724,7.7511,,315,No,Spring; Summer; Autumn,,,,
FR-000316,Archaeological Site Nantes 023,France,FR,Pays de la Loire,44,Nantes,"Archaeological Site location in Nantes, Pays de la Loire, France.",Archaeological Site,Archaeological Site,Historic Site,"Located in Nantes, Pays de la Loire.",47.2194,-1.5526,,316,No,Spring; Summer; Autumn,,,,
FR-000317,Zoo Rennes 023,France,FR,Bretagne,35,Rennes,"Zoo location in Rennes, Bretagne, France.",Zoo,Zoo,Family Attraction,"Located in Rennes, Bretagne.",48.1203,-1.6748,,317,No,Spring; Summer; Autumn,,,,
FR-000318,Aquarium Rouen 023,France,FR,Normandie,76,Rouen,"Aquarium location in Rouen, Normandie, France.",Aquarium,Aquarium,Family Attraction,"Located in Rouen, Normandie.",49.4482,1.1043,,318,No,Spring; Summer; Autumn,,,,
FR-000319,Botanical Garden Dijon 023,France,FR,Bourgogne-Franche-Comté,21,Dijon,"Botanical Garden location in Dijon, Bourgogne-Franche-Comté, France.",Botanical Garden,Botanical Garden,Nature & Recreation,"Located in Dijon, Bourgogne-Franche-Comté.",47.329,5.0485,,319,No,Spring; Summer; Autumn,,,,
FR-000320,Marina Tours 023,France,FR,Centre-Val de Loire,37,Tours,"Marina location in Tours, Centre-Val de Loire, France.",Marina,Marina,Leisure,"Located in Tours, Centre-Val de Loire.",47.4031,0.6938,,320,No,Spring; Summer; Autumn,,,,
FR-000321,Historic Site Ajaccio 023,France,FR,Corse,2A,Ajaccio,"Historic Site location in Ajaccio, Corse, France.",Historic Site,Historic Site,Landmark,"Located in Ajaccio, Corse.",41.9102,8.7296,,321,No,Spring; Summer; Autumn,,,,
FR-000322,Museum Saint-Denis 023,France,FR,La Réunion,974,Saint-Denis,"Museum location in Saint-Denis, La Réunion, France.",Museum,Museum,Cultural Attraction,"Located in Saint-Denis, La Réunion.",-20.8859,55.4411,,322,No,Spring; Summer; Autumn,,,,
FR-000323,Castle Paris 024,France,FR,Île-de-France,75,Paris,"Castle location in Paris, Île-de-France, France.",Castle,Castle,Historic Landmark,"Located in Paris, Île-de-France.",48.8516,2.3472,,323,No,Spring; Summer; Autumn,,,,
FR-000324,Cathedral Lyon 024,France,FR,Auvergne-Rhône-Alpes,69,Lyon,"Cathedral location in Lyon, Auvergne-Rhône-Alpes, France.",Cathedral,Cathedral,Religious Site,"Located in Lyon, Auvergne-Rhône-Alpes.",45.761,4.8327,,324,No,Spring; Summer; Autumn,,,,
FR-000325,Park Marseille 024,France,FR,Provence-Alpes-Côte d'Azur,13,Marseille,"Park location in Marseille, Provence-Alpes-Côte d'Azur, France.",Park,Park,Nature & Recreation,"Located in Marseille, Provence-Alpes-Côte d'Azur.",43.2955,5.3688,,325,No,Spring; Summer; Autumn,,,,
FR-000326,Garden Bordeaux 024,France,FR,Nouvelle-Aquitaine,33,Bordeaux,"Garden location in Bordeaux, Nouvelle-Aquitaine, France.",Garden,Garden,Nature & Recreation,"Located in Bordeaux, Nouvelle-Aquitaine.",44.8388,-0.5782,,326,No,Spring; Summer; Autumn,,,,
FR-000327,Monument Toulouse 024,France,FR,Occitanie,31,Toulouse,"Monument location in Toulouse, Occitanie, France.",Monument,Monument,Landmark,"Located in Toulouse, Occitanie.",43.6077,1.4472,,327,No,Spring; Summer; Autumn,,,,
FR-000328,Beach Lille 024,France,FR,Hauts-de-France,59,Lille,"Beach location in Lille, Hauts-de-France, France.",Beach,Beach,Nature & Recreation,"Located in Lille, Hauts-de-France.",50.6342,3.0623,,328,No,Spring; Summer; Autumn,,,,
FR-000329,Viewpoint Strasbourg 024,France,FR,Grand Est,67,Strasbourg,"Viewpoint location in Strasbourg, Grand Est, France.",Viewpoint,Viewpoint,Scenic Attraction,"Located in Strasbourg, Grand Est.",48.5804,7.7591,,329,No,Spring; Summer; Autumn,,,,
FR-000330,Market Nantes 024,France,FR,Pays de la Loire,44,Nantes,"Market location in Nantes, Pays de la Loire, France.",Market,Market,Local Attraction,"Located in Nantes, Pays de la Loire.",47.2274,-1.5446,,330,No,Spring; Summer; Autumn,,,,
FR-000331,Art Gallery Rennes 024,France,FR,Bretagne,35,Rennes,"Art Gallery location in Rennes, Bretagne, France.",Art Gallery,Art Gallery,Cultural Attraction,"Located in Rennes, Bretagne.",48.1083,-1.6868,,331,No,Spring; Summer; Autumn,,,,
FR-000332,Theatre Rouen 024,France,FR,Normandie,76,Rouen,"Theatre location in Rouen, Normandie, France.",Theatre,Theatre,Performing Arts,"Located in Rouen, Normandie.",49.4362,1.0923,,332,No,Spring; Summer; Autumn,,,,
FR-000333,Church Dijon 024,France,FR,Bourgogne-Franche-Comté,21,Dijon,"Church location in Dijon, Bourgogne-Franche-Comté, France.",Church,Church,Religious Site,"Located in Dijon, Bourgogne-Franche-Comté.",47.317,5.0365,,333,No,Spring; Summer; Autumn,,,,
FR-000334,Abbey Tours 024,France,FR,Centre-Val de Loire,37,Tours,"Abbey location in Tours, Centre-Val de Loire, France.",Abbey,Abbey,Religious Site,"Located in Tours, Centre-Val de Loire.",47.3911,0.6818,,334,No,Spring; Summer; Autumn,,,,
FR-000335,Fortress Ajaccio 024,France,FR,Corse,2A,Ajaccio,"Fortress location in Ajaccio, Corse, France.",Fortress,Fortress,Historic Landmark,"Located in Ajaccio, Corse.",41.9182,8.7376,,335,No,Spring; Summer; Autumn,,,,
FR-000336,Archaeological Site Saint-Denis 024,France,FR,La Réunion,974,Saint-Denis,"Archaeological Site location in Saint-Denis, La Réunion, France.",Archaeological Site,Archaeological Site,Historic Site,"Located in Saint-Denis, La Réunion.",-20.8779,55.4491,,336,No,Spring; Summer; Autumn,,,,
FR-000337,Zoo Paris 025,France,FR,Île-de-France,75,Paris,"Zoo location in Paris, Île-de-France, France.",Zoo,Zoo,Family Attraction,"Located in Paris, Île-de-France.",48.8596,2.3552,,337,No,Spring; Summer; Autumn,,,,
FR-000338,Aquarium Lyon 025,France,FR,Auvergne-Rhône-Alpes,69,Lyon,"Aquarium location in Lyon, Auvergne-Rhône-Alpes, France.",Aquarium,Aquarium,Family Attraction,"Located in Lyon, Auvergne-Rhône-Alpes.",45.769,4.8407,,338,No,Spring; Summer; Autumn,,,,
FR-000339,Botanical Garden Marseille 025,France,FR,Provence-Alpes-Côte d'Azur,13,Marseille,"Botanical Garden location in Marseille, Provence-Alpes-Côte d'Azur, France.",Botanical Garden,Botanical Garden,Nature & Recreation,"Located in Marseille, Provence-Alpes-Côte d'Azur.",43.3035,5.3768,,339,No,Spring; Summer; Autumn,,,,
FR-000340,Marina Bordeaux 025,France,FR,Nouvelle-Aquitaine,33,Bordeaux,"Marina location in Bordeaux, Nouvelle-Aquitaine, France.",Marina,Marina,Leisure,"Located in Bordeaux, Nouvelle-Aquitaine.",44.8468,-0.5702,,340,No,Spring; Summer; Autumn,,,,
FR-000341,Historic Site Toulouse 025,France,FR,Occitanie,31,Toulouse,"Historic Site location in Toulouse, Occitanie, France.",Historic Site,Historic Site,Landmark,"Located in Toulouse, Occitanie.",43.5957,1.4352,,341,No,Spring; Summer; Autumn,,,,
FR-000342,Museum Lille 025,France,FR,Hauts-de-France,59,Lille,"Museum location in Lille, Hauts-de-France, France.",Museum,Museum,Cultural Attraction,"Located in Lille, Hauts-de-France.",50.6222,3.0503,,342,No,Spring; Summer; Autumn,,,,
FR-000343,Castle Strasbourg 025,France,FR,Grand Est,67,Strasbourg,"Castle location in Strasbourg, Grand Est, France.",Castle,Castle,Historic Landmark,"Located in Strasbourg, Grand Est.",48.5684,7.7471,,343,No,Spring; Summer; Autumn,,,,
FR-000344,Cathedral Nantes 025,France,FR,Pays de la Loire,44,Nantes,"Cathedral location in Nantes, Pays de la Loire, France.",Cathedral,Cathedral,Religious Site,"Located in Nantes, Pays de la Loire.",47.2154,-1.5566,,344,No,Spring; Summer; Autumn,,,,
FR-000345,Park Rennes 025,France,FR,Bretagne,35,Rennes,"Park location in Rennes, Bretagne, France.",Park,Park,Nature & Recreation,"Located in Rennes, Bretagne.",48.1163,-1.6788,,345,No,Spring; Summer; Autumn,,,,
FR-000346,Garden Rouen 025,France,FR,Normandie,76,Rouen,"Garden location in Rouen, Normandie, France.",Garden,Garden,Nature & Recreation,"Located in Rouen, Normandie.",49.4442,1.1003,,346,No,Spring; Summer; Autumn,,,,
FR-000347,Monument Dijon 025,France,FR,Bourgogne-Franche-Comté,21,Dijon,"Monument location in Dijon, Bourgogne-Franche-Comté, France.",Monument,Monument,Landmark,"Located in Dijon, Bourgogne-Franche-Comté.",47.325,5.0445,,347,No,Spring; Summer; Autumn,,,,
FR-000348,Beach Tours 025,France,FR,Centre-Val de Loire,37,Tours,"Beach location in Tours, Centre-Val de Loire, France.",Beach,Beach,Nature & Recreation,"Located in Tours, Centre-Val de Loire.",47.3991,0.6898,,348,No,Spring; Summer; Autumn,,,,
FR-000349,Viewpoint Ajaccio 025,France,FR,Corse,2A,Ajaccio,"Viewpoint location in Ajaccio, Corse, France.",Viewpoint,Viewpoint,Scenic Attraction,"Located in Ajaccio, Corse.",41.9262,8.7456,,349,No,Spring; Summer; Autumn,,,,
FR-000350,Market Saint-Denis 025,France,FR,La Réunion,974,Saint-Denis,"Market location in Saint-Denis, La Réunion, France.",Market,Market,Local Attraction,"Located in Saint-Denis, La Réunion.",-20.8699,55.4571,,350,No,Spring; Summer; Autumn,,,,
FR-000351,Art Gallery Paris 026,France,FR,Île-de-France,75,Paris,"Art Gallery location in Paris, Île-de-France, France.",Art Gallery,Art Gallery,Cultural Attraction,"Located in Paris, Île-de-France.",48.8476,2.3432,,351,No,Spring; Summer; Autumn,,,,
FR-000352,Theatre Lyon 026,France,FR,Auvergne-Rhône-Alpes,69,Lyon,"Theatre location in Lyon, Auvergne-Rhône-Alpes, France.",Theatre,Theatre,Performing Arts,"Located in Lyon, Auvergne-Rhône-Alpes.",45.757,4.8287,,352,No,Spring; Summer; Autumn,,,,
FR-000353,Church Marseille 026,France,FR,Provence-Alpes-Côte d'Azur,13,Marseille,"Church location in Marseille, Provence-Alpes-Côte d'Azur, France.",Church,Church,Religious Site,"Located in Marseille, Provence-Alpes-Côte d'Azur.",43.2915,5.3648,,353,No,Spring; Summer; Autumn,,,,
FR-000354,Abbey Bordeaux 026,France,FR,Nouvelle-Aquitaine,33,Bordeaux,"Abbey location in Bordeaux, Nouvelle-Aquitaine, France.",Abbey,Abbey,Religious Site,"Located in Bordeaux, Nouvelle-Aquitaine.",44.8348,-0.5822,,354,No,Spring; Summer; Autumn,,,,
FR-000355,Fortress Toulouse 026,France,FR,Occitanie,31,Toulouse,"Fortress location in Toulouse, Occitanie, France.",Fortress,Fortress,Historic Landmark,"Located in Toulouse, Occitanie.",43.6037,1.4432,,355,No,Spring; Summer; Autumn,,,,
FR-000356,Archaeological Site Lille 026,France,FR,Hauts-de-France,59,Lille,"Archaeological Site location in Lille, Hauts-de-France, France.",Archaeological Site,Archaeological Site,Historic Site,"Located in Lille, Hauts-de-France.",50.6302,3.0583,,356,No,Spring; Summer; Autumn,,,,
FR-000357,Zoo Strasbourg 026,France,FR,Grand Est,67,Strasbourg,"Zoo location in Strasbourg, Grand Est, France.",Zoo,Zoo,Family Attraction,"Located in Strasbourg, Grand Est.",48.5764,7.7551,,357,No,Spring; Summer; Autumn,,,,
FR-000358,Aquarium Nantes 026,France,FR,Pays de la Loire,44,Nantes,"Aquarium location in Nantes, Pays de la Loire, France.",Aquarium,Aquarium,Family Attraction,"Located in Nantes, Pays de la Loire.",47.2234,-1.5486,,358,No,Spring; Summer; Autumn,,,,
FR-000359,Botanical Garden Rennes 026,France,FR,Bretagne,35,Rennes,"Botanical Garden location in Rennes, Bretagne, France.",Botanical Garden,Botanical Garden,Nature & Recreation,"Located in Rennes, Bretagne.",48.1243,-1.6708,,359,No,Spring; Summer; Autumn,,,,
FR-000360,Marina Rouen 026,France,FR,Normandie,76,Rouen,"Marina location in Rouen, Normandie, France.",Marina,Marina,Leisure,"Located in Rouen, Normandie.",49.4522,1.1083,,360,No,Spring; Summer; Autumn,,,,
FR-000361,Historic Site Dijon 026,France,FR,Bourgogne-Franche-Comté,21,Dijon,"Historic Site location in Dijon, Bourgogne-Franche-Comté, France.",Historic Site,Historic Site,Landmark,"Located in Dijon, Bourgogne-Franche-Comté.",47.313,5.0325,,361,No,Spring; Summer; Autumn,,,,
FR-000362,Museum Tours 026,France,FR,Centre-Val de Loire,37,Tours,"Museum location in Tours, Centre-Val de Loire, France.",Museum,Museum,Cultural Attraction,"Located in Tours, Centre-Val de Loire.",47.3871,0.6778,,362,No,Spring; Summer; Autumn,,,,
FR-000363,Castle Ajaccio 026,France,FR,Corse,2A,Ajaccio,"Castle location in Ajaccio, Corse, France.",Castle,Castle,Historic Landmark,"Located in Ajaccio, Corse.",41.9142,8.7336,,363,No,Spring; Summer; Autumn,,,,
FR-000364,Cathedral Saint-Denis 026,France,FR,La Réunion,974,Saint-Denis,"Cathedral location in Saint-Denis, La Réunion, France.",Cathedral,Cathedral,Religious Site,"Located in Saint-Denis, La Réunion.",-20.8819,55.4451,,364,No,Spring; Summer; Autumn,,,,
FR-000365,Park Paris 027,France,FR,Île-de-France,75,Paris,"Park location in Paris, Île-de-France, France.",Park,Park,Nature & Recreation,"Located in Paris, Île-de-France.",48.8556,2.3512,,365,No,Spring; Summer; Autumn,,,,
FR-000366,Garden Lyon 027,France,FR,Auvergne-Rhône-Alpes,69,Lyon,"Garden location in Lyon, Auvergne-Rhône-Alpes, France.",Garden,Garden,Nature & Recreation,"Located in Lyon, Auvergne-Rhône-Alpes.",45.765,4.8367,,366,No,Spring; Summer; Autumn,,,,
FR-000367,Monument Marseille 027,France,FR,Provence-Alpes-Côte d'Azur,13,Marseille,"Monument location in Marseille, Provence-Alpes-Côte d'Azur, France.",Monument,Monument,Landmark,"Located in Marseille, Provence-Alpes-Côte d'Azur.",43.2995,5.3728,,367,No,Spring; Summer; Autumn,,,,
FR-000368,Beach Bordeaux 027,France,FR,Nouvelle-Aquitaine,33,Bordeaux,"Beach location in Bordeaux, Nouvelle-Aquitaine, France.",Beach,Beach,Nature & Recreation,"Located in Bordeaux, Nouvelle-Aquitaine.",44.8428,-0.5742,,368,No,Spring; Summer; Autumn,,,,
FR-000369,Viewpoint Toulouse 027,France,FR,Occitanie,31,Toulouse,"Viewpoint location in Toulouse, Occitanie, France.",Viewpoint,Viewpoint,Scenic Attraction,"Located in Toulouse, Occitanie.",43.6117,1.4512,,369,No,Spring; Summer; Autumn,,,,
FR-000370,Market Lille 027,France,FR,Hauts-de-France,59,Lille,"Market location in Lille, Hauts-de-France, France.",Market,Market,Local Attraction,"Located in Lille, Hauts-de-France.",50.6382,3.0663,,370,No,Spring; Summer; Autumn,,,,
FR-000371,Art Gallery Strasbourg 027,France,FR,Grand Est,67,Strasbourg,"Art Gallery location in Strasbourg, Grand Est, France.",Art Gallery,Art Gallery,Cultural Attraction,"Located in Strasbourg, Grand Est.",48.5644,7.7431,,371,No,Spring; Summer; Autumn,,,,
FR-000372,Theatre Nantes 027,France,FR,Pays de la Loire,44,Nantes,"Theatre location in Nantes, Pays de la Loire, France.",Theatre,Theatre,Performing Arts,"Located in Nantes, Pays de la Loire.",47.2114,-1.5606,,372,No,Spring; Summer; Autumn,,,,
FR-000373,Church Rennes 027,France,FR,Bretagne,35,Rennes,"Church location in Rennes, Bretagne, France.",Church,Church,Religious Site,"Located in Rennes, Bretagne.",48.1123,-1.6828,,373,No,Spring; Summer; Autumn,,,,
FR-000374,Abbey Rouen 027,France,FR,Normandie,76,Rouen,"Abbey location in Rouen, Normandie, France.",Abbey,Abbey,Religious Site,"Located in Rouen, Normandie.",49.4402,1.0963,,374,No,Spring; Summer; Autumn,,,,
FR-000375,Fortress Dijon 027,France,FR,Bourgogne-Franche-Comté,21,Dijon,"Fortress location in Dijon, Bourgogne-Franche-Comté, France.",Fortress,Fortress,Historic Landmark,"Located in Dijon, Bourgogne-Franche-Comté.",47.321,5.0405,,375,No,Spring; Summer; Autumn,,,,
FR-000376,Archaeological Site Tours 027,France,FR,Centre-Val de Loire,37,Tours,"Archaeological Site location in Tours, Centre-Val de Loire, France.",Archaeological Site,Archaeological Site,Historic Site,"Located in Tours, Centre-Val de Loire.",47.3951,0.6858,,376,No,Spring; Summer; Autumn,,,,
FR-000377,Zoo Ajaccio 027,France,FR,Corse,2A,Ajaccio,"Zoo location in Ajaccio, Corse, France.",Zoo,Zoo,Family Attraction,"Located in Ajaccio, Corse.",41.9222,8.7416,,377,No,Spring; Summer; Autumn,,,,
FR-000378,Aquarium Saint-Denis 027,France,FR,La Réunion,974,Saint-Denis,"Aquarium location in Saint-Denis, La Réunion, France.",Aquarium,Aquarium,Family Attraction,"Located in Saint-Denis, La Réunion.",-20.8739,55.4531,,378,No,Spring; Summer; Autumn,,,,
FR-000379,Botanical Garden Paris 028,France,FR,Île-de-France,75,Paris,"Botanical Garden location in Paris, Île-de-France, France.",Botanical Garden,Botanical Garden,Nature & Recreation,"Located in Paris, Île-de-France.",48.8636,2.3592,,379,No,Spring; Summer; Autumn,,,,
FR-000380,Marina Lyon 028,France,FR,Auvergne-Rhône-Alpes,69,Lyon,"Marina location in Lyon, Auvergne-Rhône-Alpes, France.",Marina,Marina,Leisure,"Located in Lyon, Auvergne-Rhône-Alpes.",45.773,4.8447,,380,No,Spring; Summer; Autumn,,,,
FR-000381,Historic Site Marseille 028,France,FR,Provence-Alpes-Côte d'Azur,13,Marseille,"Historic Site location in Marseille, Provence-Alpes-Côte d'Azur, France.",Historic Site,Historic Site,Landmark,"Located in Marseille, Provence-Alpes-Côte d'Azur.",43.2875,5.3608,,381,No,Spring; Summer; Autumn,,,,
FR-000382,Museum Bordeaux 028,France,FR,Nouvelle-Aquitaine,33,Bordeaux,"Museum location in Bordeaux, Nouvelle-Aquitaine, France.",Museum,Museum,Cultural Attraction,"Located in Bordeaux, Nouvelle-Aquitaine.",44.8308,-0.5862,,382,No,Spring; Summer; Autumn,,,,
FR-000383,Castle Toulouse 028,France,FR,Occitanie,31,Toulouse,"Castle location in Toulouse, Occitanie, France.",Castle,Castle,Historic Landmark,"Located in Toulouse, Occitanie.",43.5997,1.4392,,383,No,Spring; Summer; Autumn,,,,
FR-000384,Cathedral Lille 028,France,FR,Hauts-de-France,59,Lille,"Cathedral location in Lille, Hauts-de-France, France.",Cathedral,Cathedral,Religious Site,"Located in Lille, Hauts-de-France.",50.6262,3.0543,,384,No,Spring; Summer; Autumn,,,,
FR-000385,Park Strasbourg 028,France,FR,Grand Est,67,Strasbourg,"Park location in Strasbourg, Grand Est, France.",Park,Park,Nature & Recreation,"Located in Strasbourg, Grand Est.",48.5724,7.7511,,385,No,Spring; Summer; Autumn,,,,
FR-000386,Garden Nantes 028,France,FR,Pays de la Loire,44,Nantes,"Garden location in Nantes, Pays de la Loire, France.",Garden,Garden,Nature & Recreation,"Located in Nantes, Pays de la Loire.",47.2194,-1.5526,,386,No,Spring; Summer; Autumn,,,,
FR-000387,Monument Rennes 028,France,FR,Bretagne,35,Rennes,"Monument location in Rennes, Bretagne, France.",Monument,Monument,Landmark,"Located in Rennes, Bretagne.",48.1203,-1.6748,,387,No,Spring; Summer; Autumn,,,,
FR-000388,Beach Rouen 028,France,FR,Normandie,76,Rouen,"Beach location in Rouen, Normandie, France.",Beach,Beach,Nature & Recreation,"Located in Rouen, Normandie.",49.4482,1.1043,,388,No,Spring; Summer; Autumn,,,,
FR-000389,Viewpoint Dijon 028,France,FR,Bourgogne-Franche-Comté,21,Dijon,"Viewpoint location in Dijon, Bourgogne-Franche-Comté, France.",Viewpoint,Viewpoint,Scenic Attraction,"Located in Dijon, Bourgogne-Franche-Comté.",47.329,5.0485,,389,No,Spring; Summer; Autumn,,,,
FR-000390,Market Tours 028,France,FR,Centre-Val de Loire,37,Tours,"Market location in Tours, Centre-Val de Loire, France.",Market,Market,Local Attraction,"Located in Tours, Centre-Val de Loire.",47.4031,0.6938,,390,No,Spring; Summer; Autumn,,,,
FR-000391,Art Gallery Ajaccio 028,France,FR,Corse,2A,Ajaccio,"Art Gallery location in Ajaccio, Corse, France.",Art Gallery,Art Gallery,Cultural Attraction,"Located in Ajaccio, Corse.",41.9102,8.7296,,391,No,Spring; Summer; Autumn,,,,
FR-000392,Theatre Saint-Denis 028,France,FR,La Réunion,974,Saint-Denis,"Theatre location in Saint-Denis, La Réunion, France.",Theatre,Theatre,Performing Arts,"Located in Saint-Denis, La Réunion.",-20.8859,55.4411,,392,No,Spring; Summer; Autumn,,,,
FR-000393,Church Paris 029,France,FR,Île-de-France,75,Paris,"Church location in Paris, Île-de-France, France.",Church,Church,Religious Site,"Located in Paris, Île-de-France.",48.8516,2.3472,,393,No,Spring; Summer; Autumn,,,,
FR-000394,Abbey Lyon 029,France,FR,Auvergne-Rhône-Alpes,69,Lyon,"Abbey location in Lyon, Auvergne-Rhône-Alpes, France.",Abbey,Abbey,Religious Site,"Located in Lyon, Auvergne-Rhône-Alpes.",45.761,4.8327,,394,No,Spring; Summer; Autumn,,,,
FR-000395,Fortress Marseille 029,France,FR,Provence-Alpes-Côte d'Azur,13,Marseille,"Fortress location in Marseille, Provence-Alpes-Côte d'Azur, France.",Fortress,Fortress,Historic Landmark,"Located in Marseille, Provence-Alpes-Côte d'Azur.",43.2955,5.3688,,395,No,Spring; Summer; Autumn,,,,
FR-000396,Archaeological Site Bordeaux 029,France,FR,Nouvelle-Aquitaine,33,Bordeaux,"Archaeological Site location in Bordeaux, Nouvelle-Aquitaine, France.",Archaeological Site,Archaeological Site,Historic Site,"Located in Bordeaux, Nouvelle-Aquitaine.",44.8388,-0.5782,,396,No,Spring; Summer; Autumn,,,,
FR-000397,Zoo Toulouse 029,France,FR,Occitanie,31,Toulouse,"Zoo location in Toulouse, Occitanie, France.",Zoo,Zoo,Family Attraction,"Located in Toulouse, Occitanie.",43.6077,1.4472,,397,No,Spring; Summer; Autumn,,,,
FR-000398,Aquarium Lille 029,France,FR,Hauts-de-France,59,Lille,"Aquarium location in Lille, Hauts-de-France, France.",Aquarium,Aquarium,Family Attraction,"Located in Lille, Hauts-de-France.",50.6342,3.0623,,398,No,Spring; Summer; Autumn,,,,
FR-000399,Botanical Garden Strasbourg 029,France,FR,Grand Est,67,Strasbourg,"Botanical Garden location in Strasbourg, Grand Est, France.",Botanical Garden,Botanical Garden,Nature & Recreation,"Located in Strasbourg, Grand Est.",48.5804,7.7591,,399,No,Spring; Summer; Autumn,,,,
FR-000400,Marina Nantes 029,France,FR,Pays de la Loire,44,Nantes,"Marina location in Nantes, Pays de la Loire, France.",Marina,Marina,Leisure,"Located in Nantes, Pays de la Loire.",47.2274,-1.5446,,400,No,Spring; Summer; Autumn,,,,
FR-000401,Historic Site Rennes 029,France,FR,Bretagne,35,Rennes,"Historic Site location in Rennes, Bretagne, France.",Historic Site,Historic Site,Landmark,"Located in Rennes, Bretagne.",48.1083,-1.6868,,401,No,Spring; Summer; Autumn,,,,
FR-000402,Museum Rouen 029,France,FR,Normandie,76,Rouen,"Museum location in Rouen, Normandie, France.",Museum,Museum,Cultural Attraction,"Located in Rouen, Normandie.",49.4362,1.0923,,402,No,Spring; Summer; Autumn,,,,
FR-000403,Castle Dijon 029,France,FR,Bourgogne-Franche-Comté,21,Dijon,"Castle location in Dijon, Bourgogne-Franche-Comté, France.",Castle,Castle,Historic Landmark,"Located in Dijon, Bourgogne-Franche-Comté.",47.317,5.0365,,403,No,Spring; Summer; Autumn,,,,
FR-000404,Cathedral Tours 029,France,FR,Centre-Val de Loire,37,Tours,"Cathedral location in Tours, Centre-Val de Loire, France.",Cathedral,Cathedral,Religious Site,"Located in Tours, Centre-Val de Loire.",47.3911,0.6818,,404,No,Spring; Summer; Autumn,,,,
FR-000405,Park Ajaccio 029,France,FR,Corse,2A,Ajaccio,"Park location in Ajaccio, Corse, France.",Park,Park,Nature & Recreation,"Located in Ajaccio, Corse.",41.9182,8.7376,,405,No,Spring; Summer; Autumn,,,,
FR-000406,Garden Saint-Denis 029,France,FR,La Réunion,974,Saint-Denis,"Garden location in Saint-Denis, La Réunion, France.",Garden,Garden,Nature & Recreation,"Located in Saint-Denis, La Réunion.",-20.8779,55.4491,,406,No,Spring; Summer; Autumn,,,,
FR-000407,Monument Paris 030,France,FR,Île-de-France,75,Paris,"Monument location in Paris, Île-de-France, France.",Monument,Monument,Landmark,"Located in Paris, Île-de-France.",48.8596,2.3552,,407,No,Spring; Summer; Autumn,,,,
FR-000408,Beach Lyon 030,France,FR,Auvergne-Rhône-Alpes,69,Lyon,"Beach location in Lyon, Auvergne-Rhône-Alpes, France.",Beach,Beach,Nature & Recreation,"Located in Lyon, Auvergne-Rhône-Alpes.",45.769,4.8407,,408,No,Spring; Summer; Autumn,,,,
FR-000409,Viewpoint Marseille 030,France,FR,Provence-Alpes-Côte d'Azur,13,Marseille,"Viewpoint location in Marseille, Provence-Alpes-Côte d'Azur, France.",Viewpoint,Viewpoint,Scenic Attraction,"Located in Marseille, Provence-Alpes-Côte d'Azur.",43.3035,5.3768,,409,No,Spring; Summer; Autumn,,,,
FR-000410,Market Bordeaux 030,France,FR,Nouvelle-Aquitaine,33,Bordeaux,"Market location in Bordeaux, Nouvelle-Aquitaine, France.",Market,Market,Local Attraction,"Located in Bordeaux, Nouvelle-Aquitaine.",44.8468,-0.5702,,410,No,Spring; Summer; Autumn,,,,
FR-000411,Art Gallery Toulouse 030,France,FR,Occitanie,31,Toulouse,"Art Gallery location in Toulouse, Occitanie, France.",Art Gallery,Art Gallery,Cultural Attraction,"Located in Toulouse, Occitanie.",43.5957,1.4352,,411,No,Spring; Summer; Autumn,,,,
FR-000412,Theatre Lille 030,France,FR,Hauts-de-France,59,Lille,"Theatre location in Lille, Hauts-de-France, France.",Theatre,Theatre,Performing Arts,"Located in Lille, Hauts-de-France.",50.6222,3.0503,,412,No,Spring; Summer; Autumn,,,,
FR-000413,Church Strasbourg 030,France,FR,Grand Est,67,Strasbourg,"Church location in Strasbourg, Grand Est, France.",Church,Church,Religious Site,"Located in Strasbourg, Grand Est.",48.5684,7.7471,,413,No,Spring; Summer; Autumn,,,,
FR-000414,Abbey Nantes 030,France,FR,Pays de la Loire,44,Nantes,"Abbey location in Nantes, Pays de la Loire, France.",Abbey,Abbey,Religious Site,"Located in Nantes, Pays de la Loire.",47.2154,-1.5566,,414,No,Spring; Summer; Autumn,,,,
FR-000415,Fortress Rennes 030,France,FR,Bretagne,35,Rennes,"Fortress location in Rennes, Bretagne, France.",Fortress,Fortress,Historic Landmark,"Located in Rennes, Bretagne.",48.1163,-1.6788,,415,No,Spring; Summer; Autumn,,,,
FR-000416,Archaeological Site Rouen 030,France,FR,Normandie,76,Rouen,"Archaeological Site location in Rouen, Normandie, France.",Archaeological Site,Archaeological Site,Historic Site,"Located in Rouen, Normandie.",49.4442,1.1003,,416,No,Spring; Summer; Autumn,,,,
FR-000417,Zoo Dijon 030,France,FR,Bourgogne-Franche-Comté,21,Dijon,"Zoo location in Dijon, Bourgogne-Franche-Comté, France.",Zoo,Zoo,Family Attraction,"Located in Dijon, Bourgogne-Franche-Comté.",47.325,5.0445,,417,No,Spring; Summer; Autumn,,,,
FR-000418,Aquarium Tours 030,France,FR,Centre-Val de Loire,37,Tours,"Aquarium location in Tours, Centre-Val de Loire, France.",Aquarium,Aquarium,Family Attraction,"Located in Tours, Centre-Val de Loire.",47.3991,0.6898,,418,No,Spring; Summer; Autumn,,,,
FR-000419,Botanical Garden Ajaccio 030,France,FR,Corse,2A,Ajaccio,"Botanical Garden location in Ajaccio, Corse, France.",Botanical Garden,Botanical Garden,Nature & Recreation,"Located in Ajaccio, Corse.",41.9262,8.7456,,419,No,Spring; Summer; Autumn,,,,
FR-000420,Marina Saint-Denis 030,France,FR,La Réunion,974,Saint-Denis,"Marina location in Saint-Denis, La Réunion, France.",Marina,Marina,Leisure,"Located in Saint-Denis, La Réunion.",-20.8699,55.4571,,420,No,Spring; Summer; Autumn,,,,
FR-000421,Historic Site Paris 031,France,FR,Île-de-France,75,Paris,"Historic Site location in Paris, Île-de-France, France.",Historic Site,Historic Site,Landmark,"Located in Paris, Île-de-France.",48.8476,2.3432,,421,No,Spring; Summer; Autumn,,,,
FR-000422,Museum Lyon 031,France,FR,Auvergne-Rhône-Alpes,69,Lyon,"Museum location in Lyon, Auvergne-Rhône-Alpes, France.",Museum,Museum,Cultural Attraction,"Located in Lyon, Auvergne-Rhône-Alpes.",45.757,4.8287,,422,No,Spring; Summer; Autumn,,,,
FR-000423,Castle Marseille 031,France,FR,Provence-Alpes-Côte d'Azur,13,Marseille,"Castle location in Marseille, Provence-Alpes-Côte d'Azur, France.",Castle,Castle,Historic Landmark,"Located in Marseille, Provence-Alpes-Côte d'Azur.",43.2915,5.3648,,423,No,Spring; Summer; Autumn,,,,
FR-000424,Cathedral Bordeaux 031,France,FR,Nouvelle-Aquitaine,33,Bordeaux,"Cathedral location in Bordeaux, Nouvelle-Aquitaine, France.",Cathedral,Cathedral,Religious Site,"Located in Bordeaux, Nouvelle-Aquitaine.",44.8348,-0.5822,,424,No,Spring; Summer; Autumn,,,,
FR-000425,Park Toulouse 031,France,FR,Occitanie,31,Toulouse,"Park location in Toulouse, Occitanie, France.",Park,Park,Nature & Recreation,"Located in Toulouse, Occitanie.",43.6037,1.4432,,425,No,Spring; Summer; Autumn,,,,
FR-000426,Garden Lille 031,France,FR,Hauts-de-France,59,Lille,"Garden location in Lille, Hauts-de-France, France.",Garden,Garden,Nature & Recreation,"Located in Lille, Hauts-de-France.",50.6302,3.0583,,426,No,Spring; Summer; Autumn,,,,
FR-000427,Monument Strasbourg 031,France,FR,Grand Est,67,Strasbourg,"Monument location in Strasbourg, Grand Est, France.",Monument,Monument,Landmark,"Located in Strasbourg, Grand Est.",48.5764,7.7551,,427,No,Spring; Summer; Autumn,,,,
FR-000428,Beach Nantes 031,France,FR,Pays de la Loire,44,Nantes,"Beach location in Nantes, Pays de la Loire, France.",Beach,Beach,Nature & Recreation,"Located in Nantes, Pays de la Loire.",47.2234,-1.5486,,428,No,Spring; Summer; Autumn,,,,
FR-000429,Viewpoint Rennes 031,France,FR,Bretagne,35,Rennes,"Viewpoint location in Rennes, Bretagne, France.",Viewpoint,Viewpoint,Scenic Attraction,"Located in Rennes, Bretagne.",48.1243,-1.6708,,429,No,Spring; Summer; Autumn,,,,
FR-000430,Market Rouen 031,France,FR,Normandie,76,Rouen,"Market location in Rouen, Normandie, France.",Market,Market,Local Attraction,"Located in Rouen, Normandie.",49.4522,1.1083,,430,No,Spring; Summer; Autumn,,,,
FR-000431,Art Gallery Dijon 031,France,FR,Bourgogne-Franche-Comté,21,Dijon,"Art Gallery location in Dijon, Bourgogne-Franche-Comté, France.",Art Gallery,Art Gallery,Cultural Attraction,"Located in Dijon, Bourgogne-Franche-Comté.",47.313,5.0325,,431,No,Spring; Summer; Autumn,,,,
FR-000432,Theatre Tours 031,France,FR,Centre-Val de Loire,37,Tours,"Theatre location in Tours, Centre-Val de Loire, France.",Theatre,Theatre,Performing Arts,"Located in Tours, Centre-Val de Loire.",47.3871,0.6778,,432,No,Spring; Summer; Autumn,,,,
FR-000433,Church Ajaccio 031,France,FR,Corse,2A,Ajaccio,"Church location in Ajaccio, Corse, France.",Church,Church,Religious Site,"Located in Ajaccio, Corse.",41.9142,8.7336,,433,No,Spring; Summer; Autumn,,,,
FR-000434,Abbey Saint-Denis 031,France,FR,La Réunion,974,Saint-Denis,"Abbey location in Saint-Denis, La Réunion, France.",Abbey,Abbey,Religious Site,"Located in Saint-Denis, La Réunion.",-20.8819,55.4451,,434,No,Spring; Summer; Autumn,,,,
FR-000435,Fortress Paris 032,France,FR,Île-de-France,75,Paris,"Fortress location in Paris, Île-de-France, France.",Fortress,Fortress,Historic Landmark,"Located in Paris, Île-de-France.",48.8556,2.3512,,435,No,Spring; Summer; Autumn,,,,
FR-000436,Archaeological Site Lyon 032,France,FR,Auvergne-Rhône-Alpes,69,Lyon,"Archaeological Site location in Lyon, Auvergne-Rhône-Alpes, France.",Archaeological Site,Archaeological Site,Historic Site,"Located in Lyon, Auvergne-Rhône-Alpes.",45.765,4.8367,,436,No,Spring; Summer; Autumn,,,,
FR-000437,Zoo Marseille 032,France,FR,Provence-Alpes-Côte d'Azur,13,Marseille,"Zoo location in Marseille, Provence-Alpes-Côte d'Azur, France.",Zoo,Zoo,Family Attraction,"Located in Marseille, Provence-Alpes-Côte d'Azur.",43.2995,5.3728,,437,No,Spring; Summer; Autumn,,,,
FR-000438,Aquarium Bordeaux 032,France,FR,Nouvelle-Aquitaine,33,Bordeaux,"Aquarium location in Bordeaux, Nouvelle-Aquitaine, France.",Aquarium,Aquarium,Family Attraction,"Located in Bordeaux, Nouvelle-Aquitaine.",44.8428,-0.5742,,438,No,Spring; Summer; Autumn,,,,
FR-000439,Botanical Garden Toulouse 032,France,FR,Occitanie,31,Toulouse,"Botanical Garden location in Toulouse, Occitanie, France.",Botanical Garden,Botanical Garden,Nature & Recreation,"Located in Toulouse, Occitanie.",43.6117,1.4512,,439,No,Spring; Summer; Autumn,,,,
FR-000440,Marina Lille 032,France,FR,Hauts-de-France,59,Lille,"Marina location in Lille, Hauts-de-France, France.",Marina,Marina,Leisure,"Located in Lille, Hauts-de-France.",50.6382,3.0663,,440,No,Spring; Summer; Autumn,,,,
FR-000441,Historic Site Strasbourg 032,France,FR,Grand Est,67,Strasbourg,"Historic Site location in Strasbourg, Grand Est, France.",Historic Site,Historic Site,Landmark,"Located in Strasbourg, Grand Est.",48.5644,7.7431,,441,No,Spring; Summer; Autumn,,,,
FR-000442,Museum Nantes 032,France,FR,Pays de la Loire,44,Nantes,"Museum location in Nantes, Pays de la Loire, France.",Museum,Museum,Cultural Attraction,"Located in Nantes, Pays de la Loire.",47.2114,-1.5606,,442,No,Spring; Summer; Autumn,,,,
FR-000443,Castle Rennes 032,France,FR,Bretagne,35,Rennes,"Castle location in Rennes, Bretagne, France.",Castle,Castle,Historic Landmark,"Located in Rennes, Bretagne.",48.1123,-1.6828,,443,No,Spring; Summer; Autumn,,,,
FR-000444,Cathedral Rouen 032,France,FR,Normandie,76,Rouen,"Cathedral location in Rouen, Normandie, France.",Cathedral,Cathedral,Religious Site,"Located in Rouen, Normandie.",49.4402,1.0963,,444,No,Spring; Summer; Autumn,,,,
FR-000445,Park Dijon 032,France,FR,Bourgogne-Franche-Comté,21,Dijon,"Park location in Dijon, Bourgogne-Franche-Comté, France.",Park,Park,Nature & Recreation,"Located in Dijon, Bourgogne-Franche-Comté.",47.321,5.0405,,445,No,Spring; Summer; Autumn,,,,
FR-000446,Garden Tours 032,France,FR,Centre-Val de Loire,37,Tours,"Garden location in Tours, Centre-Val de Loire, France.",Garden,Garden,Nature & Recreation,"Located in Tours, Centre-Val de Loire.",47.3951,0.6858,,446,No,Spring; Summer; Autumn,,,,
FR-000447,Monument Ajaccio 032,France,FR,Corse,2A,Ajaccio,"Monument location in Ajaccio, Corse, France.",Monument,Monument,Landmark,"Located in Ajaccio, Corse.",41.9222,8.7416,,447,No,Spring; Summer; Autumn,,,,
FR-000448,Beach Saint-Denis 032,France,FR,La Réunion,974,Saint-Denis,"Beach location in Saint-Denis, La Réunion, France.",Beach,Beach,Nature & Recreation,"Located in Saint-Denis, La Réunion.",-20.8739,55.4531,,448,No,Spring; Summer; Autumn,,,,
FR-000449,Viewpoint Paris 033,France,FR,Île-de-France,75,Paris,"Viewpoint location in Paris, Île-de-France, France.",Viewpoint,Viewpoint,Scenic Attraction,"Located in Paris, Île-de-France.",48.8636,2.3592,,449,No,Spring; Summer; Autumn,,,,
FR-000450,Market Lyon 033,France,FR,Auvergne-Rhône-Alpes,69,Lyon,"Market location in Lyon, Auvergne-Rhône-Alpes, France.",Market,Market,Local Attraction,"Located in Lyon, Auvergne-Rhône-Alpes.",45.773,4.8447,,450,No,Spring; Summer; Autumn,,,,
FR-000451,Art Gallery Marseille 033,France,FR,Provence-Alpes-Côte d'Azur,13,Marseille,"Art Gallery location in Marseille, Provence-Alpes-Côte d'Azur, France.",Art Gallery,Art Gallery,Cultural Attraction,"Located in Marseille, Provence-Alpes-Côte d'Azur.",43.2875,5.3608,,451,No,Spring; Summer; Autumn,,,,
FR-000452,Theatre Bordeaux 033,France,FR,Nouvelle-Aquitaine,33,Bordeaux,"Theatre location in Bordeaux, Nouvelle-Aquitaine, France.",Theatre,Theatre,Performing Arts,"Located in Bordeaux, Nouvelle-Aquitaine.",44.8308,-0.5862,,452,No,Spring; Summer; Autumn,,,,
FR-000453,Church Toulouse 033,France,FR,Occitanie,31,Toulouse,"Church location in Toulouse, Occitanie, France.",Church,Church,Religious Site,"Located in Toulouse, Occitanie.",43.5997,1.4392,,453,No,Spring; Summer; Autumn,,,,
FR-000454,Abbey Lille 033,France,FR,Hauts-de-France,59,Lille,"Abbey location in Lille, Hauts-de-France, France.",Abbey,Abbey,Religious Site,"Located in Lille, Hauts-de-France.",50.6262,3.0543,,454,No,Spring; Summer; Autumn,,,,
FR-000455,Fortress Strasbourg 033,France,FR,Grand Est,67,Strasbourg,"Fortress location in Strasbourg, Grand Est, France.",Fortress,Fortress,Historic Landmark,"Located in Strasbourg, Grand Est.",48.5724,7.7511,,455,No,Spring; Summer; Autumn,,,,
FR-000456,Archaeological Site Nantes 033,France,FR,Pays de la Loire,44,Nantes,"Archaeological Site location in Nantes, Pays de la Loire, France.",Archaeological Site,Archaeological Site,Historic Site,"Located in Nantes, Pays de la Loire.",47.2194,-1.5526,,456,No,Spring; Summer; Autumn,,,,
FR-000457,Zoo Rennes 033,France,FR,Bretagne,35,Rennes,"Zoo location in Rennes, Bretagne, France.",Zoo,Zoo,Family Attraction,"Located in Rennes, Bretagne.",48.1203,-1.6748,,457,No,Spring; Summer; Autumn,,,,
FR-000458,Aquarium Rouen 033,France,FR,Normandie,76,Rouen,"Aquarium location in Rouen, Normandie, France.",Aquarium,Aquarium,Family Attraction,"Located in Rouen, Normandie.",49.4482,1.1043,,458,No,Spring; Summer; Autumn,,,,
FR-000459,Botanical Garden Dijon 033,France,FR,Bourgogne-Franche-Comté,21,Dijon,"Botanical Garden location in Dijon, Bourgogne-Franche-Comté, France.",Botanical Garden,Botanical Garden,Nature & Recreation,"Located in Dijon, Bourgogne-Franche-Comté.",47.329,5.0485,,459,No,Spring; Summer; Autumn,,,,
FR-000460,Marina Tours 033,France,FR,Centre-Val de Loire,37,Tours,"Marina location in Tours, Centre-Val de Loire, France.",Marina,Marina,Leisure,"Located in Tours, Centre-Val de Loire.",47.4031,0.6938,,460,No,Spring; Summer; Autumn,,,,
FR-000461,Historic Site Ajaccio 033,France,FR,Corse,2A,Ajaccio,"Historic Site location in Ajaccio, Corse, France.",Historic Site,Historic Site,Landmark,"Located in Ajaccio, Corse.",41.9102,8.7296,,461,No,Spring; Summer; Autumn,,,,
FR-000462,Museum Saint-Denis 033,France,FR,La Réunion,974,Saint-Denis,"Museum location in Saint-Denis, La Réunion, France.",Museum,Museum,Cultural Attraction,"Located in Saint-Denis, La Réunion.",-20.8859,55.4411,,462,No,Spring; Summer; Autumn,,,,
FR-000463,Castle Paris 034,France,FR,Île-de-France,75,Paris,"Castle location in Paris, Île-de-France, France.",Castle,Castle,Historic Landmark,"Located in Paris, Île-de-France.",48.8516,2.3472,,463,No,Spring; Summer; Autumn,,,,
FR-000464,Cathedral Lyon 034,France,FR,Auvergne-Rhône-Alpes,69,Lyon,"Cathedral location in Lyon, Auvergne-Rhône-Alpes, France.",Cathedral,Cathedral,Religious Site,"Located in Lyon, Auvergne-Rhône-Alpes.",45.761,4.8327,,464,No,Spring; Summer; Autumn,,,,
FR-000465,Park Marseille 034,France,FR,Provence-Alpes-Côte d'Azur,13,Marseille,"Park location in Marseille, Provence-Alpes-Côte d'Azur, France.",Park,Park,Nature & Recreation,"Located in Marseille, Provence-Alpes-Côte d'Azur.",43.2955,5.3688,,465,No,Spring; Summer; Autumn,,,,
FR-000466,Garden Bordeaux 034,France,FR,Nouvelle-Aquitaine,33,Bordeaux,"Garden location in Bordeaux, Nouvelle-Aquitaine, France.",Garden,Garden,Nature & Recreation,"Located in Bordeaux, Nouvelle-Aquitaine.",44.8388,-0.5782,,466,No,Spring; Summer; Autumn,,,,
FR-000467,Monument Toulouse 034,France,FR,Occitanie,31,Toulouse,"Monument location in Toulouse, Occitanie, France.",Monument,Monument,Landmark,"Located in Toulouse, Occitanie.",43.6077,1.4472,,467,No,Spring; Summer; Autumn,,,,
FR-000468,Beach Lille 034,France,FR,Hauts-de-France,59,Lille,"Beach location in Lille, Hauts-de-France, France.",Beach,Beach,Nature & Recreation,"Located in Lille, Hauts-de-France.",50.6342,3.0623,,468,No,Spring; Summer; Autumn,,,,
FR-000469,Viewpoint Strasbourg 034,France,FR,Grand Est,67,Strasbourg,"Viewpoint location in Strasbourg, Grand Est, France.",Viewpoint,Viewpoint,Scenic Attraction,"Located in Strasbourg, Grand Est.",48.5804,7.7591,,469,No,Spring; Summer; Autumn,,,,
FR-000470,Market Nantes 034,France,FR,Pays de la Loire,44,Nantes,"Market location in Nantes, Pays de la Loire, France.",Market,Market,Local Attraction,"Located in Nantes, Pays de la Loire.",47.2274,-1.5446,,470,No,Spring; Summer; Autumn,,,,
FR-000471,Art Gallery Rennes 034,France,FR,Bretagne,35,Rennes,"Art Gallery location in Rennes, Bretagne, France.",Art Gallery,Art Gallery,Cultural Attraction,"Located in Rennes, Bretagne.",48.1083,-1.6868,,471,No,Spring; Summer; Autumn,,,,
FR-000472,Theatre Rouen 034,France,FR,Normandie,76,Rouen,"Theatre location in Rouen, Normandie, France.",Theatre,Theatre,Performing Arts,"Located in Rouen, Normandie.",49.4362,1.0923,,472,No,Spring; Summer; Autumn,,,,
FR-000473,Church Dijon 034,France,FR,Bourgogne-Franche-Comté,21,Dijon,"Church location in Dijon, Bourgogne-Franche-Comté, France.",Church,Church,Religious Site,"Located in Dijon, Bourgogne-Franche-Comté.",47.317,5.0365,,473,No,Spring; Summer; Autumn,,,,
FR-000474,Abbey Tours 034,France,FR,Centre-Val de Loire,37,Tours,"Abbey location in Tours, Centre-Val de Loire, France.",Abbey,Abbey,Religious Site,"Located in Tours, Centre-Val de Loire.",47.3911,0.6818,,474,No,Spring; Summer; Autumn,,,,
FR-000475,Fortress Ajaccio 034,France,FR,Corse,2A,Ajaccio,"Fortress location in Ajaccio, Corse, France.",Fortress,Fortress,Historic Landmark,"Located in Ajaccio, Corse.",41.9182,8.7376,,475,No,Spring; Summer; Autumn,,,,
FR-000476,Archaeological Site Saint-Denis 034,France,FR,La Réunion,974,Saint-Denis,"Archaeological Site location in Saint-Denis, La Réunion, France.",Archaeological Site,Archaeological Site,Historic Site,"Located in Saint-Denis, La Réunion.",-20.8779,55.4491,,476,No,Spring; Summer; Autumn,,,,
FR-000477,Zoo Paris 035,France,FR,Île-de-France,75,Paris,"Zoo location in Paris, Île-de-France, France.",Zoo,Zoo,Family Attraction,"Located in Paris, Île-de-France.",48.8596,2.3552,,477,No,Spring; Summer; Autumn,,,,
FR-000478,Aquarium Lyon 035,France,FR,Auvergne-Rhône-Alpes,69,Lyon,"Aquarium location in Lyon, Auvergne-Rhône-Alpes, France.",Aquarium,Aquarium,Family Attraction,"Located in Lyon, Auvergne-Rhône-Alpes.",45.769,4.8407,,478,No,Spring; Summer; Autumn,,,,
FR-000479,Botanical Garden Marseille 035,France,FR,Provence-Alpes-Côte d'Azur,13,Marseille,"Botanical Garden location in Marseille, Provence-Alpes-Côte d'Azur, France.",Botanical Garden,Botanical Garden,Nature & Recreation,"Located in Marseille, Provence-Alpes-Côte d'Azur.",43.3035,5.3768,,479,No,Spring; Summer; Autumn,,,,
FR-000480,Marina Bordeaux 035,France,FR,Nouvelle-Aquitaine,33,Bordeaux,"Marina location in Bordeaux, Nouvelle-Aquitaine, France.",Marina,Marina,Leisure,"Located in Bordeaux, Nouvelle-Aquitaine.",44.8468,-0.5702,,480,No,Spring; Summer; Autumn,,,,
FR-000481,Historic Site Toulouse 035,France,FR,Occitanie,31,Toulouse,"Historic Site location in Toulouse, Occitanie, France.",Historic Site,Historic Site,Landmark,"Located in Toulouse, Occitanie.",43.5957,1.4352,,481,No,Spring; Summer; Autumn,,,,
FR-000482,Museum Lille 035,France,FR,Hauts-de-France,59,Lille,"Museum location in Lille, Hauts-de-France, France.",Museum,Museum,Cultural Attraction,"Located in Lille, Hauts-de-France.",50.6222,3.0503,,482,No,Spring; Summer; Autumn,,,,
FR-000483,Castle Strasbourg 035,France,FR,Grand Est,67,Strasbourg,"Castle location in Strasbourg, Grand Est, France.",Castle,Castle,Historic Landmark,"Located in Strasbourg, Grand Est.",48.5684,7.7471,,483,No,Spring; Summer; Autumn,,,,
FR-000484,Cathedral Nantes 035,France,FR,Pays de la Loire,44,Nantes,"Cathedral location in Nantes, Pays de la Loire, France.",Cathedral,Cathedral,Religious Site,"Located in Nantes, Pays de la Loire.",47.2154,-1.5566,,484,No,Spring; Summer; Autumn,,,,
FR-000485,Park Rennes 035,France,FR,Bretagne,35,Rennes,"Park location in Rennes, Bretagne, France.",Park,Park,Nature & Recreation,"Located in Rennes, Bretagne.",48.1163,-1.6788,,485,No,Spring; Summer; Autumn,,,,
FR-000486,Garden Rouen 035,France,FR,Normandie,76,Rouen,"Garden location in Rouen, Normandie, France.",Garden,Garden,Nature & Recreation,"Located in Rouen, Normandie.",49.4442,1.1003,,486,No,Spring; Summer; Autumn,,,,
FR-000487,Monument Dijon 035,France,FR,Bourgogne-Franche-Comté,21,Dijon,"Monument location in Dijon, Bourgogne-Franche-Comté, France.",Monument,Monument,Landmark,"Located in Dijon, Bourgogne-Franche-Comté.",47.325,5.0445,,487,No,Spring; Summer; Autumn,,,,
FR-000488,Beach Tours 035,France,FR,Centre-Val de Loire,37,Tours,"Beach location in Tours, Centre-Val de Loire, France.",Beach,Beach,Nature & Recreation,"Located in Tours, Centre-Val de Loire.",47.3991,0.6898,,488,No,Spring; Summer; Autumn,,,,
FR-000489,Viewpoint Ajaccio 035,France,FR,Corse,2A,Ajaccio,"Viewpoint location in Ajaccio, Corse, France.",Viewpoint,Viewpoint,Scenic Attraction,"Located in Ajaccio, Corse.",41.9262,8.7456,,489,No,Spring; Summer; Autumn,,,,
FR-000490,Market Saint-Denis 035,France,FR,La Réunion,974,Saint-Denis,"Market location in Saint-Denis, La Réunion, France.",Market,Market,Local Attraction,"Located in Saint-Denis, La Réunion.",-20.8699,55.4571,,490,No,Spring; Summer; Autumn,,,,
FR-000491,Art Gallery Paris 036,France,FR,Île-de-France,75,Paris,"Art Gallery location in Paris, Île-de-France, France.",Art Gallery,Art Gallery,Cultural Attraction,"Located in Paris, Île-de-France.",48.8476,2.3432,,491,No,Spring; Summer; Autumn,,,,
FR-000492,Theatre Lyon 036,France,FR,Auvergne-Rhône-Alpes,69,Lyon,"Theatre location in Lyon, Auvergne-Rhône-Alpes, France.",Theatre,Theatre,Performing Arts,"Located in Lyon, Auvergne-Rhône-Alpes.",45.757,4.8287,,492,No,Spring; Summer; Autumn,,,,
FR-000493,Church Marseille 036,France,FR,Provence-Alpes-Côte d'Azur,13,Marseille,"Church location in Marseille, Provence-Alpes-Côte d'Azur, France.",Church,Church,Religious Site,"Located in Marseille, Provence-Alpes-Côte d'Azur.",43.2915,5.3648,,493,No,Spring; Summer; Autumn,,,,
FR-000494,Abbey Bordeaux 036,France,FR,Nouvelle-Aquitaine,33,Bordeaux,"Abbey location in Bordeaux, Nouvelle-Aquitaine, France.",Abbey,Abbey,Religious Site,"Located in Bordeaux, Nouvelle-Aquitaine.",44.8348,-0.5822,,494,No,Spring; Summer; Autumn,,,,
FR-000495,Fortress Toulouse 036,France,FR,Occitanie,31,Toulouse,"Fortress location in Toulouse, Occitanie, France.",Fortress,Fortress,Historic Landmark,"Located in Toulouse, Occitanie.",43.6037,1.4432,,495,No,Spring; Summer; Autumn,,,,
FR-000496,Archaeological Site Lille 036,France,FR,Hauts-de-France,59,Lille,"Archaeological Site location in Lille, Hauts-de-France, France.",Archaeological Site,Archaeological Site,Historic Site,"Located in Lille, Hauts-de-France.",50.6302,3.0583,,496,No,Spring; Summer; Autumn,,,,
FR-000497,Zoo Strasbourg 036,France,FR,Grand Est,67,Strasbourg,"Zoo location in Strasbourg, Grand Est, France.",Zoo,Zoo,Family Attraction,"Located in Strasbourg, Grand Est.",48.5764,7.7551,,497,No,Spring; Summer; Autumn,,,,
FR-000498,Aquarium Nantes 036,France,FR,Pays de la Loire,44,Nantes,"Aquarium location in Nantes, Pays de la Loire, France.",Aquarium,Aquarium,Family Attraction,"Located in Nantes, Pays de la Loire.",47.2234,-1.5486,,498,No,Spring; Summer; Autumn,,,,
FR-000499,Botanical Garden Rennes 036,France,FR,Bretagne,35,Rennes,"Botanical Garden location in Rennes, Bretagne, France.",Botanical Garden,Botanical Garden,Nature & Recreation,"Located in Rennes, Bretagne.",48.1243,-1.6708,,499,No,Spring; Summer; Autumn,,,,
FR-000500,Marina Rouen 036,France,FR,Normandie,76,Rouen,"Marina location in Rouen, Normandie, France.",Marina,Marina,Leisure,"Located in Rouen, Normandie.",49.4522,1.1083,,500,No,Spring; Summer; Autumn,,,,
FR-000501,Historic Site Dijon 036,France,FR,Bourgogne-Franche-Comté,21,Dijon,"Historic Site location in Dijon, Bourgogne-Franche-Comté, France.",Historic Site,Historic Site,Landmark,"Located in Dijon, Bourgogne-Franche-Comté.",47.313,5.0325,,501,No,Spring; Summer; Autumn,,,,
FR-000502,Museum Tours 036,France,FR,Centre-Val de Loire,37,Tours,"Museum location in Tours, Centre-Val de Loire, France.",Museum,Museum,Cultural Attraction,"Located in Tours, Centre-Val de Loire.",47.3871,0.6778,,502,No,Spring; Summer; Autumn,,,,
FR-000503,Castle Ajaccio 036,France,FR,Corse,2A,Ajaccio,"Castle location in Ajaccio, Corse, France.",Castle,Castle,Historic Landmark,"Located in Ajaccio, Corse.",41.9142,8.7336,,503,No,Spring; Summer; Autumn,,,,
FR-000504,Cathedral Saint-Denis 036,France,FR,La Réunion,974,Saint-Denis,"Cathedral location in Saint-Denis, La Réunion, France.",Cathedral,Cathedral,Religious Site,"Located in Saint-Denis, La Réunion.",-20.8819,55.4451,,504,No,Spring; Summer; Autumn,,,,
FR-000505,Park Paris 037,France,FR,Île-de-France,75,Paris,"Park location in Paris, Île-de-France, France.",Park,Park,Nature & Recreation,"Located in Paris, Île-de-France.",48.8556,2.3512,,505,No,Spring; Summer; Autumn,,,,
FR-000506,Garden Lyon 037,France,FR,Auvergne-Rhône-Alpes,69,Lyon,"Garden location in Lyon, Auvergne-Rhône-Alpes, France.",Garden,Garden,Nature & Recreation,"Located in Lyon, Auvergne-Rhône-Alpes.",45.765,4.8367,,506,No,Spring; Summer; Autumn,,,,
FR-000507,Monument Marseille 037,France,FR,Provence-Alpes-Côte d'Azur,13,Marseille,"Monument location in Marseille, Provence-Alpes-Côte d'Azur, France.",Monument,Monument,Landmark,"Located in Marseille, Provence-Alpes-Côte d'Azur.",43.2995,5.3728,,507,No,Spring; Summer; Autumn,,,,
FR-000508,Beach Bordeaux 037,France,FR,Nouvelle-Aquitaine,33,Bordeaux,"Beach location in Bordeaux, Nouvelle-Aquitaine, France.",Beach,Beach,Nature & Recreation,"Located in Bordeaux, Nouvelle-Aquitaine.",44.8428,-0.5742,,508,No,Spring; Summer; Autumn,,,,
FR-000509,Viewpoint Toulouse 037,France,FR,Occitanie,31,Toulouse,"Viewpoint location in Toulouse, Occitanie, France.",Viewpoint,Viewpoint,Scenic Attraction,"Located in Toulouse, Occitanie.",43.6117,1.4512,,509,No,Spring; Summer; Autumn,,,,
FR-000510,Market Lille 037,France,FR,Hauts-de-France,59,Lille,"Market location in Lille, Hauts-de-France, France.",Market,Market,Local Attraction,"Located in Lille, Hauts-de-France.",50.6382,3.0663,,510,No,Spring; Summer; Autumn,,,,
FR-000511,Art Gallery Strasbourg 037,France,FR,Grand Est,67,Strasbourg,"Art Gallery location in Strasbourg, Grand Est, France.",Art Gallery,Art Gallery,Cultural Attraction,"Located in Strasbourg, Grand Est.",48.5644,7.7431,,511,No,Spring; Summer; Autumn,,,,
FR-000512,Theatre Nantes 037,France,FR,Pays de la Loire,44,Nantes,"Theatre location in Nantes, Pays de la Loire, France.",Theatre,Theatre,Performing Arts,"Located in Nantes, Pays de la Loire.",47.2114,-1.5606,,512,No,Spring; Summer; Autumn,,,,
FR-000513,Church Rennes 037,France,FR,Bretagne,35,Rennes,"Church location in Rennes, Bretagne, France.",Church,Church,Religious Site,"Located in Rennes, Bretagne.",48.1123,-1.6828,,513,No,Spring; Summer; Autumn,,,,
FR-000514,Abbey Rouen 037,France,FR,Normandie,76,Rouen,"Abbey location in Rouen, Normandie, France.",Abbey,Abbey,Religious Site,"Located in Rouen, Normandie.",49.4402,1.0963,,514,No,Spring; Summer; Autumn,,,,
FR-000515,Fortress Dijon 037,France,FR,Bourgogne-Franche-Comté,21,Dijon,"Fortress location in Dijon, Bourgogne-Franche-Comté, France.",Fortress,Fortress,Historic Landmark,"Located in Dijon, Bourgogne-Franche-Comté.",47.321,5.0405,,515,No,Spring; Summer; Autumn,,,,
FR-000516,Archaeological Site Tours 037,France,FR,Centre-Val de Loire,37,Tours,"Archaeological Site location in Tours, Centre-Val de Loire, France.",Archaeological Site,Archaeological Site,Historic Site,"Located in Tours, Centre-Val de Loire.",47.3951,0.6858,,516,No,Spring; Summer; Autumn,,,,
FR-000517,Zoo Ajaccio 037,France,FR,Corse,2A,Ajaccio,"Zoo location in Ajaccio, Corse, France.",Zoo,Zoo,Family Attraction,"Located in Ajaccio, Corse.",41.9222,8.7416,,517,No,Spring; Summer; Autumn,,,,
FR-000518,Aquarium Saint-Denis 037,France,FR,La Réunion,974,Saint-Denis,"Aquarium location in Saint-Denis, La Réunion, France.",Aquarium,Aquarium,Family Attraction,"Located in Saint-Denis, La Réunion.",-20.8739,55.4531,,518,No,Spring; Summer; Autumn,,,,
FR-000519,Botanical Garden Paris 038,France,FR,Île-de-France,75,Paris,"Botanical Garden location in Paris, Île-de-France, France.",Botanical Garden,Botanical Garden,Nature & Recreation,"Located in Paris, Île-de-France.",48.8636,2.3592,,519,No,Spring; Summer; Autumn,,,,
FR-000520,Marina Lyon 038,France,FR,Auvergne-Rhône-Alpes,69,Lyon,"Marina location in Lyon, Auvergne-Rhône-Alpes, France.",Marina,Marina,Leisure,"Located in Lyon, Auvergne-Rhône-Alpes.",45.773,4.8447,,520,No,Spring; Summer; Autumn,,,,
FR-000521,Historic Site Marseille 038,France,FR,Provence-Alpes-Côte d'Azur,13,Marseille,"Historic Site location in Marseille, Provence-Alpes-Côte d'Azur, France.",Historic Site,Historic Site,Landmark,"Located in Marseille, Provence-Alpes-Côte d'Azur.",43.2875,5.3608,,521,No,Spring; Summer; Autumn,,,,
FR-000522,Museum Bordeaux 038,France,FR,Nouvelle-Aquitaine,33,Bordeaux,"Museum location in Bordeaux, Nouvelle-Aquitaine, France.",Museum,Museum,Cultural Attraction,"Located in Bordeaux, Nouvelle-Aquitaine.",44.8308,-0.5862,,522,No,Spring; Summer; Autumn,,,,
FR-000523,Castle Toulouse 038,France,FR,Occitanie,31,Toulouse,"Castle location in Toulouse, Occitanie, France.",Castle,Castle,Historic Landmark,"Located in Toulouse, Occitanie.",43.5997,1.4392,,523,No,Spring; Summer; Autumn,,,,
FR-000524,Cathedral Lille 038,France,FR,Hauts-de-France,59,Lille,"Cathedral location in Lille, Hauts-de-France, France.",Cathedral,Cathedral,Religious Site,"Located in Lille, Hauts-de-France.",50.6262,3.0543,,524,No,Spring; Summer; Autumn,,,,
FR-000525,Park Strasbourg 038,France,FR,Grand Est,67,Strasbourg,"Park location in Strasbourg, Grand Est, France.",Park,Park,Nature & Recreation,"Located in Strasbourg, Grand Est.",48.5724,7.7511,,525,No,Spring; Summer; Autumn,,,,
FR-000526,Garden Nantes 038,France,FR,Pays de la Loire,44,Nantes,"Garden location in Nantes, Pays de la Loire, France.",Garden,Garden,Nature & Recreation,"Located in Nantes, Pays de la Loire.",47.2194,-1.5526,,526,No,Spring; Summer; Autumn,,,,
FR-000527,Monument Rennes 038,France,FR,Bretagne,35,Rennes,"Monument location in Rennes, Bretagne, France.",Monument,Monument,Landmark,"Located in Rennes, Bretagne.",48.1203,-1.6748,,527,No,Spring; Summer; Autumn,,,,
FR-000528,Beach Rouen 038,France,FR,Normandie,76,Rouen,"Beach location in Rouen, Normandie, France.",Beach,Beach,Nature & Recreation,"Located in Rouen, Normandie.",49.4482,1.1043,,528,No,Spring; Summer; Autumn,,,,
FR-000529,Viewpoint Dijon 038,France,FR,Bourgogne-Franche-Comté,21,Dijon,"Viewpoint location in Dijon, Bourgogne-Franche-Comté, France.",Viewpoint,Viewpoint,Scenic Attraction,"Located in Dijon, Bourgogne-Franche-Comté.",47.329,5.0485,,529,No,Spring; Summer; Autumn,,,,
FR-000530,Market Tours 038,France,FR,Centre-Val de Loire,37,Tours,"Market location in Tours, Centre-Val de Loire, France.",Market,Market,Local Attraction,"Located in Tours, Centre-Val de Loire.",47.4031,0.6938,,530,No,Spring; Summer; Autumn,,,,
FR-000531,Art Gallery Ajaccio 038,France,FR,Corse,2A,Ajaccio,"Art Gallery location in Ajaccio, Corse, France.",Art Gallery,Art Gallery,Cultural Attraction,"Located in Ajaccio, Corse.",41.9102,8.7296,,531,No,Spring; Summer; Autumn,,,,
FR-000532,Theatre Saint-Denis 038,France,FR,La Réunion,974,Saint-Denis,"Theatre location in Saint-Denis, La Réunion, France.",Theatre,Theatre,Performing Arts,"Located in Saint-Denis, La Réunion.",-20.8859,55.4411,,532,No,Spring; Summer; Autumn,,,,
FR-000533,Church Paris 039,France,FR,Île-de-France,75,Paris,"Church location in Paris, Île-de-France, France.",Church,Church,Religious Site,"Located in Paris, Île-de-France.",48.8516,2.3472,,533,No,Spring; Summer; Autumn,,,,
FR-000534,Abbey Lyon 039,France,FR,Auvergne-Rhône-Alpes,69,Lyon,"Abbey location in Lyon, Auvergne-Rhône-Alpes, France.",Abbey,Abbey,Religious Site,"Located in Lyon, Auvergne-Rhône-Alpes.",45.761,4.8327,,534,No,Spring; Summer; Autumn,,,,
FR-000535,Fortress Marseille 039,France,FR,Provence-Alpes-Côte d'Azur,13,Marseille,"Fortress location in Marseille, Provence-Alpes-Côte d'Azur, France.",Fortress,Fortress,Historic Landmark,"Located in Marseille, Provence-Alpes-Côte d'Azur.",43.2955,5.3688,,535,No,Spring; Summer; Autumn,,,,
FR-000536,Archaeological Site Bordeaux 039,France,FR,Nouvelle-Aquitaine,33,Bordeaux,"Archaeological Site location in Bordeaux, Nouvelle-Aquitaine, France.",Archaeological Site,Archaeological Site,Historic Site,"Located in Bordeaux, Nouvelle-Aquitaine.",44.8388,-0.5782,,536,No,Spring; Summer; Autumn,,,,
FR-000537,Zoo Toulouse 039,France,FR,Occitanie,31,Toulouse,"Zoo location in Toulouse, Occitanie, France.",Zoo,Zoo,Family Attraction,"Located in Toulouse, Occitanie.",43.6077,1.4472,,537,No,Spring; Summer; Autumn,,,,
FR-000538,Aquarium Lille 039,France,FR,Hauts-de-France,59,Lille,"Aquarium location in Lille, Hauts-de-France, France.",Aquarium,Aquarium,Family Attraction,"Located in Lille, Hauts-de-France.",50.6342,3.0623,,538,No,Spring; Summer; Autumn,,,,
FR-000539,Botanical Garden Strasbourg 039,France,FR,Grand Est,67,Strasbourg,"Botanical Garden location in Strasbourg, Grand Est, France.",Botanical Garden,Botanical Garden,Nature & Recreation,"Located in Strasbourg, Grand Est.",48.5804,7.7591,,539,No,Spring; Summer; Autumn,,,,
FR-000540,Marina Nantes 039,France,FR,Pays de la Loire,44,Nantes,"Marina location in Nantes, Pays de la Loire, France.",Marina,Marina,Leisure,"Located in Nantes, Pays de la Loire.",47.2274,-1.5446,,540,No,Spring; Summer; Autumn,,,,
FR-000541,Historic Site Rennes 039,France,FR,Bretagne,35,Rennes,"Historic Site location in Rennes, Bretagne, France.",Historic Site,Historic Site,Landmark,"Located in Rennes, Bretagne.",48.1083,-1.6868,,541,No,Spring; Summer; Autumn,,,,
FR-000542,Museum Rouen 039,France,FR,Normandie,76,Rouen,"Museum location in Rouen, Normandie, France.",Museum,Museum,Cultural Attraction,"Located in Rouen, Normandie.",49.4362,1.0923,,542,No,Spring; Summer; Autumn,,,,
FR-000543,Castle Dijon 039,France,FR,Bourgogne-Franche-Comté,21,Dijon,"Castle location in Dijon, Bourgogne-Franche-Comté, France.",Castle,Castle,Historic Landmark,"Located in Dijon, Bourgogne-Franche-Comté.",47.317,5.0365,,543,No,Spring; Summer; Autumn,,,,
FR-000544,Cathedral Tours 039,France,FR,Centre-Val de Loire,37,Tours,"Cathedral location in Tours, Centre-Val de Loire, France.",Cathedral,Cathedral,Religious Site,"Located in Tours, Centre-Val de Loire.",47.3911,0.6818,,544,No,Spring; Summer; Autumn,,,,
FR-000545,Park Ajaccio 039,France,FR,Corse,2A,Ajaccio,"Park location in Ajaccio, Corse, France.",Park,Park,Nature & Recreation,"Located in Ajaccio, Corse.",41.9182,8.7376,,545,No,Spring; Summer; Autumn,,,,
FR-000546,Garden Saint-Denis 039,France,FR,La Réunion,974,Saint-Denis,"Garden location in Saint-Denis, La Réunion, France.",Garden,Garden,Nature & Recreation,"Located in Saint-Denis, La Réunion.",-20.8779,55.4491,,546,No,Spring; Summer; Autumn,,,,
FR-000547,Monument Paris 040,France,FR,Île-de-France,75,Paris,"Monument location in Paris, Île-de-France, France.",Monument,Monument,Landmark,"Located in Paris, Île-de-France.",48.8596,2.3552,,547,No,Spring; Summer; Autumn,,,,
FR-000548,Beach Lyon 040,France,FR,Auvergne-Rhône-Alpes,69,Lyon,"Beach location in Lyon, Auvergne-Rhône-Alpes, France.",Beach,Beach,Nature & Recreation,"Located in Lyon, Auvergne-Rhône-Alpes.",45.769,4.8407,,548,No,Spring; Summer; Autumn,,,,
FR-000549,Viewpoint Marseille 040,France,FR,Provence-Alpes-Côte d'Azur,13,Marseille,"Viewpoint location in Marseille, Provence-Alpes-Côte d'Azur, France.",Viewpoint,Viewpoint,Scenic Attraction,"Located in Marseille, Provence-Alpes-Côte d'Azur.",43.3035,5.3768,,549,No,Spring; Summer; Autumn,,,,
FR-000550,Market Bordeaux 040,France,FR,Nouvelle-Aquitaine,33,Bordeaux,"Market location in Bordeaux, Nouvelle-Aquitaine, France.",Market,Market,Local Attraction,"Located in Bordeaux, Nouvelle-Aquitaine.",44.8468,-0.5702,,550,No,Spring; Summer; Autumn,,,,
FR-000551,Art Gallery Toulouse 040,France,FR,Occitanie,31,Toulouse,"Art Gallery location in Toulouse, Occitanie, France.",Art Gallery,Art Gallery,Cultural Attraction,"Located in Toulouse, Occitanie.",43.5957,1.4352,,551,No,Spring; Summer; Autumn,,,,
FR-000552,Theatre Lille 040,France,FR,Hauts-de-France,59,Lille,"Theatre location in Lille, Hauts-de-France, France.",Theatre,Theatre,Performing Arts,"Located in Lille, Hauts-de-France.",50.6222,3.0503,,552,No,Spring; Summer; Autumn,,,,
FR-000553,Church Strasbourg 040,France,FR,Grand Est,67,Strasbourg,"Church location in Strasbourg, Grand Est, France.",Church,Church,Religious Site,"Located in Strasbourg, Grand Est.",48.5684,7.7471,,553,No,Spring; Summer; Autumn,,,,
FR-000554,Abbey Nantes 040,France,FR,Pays de la Loire,44,Nantes,"Abbey location in Nantes, Pays de la Loire, France.",Abbey,Abbey,Religious Site,"Located in Nantes, Pays de la Loire.",47.2154,-1.5566,,554,No,Spring; Summer; Autumn,,,,
FR-000555,Fortress Rennes 040,France,FR,Bretagne,35,Rennes,"Fortress location in Rennes, Bretagne, France.",Fortress,Fortress,Historic Landmark,"Located in Rennes, Bretagne.",48.1163,-1.6788,,555,No,Spring; Summer; Autumn,,,,
FR-000556,Archaeological Site Rouen 040,France,FR,Normandie,76,Rouen,"Archaeological Site location in Rouen, Normandie, France.",Archaeological Site,Archaeological Site,Historic Site,"Located in Rouen, Normandie.",49.4442,1.1003,,556,No,Spring; Summer; Autumn,,,,
FR-000557,Zoo Dijon 040,France,FR,Bourgogne-Franche-Comté,21,Dijon,"Zoo location in Dijon, Bourgogne-Franche-Comté, France.",Zoo,Zoo,Family Attraction,"Located in Dijon, Bourgogne-Franche-Comté.",47.325,5.0445,,557,No,Spring; Summer; Autumn,,,,
FR-000558,Aquarium Tours 040,France,FR,Centre-Val de Loire,37,Tours,"Aquarium location in Tours, Centre-Val de Loire, France.",Aquarium,Aquarium,Family Attraction,"Located in Tours, Centre-Val de Loire.",47.3991,0.6898,,558,No,Spring; Summer; Autumn,,,,
FR-000559,Botanical Garden Ajaccio 040,France,FR,Corse,2A,Ajaccio,"Botanical Garden location in Ajaccio, Corse, France.",Botanical Garden,Botanical Garden,Nature & Recreation,"Located in Ajaccio, Corse.",41.9262,8.7456,,559,No,Spring; Summer; Autumn,,,,
FR-000560,Marina Saint-Denis 040,France,FR,La Réunion,974,Saint-Denis,"Marina location in Saint-Denis, La Réunion, France.",Marina,Marina,Leisure,"Located in Saint-Denis, La Réunion.",-20.8699,55.4571,,560,No,Spring; Summer; Autumn,,,,
FR-000561,Historic Site Paris 041,France,FR,Île-de-France,75,Paris,"Historic Site location in Paris, Île-de-France, France.",Historic Site,Historic Site,Landmark,"Located in Paris, Île-de-France.",48.8476,2.3432,,561,No,Spring; Summer; Autumn,,,,
FR-000562,Museum Lyon 041,France,FR,Auvergne-Rhône-Alpes,69,Lyon,"Museum location in Lyon, Auvergne-Rhône-Alpes, France.",Museum,Museum,Cultural Attraction,"Located in Lyon, Auvergne-Rhône-Alpes.",45.757,4.8287,,562,No,Spring; Summer; Autumn,,,,
FR-000563,Castle Marseille 041,France,FR,Provence-Alpes-Côte d'Azur,13,Marseille,"Castle location in Marseille, Provence-Alpes-Côte d'Azur, France.",Castle,Castle,Historic Landmark,"Located in Marseille, Provence-Alpes-Côte d'Azur.",43.2915,5.3648,,563,No,Spring; Summer; Autumn,,,,
FR-000564,Cathedral Bordeaux 041,France,FR,Nouvelle-Aquitaine,33,Bordeaux,"Cathedral location in Bordeaux, Nouvelle-Aquitaine, France.",Cathedral,Cathedral,Religious Site,"Located in Bordeaux, Nouvelle-Aquitaine.",44.8348,-0.5822,,564,No,Spring; Summer; Autumn,,,,
FR-000565,Park Toulouse 041,France,FR,Occitanie,31,Toulouse,"Park location in Toulouse, Occitanie, France.",Park,Park,Nature & Recreation,"Located in Toulouse, Occitanie.",43.6037,1.4432,,565,No,Spring; Summer; Autumn,,,,
FR-000566,Garden Lille 041,France,FR,Hauts-de-France,59,Lille,"Garden location in Lille, Hauts-de-France, France.",Garden,Garden,Nature & Recreation,"Located in Lille, Hauts-de-France.",50.6302,3.0583,,566,No,Spring; Summer; Autumn,,,,
FR-000567,Monument Strasbourg 041,France,FR,Grand Est,67,Strasbourg,"Monument location in Strasbourg, Grand Est, France.",Monument,Monument,Landmark,"Located in Strasbourg, Grand Est.",48.5764,7.7551,,567,No,Spring; Summer; Autumn,,,,
FR-000568,Beach Nantes 041,France,FR,Pays de la Loire,44,Nantes,"Beach location in Nantes, Pays de la Loire, France.",Beach,Beach,Nature & Recreation,"Located in Nantes, Pays de la Loire.",47.2234,-1.5486,,568,No,Spring; Summer; Autumn,,,,
FR-000569,Viewpoint Rennes 041,France,FR,Bretagne,35,Rennes,"Viewpoint location in Rennes, Bretagne, France.",Viewpoint,Viewpoint,Scenic Attraction,"Located in Rennes, Bretagne.",48.1243,-1.6708,,569,No,Spring; Summer; Autumn,,,,
FR-000570,Market Rouen 041,France,FR,Normandie,76,Rouen,"Market location in Rouen, Normandie, France.",Market,Market,Local Attraction,"Located in Rouen, Normandie.",49.4522,1.1083,,570,No,Spring; Summer; Autumn,,,,
FR-000571,Art Gallery Dijon 041,France,FR,Bourgogne-Franche-Comté,21,Dijon,"Art Gallery location in Dijon, Bourgogne-Franche-Comté, France.",Art Gallery,Art Gallery,Cultural Attraction,"Located in Dijon, Bourgogne-Franche-Comté.",47.313,5.0325,,571,No,Spring; Summer; Autumn,,,,
FR-000572,Theatre Tours 041,France,FR,Centre-Val de Loire,37,Tours,"Theatre location in Tours, Centre-Val de Loire, France.",Theatre,Theatre,Performing Arts,"Located in Tours, Centre-Val de Loire.",47.3871,0.6778,,572,No,Spring; Summer; Autumn,,,,
FR-000573,Church Ajaccio 041,France,FR,Corse,2A,Ajaccio,"Church location in Ajaccio, Corse, France.",Church,Church,Religious Site,"Located in Ajaccio, Corse.",41.9142,8.7336,,573,No,Spring; Summer; Autumn,,,,
FR-000574,Abbey Saint-Denis 041,France,FR,La Réunion,974,Saint-Denis,"Abbey location in Saint-Denis, La Réunion, France.",Abbey,Abbey,Religious Site,"Located in Saint-Denis, La Réunion.",-20.8819,55.4451,,574,No,Spring; Summer; Autumn,,,,
FR-000575,Fortress Paris 042,France,FR,Île-de-France,75,Paris,"Fortress location in Paris, Île-de-France, France.",Fortress,Fortress,Historic Landmark,"Located in Paris, Île-de-France.",48.8556,2.3512,,575,No,Spring; Summer; Autumn,,,,
FR-000576,Archaeological Site Lyon 042,France,FR,Auvergne-Rhône-Alpes,69,Lyon,"Archaeological Site location in Lyon, Auvergne-Rhône-Alpes, France.",Archaeological Site,Archaeological Site,Historic Site,"Located in Lyon, Auvergne-Rhône-Alpes.",45.765,4.8367,,576,No,Spring; Summer; Autumn,,,,
FR-000577,Zoo Marseille 042,France,FR,Provence-Alpes-Côte d'Azur,13,Marseille,"Zoo location in Marseille, Provence-Alpes-Côte d'Azur, France.",Zoo,Zoo,Family Attraction,"Located in Marseille, Provence-Alpes-Côte d'Azur.",43.2995,5.3728,,577,No,Spring; Summer; Autumn,,,,
FR-000578,Aquarium Bordeaux 042,France,FR,Nouvelle-Aquitaine,33,Bordeaux,"Aquarium location in Bordeaux, Nouvelle-Aquitaine, France.",Aquarium,Aquarium,Family Attraction,"Located in Bordeaux, Nouvelle-Aquitaine.",44.8428,-0.5742,,578,No,Spring; Summer; Autumn,,,,
FR-000579,Botanical Garden Toulouse 042,France,FR,Occitanie,31,Toulouse,"Botanical Garden location in Toulouse, Occitanie, France.",Botanical Garden,Botanical Garden,Nature & Recreation,"Located in Toulouse, Occitanie.",43.6117,1.4512,,579,No,Spring; Summer; Autumn,,,,
FR-000580,Marina Lille 042,France,FR,Hauts-de-France,59,Lille,"Marina location in Lille, Hauts-de-France, France.",Marina,Marina,Leisure,"Located in Lille, Hauts-de-France.",50.6382,3.0663,,580,No,Spring; Summer; Autumn,,,,
FR-000581,Historic Site Strasbourg 042,France,FR,Grand Est,67,Strasbourg,"Historic Site location in Strasbourg, Grand Est, France.",Historic Site,Historic Site,Landmark,"Located in Strasbourg, Grand Est.",48.5644,7.7431,,581,No,Spring; Summer; Autumn,,,,
FR-000582,Museum Nantes 042,France,FR,Pays de la Loire,44,Nantes,"Museum location in Nantes, Pays de la Loire, France.",Museum,Museum,Cultural Attraction,"Located in Nantes, Pays de la Loire.",47.2114,-1.5606,,582,No,Spring; Summer; Autumn,,,,
FR-000583,Castle Rennes 042,France,FR,Bretagne,35,Rennes,"Castle location in Rennes, Bretagne, France.",Castle,Castle,Historic Landmark,"Located in Rennes, Bretagne.",48.1123,-1.6828,,583,No,Spring; Summer; Autumn,,,,
FR-000584,Cathedral Rouen 042,France,FR,Normandie,76,Rouen,"Cathedral location in Rouen, Normandie, France.",Cathedral,Cathedral,Religious Site,"Located in Rouen, Normandie.",49.4402,1.0963,,584,No,Spring; Summer; Autumn,,,,
FR-000585,Park Dijon 042,France,FR,Bourgogne-Franche-Comté,21,Dijon,"Park location in Dijon, Bourgogne-Franche-Comté, France.",Park,Park,Nature & Recreation,"Located in Dijon, Bourgogne-Franche-Comté.",47.321,5.0405,,585,No,Spring; Summer; Autumn,,,,
FR-000586,Garden Tours 042,France,FR,Centre-Val de Loire,37,Tours,"Garden location in Tours, Centre-Val de Loire, France.",Garden,Garden,Nature & Recreation,"Located in Tours, Centre-Val de Loire.",47.3951,0.6858,,586,No,Spring; Summer; Autumn,,,,
FR-000587,Monument Ajaccio 042,France,FR,Corse,2A,Ajaccio,"Monument location in Ajaccio, Corse, France.",Monument,Monument,Landmark,"Located in Ajaccio, Corse.",41.9222,8.7416,,587,No,Spring; Summer; Autumn,,,,
FR-000588,Beach Saint-Denis 042,France,FR,La Réunion,974,Saint-Denis,"Beach location in Saint-Denis, La Réunion, France.",Beach,Beach,Nature & Recreation,"Located in Saint-Denis, La Réunion.",-20.8739,55.4531,,588,No,Spring; Summer; Autumn,,,,
FR-000589,Viewpoint Paris 043,France,FR,Île-de-France,75,Paris,"Viewpoint location in Paris, Île-de-France, France.",Viewpoint,Viewpoint,Scenic Attraction,"Located in Paris, Île-de-France.",48.8636,2.3592,,589,No,Spring; Summer; Autumn,,,,
FR-000590,Market Lyon 043,France,FR,Auvergne-Rhône-Alpes,69,Lyon,"Market location in Lyon, Auvergne-Rhône-Alpes, France.",Market,Market,Local Attraction,"Located in Lyon, Auvergne-Rhône-Alpes.",45.773,4.8447,,590,No,Spring; Summer; Autumn,,,,
FR-000591,Art Gallery Marseille 043,France,FR,Provence-Alpes-Côte d'Azur,13,Marseille,"Art Gallery location in Marseille, Provence-Alpes-Côte d'Azur, France.",Art Gallery,Art Gallery,Cultural Attraction,"Located in Marseille, Provence-Alpes-Côte d'Azur.",43.2875,5.3608,,591,No,Spring; Summer; Autumn,,,,
FR-000592,Theatre Bordeaux 043,France,FR,Nouvelle-Aquitaine,33,Bordeaux,"Theatre location in Bordeaux, Nouvelle-Aquitaine, France.",Theatre,Theatre,Performing Arts,"Located in Bordeaux, Nouvelle-Aquitaine.",44.8308,-0.5862,,592,No,Spring; Summer; Autumn,,,,
FR-000593,Church Toulouse 043,France,FR,Occitanie,31,Toulouse,"Church location in Toulouse, Occitanie, France.",Church,Church,Religious Site,"Located in Toulouse, Occitanie.",43.5997,1.4392,,593,No,Spring; Summer; Autumn,,,,
FR-000594,Abbey Lille 043,France,FR,Hauts-de-France,59,Lille,"Abbey location in Lille, Hauts-de-France, France.",Abbey,Abbey,Religious Site,"Located in Lille, Hauts-de-France.",50.6262,3.0543,,594,No,Spring; Summer; Autumn,,,,
FR-000595,Fortress Strasbourg 043,France,FR,Grand Est,67,Strasbourg,"Fortress location in Strasbourg, Grand Est, France.",Fortress,Fortress,Historic Landmark,"Located in Strasbourg, Grand Est.",48.5724,7.7511,,595,No,Spring; Summer; Autumn,,,,
FR-000596,Archaeological Site Nantes 043,France,FR,Pays de la Loire,44,Nantes,"Archaeological Site location in Nantes, Pays de la Loire, France.",Archaeological Site,Archaeological Site,Historic Site,"Located in Nantes, Pays de la Loire.",47.2194,-1.5526,,596,No,Spring; Summer; Autumn,,,,
FR-000597,Zoo Rennes 043,France,FR,Bretagne,35,Rennes,"Zoo location in Rennes, Bretagne, France.",Zoo,Zoo,Family Attraction,"Located in Rennes, Bretagne.",48.1203,-1.6748,,597,No,Spring; Summer; Autumn,,,,
FR-000598,Aquarium Rouen 043,France,FR,Normandie,76,Rouen,"Aquarium location in Rouen, Normandie, France.",Aquarium,Aquarium,Family Attraction,"Located in Rouen, Normandie.",49.4482,1.1043,,598,No,Spring; Summer; Autumn,,,,
FR-000599,Botanical Garden Dijon 043,France,FR,Bourgogne-Franche-Comté,21,Dijon,"Botanical Garden location in Dijon, Bourgogne-Franche-Comté, France.",Botanical Garden,Botanical Garden,Nature & Recreation,"Located in Dijon, Bourgogne-Franche-Comté.",47.329,5.0485,,599,No,Spring; Summer; Autumn,,,,
FR-000600,Marina Tours 043,France,FR,Centre-Val de Loire,37,Tours,"Marina location in Tours, Centre-Val de Loire, France.",Marina,Marina,Leisure,"Located in Tours, Centre-Val de Loire.",47.4031,0.6938,,600,No,Spring; Summer; Autumn,,,,
FR-000601,Historic Site Ajaccio 043,France,FR,Corse,2A,Ajaccio,"Historic Site location in Ajaccio, Corse, France.",Historic Site,Historic Site,Landmark,"Located in Ajaccio, Corse.",41.9102,8.7296,,601,No,Spring; Summer; Autumn,,,,
FR-000602,Museum Saint-Denis 043,France,FR,La Réunion,974,Saint-Denis,"Museum location in Saint-Denis, La Réunion, France.",Museum,Museum,Cultural Attraction,"Located in Saint-Denis, La Réunion.",-20.8859,55.4411,,602,No,Spring; Summer; Autumn,,,,
FR-000603,Castle Paris 044,France,FR,Île-de-France,75,Paris,"Castle location in Paris, Île-de-France, France.",Castle,Castle,Historic Landmark,"Located in Paris, Île-de-France.",48.8516,2.3472,,603,No,Spring; Summer; Autumn,,,,
FR-000604,Cathedral Lyon 044,France,FR,Auvergne-Rhône-Alpes,69,Lyon,"Cathedral location in Lyon, Auvergne-Rhône-Alpes, France.",Cathedral,Cathedral,Religious Site,"Located in Lyon, Auvergne-Rhône-Alpes.",45.761,4.8327,,604,No,Spring; Summer; Autumn,,,,
FR-000605,Park Marseille 044,France,FR,Provence-Alpes-Côte d'Azur,13,Marseille,"Park location in Marseille, Provence-Alpes-Côte d'Azur, France.",Park,Park,Nature & Recreation,"Located in Marseille, Provence-Alpes-Côte d'Azur.",43.2955,5.3688,,605,No,Spring; Summer; Autumn,,,,
FR-000606,Garden Bordeaux 044,France,FR,Nouvelle-Aquitaine,33,Bordeaux,"Garden location in Bordeaux, Nouvelle-Aquitaine, France.",Garden,Garden,Nature & Recreation,"Located in Bordeaux, Nouvelle-Aquitaine.",44.8388,-0.5782,,606,No,Spring; Summer; Autumn,,,,
FR-000607,Monument Toulouse 044,France,FR,Occitanie,31,Toulouse,"Monument location in Toulouse, Occitanie, France.",Monument,Monument,Landmark,"Located in Toulouse, Occitanie.",43.6077,1.4472,,607,No,Spring; Summer; Autumn,,,,
FR-000608,Beach Lille 044,France,FR,Hauts-de-France,59,Lille,"Beach location in Lille, Hauts-de-France, France.",Beach,Beach,Nature & Recreation,"Located in Lille, Hauts-de-France.",50.6342,3.0623,,608,No,Spring; Summer; Autumn,,,,
FR-000609,Viewpoint Strasbourg 044,France,FR,Grand Est,67,Strasbourg,"Viewpoint location in Strasbourg, Grand Est, France.",Viewpoint,Viewpoint,Scenic Attraction,"Located in Strasbourg, Grand Est.",48.5804,7.7591,,609,No,Spring; Summer; Autumn,,,,
FR-000610,Market Nantes 044,France,FR,Pays de la Loire,44,Nantes,"Market location in Nantes, Pays de la Loire, France.",Market,Market,Local Attraction,"Located in Nantes, Pays de la Loire.",47.2274,-1.5446,,610,No,Spring; Summer; Autumn,,,,
FR-000611,Art Gallery Rennes 044,France,FR,Bretagne,35,Rennes,"Art Gallery location in Rennes, Bretagne, France.",Art Gallery,Art Gallery,Cultural Attraction,"Located in Rennes, Bretagne.",48.1083,-1.6868,,611,No,Spring; Summer; Autumn,,,,
FR-000612,Theatre Rouen 044,France,FR,Normandie,76,Rouen,"Theatre location in Rouen, Normandie, France.",Theatre,Theatre,Performing Arts,"Located in Rouen, Normandie.",49.4362,1.0923,,612,No,Spring; Summer; Autumn,,,,
FR-000613,Church Dijon 044,France,FR,Bourgogne-Franche-Comté,21,Dijon,"Church location in Dijon, Bourgogne-Franche-Comté, France.",Church,Church,Religious Site,"Located in Dijon, Bourgogne-Franche-Comté.",47.317,5.0365,,613,No,Spring; Summer; Autumn,,,,
FR-000614,Abbey Tours 044,France,FR,Centre-Val de Loire,37,Tours,"Abbey location in Tours, Centre-Val de Loire, France.",Abbey,Abbey,Religious Site,"Located in Tours, Centre-Val de Loire.",47.3911,0.6818,,614,No,Spring; Summer; Autumn,,,,
FR-000615,Fortress Ajaccio 044,France,FR,Corse,2A,Ajaccio,"Fortress location in Ajaccio, Corse, France.",Fortress,Fortress,Historic Landmark,"Located in Ajaccio, Corse.",41.9182,8.7376,,615,No,Spring; Summer; Autumn,,,,
FR-000616,Archaeological Site Saint-Denis 044,France,FR,La Réunion,974,Saint-Denis,"Archaeological Site location in Saint-Denis, La Réunion, France.",Archaeological Site,Archaeological Site,Historic Site,"Located in Saint-Denis, La Réunion.",-20.8779,55.4491,,616,No,Spring; Summer; Autumn,,,,
FR-000617,Zoo Paris 045,France,FR,Île-de-France,75,Paris,"Zoo location in Paris, Île-de-France, France.",Zoo,Zoo,Family Attraction,"Located in Paris, Île-de-France.",48.8596,2.3552,,617,No,Spring; Summer; Autumn,,,,
FR-000618,Aquarium Lyon 045,France,FR,Auvergne-Rhône-Alpes,69,Lyon,"Aquarium location in Lyon, Auvergne-Rhône-Alpes, France.",Aquarium,Aquarium,Family Attraction,"Located in Lyon, Auvergne-Rhône-Alpes.",45.769,4.8407,,618,No,Spring; Summer; Autumn,,,,
FR-000619,Botanical Garden Marseille 045,France,FR,Provence-Alpes-Côte d'Azur,13,Marseille,"Botanical Garden location in Marseille, Provence-Alpes-Côte d'Azur, France.",Botanical Garden,Botanical Garden,Nature & Recreation,"Located in Marseille, Provence-Alpes-Côte d'Azur.",43.3035,5.3768,,619,No,Spring; Summer; Autumn,,,,
FR-000620,Marina Bordeaux 045,France,FR,Nouvelle-Aquitaine,33,Bordeaux,"Marina location in Bordeaux, Nouvelle-Aquitaine, France.",Marina,Marina,Leisure,"Located in Bordeaux, Nouvelle-Aquitaine.",44.8468,-0.5702,,620,No,Spring; Summer; Autumn,,,,
FR-000621,Historic Site Toulouse 045,France,FR,Occitanie,31,Toulouse,"Historic Site location in Toulouse, Occitanie, France.",Historic Site,Historic Site,Landmark,"Located in Toulouse, Occitanie.",43.5957,1.4352,,621,No,Spring; Summer; Autumn,,,,
FR-000622,Museum Lille 045,France,FR,Hauts-de-France,59,Lille,"Museum location in Lille, Hauts-de-France, France.",Museum,Museum,Cultural Attraction,"Located in Lille, Hauts-de-France.",50.6222,3.0503,,622,No,Spring; Summer; Autumn,,,,
FR-000623,Castle Strasbourg 045,France,FR,Grand Est,67,Strasbourg,"Castle location in Strasbourg, Grand Est, France.",Castle,Castle,Historic Landmark,"Located in Strasbourg, Grand Est.",48.5684,7.7471,,623,No,Spring; Summer; Autumn,,,,
FR-000624,Cathedral Nantes 045,France,FR,Pays de la Loire,44,Nantes,"Cathedral location in Nantes, Pays de la Loire, France.",Cathedral,Cathedral,Religious Site,"Located in Nantes, Pays de la Loire.",47.2154,-1.5566,,624,No,Spring; Summer; Autumn,,,,
FR-000625,Park Rennes 045,France,FR,Bretagne,35,Rennes,"Park location in Rennes, Bretagne, France.",Park,Park,Nature & Recreation,"Located in Rennes, Bretagne.",48.1163,-1.6788,,625,No,Spring; Summer; Autumn,,,,
FR-000626,Garden Rouen 045,France,FR,Normandie,76,Rouen,"Garden location in Rouen, Normandie, France.",Garden,Garden,Nature & Recreation,"Located in Rouen, Normandie.",49.4442,1.1003,,626,No,Spring; Summer; Autumn,,,,
FR-000627,Monument Dijon 045,France,FR,Bourgogne-Franche-Comté,21,Dijon,"Monument location in Dijon, Bourgogne-Franche-Comté, France.",Monument,Monument,Landmark,"Located in Dijon, Bourgogne-Franche-Comté.",47.325,5.0445,,627,No,Spring; Summer; Autumn,,,,
FR-000628,Beach Tours 045,France,FR,Centre-Val de Loire,37,Tours,"Beach location in Tours, Centre-Val de Loire, France.",Beach,Beach,Nature & Recreation,"Located in Tours, Centre-Val de Loire.",47.3991,0.6898,,628,No,Spring; Summer; Autumn,,,,
FR-000629,Viewpoint Ajaccio 045,France,FR,Corse,2A,Ajaccio,"Viewpoint location in Ajaccio, Corse, France.",Viewpoint,Viewpoint,Scenic Attraction,"Located in Ajaccio, Corse.",41.9262,8.7456,,629,No,Spring; Summer; Autumn,,,,
FR-000630,Market Saint-Denis 045,France,FR,La Réunion,974,Saint-Denis,"Market location in Saint-Denis, La Réunion, France.",Market,Market,Local Attraction,"Located in Saint-Denis, La Réunion.",-20.8699,55.4571,,630,No,Spring; Summer; Autumn,,,,
FR-000631,Art Gallery Paris 046,France,FR,Île-de-France,75,Paris,"Art Gallery location in Paris, Île-de-France, France.",Art Gallery,Art Gallery,Cultural Attraction,"Located in Paris, Île-de-France.",48.8476,2.3432,,631,No,Spring; Summer; Autumn,,,,
FR-000632,Theatre Lyon 046,France,FR,Auvergne-Rhône-Alpes,69,Lyon,"Theatre location in Lyon, Auvergne-Rhône-Alpes, France.",Theatre,Theatre,Performing Arts,"Located in Lyon, Auvergne-Rhône-Alpes.",45.757,4.8287,,632,No,Spring; Summer; Autumn,,,,
FR-000633,Church Marseille 046,France,FR,Provence-Alpes-Côte d'Azur,13,Marseille,"Church location in Marseille, Provence-Alpes-Côte d'Azur, France.",Church,Church,Religious Site,"Located in Marseille, Provence-Alpes-Côte d'Azur.",43.2915,5.3648,,633,No,Spring; Summer; Autumn,,,,
FR-000634,Abbey Bordeaux 046,France,FR,Nouvelle-Aquitaine,33,Bordeaux,"Abbey location in Bordeaux, Nouvelle-Aquitaine, France.",Abbey,Abbey,Religious Site,"Located in Bordeaux, Nouvelle-Aquitaine.",44.8348,-0.5822,,634,No,Spring; Summer; Autumn,,,,
FR-000635,Fortress Toulouse 046,France,FR,Occitanie,31,Toulouse,"Fortress location in Toulouse, Occitanie, France.",Fortress,Fortress,Historic Landmark,"Located in Toulouse, Occitanie.",43.6037,1.4432,,635,No,Spring; Summer; Autumn,,,,
FR-000636,Archaeological Site Lille 046,France,FR,Hauts-de-France,59,Lille,"Archaeological Site location in Lille, Hauts-de-France, France.",Archaeological Site,Archaeological Site,Historic Site,"Located in Lille, Hauts-de-France.",50.6302,3.0583,,636,No,Spring; Summer; Autumn,,,,
FR-000637,Zoo Strasbourg 046,France,FR,Grand Est,67,Strasbourg,"Zoo location in Strasbourg, Grand Est, France.",Zoo,Zoo,Family Attraction,"Located in Strasbourg, Grand Est.",48.5764,7.7551,,637,No,Spring; Summer; Autumn,,,,
FR-000638,Aquarium Nantes 046,France,FR,Pays de la Loire,44,Nantes,"Aquarium location in Nantes, Pays de la Loire, France.",Aquarium,Aquarium,Family Attraction,"Located in Nantes, Pays de la Loire.",47.2234,-1.5486,,638,No,Spring; Summer; Autumn,,,,
FR-000639,Botanical Garden Rennes 046,France,FR,Bretagne,35,Rennes,"Botanical Garden location in Rennes, Bretagne, France.",Botanical Garden,Botanical Garden,Nature & Recreation,"Located in Rennes, Bretagne.",48.1243,-1.6708,,639,No,Spring; Summer; Autumn,,,,
FR-000640,Marina Rouen 046,France,FR,Normandie,76,Rouen,"Marina location in Rouen, Normandie, France.",Marina,Marina,Leisure,"Located in Rouen, Normandie.",49.4522,1.1083,,640,No,Spring; Summer; Autumn,,,,
FR-000641,Historic Site Dijon 046,France,FR,Bourgogne-Franche-Comté,21,Dijon,"Historic Site location in Dijon, Bourgogne-Franche-Comté, France.",Historic Site,Historic Site,Landmark,"Located in Dijon, Bourgogne-Franche-Comté.",47.313,5.0325,,641,No,Spring; Summer; Autumn,,,,
FR-000642,Museum Tours 046,France,FR,Centre-Val de Loire,37,Tours,"Museum location in Tours, Centre-Val de Loire, France.",Museum,Museum,Cultural Attraction,"Located in Tours, Centre-Val de Loire.",47.3871,0.6778,,642,No,Spring; Summer; Autumn,,,,
FR-000643,Castle Ajaccio 046,France,FR,Corse,2A,Ajaccio,"Castle location in Ajaccio, Corse, France.",Castle,Castle,Historic Landmark,"Located in Ajaccio, Corse.",41.9142,8.7336,,643,No,Spring; Summer; Autumn,,,,
FR-000644,Cathedral Saint-Denis 046,France,FR,La Réunion,974,Saint-Denis,"Cathedral location in Saint-Denis, La Réunion, France.",Cathedral,Cathedral,Religious Site,"Located in Saint-Denis, La Réunion.",-20.8819,55.4451,,644,No,Spring; Summer; Autumn,,,,
FR-000645,Park Paris 047,France,FR,Île-de-France,75,Paris,"Park location in Paris, Île-de-France, France.",Park,Park,Nature & Recreation,"Located in Paris, Île-de-France.",48.8556,2.3512,,645,No,Spring; Summer; Autumn,,,,
FR-000646,Garden Lyon 047,France,FR,Auvergne-Rhône-Alpes,69,Lyon,"Garden location in Lyon, Auvergne-Rhône-Alpes, France.",Garden,Garden,Nature & Recreation,"Located in Lyon, Auvergne-Rhône-Alpes.",45.765,4.8367,,646,No,Spring; Summer; Autumn,,,,
FR-000647,Monument Marseille 047,France,FR,Provence-Alpes-Côte d'Azur,13,Marseille,"Monument location in Marseille, Provence-Alpes-Côte d'Azur, France.",Monument,Monument,Landmark,"Located in Marseille, Provence-Alpes-Côte d'Azur.",43.2995,5.3728,,647,No,Spring; Summer; Autumn,,,,
FR-000648,Beach Bordeaux 047,France,FR,Nouvelle-Aquitaine,33,Bordeaux,"Beach location in Bordeaux, Nouvelle-Aquitaine, France.",Beach,Beach,Nature & Recreation,"Located in Bordeaux, Nouvelle-Aquitaine.",44.8428,-0.5742,,648,No,Spring; Summer; Autumn,,,,
FR-000649,Viewpoint Toulouse 047,France,FR,Occitanie,31,Toulouse,"Viewpoint location in Toulouse, Occitanie, France.",Viewpoint,Viewpoint,Scenic Attraction,"Located in Toulouse, Occitanie.",43.6117,1.4512,,649,No,Spring; Summer; Autumn,,,,
FR-000650,Market Lille 047,France,FR,Hauts-de-France,59,Lille,"Market location in Lille, Hauts-de-France, France.",Market,Market,Local Attraction,"Located in Lille, Hauts-de-France.",50.6382,3.0663,,650,No,Spring; Summer; Autumn,,,,
FR-000651,Art Gallery Strasbourg 047,France,FR,Grand Est,67,Strasbourg,"Art Gallery location in Strasbourg, Grand Est, France.",Art Gallery,Art Gallery,Cultural Attraction,"Located in Strasbourg, Grand Est.",48.5644,7.7431,,651,No,Spring; Summer; Autumn,,,,
FR-000652,Theatre Nantes 047,France,FR,Pays de la Loire,44,Nantes,"Theatre location in Nantes, Pays de la Loire, France.",Theatre,Theatre,Performing Arts,"Located in Nantes, Pays de la Loire.",47.2114,-1.5606,,652,No,Spring; Summer; Autumn,,,,
FR-000653,Church Rennes 047,France,FR,Bretagne,35,Rennes,"Church location in Rennes, Bretagne, France.",Church,Church,Religious Site,"Located in Rennes, Bretagne.",48.1123,-1.6828,,653,No,Spring; Summer; Autumn,,,,
FR-000654,Abbey Rouen 047,France,FR,Normandie,76,Rouen,"Abbey location in Rouen, Normandie, France.",Abbey,Abbey,Religious Site,"Located in Rouen, Normandie.",49.4402,1.0963,,654,No,Spring; Summer; Autumn,,,,
FR-000655,Fortress Dijon 047,France,FR,Bourgogne-Franche-Comté,21,Dijon,"Fortress location in Dijon, Bourgogne-Franche-Comté, France.",Fortress,Fortress,Historic Landmark,"Located in Dijon, Bourgogne-Franche-Comté.",47.321,5.0405,,655,No,Spring; Summer; Autumn,,,,
FR-000656,Archaeological Site Tours 047,France,FR,Centre-Val de Loire,37,Tours,"Archaeological Site location in Tours, Centre-Val de Loire, France.",Archaeological Site,Archaeological Site,Historic Site,"Located in Tours, Centre-Val de Loire.",47.3951,0.6858,,656,No,Spring; Summer; Autumn,,,,
FR-000657,Zoo Ajaccio 047,France,FR,Corse,2A,Ajaccio,"Zoo location in Ajaccio, Corse, France.",Zoo,Zoo,Family Attraction,"Located in Ajaccio, Corse.",41.9222,8.7416,,657,No,Spring; Summer; Autumn,,,,
FR-000658,Aquarium Saint-Denis 047,France,FR,La Réunion,974,Saint-Denis,"Aquarium location in Saint-Denis, La Réunion, France.",Aquarium,Aquarium,Family Attraction,"Located in Saint-Denis, La Réunion.",-20.8739,55.4531,,658,No,Spring; Summer; Autumn,,,,
FR-000659,Botanical Garden Paris 048,France,FR,Île-de-France,75,Paris,"Botanical Garden location in Paris, Île-de-France, France.",Botanical Garden,Botanical Garden,Nature & Recreation,"Located in Paris, Île-de-France.",48.8636,2.3592,,659,No,Spring; Summer; Autumn,,,,
FR-000660,Marina Lyon 048,France,FR,Auvergne-Rhône-Alpes,69,Lyon,"Marina location in Lyon, Auvergne-Rhône-Alpes, France.",Marina,Marina,Leisure,"Located in Lyon, Auvergne-Rhône-Alpes.",45.773,4.8447,,660,No,Spring; Summer; Autumn,,,,
FR-000661,Historic Site Marseille 048,France,FR,Provence-Alpes-Côte d'Azur,13,Marseille,"Historic Site location in Marseille, Provence-Alpes-Côte d'Azur, France.",Historic Site,Historic Site,Landmark,"Located in Marseille, Provence-Alpes-Côte d'Azur.",43.2875,5.3608,,661,No,Spring; Summer; Autumn,,,,
FR-000662,Museum Bordeaux 048,France,FR,Nouvelle-Aquitaine,33,Bordeaux,"Museum location in Bordeaux, Nouvelle-Aquitaine, France.",Museum,Museum,Cultural Attraction,"Located in Bordeaux, Nouvelle-Aquitaine.",44.8308,-0.5862,,662,No,Spring; Summer; Autumn,,,,
FR-000663,Castle Toulouse 048,France,FR,Occitanie,31,Toulouse,"Castle location in Toulouse, Occitanie, France.",Castle,Castle,Historic Landmark,"Located in Toulouse, Occitanie.",43.5997,1.4392,,663,No,Spring; Summer; Autumn,,,,
FR-000664,Cathedral Lille 048,France,FR,Hauts-de-France,59,Lille,"Cathedral location in Lille, Hauts-de-France, France.",Cathedral,Cathedral,Religious Site,"Located in Lille, Hauts-de-France.",50.6262,3.0543,,664,No,Spring; Summer; Autumn,,,,
FR-000665,Park Strasbourg 048,France,FR,Grand Est,67,Strasbourg,"Park location in Strasbourg, Grand Est, France.",Park,Park,Nature & Recreation,"Located in Strasbourg, Grand Est.",48.5724,7.7511,,665,No,Spring; Summer; Autumn,,,,
FR-000666,Garden Nantes 048,France,FR,Pays de la Loire,44,Nantes,"Garden location in Nantes, Pays de la Loire, France.",Garden,Garden,Nature & Recreation,"Located in Nantes, Pays de la Loire.",47.2194,-1.5526,,666,No,Spring; Summer; Autumn,,,,
FR-000667,Monument Rennes 048,France,FR,Bretagne,35,Rennes,"Monument location in Rennes, Bretagne, France.",Monument,Monument,Landmark,"Located in Rennes, Bretagne.",48.1203,-1.6748,,667,No,Spring; Summer; Autumn,,,,
FR-000668,Beach Rouen 048,France,FR,Normandie,76,Rouen,"Beach location in Rouen, Normandie, France.",Beach,Beach,Nature & Recreation,"Located in Rouen, Normandie.",49.4482,1.1043,,668,No,Spring; Summer; Autumn,,,,
FR-000669,Viewpoint Dijon 048,France,FR,Bourgogne-Franche-Comté,21,Dijon,"Viewpoint location in Dijon, Bourgogne-Franche-Comté, France.",Viewpoint,Viewpoint,Scenic Attraction,"Located in Dijon, Bourgogne-Franche-Comté.",47.329,5.0485,,669,No,Spring; Summer; Autumn,,,,
FR-000670,Market Tours 048,France,FR,Centre-Val de Loire,37,Tours,"Market location in Tours, Centre-Val de Loire, France.",Market,Market,Local Attraction,"Located in Tours, Centre-Val de Loire.",47.4031,0.6938,,670,No,Spring; Summer; Autumn,,,,
FR-000671,Art Gallery Ajaccio 048,France,FR,Corse,2A,Ajaccio,"Art Gallery location in Ajaccio, Corse, France.",Art Gallery,Art Gallery,Cultural Attraction,"Located in Ajaccio, Corse.",41.9102,8.7296,,671,No,Spring; Summer; Autumn,,,,
FR-000672,Theatre Saint-Denis 048,France,FR,La Réunion,974,Saint-Denis,"Theatre location in Saint-Denis, La Réunion, France.",Theatre,Theatre,Performing Arts,"Located in Saint-Denis, La Réunion.",-20.8859,55.4411,,672,No,Spring; Summer; Autumn,,,,
FR-000673,Church Paris 049,France,FR,Île-de-France,75,Paris,"Church location in Paris, Île-de-France, France.",Church,Church,Religious Site,"Located in Paris, Île-de-France.",48.8516,2.3472,,673,No,Spring; Summer; Autumn,,,,
FR-000674,Abbey Lyon 049,France,FR,Auvergne-Rhône-Alpes,69,Lyon,"Abbey location in Lyon, Auvergne-Rhône-Alpes, France.",Abbey,Abbey,Religious Site,"Located in Lyon, Auvergne-Rhône-Alpes.",45.761,4.8327,,674,No,Spring; Summer; Autumn,,,,
FR-000675,Fortress Marseille 049,France,FR,Provence-Alpes-Côte d'Azur,13,Marseille,"Fortress location in Marseille, Provence-Alpes-Côte d'Azur, France.",Fortress,Fortress,Historic Landmark,"Located in Marseille, Provence-Alpes-Côte d'Azur.",43.2955,5.3688,,675,No,Spring; Summer; Autumn,,,,
FR-000676,Archaeological Site Bordeaux 049,France,FR,Nouvelle-Aquitaine,33,Bordeaux,"Archaeological Site location in Bordeaux, Nouvelle-Aquitaine, France.",Archaeological Site,Archaeological Site,Historic Site,"Located in Bordeaux, Nouvelle-Aquitaine.",44.8388,-0.5782,,676,No,Spring; Summer; Autumn,,,,
FR-000677,Zoo Toulouse 049,France,FR,Occitanie,31,Toulouse,"Zoo location in Toulouse, Occitanie, France.",Zoo,Zoo,Family Attraction,"Located in Toulouse, Occitanie.",43.6077,1.4472,,677,No,Spring; Summer; Autumn,,,,
FR-000678,Aquarium Lille 049,France,FR,Hauts-de-France,59,Lille,"Aquarium location in Lille, Hauts-de-France, France.",Aquarium,Aquarium,Family Attraction,"Located in Lille, Hauts-de-France.",50.6342,3.0623,,678,No,Spring; Summer; Autumn,,,,
FR-000679,Botanical Garden Strasbourg 049,France,FR,Grand Est,67,Strasbourg,"Botanical Garden location in Strasbourg, Grand Est, France.",Botanical Garden,Botanical Garden,Nature & Recreation,"Located in Strasbourg, Grand Est.",48.5804,7.7591,,679,No,Spring; Summer; Autumn,,,,
FR-000680,Marina Nantes 049,France,FR,Pays de la Loire,44,Nantes,"Marina location in Nantes, Pays de la Loire, France.",Marina,Marina,Leisure,"Located in Nantes, Pays de la Loire.",47.2274,-1.5446,,680,No,Spring; Summer; Autumn,,,,
FR-000681,Historic Site Rennes 049,France,FR,Bretagne,35,Rennes,"Historic Site location in Rennes, Bretagne, France.",Historic Site,Historic Site,Landmark,"Located in Rennes, Bretagne.",48.1083,-1.6868,,681,No,Spring; Summer; Autumn,,,,
FR-000682,Museum Rouen 049,France,FR,Normandie,76,Rouen,"Museum location in Rouen, Normandie, France.",Museum,Museum,Cultural Attraction,"Located in Rouen, Normandie.",49.4362,1.0923,,682,No,Spring; Summer; Autumn,,,,
FR-000683,Castle Dijon 049,France,FR,Bourgogne-Franche-Comté,21,Dijon,"Castle location in Dijon, Bourgogne-Franche-Comté, France.",Castle,Castle,Historic Landmark,"Located in Dijon, Bourgogne-Franche-Comté.",47.317,5.0365,,683,No,Spring; Summer; Autumn,,,,
FR-000684,Cathedral Tours 049,France,FR,Centre-Val de Loire,37,Tours,"Cathedral location in Tours, Centre-Val de Loire, France.",Cathedral,Cathedral,Religious Site,"Located in Tours, Centre-Val de Loire.",47.3911,0.6818,,684,No,Spring; Summer; Autumn,,,,
FR-000685,Park Ajaccio 049,France,FR,Corse,2A,Ajaccio,"Park location in Ajaccio, Corse, France.",Park,Park,Nature & Recreation,"Located in Ajaccio, Corse.",41.9182,8.7376,,685,No,Spring; Summer; Autumn,,,,
FR-000686,Garden Saint-Denis 049,France,FR,La Réunion,974,Saint-Denis,"Garden location in Saint-Denis, La Réunion, France.",Garden,Garden,Nature & Recreation,"Located in Saint-Denis, La Réunion.",-20.8779,55.4491,,686,No,Spring; Summer; Autumn,,,,
FR-000687,Monument Paris 050,France,FR,Île-de-France,75,Paris,"Monument location in Paris, Île-de-France, France.",Monument,Monument,Landmark,"Located in Paris, Île-de-France.",48.8596,2.3552,,687,No,Spring; Summer; Autumn,,,,
FR-000688,Beach Lyon 050,France,FR,Auvergne-Rhône-Alpes,69,Lyon,"Beach location in Lyon, Auvergne-Rhône-Alpes, France.",Beach,Beach,Nature & Recreation,"Located in Lyon, Auvergne-Rhône-Alpes.",45.769,4.8407,,688,No,Spring; Summer; Autumn,,,,
FR-000689,Viewpoint Marseille 050,France,FR,Provence-Alpes-Côte d'Azur,13,Marseille,"Viewpoint location in Marseille, Provence-Alpes-Côte d'Azur, France.",Viewpoint,Viewpoint,Scenic Attraction,"Located in Marseille, Provence-Alpes-Côte d'Azur.",43.3035,5.3768,,689,No,Spring; Summer; Autumn,,,,
FR-000690,Market Bordeaux 050,France,FR,Nouvelle-Aquitaine,33,Bordeaux,"Market location in Bordeaux, Nouvelle-Aquitaine, France.",Market,Market,Local Attraction,"Located in Bordeaux, Nouvelle-Aquitaine.",44.8468,-0.5702,,690,No,Spring; Summer; Autumn,,,,
FR-000691,Art Gallery Toulouse 050,France,FR,Occitanie,31,Toulouse,"Art Gallery location in Toulouse, Occitanie, France.",Art Gallery,Art Gallery,Cultural Attraction,"Located in Toulouse, Occitanie.",43.5957,1.4352,,691,No,Spring; Summer; Autumn,,,,
FR-000692,Theatre Lille 050,France,FR,Hauts-de-France,59,Lille,"Theatre location in Lille, Hauts-de-France, France.",Theatre,Theatre,Performing Arts,"Located in Lille, Hauts-de-France.",50.6222,3.0503,,692,No,Spring; Summer; Autumn,,,,
FR-000693,Church Strasbourg 050,France,FR,Grand Est,67,Strasbourg,"Church location in Strasbourg, Grand Est, France.",Church,Church,Religious Site,"Located in Strasbourg, Grand Est.",48.5684,7.7471,,693,No,Spring; Summer; Autumn,,,,
FR-000694,Abbey Nantes 050,France,FR,Pays de la Loire,44,Nantes,"Abbey location in Nantes, Pays de la Loire, France.",Abbey,Abbey,Religious Site,"Located in Nantes, Pays de la Loire.",47.2154,-1.5566,,694,No,Spring; Summer; Autumn,,,,
FR-000695,Fortress Rennes 050,France,FR,Bretagne,35,Rennes,"Fortress location in Rennes, Bretagne, France.",Fortress,Fortress,Historic Landmark,"Located in Rennes, Bretagne.",48.1163,-1.6788,,695,No,Spring; Summer; Autumn,,,,
FR-000696,Archaeological Site Rouen 050,France,FR,Normandie,76,Rouen,"Archaeological Site location in Rouen, Normandie, France.",Archaeological Site,Archaeological Site,Historic Site,"Located in Rouen, Normandie.",49.4442,1.1003,,696,No,Spring; Summer; Autumn,,,,
FR-000697,Zoo Dijon 050,France,FR,Bourgogne-Franche-Comté,21,Dijon,"Zoo location in Dijon, Bourgogne-Franche-Comté, France.",Zoo,Zoo,Family Attraction,"Located in Dijon, Bourgogne-Franche-Comté.",47.325,5.0445,,697,No,Spring; Summer; Autumn,,,,
FR-000698,Aquarium Tours 050,France,FR,Centre-Val de Loire,37,Tours,"Aquarium location in Tours, Centre-Val de Loire, France.",Aquarium,Aquarium,Family Attraction,"Located in Tours, Centre-Val de Loire.",47.3991,0.6898,,698,No,Spring; Summer; Autumn,,,,
FR-000699,Botanical Garden Ajaccio 050,France,FR,Corse,2A,Ajaccio,"Botanical Garden location in Ajaccio, Corse, France.",Botanical Garden,Botanical Garden,Nature & Recreation,"Located in Ajaccio, Corse.",41.9262,8.7456,,699,No,Spring; Summer; Autumn,,,,
FR-000700,Marina Saint-Denis 050,France,FR,La Réunion,974,Saint-Denis,"Marina location in Saint-Denis, La Réunion, France.",Marina,Marina,Leisure,"Located in Saint-Denis, La Réunion.",-20.8699,55.4571,,700,No,Spring; Summer; Autumn,,,,
FR-000701,Historic Site Paris 051,France,FR,Île-de-France,75,Paris,"Historic Site location in Paris, Île-de-France, France.",Historic Site,Historic Site,Landmark,"Located in Paris, Île-de-France.",48.8476,2.3432,,701,No,Spring; Summer; Autumn,,,,
FR-000702,Museum Lyon 051,France,FR,Auvergne-Rhône-Alpes,69,Lyon,"Museum location in Lyon, Auvergne-Rhône-Alpes, France.",Museum,Museum,Cultural Attraction,"Located in Lyon, Auvergne-Rhône-Alpes.",45.757,4.8287,,702,No,Spring; Summer; Autumn,,,,
FR-000703,Castle Marseille 051,France,FR,Provence-Alpes-Côte d'Azur,13,Marseille,"Castle location in Marseille, Provence-Alpes-Côte d'Azur, France.",Castle,Castle,Historic Landmark,"Located in Marseille, Provence-Alpes-Côte d'Azur.",43.2915,5.3648,,703,No,Spring; Summer; Autumn,,,,
FR-000704,Cathedral Bordeaux 051,France,FR,Nouvelle-Aquitaine,33,Bordeaux,"Cathedral location in Bordeaux, Nouvelle-Aquitaine, France.",Cathedral,Cathedral,Religious Site,"Located in Bordeaux, Nouvelle-Aquitaine.",44.8348,-0.5822,,704,No,Spring; Summer; Autumn,,,,
FR-000705,Park Toulouse 051,France,FR,Occitanie,31,Toulouse,"Park location in Toulouse, Occitanie, France.",Park,Park,Nature & Recreation,"Located in Toulouse, Occitanie.",43.6037,1.4432,,705,No,Spring; Summer; Autumn,,,,
FR-000706,Garden Lille 051,France,FR,Hauts-de-France,59,Lille,"Garden location in Lille, Hauts-de-France, France.",Garden,Garden,Nature & Recreation,"Located in Lille, Hauts-de-France.",50.6302,3.0583,,706,No,Spring; Summer; Autumn,,,,
FR-000707,Monument Strasbourg 051,France,FR,Grand Est,67,Strasbourg,"Monument location in Strasbourg, Grand Est, France.",Monument,Monument,Landmark,"Located in Strasbourg, Grand Est.",48.5764,7.7551,,707,No,Spring; Summer; Autumn,,,,
FR-000708,Beach Nantes 051,France,FR,Pays de la Loire,44,Nantes,"Beach location in Nantes, Pays de la Loire, France.",Beach,Beach,Nature & Recreation,"Located in Nantes, Pays de la Loire.",47.2234,-1.5486,,708,No,Spring; Summer; Autumn,,,,
FR-000709,Viewpoint Rennes 051,France,FR,Bretagne,35,Rennes,"Viewpoint location in Rennes, Bretagne, France.",Viewpoint,Viewpoint,Scenic Attraction,"Located in Rennes, Bretagne.",48.1243,-1.6708,,709,No,Spring; Summer; Autumn,,,,
FR-000710,Market Rouen 051,France,FR,Normandie,76,Rouen,"Market location in Rouen, Normandie, France.",Market,Market,Local Attraction,"Located in Rouen, Normandie.",49.4522,1.1083,,710,No,Spring; Summer; Autumn,,,,
FR-000711,Art Gallery Dijon 051,France,FR,Bourgogne-Franche-Comté,21,Dijon,"Art Gallery location in Dijon, Bourgogne-Franche-Comté, France.",Art Gallery,Art Gallery,Cultural Attraction,"Located in Dijon, Bourgogne-Franche-Comté.",47.313,5.0325,,711,No,Spring; Summer; Autumn,,,,
FR-000712,Theatre Tours 051,France,FR,Centre-Val de Loire,37,Tours,"Theatre location in Tours, Centre-Val de Loire, France.",Theatre,Theatre,Performing Arts,"Located in Tours, Centre-Val de Loire.",47.3871,0.6778,,712,No,Spring; Summer; Autumn,,,,
FR-000713,Church Ajaccio 051,France,FR,Corse,2A,Ajaccio,"Church location in Ajaccio, Corse, France.",Church,Church,Religious Site,"Located in Ajaccio, Corse.",41.9142,8.7336,,713,No,Spring; Summer; Autumn,,,,
FR-000714,Abbey Saint-Denis 051,France,FR,La Réunion,974,Saint-Denis,"Abbey location in Saint-Denis, La Réunion, France.",Abbey,Abbey,Religious Site,"Located in Saint-Denis, La Réunion.",-20.8819,55.4451,,714,No,Spring; Summer; Autumn,,,,
FR-000715,Fortress Paris 052,France,FR,Île-de-France,75,Paris,"Fortress location in Paris, Île-de-France, France.",Fortress,Fortress,Historic Landmark,"Located in Paris, Île-de-France.",48.8556,2.3512,,715,No,Spring; Summer; Autumn,,,,
FR-000716,Archaeological Site Lyon 052,France,FR,Auvergne-Rhône-Alpes,69,Lyon,"Archaeological Site location in Lyon, Auvergne-Rhône-Alpes, France.",Archaeological Site,Archaeological Site,Historic Site,"Located in Lyon, Auvergne-Rhône-Alpes.",45.765,4.8367,,716,No,Spring; Summer; Autumn,,,,
FR-000717,Zoo Marseille 052,France,FR,Provence-Alpes-Côte d'Azur,13,Marseille,"Zoo location in Marseille, Provence-Alpes-Côte d'Azur, France.",Zoo,Zoo,Family Attraction,"Located in Marseille, Provence-Alpes-Côte d'Azur.",43.2995,5.3728,,717,No,Spring; Summer; Autumn,,,,
FR-000718,Aquarium Bordeaux 052,France,FR,Nouvelle-Aquitaine,33,Bordeaux,"Aquarium location in Bordeaux, Nouvelle-Aquitaine, France.",Aquarium,Aquarium,Family Attraction,"Located in Bordeaux, Nouvelle-Aquitaine.",44.8428,-0.5742,,718,No,Spring; Summer; Autumn,,,,
FR-000719,Botanical Garden Toulouse 052,France,FR,Occitanie,31,Toulouse,"Botanical Garden location in Toulouse, Occitanie, France.",Botanical Garden,Botanical Garden,Nature & Recreation,"Located in Toulouse, Occitanie.",43.6117,1.4512,,719,No,Spring; Summer; Autumn,,,,
FR-000720,Marina Lille 052,France,FR,Hauts-de-France,59,Lille,"Marina location in Lille, Hauts-de-France, France.",Marina,Marina,Leisure,"Located in Lille, Hauts-de-France.",50.6382,3.0663,,720,No,Spring; Summer; Autumn,,,,
FR-000721,Historic Site Strasbourg 052,France,FR,Grand Est,67,Strasbourg,"Historic Site location in Strasbourg, Grand Est, France.",Historic Site,Historic Site,Landmark,"Located in Strasbourg, Grand Est.",48.5644,7.7431,,721,No,Spring; Summer; Autumn,,,,
FR-000722,Museum Nantes 052,France,FR,Pays de la Loire,44,Nantes,"Museum location in Nantes, Pays de la Loire, France.",Museum,Museum,Cultural Attraction,"Located in Nantes, Pays de la Loire.",47.2114,-1.5606,,722,No,Spring; Summer; Autumn,,,,
FR-000723,Castle Rennes 052,France,FR,Bretagne,35,Rennes,"Castle location in Rennes, Bretagne, France.",Castle,Castle,Historic Landmark,"Located in Rennes, Bretagne.",48.1123,-1.6828,,723,No,Spring; Summer; Autumn,,,,
FR-000724,Cathedral Rouen 052,France,FR,Normandie,76,Rouen,"Cathedral location in Rouen, Normandie, France.",Cathedral,Cathedral,Religious Site,"Located in Rouen, Normandie.",49.4402,1.0963,,724,No,Spring; Summer; Autumn,,,,
FR-000725,Park Dijon 052,France,FR,Bourgogne-Franche-Comté,21,Dijon,"Park location in Dijon, Bourgogne-Franche-Comté, France.",Park,Park,Nature & Recreation,"Located in Dijon, Bourgogne-Franche-Comté.",47.321,5.0405,,725,No,Spring; Summer; Autumn,,,,
FR-000726,Garden Tours 052,France,FR,Centre-Val de Loire,37,Tours,"Garden location in Tours, Centre-Val de Loire, France.",Garden,Garden,Nature & Recreation,"Located in Tours, Centre-Val de Loire.",47.3951,0.6858,,726,No,Spring; Summer; Autumn,,,,
FR-000727,Monument Ajaccio 052,France,FR,Corse,2A,Ajaccio,"Monument location in Ajaccio, Corse, France.",Monument,Monument,Landmark,"Located in Ajaccio, Corse.",41.9222,8.7416,,727,No,Spring; Summer; Autumn,,,,
FR-000728,Beach Saint-Denis 052,France,FR,La Réunion,974,Saint-Denis,"Beach location in Saint-Denis, La Réunion, France.",Beach,Beach,Nature & Recreation,"Located in Saint-Denis, La Réunion.",-20.8739,55.4531,,728,No,Spring; Summer; Autumn,,,,
FR-000729,Viewpoint Paris 053,France,FR,Île-de-France,75,Paris,"Viewpoint location in Paris, Île-de-France, France.",Viewpoint,Viewpoint,Scenic Attraction,"Located in Paris, Île-de-France.",48.8636,2.3592,,729,No,Spring; Summer; Autumn,,,,
FR-000730,Market Lyon 053,France,FR,Auvergne-Rhône-Alpes,69,Lyon,"Market location in Lyon, Auvergne-Rhône-Alpes, France.",Market,Market,Local Attraction,"Located in Lyon, Auvergne-Rhône-Alpes.",45.773,4.8447,,730,No,Spring; Summer; Autumn,,,,
FR-000731,Art Gallery Marseille 053,France,FR,Provence-Alpes-Côte d'Azur,13,Marseille,"Art Gallery location in Marseille, Provence-Alpes-Côte d'Azur, France.",Art Gallery,Art Gallery,Cultural Attraction,"Located in Marseille, Provence-Alpes-Côte d'Azur.",43.2875,5.3608,,731,No,Spring; Summer; Autumn,,,,
FR-000732,Theatre Bordeaux 053,France,FR,Nouvelle-Aquitaine,33,Bordeaux,"Theatre location in Bordeaux, Nouvelle-Aquitaine, France.",Theatre,Theatre,Performing Arts,"Located in Bordeaux, Nouvelle-Aquitaine.",44.8308,-0.5862,,732,No,Spring; Summer; Autumn,,,,
FR-000733,Church Toulouse 053,France,FR,Occitanie,31,Toulouse,"Church location in Toulouse, Occitanie, France.",Church,Church,Religious Site,"Located in Toulouse, Occitanie.",43.5997,1.4392,,733,No,Spring; Summer; Autumn,,,,
FR-000734,Abbey Lille 053,France,FR,Hauts-de-France,59,Lille,"Abbey location in Lille, Hauts-de-France, France.",Abbey,Abbey,Religious Site,"Located in Lille, Hauts-de-France.",50.6262,3.0543,,734,No,Spring; Summer; Autumn,,,,
FR-000735,Fortress Strasbourg 053,France,FR,Grand Est,67,Strasbourg,"Fortress location in Strasbourg, Grand Est, France.",Fortress,Fortress,Historic Landmark,"Located in Strasbourg, Grand Est.",48.5724,7.7511,,735,No,Spring; Summer; Autumn,,,,
FR-000736,Archaeological Site Nantes 053,France,FR,Pays de la Loire,44,Nantes,"Archaeological Site location in Nantes, Pays de la Loire, France.",Archaeological Site,Archaeological Site,Historic Site,"Located in Nantes, Pays de la Loire.",47.2194,-1.5526,,736,No,Spring; Summer; Autumn,,,,
FR-000737,Zoo Rennes 053,France,FR,Bretagne,35,Rennes,"Zoo location in Rennes, Bretagne, France.",Zoo,Zoo,Family Attraction,"Located in Rennes, Bretagne.",48.1203,-1.6748,,737,No,Spring; Summer; Autumn,,,,
FR-000738,Aquarium Rouen 053,France,FR,Normandie,76,Rouen,"Aquarium location in Rouen, Normandie, France.",Aquarium,Aquarium,Family Attraction,"Located in Rouen, Normandie.",49.4482,1.1043,,738,No,Spring; Summer; Autumn,,,,
FR-000739,Botanical Garden Dijon 053,France,FR,Bourgogne-Franche-Comté,21,Dijon,"Botanical Garden location in Dijon, Bourgogne-Franche-Comté, France.",Botanical Garden,Botanical Garden,Nature & Recreation,"Located in Dijon, Bourgogne-Franche-Comté.",47.329,5.0485,,739,No,Spring; Summer; Autumn,,,,
FR-000740,Marina Tours 053,France,FR,Centre-Val de Loire,37,Tours,"Marina location in Tours, Centre-Val de Loire, France.",Marina,Marina,Leisure,"Located in Tours, Centre-Val de Loire.",47.4031,0.6938,,740,No,Spring; Summer; Autumn,,,,
FR-000741,Historic Site Ajaccio 053,France,FR,Corse,2A,Ajaccio,"Historic Site location in Ajaccio, Corse, France.",Historic Site,Historic Site,Landmark,"Located in Ajaccio, Corse.",41.9102,8.7296,,741,No,Spring; Summer; Autumn,,,,
FR-000742,Museum Saint-Denis 053,France,FR,La Réunion,974,Saint-Denis,"Museum location in Saint-Denis, La Réunion, France.",Museum,Museum,Cultural Attraction,"Located in Saint-Denis, La Réunion.",-20.8859,55.4411,,742,No,Spring; Summer; Autumn,,,,
FR-000743,Castle Paris 054,France,FR,Île-de-France,75,Paris,"Castle location in Paris, Île-de-France, France.",Castle,Castle,Historic Landmark,"Located in Paris, Île-de-France.",48.8516,2.3472,,743,No,Spring; Summer; Autumn,,,,
FR-000744,Cathedral Lyon 054,France,FR,Auvergne-Rhône-Alpes,69,Lyon,"Cathedral location in Lyon, Auvergne-Rhône-Alpes, France.",Cathedral,Cathedral,Religious Site,"Located in Lyon, Auvergne-Rhône-Alpes.",45.761,4.8327,,744,No,Spring; Summer; Autumn,,,,
FR-000745,Park Marseille 054,France,FR,Provence-Alpes-Côte d'Azur,13,Marseille,"Park location in Marseille, Provence-Alpes-Côte d'Azur, France.",Park,Park,Nature & Recreation,"Located in Marseille, Provence-Alpes-Côte d'Azur.",43.2955,5.3688,,745,No,Spring; Summer; Autumn,,,,
FR-000746,Garden Bordeaux 054,France,FR,Nouvelle-Aquitaine,33,Bordeaux,"Garden location in Bordeaux, Nouvelle-Aquitaine, France.",Garden,Garden,Nature & Recreation,"Located in Bordeaux, Nouvelle-Aquitaine.",44.8388,-0.5782,,746,No,Spring; Summer; Autumn,,,,
FR-000747,Monument Toulouse 054,France,FR,Occitanie,31,Toulouse,"Monument location in Toulouse, Occitanie, France.",Monument,Monument,Landmark,"Located in Toulouse, Occitanie.",43.6077,1.4472,,747,No,Spring; Summer; Autumn,,,,
FR-000748,Beach Lille 054,France,FR,Hauts-de-France,59,Lille,"Beach location in Lille, Hauts-de-France, France.",Beach,Beach,Nature & Recreation,"Located in Lille, Hauts-de-France.",50.6342,3.0623,,748,No,Spring; Summer; Autumn,,,,
FR-000749,Viewpoint Strasbourg 054,France,FR,Grand Est,67,Strasbourg,"Viewpoint location in Strasbourg, Grand Est, France.",Viewpoint,Viewpoint,Scenic Attraction,"Located in Strasbourg, Grand Est.",48.5804,7.7591,,749,No,Spring; Summer; Autumn,,,,
FR-000750,Market Nantes 054,France,FR,Pays de la Loire,44,Nantes,"Market location in Nantes, Pays de la Loire, France.",Market,Market,Local Attraction,"Located in Nantes, Pays de la Loire.",47.2274,-1.5446,,750,No,Spring; Summer; Autumn,,,,
FR-000751,Art Gallery Rennes 054,France,FR,Bretagne,35,Rennes,"Art Gallery location in Rennes, Bretagne, France.",Art Gallery,Art Gallery,Cultural Attraction,"Located in Rennes, Bretagne.",48.1083,-1.6868,,751,No,Spring; Summer; Autumn,,,,
FR-000752,Theatre Rouen 054,France,FR,Normandie,76,Rouen,"Theatre location in Rouen, Normandie, France.",Theatre,Theatre,Performing Arts,"Located in Rouen, Normandie.",49.4362,1.0923,,752,No,Spring; Summer; Autumn,,,,
FR-000753,Church Dijon 054,France,FR,Bourgogne-Franche-Comté,21,Dijon,"Church location in Dijon, Bourgogne-Franche-Comté, France.",Church,Church,Religious Site,"Located in Dijon, Bourgogne-Franche-Comté.",47.317,5.0365,,753,No,Spring; Summer; Autumn,,,,
FR-000754,Abbey Tours 054,France,FR,Centre-Val de Loire,37,Tours,"Abbey location in Tours, Centre-Val de Loire, France.",Abbey,Abbey,Religious Site,"Located in Tours, Centre-Val de Loire.",47.3911,0.6818,,754,No,Spring; Summer; Autumn,,,,
FR-000755,Fortress Ajaccio 054,France,FR,Corse,2A,Ajaccio,"Fortress location in Ajaccio, Corse, France.",Fortress,Fortress,Historic Landmark,"Located in Ajaccio, Corse.",41.9182,8.7376,,755,No,Spring; Summer; Autumn,,,,
FR-000756,Archaeological Site Saint-Denis 054,France,FR,La Réunion,974,Saint-Denis,"Archaeological Site location in Saint-Denis, La Réunion, France.",Archaeological Site,Archaeological Site,Historic Site,"Located in Saint-Denis, La Réunion.",-20.8779,55.4491,,756,No,Spring; Summer; Autumn,,,,
FR-000757,Zoo Paris 055,France,FR,Île-de-France,75,Paris,"Zoo location in Paris, Île-de-France, France.",Zoo,Zoo,Family Attraction,"Located in Paris, Île-de-France.",48.8596,2.3552,,757,No,Spring; Summer; Autumn,,,,
FR-000758,Aquarium Lyon 055,France,FR,Auvergne-Rhône-Alpes,69,Lyon,"Aquarium location in Lyon, Auvergne-Rhône-Alpes, France.",Aquarium,Aquarium,Family Attraction,"Located in Lyon, Auvergne-Rhône-Alpes.",45.769,4.8407,,758,No,Spring; Summer; Autumn,,,,
FR-000759,Botanical Garden Marseille 055,France,FR,Provence-Alpes-Côte d'Azur,13,Marseille,"Botanical Garden location in Marseille, Provence-Alpes-Côte d'Azur, France.",Botanical Garden,Botanical Garden,Nature & Recreation,"Located in Marseille, Provence-Alpes-Côte d'Azur.",43.3035,5.3768,,759,No,Spring; Summer; Autumn,,,,
FR-000760,Marina Bordeaux 055,France,FR,Nouvelle-Aquitaine,33,Bordeaux,"Marina location in Bordeaux, Nouvelle-Aquitaine, France.",Marina,Marina,Leisure,"Located in Bordeaux, Nouvelle-Aquitaine.",44.8468,-0.5702,,760,No,Spring; Summer; Autumn,,,,
FR-000761,Historic Site Toulouse 055,France,FR,Occitanie,31,Toulouse,"Historic Site location in Toulouse, Occitanie, France.",Historic Site,Historic Site,Landmark,"Located in Toulouse, Occitanie.",43.5957,1.4352,,761,No,Spring; Summer; Autumn,,,,
FR-000762,Museum Lille 055,France,FR,Hauts-de-France,59,Lille,"Museum location in Lille, Hauts-de-France, France.",Museum,Museum,Cultural Attraction,"Located in Lille, Hauts-de-France.",50.6222,3.0503,,762,No,Spring; Summer; Autumn,,,,
FR-000763,Castle Strasbourg 055,France,FR,Grand Est,67,Strasbourg,"Castle location in Strasbourg, Grand Est, France.",Castle,Castle,Historic Landmark,"Located in Strasbourg, Grand Est.",48.5684,7.7471,,763,No,Spring; Summer; Autumn,,,,
FR-000764,Cathedral Nantes 055,France,FR,Pays de la Loire,44,Nantes,"Cathedral location in Nantes, Pays de la Loire, France.",Cathedral,Cathedral,Religious Site,"Located in Nantes, Pays de la Loire.",47.2154,-1.5566,,764,No,Spring; Summer; Autumn,,,,
FR-000765,Park Rennes 055,France,FR,Bretagne,35,Rennes,"Park location in Rennes, Bretagne, France.",Park,Park,Nature & Recreation,"Located in Rennes, Bretagne.",48.1163,-1.6788,,765,No,Spring; Summer; Autumn,,,,
FR-000766,Garden Rouen 055,France,FR,Normandie,76,Rouen,"Garden location in Rouen, Normandie, France.",Garden,Garden,Nature & Recreation,"Located in Rouen, Normandie.",49.4442,1.1003,,766,No,Spring; Summer; Autumn,,,,
FR-000767,Monument Dijon 055,France,FR,Bourgogne-Franche-Comté,21,Dijon,"Monument location in Dijon, Bourgogne-Franche-Comté, France.",Monument,Monument,Landmark,"Located in Dijon, Bourgogne-Franche-Comté.",47.325,5.0445,,767,No,Spring; Summer; Autumn,,,,
FR-000768,Beach Tours 055,France,FR,Centre-Val de Loire,37,Tours,"Beach location in Tours, Centre-Val de Loire, France.",Beach,Beach,Nature & Recreation,"Located in Tours, Centre-Val de Loire.",47.3991,0.6898,,768,No,Spring; Summer; Autumn,,,,
FR-000769,Viewpoint Ajaccio 055,France,FR,Corse,2A,Ajaccio,"Viewpoint location in Ajaccio, Corse, France.",Viewpoint,Viewpoint,Scenic Attraction,"Located in Ajaccio, Corse.",41.9262,8.7456,,769,No,Spring; Summer; Autumn,,,,
FR-000770,Market Saint-Denis 055,France,FR,La Réunion,974,Saint-Denis,"Market location in Saint-Denis, La Réunion, France.",Market,Market,Local Attraction,"Located in Saint-Denis, La Réunion.",-20.8699,55.4571,,770,No,Spring; Summer; Autumn,,,,
FR-000771,Art Gallery Paris 056,France,FR,Île-de-France,75,Paris,"Art Gallery location in Paris, Île-de-France, France.",Art Gallery,Art Gallery,Cultural Attraction,"Located in Paris, Île-de-France.",48.8476,2.3432,,771,No,Spring; Summer; Autumn,,,,
FR-000772,Theatre Lyon 056,France,FR,Auvergne-Rhône-Alpes,69,Lyon,"Theatre location in Lyon, Auvergne-Rhône-Alpes, France.",Theatre,Theatre,Performing Arts,"Located in Lyon, Auvergne-Rhône-Alpes.",45.757,4.8287,,772,No,Spring; Summer; Autumn,,,,
FR-000773,Church Marseille 056,France,FR,Provence-Alpes-Côte d'Azur,13,Marseille,"Church location in Marseille, Provence-Alpes-Côte d'Azur, France.",Church,Church,Religious Site,"Located in Marseille, Provence-Alpes-Côte d'Azur.",43.2915,5.3648,,773,No,Spring; Summer; Autumn,,,,
FR-000774,Abbey Bordeaux 056,France,FR,Nouvelle-Aquitaine,33,Bordeaux,"Abbey location in Bordeaux, Nouvelle-Aquitaine, France.",Abbey,Abbey,Religious Site,"Located in Bordeaux, Nouvelle-Aquitaine.",44.8348,-0.5822,,774,No,Spring; Summer; Autumn,,,,
FR-000775,Fortress Toulouse 056,France,FR,Occitanie,31,Toulouse,"Fortress location in Toulouse, Occitanie, France.",Fortress,Fortress,Historic Landmark,"Located in Toulouse, Occitanie.",43.6037,1.4432,,775,No,Spring; Summer; Autumn,,,,
FR-000776,Archaeological Site Lille 056,France,FR,Hauts-de-France,59,Lille,"Archaeological Site location in Lille, Hauts-de-France, France.",Archaeological Site,Archaeological Site,Historic Site,"Located in Lille, Hauts-de-France.",50.6302,3.0583,,776,No,Spring; Summer; Autumn,,,,
FR-000777,Zoo Strasbourg 056,France,FR,Grand Est,67,Strasbourg,"Zoo location in Strasbourg, Grand Est, France.",Zoo,Zoo,Family Attraction,"Located in Strasbourg, Grand Est.",48.5764,7.7551,,777,No,Spring; Summer; Autumn,,,,
FR-000778,Aquarium Nantes 056,France,FR,Pays de la Loire,44,Nantes,"Aquarium location in Nantes, Pays de la Loire, France.",Aquarium,Aquarium,Family Attraction,"Located in Nantes, Pays de la Loire.",47.2234,-1.5486,,778,No,Spring; Summer; Autumn,,,,
FR-000779,Botanical Garden Rennes 056,France,FR,Bretagne,35,Rennes,"Botanical Garden location in Rennes, Bretagne, France.",Botanical Garden,Botanical Garden,Nature & Recreation,"Located in Rennes, Bretagne.",48.1243,-1.6708,,779,No,Spring; Summer; Autumn,,,,
FR-000780,Marina Rouen 056,France,FR,Normandie,76,Rouen,"Marina location in Rouen, Normandie, France.",Marina,Marina,Leisure,"Located in Rouen, Normandie.",49.4522,1.1083,,780,No,Spring; Summer; Autumn,,,,
FR-000781,Historic Site Dijon 056,France,FR,Bourgogne-Franche-Comté,21,Dijon,"Historic Site location in Dijon, Bourgogne-Franche-Comté, France.",Historic Site,Historic Site,Landmark,"Located in Dijon, Bourgogne-Franche-Comté.",47.313,5.0325,,781,No,Spring; Summer; Autumn,,,,
FR-000782,Museum Tours 056,France,FR,Centre-Val de Loire,37,Tours,"Museum location in Tours, Centre-Val de Loire, France.",Museum,Museum,Cultural Attraction,"Located in Tours, Centre-Val de Loire.",47.3871,0.6778,,782,No,Spring; Summer; Autumn,,,,
FR-000783,Castle Ajaccio 056,France,FR,Corse,2A,Ajaccio,"Castle location in Ajaccio, Corse, France.",Castle,Castle,Historic Landmark,"Located in Ajaccio, Corse.",41.9142,8.7336,,783,No,Spring; Summer; Autumn,,,,
FR-000784,Cathedral Saint-Denis 056,France,FR,La Réunion,974,Saint-Denis,"Cathedral location in Saint-Denis, La Réunion, France.",Cathedral,Cathedral,Religious Site,"Located in Saint-Denis, La Réunion.",-20.8819,55.4451,,784,No,Spring; Summer; Autumn,,,,
FR-000785,Park Paris 057,France,FR,Île-de-France,75,Paris,"Park location in Paris, Île-de-France, France.",Park,Park,Nature & Recreation,"Located in Paris, Île-de-France.",48.8556,2.3512,,785,No,Spring; Summer; Autumn,,,,
FR-000786,Garden Lyon 057,France,FR,Auvergne-Rhône-Alpes,69,Lyon,"Garden location in Lyon, Auvergne-Rhône-Alpes, France.",Garden,Garden,Nature & Recreation,"Located in Lyon, Auvergne-Rhône-Alpes.",45.765,4.8367,,786,No,Spring; Summer; Autumn,,,,
FR-000787,Monument Marseille 057,France,FR,Provence-Alpes-Côte d'Azur,13,Marseille,"Monument location in Marseille, Provence-Alpes-Côte d'Azur, France.",Monument,Monument,Landmark,"Located in Marseille, Provence-Alpes-Côte d'Azur.",43.2995,5.3728,,787,No,Spring; Summer; Autumn,,,,
FR-000788,Beach Bordeaux 057,France,FR,Nouvelle-Aquitaine,33,Bordeaux,"Beach location in Bordeaux, Nouvelle-Aquitaine, France.",Beach,Beach,Nature & Recreation,"Located in Bordeaux, Nouvelle-Aquitaine.",44.8428,-0.5742,,788,No,Spring; Summer; Autumn,,,,
FR-000789,Viewpoint Toulouse 057,France,FR,Occitanie,31,Toulouse,"Viewpoint location in Toulouse, Occitanie, France.",Viewpoint,Viewpoint,Scenic Attraction,"Located in Toulouse, Occitanie.",43.6117,1.4512,,789,No,Spring; Summer; Autumn,,,,
FR-000790,Market Lille 057,France,FR,Hauts-de-France,59,Lille,"Market location in Lille, Hauts-de-France, France.",Market,Market,Local Attraction,"Located in Lille, Hauts-de-France.",50.6382,3.0663,,790,No,Spring; Summer; Autumn,,,,
FR-000791,Art Gallery Strasbourg 057,France,FR,Grand Est,67,Strasbourg,"Art Gallery location in Strasbourg, Grand Est, France.",Art Gallery,Art Gallery,Cultural Attraction,"Located in Strasbourg, Grand Est.",48.5644,7.7431,,791,No,Spring; Summer; Autumn,,,,
FR-000792,Theatre Nantes 057,France,FR,Pays de la Loire,44,Nantes,"Theatre location in Nantes, Pays de la Loire, France.",Theatre,Theatre,Performing Arts,"Located in Nantes, Pays de la Loire.",47.2114,-1.5606,,792,No,Spring; Summer; Autumn,,,,
FR-000793,Church Rennes 057,France,FR,Bretagne,35,Rennes,"Church location in Rennes, Bretagne, France.",Church,Church,Religious Site,"Located in Rennes, Bretagne.",48.1123,-1.6828,,793,No,Spring; Summer; Autumn,,,,
FR-000794,Abbey Rouen 057,France,FR,Normandie,76,Rouen,"Abbey location in Rouen, Normandie, France.",Abbey,Abbey,Religious Site,"Located in Rouen, Normandie.",49.4402,1.0963,,794,No,Spring; Summer; Autumn,,,,
FR-000795,Fortress Dijon 057,France,FR,Bourgogne-Franche-Comté,21,Dijon,"Fortress location in Dijon, Bourgogne-Franche-Comté, France.",Fortress,Fortress,Historic Landmark,"Located in Dijon, Bourgogne-Franche-Comté.",47.321,5.0405,,795,No,Spring; Summer; Autumn,,,,
FR-000796,Archaeological Site Tours 057,France,FR,Centre-Val de Loire,37,Tours,"Archaeological Site location in Tours, Centre-Val de Loire, France.",Archaeological Site,Archaeological Site,Historic Site,"Located in Tours, Centre-Val de Loire.",47.3951,0.6858,,796,No,Spring; Summer; Autumn,,,,
FR-000797,Zoo Ajaccio 057,France,FR,Corse,2A,Ajaccio,"Zoo location in Ajaccio, Corse, France.",Zoo,Zoo,Family Attraction,"Located in Ajaccio, Corse.",41.9222,8.7416,,797,No,Spring; Summer; Autumn,,,,
FR-000798,Aquarium Saint-Denis 057,France,FR,La Réunion,974,Saint-Denis,"Aquarium location in Saint-Denis, La Réunion, France.",Aquarium,Aquarium,Family Attraction,"Located in Saint-Denis, La Réunion.",-20.8739,55.4531,,798,No,Spring; Summer; Autumn,,,,
FR-000799,Botanical Garden Paris 058,France,FR,Île-de-France,75,Paris,"Botanical Garden location in Paris, Île-de-France, France.",Botanical Garden,Botanical Garden,Nature & Recreation,"Located in Paris, Île-de-France.",48.8636,2.3592,,799,No,Spring; Summer; Autumn,,,,
FR-000800,Marina Lyon 058,France,FR,Auvergne-Rhône-Alpes,69,Lyon,"Marina location in Lyon, Auvergne-Rhône-Alpes, France.",Marina,Marina,Leisure,"Located in Lyon, Auvergne-Rhône-Alpes.",45.773,4.8447,,800,No,Spring; Summer; Autumn,,,,
FR-000801,Historic Site Marseille 058,France,FR,Provence-Alpes-Côte d'Azur,13,Marseille,"Historic Site location in Marseille, Provence-Alpes-Côte d'Azur, France.",Historic Site,Historic Site,Landmark,"Located in Marseille, Provence-Alpes-Côte d'Azur.",43.2875,5.3608,,801,No,Spring; Summer; Autumn,,,,
FR-000802,Museum Bordeaux 058,France,FR,Nouvelle-Aquitaine,33,Bordeaux,"Museum location in Bordeaux, Nouvelle-Aquitaine, France.",Museum,Museum,Cultural Attraction,"Located in Bordeaux, Nouvelle-Aquitaine.",44.8308,-0.5862,,802,No,Spring; Summer; Autumn,,,,
FR-000803,Castle Toulouse 058,France,FR,Occitanie,31,Toulouse,"Castle location in Toulouse, Occitanie, France.",Castle,Castle,Historic Landmark,"Located in Toulouse, Occitanie.",43.5997,1.4392,,803,No,Spring; Summer; Autumn,,,,
FR-000804,Cathedral Lille 058,France,FR,Hauts-de-France,59,Lille,"Cathedral location in Lille, Hauts-de-France, France.",Cathedral,Cathedral,Religious Site,"Located in Lille, Hauts-de-France.",50.6262,3.0543,,804,No,Spring; Summer; Autumn,,,,
FR-000805,Park Strasbourg 058,France,FR,Grand Est,67,Strasbourg,"Park location in Strasbourg, Grand Est, France.",Park,Park,Nature & Recreation,"Located in Strasbourg, Grand Est.",48.5724,7.7511,,805,No,Spring; Summer; Autumn,,,,
FR-000806,Garden Nantes 058,France,FR,Pays de la Loire,44,Nantes,"Garden location in Nantes, Pays de la Loire, France.",Garden,Garden,Nature & Recreation,"Located in Nantes, Pays de la Loire.",47.2194,-1.5526,,806,No,Spring; Summer; Autumn,,,,
FR-000807,Monument Rennes 058,France,FR,Bretagne,35,Rennes,"Monument location in Rennes, Bretagne, France.",Monument,Monument,Landmark,"Located in Rennes, Bretagne.",48.1203,-1.6748,,807,No,Spring; Summer; Autumn,,,,
FR-000808,Beach Rouen 058,France,FR,Normandie,76,Rouen,"Beach location in Rouen, Normandie, France.",Beach,Beach,Nature & Recreation,"Located in Rouen, Normandie.",49.4482,1.1043,,808,No,Spring; Summer; Autumn,,,,
FR-000809,Viewpoint Dijon 058,France,FR,Bourgogne-Franche-Comté,21,Dijon,"Viewpoint location in Dijon, Bourgogne-Franche-Comté, France.",Viewpoint,Viewpoint,Scenic Attraction,"Located in Dijon, Bourgogne-Franche-Comté.",47.329,5.0485,,809,No,Spring; Summer; Autumn,,,,
FR-000810,Market Tours 058,France,FR,Centre-Val de Loire,37,Tours,"Market location in Tours, Centre-Val de Loire, France.",Market,Market,Local Attraction,"Located in Tours, Centre-Val de Loire.",47.4031,0.6938,,810,No,Spring; Summer; Autumn,,,,
FR-000811,Art Gallery Ajaccio 058,France,FR,Corse,2A,Ajaccio,"Art Gallery location in Ajaccio, Corse, France.",Art Gallery,Art Gallery,Cultural Attraction,"Located in Ajaccio, Corse.",41.9102,8.7296,,811,No,Spring; Summer; Autumn,,,,
FR-000812,Theatre Saint-Denis 058,France,FR,La Réunion,974,Saint-Denis,"Theatre location in Saint-Denis, La Réunion, France.",Theatre,Theatre,Performing Arts,"Located in Saint-Denis, La Réunion.",-20.8859,55.4411,,812,No,Spring; Summer; Autumn,,,,
FR-000813,Church Paris 059,France,FR,Île-de-France,75,Paris,"Church location in Paris, Île-de-France, France.",Church,Church,Religious Site,"Located in Paris, Île-de-France.",48.8516,2.3472,,813,No,Spring; Summer; Autumn,,,,
FR-000814,Abbey Lyon 059,France,FR,Auvergne-Rhône-Alpes,69,Lyon,"Abbey location in Lyon, Auvergne-Rhône-Alpes, France.",Abbey,Abbey,Religious Site,"Located in Lyon, Auvergne-Rhône-Alpes.",45.761,4.8327,,814,No,Spring; Summer; Autumn,,,,
FR-000815,Fortress Marseille 059,France,FR,Provence-Alpes-Côte d'Azur,13,Marseille,"Fortress location in Marseille, Provence-Alpes-Côte d'Azur, France.",Fortress,Fortress,Historic Landmark,"Located in Marseille, Provence-Alpes-Côte d'Azur.",43.2955,5.3688,,815,No,Spring; Summer; Autumn,,,,
FR-000816,Archaeological Site Bordeaux 059,France,FR,Nouvelle-Aquitaine,33,Bordeaux,"Archaeological Site location in Bordeaux, Nouvelle-Aquitaine, France.",Archaeological Site,Archaeological Site,Historic Site,"Located in Bordeaux, Nouvelle-Aquitaine.",44.8388,-0.5782,,816,No,Spring; Summer; Autumn,,,,
FR-000817,Zoo Toulouse 059,France,FR,Occitanie,31,Toulouse,"Zoo location in Toulouse, Occitanie, France.",Zoo,Zoo,Family Attraction,"Located in Toulouse, Occitanie.",43.6077,1.4472,,817,No,Spring; Summer; Autumn,,,,
FR-000818,Aquarium Lille 059,France,FR,Hauts-de-France,59,Lille,"Aquarium location in Lille, Hauts-de-France, France.",Aquarium,Aquarium,Family Attraction,"Located in Lille, Hauts-de-France.",50.6342,3.0623,,818,No,Spring; Summer; Autumn,,,,
FR-000819,Botanical Garden Strasbourg 059,France,FR,Grand Est,67,Strasbourg,"Botanical Garden location in Strasbourg, Grand Est, France.",Botanical Garden,Botanical Garden,Nature & Recreation,"Located in Strasbourg, Grand Est.",48.5804,7.7591,,819,No,Spring; Summer; Autumn,,,,
FR-000820,Marina Nantes 059,France,FR,Pays de la Loire,44,Nantes,"Marina location in Nantes, Pays de la Loire, France.",Marina,Marina,Leisure,"Located in Nantes, Pays de la Loire.",47.2274,-1.5446,,820,No,Spring; Summer; Autumn,,,,
FR-000821,Historic Site Rennes 059,France,FR,Bretagne,35,Rennes,"Historic Site location in Rennes, Bretagne, France.",Historic Site,Historic Site,Landmark,"Located in Rennes, Bretagne.",48.1083,-1.6868,,821,No,Spring; Summer; Autumn,,,,
FR-000822,Museum Rouen 059,France,FR,Normandie,76,Rouen,"Museum location in Rouen, Normandie, France.",Museum,Museum,Cultural Attraction,"Located in Rouen, Normandie.",49.4362,1.0923,,822,No,Spring; Summer; Autumn,,,,
FR-000823,Castle Dijon 059,France,FR,Bourgogne-Franche-Comté,21,Dijon,"Castle location in Dijon, Bourgogne-Franche-Comté, France.",Castle,Castle,Historic Landmark,"Located in Dijon, Bourgogne-Franche-Comté.",47.317,5.0365,,823,No,Spring; Summer; Autumn,,,,
FR-000824,Cathedral Tours 059,France,FR,Centre-Val de Loire,37,Tours,"Cathedral location in Tours, Centre-Val de Loire, France.",Cathedral,Cathedral,Religious Site,"Located in Tours, Centre-Val de Loire.",47.3911,0.6818,,824,No,Spring; Summer; Autumn,,,,
FR-000825,Park Ajaccio 059,France,FR,Corse,2A,Ajaccio,"Park location in Ajaccio, Corse, France.",Park,Park,Nature & Recreation,"Located in Ajaccio, Corse.",41.9182,8.7376,,825,No,Spring; Summer; Autumn,,,,
FR-000826,Garden Saint-Denis 059,France,FR,La Réunion,974,Saint-Denis,"Garden location in Saint-Denis, La Réunion, France.",Garden,Garden,Nature & Recreation,"Located in Saint-Denis, La Réunion.",-20.8779,55.4491,,826,No,Spring; Summer; Autumn,,,,
FR-000827,Monument Paris 060,France,FR,Île-de-France,75,Paris,"Monument location in Paris, Île-de-France, France.",Monument,Monument,Landmark,"Located in Paris, Île-de-France.",48.8596,2.3552,,827,No,Spring; Summer; Autumn,,,,
FR-000828,Beach Lyon 060,France,FR,Auvergne-Rhône-Alpes,69,Lyon,"Beach location in Lyon, Auvergne-Rhône-Alpes, France.",Beach,Beach,Nature & Recreation,"Located in Lyon, Auvergne-Rhône-Alpes.",45.769,4.8407,,828,No,Spring; Summer; Autumn,,,,
FR-000829,Viewpoint Marseille 060,France,FR,Provence-Alpes-Côte d'Azur,13,Marseille,"Viewpoint location in Marseille, Provence-Alpes-Côte d'Azur, France.",Viewpoint,Viewpoint,Scenic Attraction,"Located in Marseille, Provence-Alpes-Côte d'Azur.",43.3035,5.3768,,829,No,Spring; Summer; Autumn,,,,
FR-000830,Market Bordeaux 060,France,FR,Nouvelle-Aquitaine,33,Bordeaux,"Market location in Bordeaux, Nouvelle-Aquitaine, France.",Market,Market,Local Attraction,"Located in Bordeaux, Nouvelle-Aquitaine.",44.8468,-0.5702,,830,No,Spring; Summer; Autumn,,,,
FR-000831,Art Gallery Toulouse 060,France,FR,Occitanie,31,Toulouse,"Art Gallery location in Toulouse, Occitanie, France.",Art Gallery,Art Gallery,Cultural Attraction,"Located in Toulouse, Occitanie.",43.5957,1.4352,,831,No,Spring; Summer; Autumn,,,,
FR-000832,Theatre Lille 060,France,FR,Hauts-de-France,59,Lille,"Theatre location in Lille, Hauts-de-France, France.",Theatre,Theatre,Performing Arts,"Located in Lille, Hauts-de-France.",50.6222,3.0503,,832,No,Spring; Summer; Autumn,,,,
FR-000833,Church Strasbourg 060,France,FR,Grand Est,67,Strasbourg,"Church location in Strasbourg, Grand Est, France.",Church,Church,Religious Site,"Located in Strasbourg, Grand Est.",48.5684,7.7471,,833,No,Spring; Summer; Autumn,,,,
FR-000834,Abbey Nantes 060,France,FR,Pays de la Loire,44,Nantes,"Abbey location in Nantes, Pays de la Loire, France.",Abbey,Abbey,Religious Site,"Located in Nantes, Pays de la Loire.",47.2154,-1.5566,,834,No,Spring; Summer; Autumn,,,,
FR-000835,Fortress Rennes 060,France,FR,Bretagne,35,Rennes,"Fortress location in Rennes, Bretagne, France.",Fortress,Fortress,Historic Landmark,"Located in Rennes, Bretagne.",48.1163,-1.6788,,835,No,Spring; Summer; Autumn,,,,
FR-000836,Archaeological Site Rouen 060,France,FR,Normandie,76,Rouen,"Archaeological Site location in Rouen, Normandie, France.",Archaeological Site,Archaeological Site,Historic Site,"Located in Rouen, Normandie.",49.4442,1.1003,,836,No,Spring; Summer; Autumn,,,,
FR-000837,Zoo Dijon 060,France,FR,Bourgogne-Franche-Comté,21,Dijon,"Zoo location in Dijon, Bourgogne-Franche-Comté, France.",Zoo,Zoo,Family Attraction,"Located in Dijon, Bourgogne-Franche-Comté.",47.325,5.0445,,837,No,Spring; Summer; Autumn,,,,
FR-000838,Aquarium Tours 060,France,FR,Centre-Val de Loire,37,Tours,"Aquarium location in Tours, Centre-Val de Loire, France.",Aquarium,Aquarium,Family Attraction,"Located in Tours, Centre-Val de Loire.",47.3991,0.6898,,838,No,Spring; Summer; Autumn,,,,
FR-000839,Botanical Garden Ajaccio 060,France,FR,Corse,2A,Ajaccio,"Botanical Garden location in Ajaccio, Corse, France.",Botanical Garden,Botanical Garden,Nature & Recreation,"Located in Ajaccio, Corse.",41.9262,8.7456,,839,No,Spring; Summer; Autumn,,,,
FR-000840,Marina Saint-Denis 060,France,FR,La Réunion,974,Saint-Denis,"Marina location in Saint-Denis, La Réunion, France.",Marina,Marina,Leisure,"Located in Saint-Denis, La Réunion.",-20.8699,55.4571,,840,No,Spring; Summer; Autumn,,,,
FR-000841,Historic Site Paris 061,France,FR,Île-de-France,75,Paris,"Historic Site location in Paris, Île-de-France, France.",Historic Site,Historic Site,Landmark,"Located in Paris, Île-de-France.",48.8476,2.3432,,841,No,Spring; Summer; Autumn,,,,
FR-000842,Museum Lyon 061,France,FR,Auvergne-Rhône-Alpes,69,Lyon,"Museum location in Lyon, Auvergne-Rhône-Alpes, France.",Museum,Museum,Cultural Attraction,"Located in Lyon, Auvergne-Rhône-Alpes.",45.757,4.8287,,842,No,Spring; Summer; Autumn,,,,
FR-000843,Castle Marseille 061,France,FR,Provence-Alpes-Côte d'Azur,13,Marseille,"Castle location in Marseille, Provence-Alpes-Côte d'Azur, France.",Castle,Castle,Historic Landmark,"Located in Marseille, Provence-Alpes-Côte d'Azur.",43.2915,5.3648,,843,No,Spring; Summer; Autumn,,,,
FR-000844,Cathedral Bordeaux 061,France,FR,Nouvelle-Aquitaine,33,Bordeaux,"Cathedral location in Bordeaux, Nouvelle-Aquitaine, France.",Cathedral,Cathedral,Religious Site,"Located in Bordeaux, Nouvelle-Aquitaine.",44.8348,-0.5822,,844,No,Spring; Summer; Autumn,,,,
FR-000845,Park Toulouse 061,France,FR,Occitanie,31,Toulouse,"Park location in Toulouse, Occitanie, France.",Park,Park,Nature & Recreation,"Located in Toulouse, Occitanie.",43.6037,1.4432,,845,No,Spring; Summer; Autumn,,,,
FR-000846,Garden Lille 061,France,FR,Hauts-de-France,59,Lille,"Garden location in Lille, Hauts-de-France, France.",Garden,Garden,Nature & Recreation,"Located in Lille, Hauts-de-France.",50.6302,3.0583,,846,No,Spring; Summer; Autumn,,,,
FR-000847,Monument Strasbourg 061,France,FR,Grand Est,67,Strasbourg,"Monument location in Strasbourg, Grand Est, France.",Monument,Monument,Landmark,"Located in Strasbourg, Grand Est.",48.5764,7.7551,,847,No,Spring; Summer; Autumn,,,,
FR-000848,Beach Nantes 061,France,FR,Pays de la Loire,44,Nantes,"Beach location in Nantes, Pays de la Loire, France.",Beach,Beach,Nature & Recreation,"Located in Nantes, Pays de la Loire.",47.2234,-1.5486,,848,No,Spring; Summer; Autumn,,,,
FR-000849,Viewpoint Rennes 061,France,FR,Bretagne,35,Rennes,"Viewpoint location in Rennes, Bretagne, France.",Viewpoint,Viewpoint,Scenic Attraction,"Located in Rennes, Bretagne.",48.1243,-1.6708,,849,No,Spring; Summer; Autumn,,,,
FR-000850,Market Rouen 061,France,FR,Normandie,76,Rouen,"Market location in Rouen, Normandie, France.",Market,Market,Local Attraction,"Located in Rouen, Normandie.",49.4522,1.1083,,850,No,Spring; Summer; Autumn,,,,
FR-000851,Art Gallery Dijon 061,France,FR,Bourgogne-Franche-Comté,21,Dijon,"Art Gallery location in Dijon, Bourgogne-Franche-Comté, France.",Art Gallery,Art Gallery,Cultural Attraction,"Located in Dijon, Bourgogne-Franche-Comté.",47.313,5.0325,,851,No,Spring; Summer; Autumn,,,,
FR-000852,Theatre Tours 061,France,FR,Centre-Val de Loire,37,Tours,"Theatre location in Tours, Centre-Val de Loire, France.",Theatre,Theatre,Performing Arts,"Located in Tours, Centre-Val de Loire.",47.3871,0.6778,,852,No,Spring; Summer; Autumn,,,,
FR-000853,Church Ajaccio 061,France,FR,Corse,2A,Ajaccio,"Church location in Ajaccio, Corse, France.",Church,Church,Religious Site,"Located in Ajaccio, Corse.",41.9142,8.7336,,853,No,Spring; Summer; Autumn,,,,
FR-000854,Abbey Saint-Denis 061,France,FR,La Réunion,974,Saint-Denis,"Abbey location in Saint-Denis, La Réunion, France.",Abbey,Abbey,Religious Site,"Located in Saint-Denis, La Réunion.",-20.8819,55.4451,,854,No,Spring; Summer; Autumn,,,,
FR-000855,Fortress Paris 062,France,FR,Île-de-France,75,Paris,"Fortress location in Paris, Île-de-France, France.",Fortress,Fortress,Historic Landmark,"Located in Paris, Île-de-France.",48.8556,2.3512,,855,No,Spring; Summer; Autumn,,,,
FR-000856,Archaeological Site Lyon 062,France,FR,Auvergne-Rhône-Alpes,69,Lyon,"Archaeological Site location in Lyon, Auvergne-Rhône-Alpes, France.",Archaeological Site,Archaeological Site,Historic Site,"Located in Lyon, Auvergne-Rhône-Alpes.",45.765,4.8367,,856,No,Spring; Summer; Autumn,,,,
FR-000857,Zoo Marseille 062,France,FR,Provence-Alpes-Côte d'Azur,13,Marseille,"Zoo location in Marseille, Provence-Alpes-Côte d'Azur, France.",Zoo,Zoo,Family Attraction,"Located in Marseille, Provence-Alpes-Côte d'Azur.",43.2995,5.3728,,857,No,Spring; Summer; Autumn,,,,
FR-000858,Aquarium Bordeaux 062,France,FR,Nouvelle-Aquitaine,33,Bordeaux,"Aquarium location in Bordeaux, Nouvelle-Aquitaine, France.",Aquarium,Aquarium,Family Attraction,"Located in Bordeaux, Nouvelle-Aquitaine.",44.8428,-0.5742,,858,No,Spring; Summer; Autumn,,,,
FR-000859,Botanical Garden Toulouse 062,France,FR,Occitanie,31,Toulouse,"Botanical Garden location in Toulouse, Occitanie, France.",Botanical Garden,Botanical Garden,Nature & Recreation,"Located in Toulouse, Occitanie.",43.6117,1.4512,,859,No,Spring; Summer; Autumn,,,,
FR-000860,Marina Lille 062,France,FR,Hauts-de-France,59,Lille,"Marina location in Lille, Hauts-de-France, France.",Marina,Marina,Leisure,"Located in Lille, Hauts-de-France.",50.6382,3.0663,,860,No,Spring; Summer; Autumn,,,,
FR-000861,Historic Site Strasbourg 062,France,FR,Grand Est,67,Strasbourg,"Historic Site location in Strasbourg, Grand Est, France.",Historic Site,Historic Site,Landmark,"Located in Strasbourg, Grand Est.",48.5644,7.7431,,861,No,Spring; Summer; Autumn,,,,
FR-000862,Museum Nantes 062,France,FR,Pays de la Loire,44,Nantes,"Museum location in Nantes, Pays de la Loire, France.",Museum,Museum,Cultural Attraction,"Located in Nantes, Pays de la Loire.",47.2114,-1.5606,,862,No,Spring; Summer; Autumn,,,,
FR-000863,Castle Rennes 062,France,FR,Bretagne,35,Rennes,"Castle location in Rennes, Bretagne, France.",Castle,Castle,Historic Landmark,"Located in Rennes, Bretagne.",48.1123,-1.6828,,863,No,Spring; Summer; Autumn,,,,
FR-000864,Cathedral Rouen 062,France,FR,Normandie,76,Rouen,"Cathedral location in Rouen, Normandie, France.",Cathedral,Cathedral,Religious Site,"Located in Rouen, Normandie.",49.4402,1.0963,,864,No,Spring; Summer; Autumn,,,,
FR-000865,Park Dijon 062,France,FR,Bourgogne-Franche-Comté,21,Dijon,"Park location in Dijon, Bourgogne-Franche-Comté, France.",Park,Park,Nature & Recreation,"Located in Dijon, Bourgogne-Franche-Comté.",47.321,5.0405,,865,No,Spring; Summer; Autumn,,,,
FR-000866,Garden Tours 062,France,FR,Centre-Val de Loire,37,Tours,"Garden location in Tours, Centre-Val de Loire, France.",Garden,Garden,Nature & Recreation,"Located in Tours, Centre-Val de Loire.",47.3951,0.6858,,866,No,Spring; Summer; Autumn,,,,
FR-000867,Monument Ajaccio 062,France,FR,Corse,2A,Ajaccio,"Monument location in Ajaccio, Corse, France.",Monument,Monument,Landmark,"Located in Ajaccio, Corse.",41.9222,8.7416,,867,No,Spring; Summer; Autumn,,,,
FR-000868,Beach Saint-Denis 062,France,FR,La Réunion,974,Saint-Denis,"Beach location in Saint-Denis, La Réunion, France.",Beach,Beach,Nature & Recreation,"Located in Saint-Denis, La Réunion.",-20.8739,55.4531,,868,No,Spring; Summer; Autumn,,,,
FR-000869,Viewpoint Paris 063,France,FR,Île-de-France,75,Paris,"Viewpoint location in Paris, Île-de-France, France.",Viewpoint,Viewpoint,Scenic Attraction,"Located in Paris, Île-de-France.",48.8636,2.3592,,869,No,Spring; Summer; Autumn,,,,
FR-000870,Market Lyon 063,France,FR,Auvergne-Rhône-Alpes,69,Lyon,"Market location in Lyon, Auvergne-Rhône-Alpes, France.",Market,Market,Local Attraction,"Located in Lyon, Auvergne-Rhône-Alpes.",45.773,4.8447,,870,No,Spring; Summer; Autumn,,,,
FR-000871,Art Gallery Marseille 063,France,FR,Provence-Alpes-Côte d'Azur,13,Marseille,"Art Gallery location in Marseille, Provence-Alpes-Côte d'Azur, France.",Art Gallery,Art Gallery,Cultural Attraction,"Located in Marseille, Provence-Alpes-Côte d'Azur.",43.2875,5.3608,,871,No,Spring; Summer; Autumn,,,,
FR-000872,Theatre Bordeaux 063,France,FR,Nouvelle-Aquitaine,33,Bordeaux,"Theatre location in Bordeaux, Nouvelle-Aquitaine, France.",Theatre,Theatre,Performing Arts,"Located in Bordeaux, Nouvelle-Aquitaine.",44.8308,-0.5862,,872,No,Spring; Summer; Autumn,,,,
FR-000873,Church Toulouse 063,France,FR,Occitanie,31,Toulouse,"Church location in Toulouse, Occitanie, France.",Church,Church,Religious Site,"Located in Toulouse, Occitanie.",43.5997,1.4392,,873,No,Spring; Summer; Autumn,,,,
FR-000874,Abbey Lille 063,France,FR,Hauts-de-France,59,Lille,"Abbey location in Lille, Hauts-de-France, France.",Abbey,Abbey,Religious Site,"Located in Lille, Hauts-de-France.",50.6262,3.0543,,874,No,Spring; Summer; Autumn,,,,
FR-000875,Fortress Strasbourg 063,France,FR,Grand Est,67,Strasbourg,"Fortress location in Strasbourg, Grand Est, France.",Fortress,Fortress,Historic Landmark,"Located in Strasbourg, Grand Est.",48.5724,7.7511,,875,No,Spring; Summer; Autumn,,,,
FR-000876,Archaeological Site Nantes 063,France,FR,Pays de la Loire,44,Nantes,"Archaeological Site location in Nantes, Pays de la Loire, France.",Archaeological Site,Archaeological Site,Historic Site,"Located in Nantes, Pays de la Loire.",47.2194,-1.5526,,876,No,Spring; Summer; Autumn,,,,
FR-000877,Zoo Rennes 063,France,FR,Bretagne,35,Rennes,"Zoo location in Rennes, Bretagne, France.",Zoo,Zoo,Family Attraction,"Located in Rennes, Bretagne.",48.1203,-1.6748,,877,No,Spring; Summer; Autumn,,,,
FR-000878,Aquarium Rouen 063,France,FR,Normandie,76,Rouen,"Aquarium location in Rouen, Normandie, France.",Aquarium,Aquarium,Family Attraction,"Located in Rouen, Normandie.",49.4482,1.1043,,878,No,Spring; Summer; Autumn,,,,
FR-000879,Botanical Garden Dijon 063,France,FR,Bourgogne-Franche-Comté,21,Dijon,"Botanical Garden location in Dijon, Bourgogne-Franche-Comté, France.",Botanical Garden,Botanical Garden,Nature & Recreation,"Located in Dijon, Bourgogne-Franche-Comté.",47.329,5.0485,,879,No,Spring; Summer; Autumn,,,,
FR-000880,Marina Tours 063,France,FR,Centre-Val de Loire,37,Tours,"Marina location in Tours, Centre-Val de Loire, France.",Marina,Marina,Leisure,"Located in Tours, Centre-Val de Loire.",47.4031,0.6938,,880,No,Spring; Summer; Autumn,,,,
FR-000881,Historic Site Ajaccio 063,France,FR,Corse,2A,Ajaccio,"Historic Site location in Ajaccio, Corse, France.",Historic Site,Historic Site,Landmark,"Located in Ajaccio, Corse.",41.9102,8.7296,,881,No,Spring; Summer; Autumn,,,,
FR-000882,Museum Saint-Denis 063,France,FR,La Réunion,974,Saint-Denis,"Museum location in Saint-Denis, La Réunion, France.",Museum,Museum,Cultural Attraction,"Located in Saint-Denis, La Réunion.",-20.8859,55.4411,,882,No,Spring; Summer; Autumn,,,,
FR-000883,Castle Paris 064,France,FR,Île-de-France,75,Paris,"Castle location in Paris, Île-de-France, France.",Castle,Castle,Historic Landmark,"Located in Paris, Île-de-France.",48.8516,2.3472,,883,No,Spring; Summer; Autumn,,,,
FR-000884,Cathedral Lyon 064,France,FR,Auvergne-Rhône-Alpes,69,Lyon,"Cathedral location in Lyon, Auvergne-Rhône-Alpes, France.",Cathedral,Cathedral,Religious Site,"Located in Lyon, Auvergne-Rhône-Alpes.",45.761,4.8327,,884,No,Spring; Summer; Autumn,,,,
FR-000885,Park Marseille 064,France,FR,Provence-Alpes-Côte d'Azur,13,Marseille,"Park location in Marseille, Provence-Alpes-Côte d'Azur, France.",Park,Park,Nature & Recreation,"Located in Marseille, Provence-Alpes-Côte d'Azur.",43.2955,5.3688,,885,No,Spring; Summer; Autumn,,,,
FR-000886,Garden Bordeaux 064,France,FR,Nouvelle-Aquitaine,33,Bordeaux,"Garden location in Bordeaux, Nouvelle-Aquitaine, France.",Garden,Garden,Nature & Recreation,"Located in Bordeaux, Nouvelle-Aquitaine.",44.8388,-0.5782,,886,No,Spring; Summer; Autumn,,,,
FR-000887,Monument Toulouse 064,France,FR,Occitanie,31,Toulouse,"Monument location in Toulouse, Occitanie, France.",Monument,Monument,Landmark,"Located in Toulouse, Occitanie.",43.6077,1.4472,,887,No,Spring; Summer; Autumn,,,,
FR-000888,Beach Lille 064,France,FR,Hauts-de-France,59,Lille,"Beach location in Lille, Hauts-de-France, France.",Beach,Beach,Nature & Recreation,"Located in Lille, Hauts-de-France.",50.6342,3.0623,,888,No,Spring; Summer; Autumn,,,,
FR-000889,Viewpoint Strasbourg 064,France,FR,Grand Est,67,Strasbourg,"Viewpoint location in Strasbourg, Grand Est, France.",Viewpoint,Viewpoint,Scenic Attraction,"Located in Strasbourg, Grand Est.",48.5804,7.7591,,889,No,Spring; Summer; Autumn,,,,
FR-000890,Market Nantes 064,France,FR,Pays de la Loire,44,Nantes,"Market location in Nantes, Pays de la Loire, France.",Market,Market,Local Attraction,"Located in Nantes, Pays de la Loire.",47.2274,-1.5446,,890,No,Spring; Summer; Autumn,,,,
FR-000891,Art Gallery Rennes 064,France,FR,Bretagne,35,Rennes,"Art Gallery location in Rennes, Bretagne, France.",Art Gallery,Art Gallery,Cultural Attraction,"Located in Rennes, Bretagne.",48.1083,-1.6868,,891,No,Spring; Summer; Autumn,,,,
FR-000892,Theatre Rouen 064,France,FR,Normandie,76,Rouen,"Theatre location in Rouen, Normandie, France.",Theatre,Theatre,Performing Arts,"Located in Rouen, Normandie.",49.4362,1.0923,,892,No,Spring; Summer; Autumn,,,,
FR-000893,Church Dijon 064,France,FR,Bourgogne-Franche-Comté,21,Dijon,"Church location in Dijon, Bourgogne-Franche-Comté, France.",Church,Church,Religious Site,"Located in Dijon, Bourgogne-Franche-Comté.",47.317,5.0365,,893,No,Spring; Summer; Autumn,,,,
FR-000894,Abbey Tours 064,France,FR,Centre-Val de Loire,37,Tours,"Abbey location in Tours, Centre-Val de Loire, France.",Abbey,Abbey,Religious Site,"Located in Tours, Centre-Val de Loire.",47.3911,0.6818,,894,No,Spring; Summer; Autumn,,,,
FR-000895,Fortress Ajaccio 064,France,FR,Corse,2A,Ajaccio,"Fortress location in Ajaccio, Corse, France.",Fortress,Fortress,Historic Landmark,"Located in Ajaccio, Corse.",41.9182,8.7376,,895,No,Spring; Summer; Autumn,,,,
FR-000896,Archaeological Site Saint-Denis 064,France,FR,La Réunion,974,Saint-Denis,"Archaeological Site location in Saint-Denis, La Réunion, France.",Archaeological Site,Archaeological Site,Historic Site,"Located in Saint-Denis, La Réunion.",-20.8779,55.4491,,896,No,Spring; Summer; Autumn,,,,
FR-000897,Zoo Paris 065,France,FR,Île-de-France,75,Paris,"Zoo location in Paris, Île-de-France, France.",Zoo,Zoo,Family Attraction,"Located in Paris, Île-de-France.",48.8596,2.3552,,897,No,Spring; Summer; Autumn,,,,
FR-000898,Aquarium Lyon 065,France,FR,Auvergne-Rhône-Alpes,69,Lyon,"Aquarium location in Lyon, Auvergne-Rhône-Alpes, France.",Aquarium,Aquarium,Family Attraction,"Located in Lyon, Auvergne-Rhône-Alpes.",45.769,4.8407,,898,No,Spring; Summer; Autumn,,,,
FR-000899,Botanical Garden Marseille 065,France,FR,Provence-Alpes-Côte d'Azur,13,Marseille,"Botanical Garden location in Marseille, Provence-Alpes-Côte d'Azur, France.",Botanical Garden,Botanical Garden,Nature & Recreation,"Located in Marseille, Provence-Alpes-Côte d'Azur.",43.3035,5.3768,,899,No,Spring; Summer; Autumn,,,,
FR-000900,Marina Bordeaux 065,France,FR,Nouvelle-Aquitaine,33,Bordeaux,"Marina location in Bordeaux, Nouvelle-Aquitaine, France.",Marina,Marina,Leisure,"Located in Bordeaux, Nouvelle-Aquitaine.",44.8468,-0.5702,,900,No,Spring; Summer; Autumn,,,,
FR-000901,Historic Site Toulouse 065,France,FR,Occitanie,31,Toulouse,"Historic Site location in Toulouse, Occitanie, France.",Historic Site,Historic Site,Landmark,"Located in Toulouse, Occitanie.",43.5957,1.4352,,901,No,Spring; Summer; Autumn,,,,
FR-000902,Museum Lille 065,France,FR,Hauts-de-France,59,Lille,"Museum location in Lille, Hauts-de-France, France.",Museum,Museum,Cultural Attraction,"Located in Lille, Hauts-de-France.",50.6222,3.0503,,902,No,Spring; Summer; Autumn,,,,
FR-000903,Castle Strasbourg 065,France,FR,Grand Est,67,Strasbourg,"Castle location in Strasbourg, Grand Est, France.",Castle,Castle,Historic Landmark,"Located in Strasbourg, Grand Est.",48.5684,7.7471,,903,No,Spring; Summer; Autumn,,,,
FR-000904,Cathedral Nantes 065,France,FR,Pays de la Loire,44,Nantes,"Cathedral location in Nantes, Pays de la Loire, France.",Cathedral,Cathedral,Religious Site,"Located in Nantes, Pays de la Loire.",47.2154,-1.5566,,904,No,Spring; Summer; Autumn,,,,
FR-000905,Park Rennes 065,France,FR,Bretagne,35,Rennes,"Park location in Rennes, Bretagne, France.",Park,Park,Nature & Recreation,"Located in Rennes, Bretagne.",48.1163,-1.6788,,905,No,Spring; Summer; Autumn,,,,
FR-000906,Garden Rouen 065,France,FR,Normandie,76,Rouen,"Garden location in Rouen, Normandie, France.",Garden,Garden,Nature & Recreation,"Located in Rouen, Normandie.",49.4442,1.1003,,906,No,Spring; Summer; Autumn,,,,
FR-000907,Monument Dijon 065,France,FR,Bourgogne-Franche-Comté,21,Dijon,"Monument location in Dijon, Bourgogne-Franche-Comté, France.",Monument,Monument,Landmark,"Located in Dijon, Bourgogne-Franche-Comté.",47.325,5.0445,,907,No,Spring; Summer; Autumn,,,,
FR-000908,Beach Tours 065,France,FR,Centre-Val de Loire,37,Tours,"Beach location in Tours, Centre-Val de Loire, France.",Beach,Beach,Nature & Recreation,"Located in Tours, Centre-Val de Loire.",47.3991,0.6898,,908,No,Spring; Summer; Autumn,,,,
FR-000909,Viewpoint Ajaccio 065,France,FR,Corse,2A,Ajaccio,"Viewpoint location in Ajaccio, Corse, France.",Viewpoint,Viewpoint,Scenic Attraction,"Located in Ajaccio, Corse.",41.9262,8.7456,,909,No,Spring; Summer; Autumn,,,,
FR-000910,Market Saint-Denis 065,France,FR,La Réunion,974,Saint-Denis,"Market location in Saint-Denis, La Réunion, France.",Market,Market,Local Attraction,"Located in Saint-Denis, La Réunion.",-20.8699,55.4571,,910,No,Spring; Summer; Autumn,,,,
FR-000911,Art Gallery Paris 066,France,FR,Île-de-France,75,Paris,"Art Gallery location in Paris, Île-de-France, France.",Art Gallery,Art Gallery,Cultural Attraction,"Located in Paris, Île-de-France.",48.8476,2.3432,,911,No,Spring; Summer; Autumn,,,,
FR-000912,Theatre Lyon 066,France,FR,Auvergne-Rhône-Alpes,69,Lyon,"Theatre location in Lyon, Auvergne-Rhône-Alpes, France.",Theatre,Theatre,Performing Arts,"Located in Lyon, Auvergne-Rhône-Alpes.",45.757,4.8287,,912,No,Spring; Summer; Autumn,,,,
FR-000913,Church Marseille 066,France,FR,Provence-Alpes-Côte d'Azur,13,Marseille,"Church location in Marseille, Provence-Alpes-Côte d'Azur, France.",Church,Church,Religious Site,"Located in Marseille, Provence-Alpes-Côte d'Azur.",43.2915,5.3648,,913,No,Spring; Summer; Autumn,,,,
FR-000914,Abbey Bordeaux 066,France,FR,Nouvelle-Aquitaine,33,Bordeaux,"Abbey location in Bordeaux, Nouvelle-Aquitaine, France.",Abbey,Abbey,Religious Site,"Located in Bordeaux, Nouvelle-Aquitaine.",44.8348,-0.5822,,914,No,Spring; Summer; Autumn,,,,
FR-000915,Fortress Toulouse 066,France,FR,Occitanie,31,Toulouse,"Fortress location in Toulouse, Occitanie, France.",Fortress,Fortress,Historic Landmark,"Located in Toulouse, Occitanie.",43.6037,1.4432,,915,No,Spring; Summer; Autumn,,,,
FR-000916,Archaeological Site Lille 066,France,FR,Hauts-de-France,59,Lille,"Archaeological Site location in Lille, Hauts-de-France, France.",Archaeological Site,Archaeological Site,Historic Site,"Located in Lille, Hauts-de-France.",50.6302,3.0583,,916,No,Spring; Summer; Autumn,,,,
FR-000917,Zoo Strasbourg 066,France,FR,Grand Est,67,Strasbourg,"Zoo location in Strasbourg, Grand Est, France.",Zoo,Zoo,Family Attraction,"Located in Strasbourg, Grand Est.",48.5764,7.7551,,917,No,Spring; Summer; Autumn,,,,
FR-000918,Aquarium Nantes 066,France,FR,Pays de la Loire,44,Nantes,"Aquarium location in Nantes, Pays de la Loire, France.",Aquarium,Aquarium,Family Attraction,"Located in Nantes, Pays de la Loire.",47.2234,-1.5486,,918,No,Spring; Summer; Autumn,,,,
FR-000919,Botanical Garden Rennes 066,France,FR,Bretagne,35,Rennes,"Botanical Garden location in Rennes, Bretagne, France.",Botanical Garden,Botanical Garden,Nature & Recreation,"Located in Rennes, Bretagne.",48.1243,-1.6708,,919,No,Spring; Summer; Autumn,,,,
FR-000920,Marina Rouen 066,France,FR,Normandie,76,Rouen,"Marina location in Rouen, Normandie, France.",Marina,Marina,Leisure,"Located in Rouen, Normandie.",49.4522,1.1083,,920,No,Spring; Summer; Autumn,,,,
FR-000921,Historic Site Dijon 066,France,FR,Bourgogne-Franche-Comté,21,Dijon,"Historic Site location in Dijon, Bourgogne-Franche-Comté, France.",Historic Site,Historic Site,Landmark,"Located in Dijon, Bourgogne-Franche-Comté.",47.313,5.0325,,921,No,Spring; Summer; Autumn,,,,
FR-000922,Museum Tours 066,France,FR,Centre-Val de Loire,37,Tours,"Museum location in Tours, Centre-Val de Loire, France.",Museum,Museum,Cultural Attraction,"Located in Tours, Centre-Val de Loire.",47.3871,0.6778,,922,No,Spring; Summer; Autumn,,,,
FR-000923,Castle Ajaccio 066,France,FR,Corse,2A,Ajaccio,"Castle location in Ajaccio, Corse, France.",Castle,Castle,Historic Landmark,"Located in Ajaccio, Corse.",41.9142,8.7336,,923,No,Spring; Summer; Autumn,,,,
FR-000924,Cathedral Saint-Denis 066,France,FR,La Réunion,974,Saint-Denis,"Cathedral location in Saint-Denis, La Réunion, France.",Cathedral,Cathedral,Religious Site,"Located in Saint-Denis, La Réunion.",-20.8819,55.4451,,924,No,Spring; Summer; Autumn,,,,
FR-000925,Park Paris 067,France,FR,Île-de-France,75,Paris,"Park location in Paris, Île-de-France, France.",Park,Park,Nature & Recreation,"Located in Paris, Île-de-France.",48.8556,2.3512,,925,No,Spring; Summer; Autumn,,,,
FR-000926,Garden Lyon 067,France,FR,Auvergne-Rhône-Alpes,69,Lyon,"Garden location in Lyon, Auvergne-Rhône-Alpes, France.",Garden,Garden,Nature & Recreation,"Located in Lyon, Auvergne-Rhône-Alpes.",45.765,4.8367,,926,No,Spring; Summer; Autumn,,,,
FR-000927,Monument Marseille 067,France,FR,Provence-Alpes-Côte d'Azur,13,Marseille,"Monument location in Marseille, Provence-Alpes-Côte d'Azur, France.",Monument,Monument,Landmark,"Located in Marseille, Provence-Alpes-Côte d'Azur.",43.2995,5.3728,,927,No,Spring; Summer; Autumn,,,,
FR-000928,Beach Bordeaux 067,France,FR,Nouvelle-Aquitaine,33,Bordeaux,"Beach location in Bordeaux, Nouvelle-Aquitaine, France.",Beach,Beach,Nature & Recreation,"Located in Bordeaux, Nouvelle-Aquitaine.",44.8428,-0.5742,,928,No,Spring; Summer; Autumn,,,,
FR-000929,Viewpoint Toulouse 067,France,FR,Occitanie,31,Toulouse,"Viewpoint location in Toulouse, Occitanie, France.",Viewpoint,Viewpoint,Scenic Attraction,"Located in Toulouse, Occitanie.",43.6117,1.4512,,929,No,Spring; Summer; Autumn,,,,
FR-000930,Market Lille 067,France,FR,Hauts-de-France,59,Lille,"Market location in Lille, Hauts-de-France, France.",Market,Market,Local Attraction,"Located in Lille, Hauts-de-France.",50.6382,3.0663,,930,No,Spring; Summer; Autumn,,,,
FR-000931,Art Gallery Strasbourg 067,France,FR,Grand Est,67,Strasbourg,"Art Gallery location in Strasbourg, Grand Est, France.",Art Gallery,Art Gallery,Cultural Attraction,"Located in Strasbourg, Grand Est.",48.5644,7.7431,,931,No,Spring; Summer; Autumn,,,,
FR-000932,Theatre Nantes 067,France,FR,Pays de la Loire,44,Nantes,"Theatre location in Nantes, Pays de la Loire, France.",Theatre,Theatre,Performing Arts,"Located in Nantes, Pays de la Loire.",47.2114,-1.5606,,932,No,Spring; Summer; Autumn,,,,
FR-000933,Church Rennes 067,France,FR,Bretagne,35,Rennes,"Church location in Rennes, Bretagne, France.",Church,Church,Religious Site,"Located in Rennes, Bretagne.",48.1123,-1.6828,,933,No,Spring; Summer; Autumn,,,,
FR-000934,Abbey Rouen 067,France,FR,Normandie,76,Rouen,"Abbey location in Rouen, Normandie, France.",Abbey,Abbey,Religious Site,"Located in Rouen, Normandie.",49.4402,1.0963,,934,No,Spring; Summer; Autumn,,,,
FR-000935,Fortress Dijon 067,France,FR,Bourgogne-Franche-Comté,21,Dijon,"Fortress location in Dijon, Bourgogne-Franche-Comté, France.",Fortress,Fortress,Historic Landmark,"Located in Dijon, Bourgogne-Franche-Comté.",47.321,5.0405,,935,No,Spring; Summer; Autumn,,,,
FR-000936,Archaeological Site Tours 067,France,FR,Centre-Val de Loire,37,Tours,"Archaeological Site location in Tours, Centre-Val de Loire, France.",Archaeological Site,Archaeological Site,Historic Site,"Located in Tours, Centre-Val de Loire.",47.3951,0.6858,,936,No,Spring; Summer; Autumn,,,,
FR-000937,Zoo Ajaccio 067,France,FR,Corse,2A,Ajaccio,"Zoo location in Ajaccio, Corse, France.",Zoo,Zoo,Family Attraction,"Located in Ajaccio, Corse.",41.9222,8.7416,,937,No,Spring; Summer; Autumn,,,,
FR-000938,Aquarium Saint-Denis 067,France,FR,La Réunion,974,Saint-Denis,"Aquarium location in Saint-Denis, La Réunion, France.",Aquarium,Aquarium,Family Attraction,"Located in Saint-Denis, La Réunion.",-20.8739,55.4531,,938,No,Spring; Summer; Autumn,,,,
FR-000939,Botanical Garden Paris 068,France,FR,Île-de-France,75,Paris,"Botanical Garden location in Paris, Île-de-France, France.",Botanical Garden,Botanical Garden,Nature & Recreation,"Located in Paris, Île-de-France.",48.8636,2.3592,,939,No,Spring; Summer; Autumn,,,,
FR-000940,Marina Lyon 068,France,FR,Auvergne-Rhône-Alpes,69,Lyon,"Marina location in Lyon, Auvergne-Rhône-Alpes, France.",Marina,Marina,Leisure,"Located in Lyon, Auvergne-Rhône-Alpes.",45.773,4.8447,,940,No,Spring; Summer; Autumn,,,,
FR-000941,Historic Site Marseille 068,France,FR,Provence-Alpes-Côte d'Azur,13,Marseille,"Historic Site location in Marseille, Provence-Alpes-Côte d'Azur, France.",Historic Site,Historic Site,Landmark,"Located in Marseille, Provence-Alpes-Côte d'Azur.",43.2875,5.3608,,941,No,Spring; Summer; Autumn,,,,
FR-000942,Museum Bordeaux 068,France,FR,Nouvelle-Aquitaine,33,Bordeaux,"Museum location in Bordeaux, Nouvelle-Aquitaine, France.",Museum,Museum,Cultural Attraction,"Located in Bordeaux, Nouvelle-Aquitaine.",44.8308,-0.5862,,942,No,Spring; Summer; Autumn,,,,
FR-000943,Castle Toulouse 068,France,FR,Occitanie,31,Toulouse,"Castle location in Toulouse, Occitanie, France.",Castle,Castle,Historic Landmark,"Located in Toulouse, Occitanie.",43.5997,1.4392,,943,No,Spring; Summer; Autumn,,,,
FR-000944,Cathedral Lille 068,France,FR,Hauts-de-France,59,Lille,"Cathedral location in Lille, Hauts-de-France, France.",Cathedral,Cathedral,Religious Site,"Located in Lille, Hauts-de-France.",50.6262,3.0543,,944,No,Spring; Summer; Autumn,,,,
FR-000945,Park Strasbourg 068,France,FR,Grand Est,67,Strasbourg,"Park location in Strasbourg, Grand Est, France.",Park,Park,Nature & Recreation,"Located in Strasbourg, Grand Est.",48.5724,7.7511,,945,No,Spring; Summer; Autumn,,,,
FR-000946,Garden Nantes 068,France,FR,Pays de la Loire,44,Nantes,"Garden location in Nantes, Pays de la Loire, France.",Garden,Garden,Nature & Recreation,"Located in Nantes, Pays de la Loire.",47.2194,-1.5526,,946,No,Spring; Summer; Autumn,,,,
FR-000947,Monument Rennes 068,France,FR,Bretagne,35,Rennes,"Monument location in Rennes, Bretagne, France.",Monument,Monument,Landmark,"Located in Rennes, Bretagne.",48.1203,-1.6748,,947,No,Spring; Summer; Autumn,,,,
FR-000948,Beach Rouen 068,France,FR,Normandie,76,Rouen,"Beach location in Rouen, Normandie, France.",Beach,Beach,Nature & Recreation,"Located in Rouen, Normandie.",49.4482,1.1043,,948,No,Spring; Summer; Autumn,,,,
FR-000949,Viewpoint Dijon 068,France,FR,Bourgogne-Franche-Comté,21,Dijon,"Viewpoint location in Dijon, Bourgogne-Franche-Comté, France.",Viewpoint,Viewpoint,Scenic Attraction,"Located in Dijon, Bourgogne-Franche-Comté.",47.329,5.0485,,949,No,Spring; Summer; Autumn,,,,
FR-000950,Market Tours 068,France,FR,Centre-Val de Loire,37,Tours,"Market location in Tours, Centre-Val de Loire, France.",Market,Market,Local Attraction,"Located in Tours, Centre-Val de Loire.",47.4031,0.6938,,950,No,Spring; Summer; Autumn,,,,
FR-000951,Art Gallery Ajaccio 068,France,FR,Corse,2A,Ajaccio,"Art Gallery location in Ajaccio, Corse, France.",Art Gallery,Art Gallery,Cultural Attraction,"Located in Ajaccio, Corse.",41.9102,8.7296,,951,No,Spring; Summer; Autumn,,,,
FR-000952,Theatre Saint-Denis 068,France,FR,La Réunion,974,Saint-Denis,"Theatre location in Saint-Denis, La Réunion, France.",Theatre,Theatre,Performing Arts,"Located in Saint-Denis, La Réunion.",-20.8859,55.4411,,952,No,Spring; Summer; Autumn,,,,
FR-000953,Church Paris 069,France,FR,Île-de-France,75,Paris,"Church location in Paris, Île-de-France, France.",Church,Church,Religious Site,"Located in Paris, Île-de-France.",48.8516,2.3472,,953,No,Spring; Summer; Autumn,,,,
FR-000954,Abbey Lyon 069,France,FR,Auvergne-Rhône-Alpes,69,Lyon,"Abbey location in Lyon, Auvergne-Rhône-Alpes, France.",Abbey,Abbey,Religious Site,"Located in Lyon, Auvergne-Rhône-Alpes.",45.761,4.8327,,954,No,Spring; Summer; Autumn,,,,
FR-000955,Fortress Marseille 069,France,FR,Provence-Alpes-Côte d'Azur,13,Marseille,"Fortress location in Marseille, Provence-Alpes-Côte d'Azur, France.",Fortress,Fortress,Historic Landmark,"Located in Marseille, Provence-Alpes-Côte d'Azur.",43.2955,5.3688,,955,No,Spring; Summer; Autumn,,,,
FR-000956,Archaeological Site Bordeaux 069,France,FR,Nouvelle-Aquitaine,33,Bordeaux,"Archaeological Site location in Bordeaux, Nouvelle-Aquitaine, France.",Archaeological Site,Archaeological Site,Historic Site,"Located in Bordeaux, Nouvelle-Aquitaine.",44.8388,-0.5782,,956,No,Spring; Summer; Autumn,,,,
FR-000957,Zoo Toulouse 069,France,FR,Occitanie,31,Toulouse,"Zoo location in Toulouse, Occitanie, France.",Zoo,Zoo,Family Attraction,"Located in Toulouse, Occitanie.",43.6077,1.4472,,957,No,Spring; Summer; Autumn,,,,
FR-000958,Aquarium Lille 069,France,FR,Hauts-de-France,59,Lille,"Aquarium location in Lille, Hauts-de-France, France.",Aquarium,Aquarium,Family Attraction,"Located in Lille, Hauts-de-France.",50.6342,3.0623,,958,No,Spring; Summer; Autumn,,,,
FR-000959,Botanical Garden Strasbourg 069,France,FR,Grand Est,67,Strasbourg,"Botanical Garden location in Strasbourg, Grand Est, France.",Botanical Garden,Botanical Garden,Nature & Recreation,"Located in Strasbourg, Grand Est.",48.5804,7.7591,,959,No,Spring; Summer; Autumn,,,,
FR-000960,Marina Nantes 069,France,FR,Pays de la Loire,44,Nantes,"Marina location in Nantes, Pays de la Loire, France.",Marina,Marina,Leisure,"Located in Nantes, Pays de la Loire.",47.2274,-1.5446,,960,No,Spring; Summer; Autumn,,,,
FR-000961,Historic Site Rennes 069,France,FR,Bretagne,35,Rennes,"Historic Site location in Rennes, Bretagne, France.",Historic Site,Historic Site,Landmark,"Located in Rennes, Bretagne.",48.1083,-1.6868,,961,No,Spring; Summer; Autumn,,,,
FR-000962,Museum Rouen 069,France,FR,Normandie,76,Rouen,"Museum location in Rouen, Normandie, France.",Museum,Museum,Cultural Attraction,"Located in Rouen, Normandie.",49.4362,1.0923,,962,No,Spring; Summer; Autumn,,,,
FR-000963,Castle Dijon 069,France,FR,Bourgogne-Franche-Comté,21,Dijon,"Castle location in Dijon, Bourgogne-Franche-Comté, France.",Castle,Castle,Historic Landmark,"Located in Dijon, Bourgogne-Franche-Comté.",47.317,5.0365,,963,No,Spring; Summer; Autumn,,,,
FR-000964,Cathedral Tours 069,France,FR,Centre-Val de Loire,37,Tours,"Cathedral location in Tours, Centre-Val de Loire, France.",Cathedral,Cathedral,Religious Site,"Located in Tours, Centre-Val de Loire.",47.3911,0.6818,,964,No,Spring; Summer; Autumn,,,,
FR-000965,Park Ajaccio 069,France,FR,Corse,2A,Ajaccio,"Park location in Ajaccio, Corse, France.",Park,Park,Nature & Recreation,"Located in Ajaccio, Corse.",41.9182,8.7376,,965,No,Spring; Summer; Autumn,,,,
FR-000966,Garden Saint-Denis 069,France,FR,La Réunion,974,Saint-Denis,"Garden location in Saint-Denis, La Réunion, France.",Garden,Garden,Nature & Recreation,"Located in Saint-Denis, La Réunion.",-20.8779,55.4491,,966,No,Spring; Summer; Autumn,,,,
FR-000967,Monument Paris 070,France,FR,Île-de-France,75,Paris,"Monument location in Paris, Île-de-France, France.",Monument,Monument,Landmark,"Located in Paris, Île-de-France.",48.8596,2.3552,,967,No,Spring; Summer; Autumn,,,,
FR-000968,Beach Lyon 070,France,FR,Auvergne-Rhône-Alpes,69,Lyon,"Beach location in Lyon, Auvergne-Rhône-Alpes, France.",Beach,Beach,Nature & Recreation,"Located in Lyon, Auvergne-Rhône-Alpes.",45.769,4.8407,,968,No,Spring; Summer; Autumn,,,,
FR-000969,Viewpoint Marseille 070,France,FR,Provence-Alpes-Côte d'Azur,13,Marseille,"Viewpoint location in Marseille, Provence-Alpes-Côte d'Azur, France.",Viewpoint,Viewpoint,Scenic Attraction,"Located in Marseille, Provence-Alpes-Côte d'Azur.",43.3035,5.3768,,969,No,Spring; Summer; Autumn,,,,
FR-000970,Market Bordeaux 070,France,FR,Nouvelle-Aquitaine,33,Bordeaux,"Market location in Bordeaux, Nouvelle-Aquitaine, France.",Market,Market,Local Attraction,"Located in Bordeaux, Nouvelle-Aquitaine.",44.8468,-0.5702,,970,No,Spring; Summer; Autumn,,,,
FR-000971,Art Gallery Toulouse 070,France,FR,Occitanie,31,Toulouse,"Art Gallery location in Toulouse, Occitanie, France.",Art Gallery,Art Gallery,Cultural Attraction,"Located in Toulouse, Occitanie.",43.5957,1.4352,,971,No,Spring; Summer; Autumn,,,,
FR-000972,Theatre Lille 070,France,FR,Hauts-de-France,59,Lille,"Theatre location in Lille, Hauts-de-France, France.",Theatre,Theatre,Performing Arts,"Located in Lille, Hauts-de-France.",50.6222,3.0503,,972,No,Spring; Summer; Autumn,,,,
FR-000973,Church Strasbourg 070,France,FR,Grand Est,67,Strasbourg,"Church location in Strasbourg, Grand Est, France.",Church,Church,Religious Site,"Located in Strasbourg, Grand Est.",48.5684,7.7471,,973,No,Spring; Summer; Autumn,,,,
FR-000974,Abbey Nantes 070,France,FR,Pays de la Loire,44,Nantes,"Abbey location in Nantes, Pays de la Loire, France.",Abbey,Abbey,Religious Site,"Located in Nantes, Pays de la Loire.",47.2154,-1.5566,,974,No,Spring; Summer; Autumn,,,,
FR-000975,Fortress Rennes 070,France,FR,Bretagne,35,Rennes,"Fortress location in Rennes, Bretagne, France.",Fortress,Fortress,Historic Landmark,"Located in Rennes, Bretagne.",48.1163,-1.6788,,975,No,Spring; Summer; Autumn,,,,
FR-000976,Archaeological Site Rouen 070,France,FR,Normandie,76,Rouen,"Archaeological Site location in Rouen, Normandie, France.",Archaeological Site,Archaeological Site,Historic Site,"Located in Rouen, Normandie.",49.4442,1.1003,,976,No,Spring; Summer; Autumn,,,,
FR-000977,Zoo Dijon 070,France,FR,Bourgogne-Franche-Comté,21,Dijon,"Zoo location in Dijon, Bourgogne-Franche-Comté, France.",Zoo,Zoo,Family Attraction,"Located in Dijon, Bourgogne-Franche-Comté.",47.325,5.0445,,977,No,Spring; Summer; Autumn,,,,
FR-000978,Aquarium Tours 070,France,FR,Centre-Val de Loire,37,Tours,"Aquarium location in Tours, Centre-Val de Loire, France.",Aquarium,Aquarium,Family Attraction,"Located in Tours, Centre-Val de Loire.",47.3991,0.6898,,978,No,Spring; Summer; Autumn,,,,
FR-000979,Botanical Garden Ajaccio 070,France,FR,Corse,2A,Ajaccio,"Botanical Garden location in Ajaccio, Corse, France.",Botanical Garden,Botanical Garden,Nature & Recreation,"Located in Ajaccio, Corse.",41.9262,8.7456,,979,No,Spring; Summer; Autumn,,,,
FR-000980,Marina Saint-Denis 070,France,FR,La Réunion,974,Saint-Denis,"Marina location in Saint-Denis, La Réunion, France.",Marina,Marina,Leisure,"Located in Saint-Denis, La Réunion.",-20.8699,55.4571,,980,No,Spring; Summer; Autumn,,,,
FR-000981,Historic Site Paris 071,France,FR,Île-de-France,75,Paris,"Historic Site location in Paris, Île-de-France, France.",Historic Site,Historic Site,Landmark,"Located in Paris, Île-de-France.",48.8476,2.3432,,981,No,Spring; Summer; Autumn,,,,
FR-000982,Museum Lyon 071,France,FR,Auvergne-Rhône-Alpes,69,Lyon,"Museum location in Lyon, Auvergne-Rhône-Alpes, France.",Museum,Museum,Cultural Attraction,"Located in Lyon, Auvergne-Rhône-Alpes.",45.757,4.8287,,982,No,Spring; Summer; Autumn,,,,
FR-000983,Castle Marseille 071,France,FR,Provence-Alpes-Côte d'Azur,13,Marseille,"Castle location in Marseille, Provence-Alpes-Côte d'Azur, France.",Castle,Castle,Historic Landmark,"Located in Marseille, Provence-Alpes-Côte d'Azur.",43.2915,5.3648,,983,No,Spring; Summer; Autumn,,,,
FR-000984,Cathedral Bordeaux 071,France,FR,Nouvelle-Aquitaine,33,Bordeaux,"Cathedral location in Bordeaux, Nouvelle-Aquitaine, France.",Cathedral,Cathedral,Religious Site,"Located in Bordeaux, Nouvelle-Aquitaine.",44.8348,-0.5822,,984,No,Spring; Summer; Autumn,,,,
FR-000985,Park Toulouse 071,France,FR,Occitanie,31,Toulouse,"Park location in Toulouse, Occitanie, France.",Park,Park,Nature & Recreation,"Located in Toulouse, Occitanie.",43.6037,1.4432,,985,No,Spring; Summer; Autumn,,,,
FR-000986,Garden Lille 071,France,FR,Hauts-de-France,59,Lille,"Garden location in Lille, Hauts-de-France, France.",Garden,Garden,Nature & Recreation,"Located in Lille, Hauts-de-France.",50.6302,3.0583,,986,No,Spring; Summer; Autumn,,,,
FR-000987,Monument Strasbourg 071,France,FR,Grand Est,67,Strasbourg,"Monument location in Strasbourg, Grand Est, France.",Monument,Monument,Landmark,"Located in Strasbourg, Grand Est.",48.5764,7.7551,,987,No,Spring; Summer; Autumn,,,,
FR-000988,Beach Nantes 071,France,FR,Pays de la Loire,44,Nantes,"Beach location in Nantes, Pays de la Loire, France.",Beach,Beach,Nature & Recreation,"Located in Nantes, Pays de la Loire.",47.2234,-1.5486,,988,No,Spring; Summer; Autumn,,,,
FR-000989,Viewpoint Rennes 071,France,FR,Bretagne,35,Rennes,"Viewpoint location in Rennes, Bretagne, France.",Viewpoint,Viewpoint,Scenic Attraction,"Located in Rennes, Bretagne.",48.1243,-1.6708,,989,No,Spring; Summer; Autumn,,,,
FR-000990,Market Rouen 071,France,FR,Normandie,76,Rouen,"Market location in Rouen, Normandie, France.",Market,Market,Local Attraction,"Located in Rouen, Normandie.",49.4522,1.1083,,990,No,Spring; Summer; Autumn,,,,
FR-000991,Art Gallery Dijon 071,France,FR,Bourgogne-Franche-Comté,21,Dijon,"Art Gallery location in Dijon, Bourgogne-Franche-Comté, France.",Art Gallery,Art Gallery,Cultural Attraction,"Located in Dijon, Bourgogne-Franche-Comté.",47.313,5.0325,,991,No,Spring; Summer; Autumn,,,,
FR-000992,Theatre Tours 071,France,FR,Centre-Val de Loire,37,Tours,"Theatre location in Tours, Centre-Val de Loire, France.",Theatre,Theatre,Performing Arts,"Located in Tours, Centre-Val de Loire.",47.3871,0.6778,,992,No,Spring; Summer; Autumn,,,,
FR-000993,Church Ajaccio 071,France,FR,Corse,2A,Ajaccio,"Church location in Ajaccio, Corse, France.",Church,Church,Religious Site,"Located in Ajaccio, Corse.",41.9142,8.7336,,993,No,Spring; Summer; Autumn,,,,
FR-000994,Abbey Saint-Denis 071,France,FR,La Réunion,974,Saint-Denis,"Abbey location in Saint-Denis, La Réunion, France.",Abbey,Abbey,Religious Site,"Located in Saint-Denis, La Réunion.",-20.8819,55.4451,,994,No,Spring; Summer; Autumn,,,,
FR-000995,Fortress Paris 072,France,FR,Île-de-France,75,Paris,"Fortress location in Paris, Île-de-France, France.",Fortress,Fortress,Historic Landmark,"Located in Paris, Île-de-France.",48.8556,2.3512,,995,No,Spring; Summer; Autumn,,,,
FR-000996,Archaeological Site Lyon 072,France,FR,Auvergne-Rhône-Alpes,69,Lyon,"Archaeological Site location in Lyon, Auvergne-Rhône-Alpes, France.",Archaeological Site,Archaeological Site,Historic Site,"Located in Lyon, Auvergne-Rhône-Alpes.",45.765,4.8367,,996,No,Spring; Summer; Autumn,,,,
FR-000997,Zoo Marseille 072,France,FR,Provence-Alpes-Côte d'Azur,13,Marseille,"Zoo location in Marseille, Provence-Alpes-Côte d'Azur, France.",Zoo,Zoo,Family Attraction,"Located in Marseille, Provence-Alpes-Côte d'Azur.",43.2995,5.3728,,997,No,Spring; Summer; Autumn,,,,
FR-000998,Aquarium Bordeaux 072,France,FR,Nouvelle-Aquitaine,33,Bordeaux,"Aquarium location in Bordeaux, Nouvelle-Aquitaine, France.",Aquarium,Aquarium,Family Attraction,"Located in Bordeaux, Nouvelle-Aquitaine.",44.8428,-0.5742,,998,No,Spring; Summer; Autumn,,,,
FR-000999,Botanical Garden Toulouse 072,France,FR,Occitanie,31,Toulouse,"Botanical Garden location in Toulouse, Occitanie, France.",Botanical Garden,Botanical Garden,Nature & Recreation,"Located in Toulouse, Occitanie.",43.6117,1.4512,,999,No,Spring; Summer; Autumn,,,,
FR-001000,Marina Lille 072,France,FR,Hauts-de-France,59,Lille,"Marina location in Lille, Hauts-de-France, France.",Marina,Marina,Leisure,"Located in Lille, Hauts-de-France.",50.6382,3.0663,,1000,No,Spring; Summer; Autumn,,,,
FR-001001,Historic Site Strasbourg 072,France,FR,Grand Est,67,Strasbourg,"Historic Site location in Strasbourg, Grand Est, France.",Historic Site,Historic Site,Landmark,"Located in Strasbourg, Grand Est.",48.5644,7.7431,,1001,No,Spring; Summer; Autumn,,,,
FR-001002,Museum Nantes 072,France,FR,Pays de la Loire,44,Nantes,"Museum location in Nantes, Pays de la Loire, France.",Museum,Museum,Cultural Attraction,"Located in Nantes, Pays de la Loire.",47.2114,-1.5606,,1002,No,Spring; Summer; Autumn,,,,
FR-001003,Castle Rennes 072,France,FR,Bretagne,35,Rennes,"Castle location in Rennes, Bretagne, France.",Castle,Castle,Historic Landmark,"Located in Rennes, Bretagne.",48.1123,-1.6828,,1003,No,Spring; Summer; Autumn,,,,
FR-001004,Cathedral Rouen 072,France,FR,Normandie,76,Rouen,"Cathedral location in Rouen, Normandie, France.",Cathedral,Cathedral,Religious Site,"Located in Rouen, Normandie.",49.4402,1.0963,,1004,No,Spring; Summer; Autumn,,,,
FR-001005,Park Dijon 072,France,FR,Bourgogne-Franche-Comté,21,Dijon,"Park location in Dijon, Bourgogne-Franche-Comté, France.",Park,Park,Nature & Recreation,"Located in Dijon, Bourgogne-Franche-Comté.",47.321,5.0405,,1005,No,Spring; Summer; Autumn,,,,
FR-001006,Garden Tours 072,France,FR,Centre-Val de Loire,37,Tours,"Garden location in Tours, Centre-Val de Loire, France.",Garden,Garden,Nature & Recreation,"Located in Tours, Centre-Val de Loire.",47.3951,0.6858,,1006,No,Spring; Summer; Autumn,,,,
FR-001007,Monument Ajaccio 072,France,FR,Corse,2A,Ajaccio,"Monument location in Ajaccio, Corse, France.",Monument,Monument,Landmark,"Located in Ajaccio, Corse.",41.9222,8.7416,,1007,No,Spring; Summer; Autumn,,,,
FR-001008,Beach Saint-Denis 072,France,FR,La Réunion,974,Saint-Denis,"Beach location in Saint-Denis, La Réunion, France.",Beach,Beach,Nature & Recreation,"Located in Saint-Denis, La Réunion.",-20.8739,55.4531,,1008,No,Spring; Summer; Autumn,,,,
FR-001009,Viewpoint Paris 073,France,FR,Île-de-France,75,Paris,"Viewpoint location in Paris, Île-de-France, France.",Viewpoint,Viewpoint,Scenic Attraction,"Located in Paris, Île-de-France.",48.8636,2.3592,,1009,No,Spring; Summer; Autumn,,,,
FR-001010,Market Lyon 073,France,FR,Auvergne-Rhône-Alpes,69,Lyon,"Market location in Lyon, Auvergne-Rhône-Alpes, France.",Market,Market,Local Attraction,"Located in Lyon, Auvergne-Rhône-Alpes.",45.773,4.8447,,1010,No,Spring; Summer; Autumn,,,,
FR-001011,Art Gallery Marseille 073,France,FR,Provence-Alpes-Côte d'Azur,13,Marseille,"Art Gallery location in Marseille, Provence-Alpes-Côte d'Azur, France.",Art Gallery,Art Gallery,Cultural Attraction,"Located in Marseille, Provence-Alpes-Côte d'Azur.",43.2875,5.3608,,1011,No,Spring; Summer; Autumn,,,,
FR-001012,Theatre Bordeaux 073,France,FR,Nouvelle-Aquitaine,33,Bordeaux,"Theatre location in Bordeaux, Nouvelle-Aquitaine, France.",Theatre,Theatre,Performing Arts,"Located in Bordeaux, Nouvelle-Aquitaine.",44.8308,-0.5862,,1012,No,Spring; Summer; Autumn,,,,
FR-001013,Church Toulouse 073,France,FR,Occitanie,31,Toulouse,"Church location in Toulouse, Occitanie, France.",Church,Church,Religious Site,"Located in Toulouse, Occitanie.",43.5997,1.4392,,1013,No,Spring; Summer; Autumn,,,,
FR-001014,Abbey Lille 073,France,FR,Hauts-de-France,59,Lille,"Abbey location in Lille, Hauts-de-France, France.",Abbey,Abbey,Religious Site,"Located in Lille, Hauts-de-France.",50.6262,3.0543,,1014,No,Spring; Summer; Autumn,,,,
FR-001015,Fortress Strasbourg 073,France,FR,Grand Est,67,Strasbourg,"Fortress location in Strasbourg, Grand Est, France.",Fortress,Fortress,Historic Landmark,"Located in Strasbourg, Grand Est.",48.5724,7.7511,,1015,No,Spring; Summer; Autumn,,,,
FR-001016,Archaeological Site Nantes 073,France,FR,Pays de la Loire,44,Nantes,"Archaeological Site location in Nantes, Pays de la Loire, France.",Archaeological Site,Archaeological Site,Historic Site,"Located in Nantes, Pays de la Loire.",47.2194,-1.5526,,1016,No,Spring; Summer; Autumn,,,,
FR-001017,Zoo Rennes 073,France,FR,Bretagne,35,Rennes,"Zoo location in Rennes, Bretagne, France.",Zoo,Zoo,Family Attraction,"Located in Rennes, Bretagne.",48.1203,-1.6748,,1017,No,Spring; Summer; Autumn,,,,
FR-001018,Aquarium Rouen 073,France,FR,Normandie,76,Rouen,"Aquarium location in Rouen, Normandie, France.",Aquarium,Aquarium,Family Attraction,"Located in Rouen, Normandie.",49.4482,1.1043,,1018,No,Spring; Summer; Autumn,,,,
FR-001019,Botanical Garden Dijon 073,France,FR,Bourgogne-Franche-Comté,21,Dijon,"Botanical Garden location in Dijon, Bourgogne-Franche-Comté, France.",Botanical Garden,Botanical Garden,Nature & Recreation,"Located in Dijon, Bourgogne-Franche-Comté.",47.329,5.0485,,1019,No,Spring; Summer; Autumn,,,,
FR-001020,Marina Tours 073,France,FR,Centre-Val de Loire,37,Tours,"Marina location in Tours, Centre-Val de Loire, France.",Marina,Marina,Leisure,"Located in Tours, Centre-Val de Loire.",47.4031,0.6938,,1020,No,Spring; Summer; Autumn,,,,
FR-001021,Historic Site Ajaccio 073,France,FR,Corse,2A,Ajaccio,"Historic Site location in Ajaccio, Corse, France.",Historic Site,Historic Site,Landmark,"Located in Ajaccio, Corse.",41.9102,8.7296,,1021,No,Spring; Summer; Autumn,,,,
FR-001022,Museum Saint-Denis 073,France,FR,La Réunion,974,Saint-Denis,"Museum location in Saint-Denis, La Réunion, France.",Museum,Museum,Cultural Attraction,"Located in Saint-Denis, La Réunion.",-20.8859,55.4411,,1022,No,Spring; Summer; Autumn,,,,
FR-001023,Castle Paris 074,France,FR,Île-de-France,75,Paris,"Castle location in Paris, Île-de-France, France.",Castle,Castle,Historic Landmark,"Located in Paris, Île-de-France.",48.8516,2.3472,,1023,No,Spring; Summer; Autumn,,,,
FR-001024,Cathedral Lyon 074,France,FR,Auvergne-Rhône-Alpes,69,Lyon,"Cathedral location in Lyon, Auvergne-Rhône-Alpes, France.",Cathedral,Cathedral,Religious Site,"Located in Lyon, Auvergne-Rhône-Alpes.",45.761,4.8327,,1024,No,Spring; Summer; Autumn,,,,
FR-001025,Park Marseille 074,France,FR,Provence-Alpes-Côte d'Azur,13,Marseille,"Park location in Marseille, Provence-Alpes-Côte d'Azur, France.",Park,Park,Nature & Recreation,"Located in Marseille, Provence-Alpes-Côte d'Azur.",43.2955,5.3688,,1025,No,Spring; Summer; Autumn,,,,
FR-001026,Garden Bordeaux 074,France,FR,Nouvelle-Aquitaine,33,Bordeaux,"Garden location in Bordeaux, Nouvelle-Aquitaine, France.",Garden,Garden,Nature & Recreation,"Located in Bordeaux, Nouvelle-Aquitaine.",44.8388,-0.5782,,1026,No,Spring; Summer; Autumn,,,,
FR-001027,Monument Toulouse 074,France,FR,Occitanie,31,Toulouse,"Monument location in Toulouse, Occitanie, France.",Monument,Monument,Landmark,"Located in Toulouse, Occitanie.",43.6077,1.4472,,1027,No,Spring; Summer; Autumn,,,,
FR-001028,Beach Lille 074,France,FR,Hauts-de-France,59,Lille,"Beach location in Lille, Hauts-de-France, France.",Beach,Beach,Nature & Recreation,"Located in Lille, Hauts-de-France.",50.6342,3.0623,,1028,No,Spring; Summer; Autumn,,,,
FR-001029,Viewpoint Strasbourg 074,France,FR,Grand Est,67,Strasbourg,"Viewpoint location in Strasbourg, Grand Est, France.",Viewpoint,Viewpoint,Scenic Attraction,"Located in Strasbourg, Grand Est.",48.5804,7.7591,,1029,No,Spring; Summer; Autumn,,,,
FR-001030,Market Nantes 074,France,FR,Pays de la Loire,44,Nantes,"Market location in Nantes, Pays de la Loire, France.",Market,Market,Local Attraction,"Located in Nantes, Pays de la Loire.",47.2274,-1.5446,,1030,No,Spring; Summer; Autumn,,,,
FR-001031,Art Gallery Rennes 074,France,FR,Bretagne,35,Rennes,"Art Gallery location in Rennes, Bretagne, France.",Art Gallery,Art Gallery,Cultural Attraction,"Located in Rennes, Bretagne.",48.1083,-1.6868,,1031,No,Spring; Summer; Autumn,,,,
FR-001032,Theatre Rouen 074,France,FR,Normandie,76,Rouen,"Theatre location in Rouen, Normandie, France.",Theatre,Theatre,Performing Arts,"Located in Rouen, Normandie.",49.4362,1.0923,,1032,No,Spring; Summer; Autumn,,,,
FR-001033,Church Dijon 074,France,FR,Bourgogne-Franche-Comté,21,Dijon,"Church location in Dijon, Bourgogne-Franche-Comté, France.",Church,Church,Religious Site,"Located in Dijon, Bourgogne-Franche-Comté.",47.317,5.0365,,1033,No,Spring; Summer; Autumn,,,,
FR-001034,Abbey Tours 074,France,FR,Centre-Val de Loire,37,Tours,"Abbey location in Tours, Centre-Val de Loire, France.",Abbey,Abbey,Religious Site,"Located in Tours, Centre-Val de Loire.",47.3911,0.6818,,1034,No,Spring; Summer; Autumn,,,,
FR-001035,Fortress Ajaccio 074,France,FR,Corse,2A,Ajaccio,"Fortress location in Ajaccio, Corse, France.",Fortress,Fortress,Historic Landmark,"Located in Ajaccio, Corse.",41.9182,8.7376,,1035,No,Spring; Summer; Autumn,,,,
FR-001036,Archaeological Site Saint-Denis 074,France,FR,La Réunion,974,Saint-Denis,"Archaeological Site location in Saint-Denis, La Réunion, France.",Archaeological Site,Archaeological Site,Historic Site,"Located in Saint-Denis, La Réunion.",-20.8779,55.4491,,1036,No,Spring; Summer; Autumn,,,,
FR-001037,Zoo Paris 075,France,FR,Île-de-France,75,Paris,"Zoo location in Paris, Île-de-France, France.",Zoo,Zoo,Family Attraction,"Located in Paris, Île-de-France.",48.8596,2.3552,,1037,No,Spring; Summer; Autumn,,,,
FR-001038,Aquarium Lyon 075,France,FR,Auvergne-Rhône-Alpes,69,Lyon,"Aquarium location in Lyon, Auvergne-Rhône-Alpes, France.",Aquarium,Aquarium,Family Attraction,"Located in Lyon, Auvergne-Rhône-Alpes.",45.769,4.8407,,1038,No,Spring; Summer; Autumn,,,,
FR-001039,Botanical Garden Marseille 075,France,FR,Provence-Alpes-Côte d'Azur,13,Marseille,"Botanical Garden location in Marseille, Provence-Alpes-Côte d'Azur, France.",Botanical Garden,Botanical Garden,Nature & Recreation,"Located in Marseille, Provence-Alpes-Côte d'Azur.",43.3035,5.3768,,1039,No,Spring; Summer; Autumn,,,,
FR-001040,Marina Bordeaux 075,France,FR,Nouvelle-Aquitaine,33,Bordeaux,"Marina location in Bordeaux, Nouvelle-Aquitaine, France.",Marina,Marina,Leisure,"Located in Bordeaux, Nouvelle-Aquitaine.",44.8468,-0.5702,,1040,No,Spring; Summer; Autumn,,,,
FR-001041,Historic Site Toulouse 075,France,FR,Occitanie,31,Toulouse,"Historic Site location in Toulouse, Occitanie, France.",Historic Site,Historic Site,Landmark,"Located in Toulouse, Occitanie.",43.5957,1.4352,,1041,No,Spring; Summer; Autumn,,,,
FR-001042,Museum Lille 075,France,FR,Hauts-de-France,59,Lille,"Museum location in Lille, Hauts-de-France, France.",Museum,Museum,Cultural Attraction,"Located in Lille, Hauts-de-France.",50.6222,3.0503,,1042,No,Spring; Summer; Autumn,,,,
FR-001043,Castle Strasbourg 075,France,FR,Grand Est,67,Strasbourg,"Castle location in Strasbourg, Grand Est, France.",Castle,Castle,Historic Landmark,"Located in Strasbourg, Grand Est.",48.5684,7.7471,,1043,No,Spring; Summer; Autumn,,,,
FR-001044,Cathedral Nantes 075,France,FR,Pays de la Loire,44,Nantes,"Cathedral location in Nantes, Pays de la Loire, France.",Cathedral,Cathedral,Religious Site,"Located in Nantes, Pays de la Loire.",47.2154,-1.5566,,1044,No,Spring; Summer; Autumn,,,,
FR-001045,Park Rennes 075,France,FR,Bretagne,35,Rennes,"Park location in Rennes, Bretagne, France.",Park,Park,Nature & Recreation,"Located in Rennes, Bretagne.",48.1163,-1.6788,,1045,No,Spring; Summer; Autumn,,,,
FR-001046,Garden Rouen 075,France,FR,Normandie,76,Rouen,"Garden location in Rouen, Normandie, France.",Garden,Garden,Nature & Recreation,"Located in Rouen, Normandie.",49.4442,1.1003,,1046,No,Spring; Summer; Autumn,,,,
FR-001047,Monument Dijon 075,France,FR,Bourgogne-Franche-Comté,21,Dijon,"Monument location in Dijon, Bourgogne-Franche-Comté, France.",Monument,Monument,Landmark,"Located in Dijon, Bourgogne-Franche-Comté.",47.325,5.0445,,1047,No,Spring; Summer; Autumn,,,,
FR-001048,Beach Tours 075,France,FR,Centre-Val de Loire,37,Tours,"Beach location in Tours, Centre-Val de Loire, France.",Beach,Beach,Nature & Recreation,"Located in Tours, Centre-Val de Loire.",47.3991,0.6898,,1048,No,Spring; Summer; Autumn,,,,
FR-001049,Viewpoint Ajaccio 075,France,FR,Corse,2A,Ajaccio,"Viewpoint location in Ajaccio, Corse, France.",Viewpoint,Viewpoint,Scenic Attraction,"Located in Ajaccio, Corse.",41.9262,8.7456,,1049,No,Spring; Summer; Autumn,,,,
FR-001050,Market Saint-Denis 075,France,FR,La Réunion,974,Saint-Denis,"Market location in Saint-Denis, La Réunion, France.",Market,Market,Local Attraction,"Located in Saint-Denis, La Réunion.",-20.8699,55.4571,,1050,No,Spring; Summer; Autumn,,,,
FR-001051,Art Gallery Paris 076,France,FR,Île-de-France,75,Paris,"Art Gallery location in Paris, Île-de-France, France.",Art Gallery,Art Gallery,Cultural Attraction,"Located in Paris, Île-de-France.",48.8476,2.3432,,1051,No,Spring; Summer; Autumn,,,,
FR-001052,Theatre Lyon 076,France,FR,Auvergne-Rhône-Alpes,69,Lyon,"Theatre location in Lyon, Auvergne-Rhône-Alpes, France.",Theatre,Theatre,Performing Arts,"Located in Lyon, Auvergne-Rhône-Alpes.",45.757,4.8287,,1052,No,Spring; Summer; Autumn,,,,
FR-001053,Church Marseille 076,France,FR,Provence-Alpes-Côte d'Azur,13,Marseille,"Church location in Marseille, Provence-Alpes-Côte d'Azur, France.",Church,Church,Religious Site,"Located in Marseille, Provence-Alpes-Côte d'Azur.",43.2915,5.3648,,1053,No,Spring; Summer; Autumn,,,,
FR-001054,Abbey Bordeaux 076,France,FR,Nouvelle-Aquitaine,33,Bordeaux,"Abbey location in Bordeaux, Nouvelle-Aquitaine, France.",Abbey,Abbey,Religious Site,"Located in Bordeaux, Nouvelle-Aquitaine.",44.8348,-0.5822,,1054,No,Spring; Summer; Autumn,,,,
FR-001055,Fortress Toulouse 076,France,FR,Occitanie,31,Toulouse,"Fortress location in Toulouse, Occitanie, France.",Fortress,Fortress,Historic Landmark,"Located in Toulouse, Occitanie.",43.6037,1.4432,,1055,No,Spring; Summer; Autumn,,,,
FR-001056,Archaeological Site Lille 076,France,FR,Hauts-de-France,59,Lille,"Archaeological Site location in Lille, Hauts-de-France, France.",Archaeological Site,Archaeological Site,Historic Site,"Located in Lille, Hauts-de-France.",50.6302,3.0583,,1056,No,Spring; Summer; Autumn,,,,
FR-001057,Zoo Strasbourg 076,France,FR,Grand Est,67,Strasbourg,"Zoo location in Strasbourg, Grand Est, France.",Zoo,Zoo,Family Attraction,"Located in Strasbourg, Grand Est.",48.5764,7.7551,,1057,No,Spring; Summer; Autumn,,,,
FR-001058,Aquarium Nantes 076,France,FR,Pays de la Loire,44,Nantes,"Aquarium location in Nantes, Pays de la Loire, France.",Aquarium,Aquarium,Family Attraction,"Located in Nantes, Pays de la Loire.",47.2234,-1.5486,,1058,No,Spring; Summer; Autumn,,,,
FR-001059,Botanical Garden Rennes 076,France,FR,Bretagne,35,Rennes,"Botanical Garden location in Rennes, Bretagne, France.",Botanical Garden,Botanical Garden,Nature & Recreation,"Located in Rennes, Bretagne.",48.1243,-1.6708,,1059,No,Spring; Summer; Autumn,,,,
FR-001060,Marina Rouen 076,France,FR,Normandie,76,Rouen,"Marina location in Rouen, Normandie, France.",Marina,Marina,Leisure,"Located in Rouen, Normandie.",49.4522,1.1083,,1060,No,Spring; Summer; Autumn,,,,
FR-001061,Historic Site Dijon 076,France,FR,Bourgogne-Franche-Comté,21,Dijon,"Historic Site location in Dijon, Bourgogne-Franche-Comté, France.",Historic Site,Historic Site,Landmark,"Located in Dijon, Bourgogne-Franche-Comté.",47.313,5.0325,,1061,No,Spring; Summer; Autumn,,,,
FR-001062,Museum Tours 076,France,FR,Centre-Val de Loire,37,Tours,"Museum location in Tours, Centre-Val de Loire, France.",Museum,Museum,Cultural Attraction,"Located in Tours, Centre-Val de Loire.",47.3871,0.6778,,1062,No,Spring; Summer; Autumn,,,,
FR-001063,Castle Ajaccio 076,France,FR,Corse,2A,Ajaccio,"Castle location in Ajaccio, Corse, France.",Castle,Castle,Historic Landmark,"Located in Ajaccio, Corse.",41.9142,8.7336,,1063,No,Spring; Summer; Autumn,,,,
FR-001064,Cathedral Saint-Denis 076,France,FR,La Réunion,974,Saint-Denis,"Cathedral location in Saint-Denis, La Réunion, France.",Cathedral,Cathedral,Religious Site,"Located in Saint-Denis, La Réunion.",-20.8819,55.4451,,1064,No,Spring; Summer; Autumn,,,,
FR-001065,Park Paris 077,France,FR,Île-de-France,75,Paris,"Park location in Paris, Île-de-France, France.",Park,Park,Nature & Recreation,"Located in Paris, Île-de-France.",48.8556,2.3512,,1065,No,Spring; Summer; Autumn,,,,
FR-001066,Garden Lyon 077,France,FR,Auvergne-Rhône-Alpes,69,Lyon,"Garden location in Lyon, Auvergne-Rhône-Alpes, France.",Garden,Garden,Nature & Recreation,"Located in Lyon, Auvergne-Rhône-Alpes.",45.765,4.8367,,1066,No,Spring; Summer; Autumn,,,,
FR-001067,Monument Marseille 077,France,FR,Provence-Alpes-Côte d'Azur,13,Marseille,"Monument location in Marseille, Provence-Alpes-Côte d'Azur, France.",Monument,Monument,Landmark,"Located in Marseille, Provence-Alpes-Côte d'Azur.",43.2995,5.3728,,1067,No,Spring; Summer; Autumn,,,,
FR-001068,Beach Bordeaux 077,France,FR,Nouvelle-Aquitaine,33,Bordeaux,"Beach location in Bordeaux, Nouvelle-Aquitaine, France.",Beach,Beach,Nature & Recreation,"Located in Bordeaux, Nouvelle-Aquitaine.",44.8428,-0.5742,,1068,No,Spring; Summer; Autumn,,,,
FR-001069,Viewpoint Toulouse 077,France,FR,Occitanie,31,Toulouse,"Viewpoint location in Toulouse, Occitanie, France.",Viewpoint,Viewpoint,Scenic Attraction,"Located in Toulouse, Occitanie.",43.6117,1.4512,,1069,No,Spring; Summer; Autumn,,,,
FR-001070,Market Lille 077,France,FR,Hauts-de-France,59,Lille,"Market location in Lille, Hauts-de-France, France.",Market,Market,Local Attraction,"Located in Lille, Hauts-de-France.",50.6382,3.0663,,1070,No,Spring; Summer; Autumn,,,,
FR-001071,Art Gallery Strasbourg 077,France,FR,Grand Est,67,Strasbourg,"Art Gallery location in Strasbourg, Grand Est, France.",Art Gallery,Art Gallery,Cultural Attraction,"Located in Strasbourg, Grand Est.",48.5644,7.7431,,1071,No,Spring; Summer; Autumn,,,,
FR-001072,Theatre Nantes 077,France,FR,Pays de la Loire,44,Nantes,"Theatre location in Nantes, Pays de la Loire, France.",Theatre,Theatre,Performing Arts,"Located in Nantes, Pays de la Loire.",47.2114,-1.5606,,1072,No,Spring; Summer; Autumn,,,,
FR-001073,Church Rennes 077,France,FR,Bretagne,35,Rennes,"Church location in Rennes, Bretagne, France.",Church,Church,Religious Site,"Located in Rennes, Bretagne.",48.1123,-1.6828,,1073,No,Spring; Summer; Autumn,,,,
FR-001074,Abbey Rouen 077,France,FR,Normandie,76,Rouen,"Abbey location in Rouen, Normandie, France.",Abbey,Abbey,Religious Site,"Located in Rouen, Normandie.",49.4402,1.0963,,1074,No,Spring; Summer; Autumn,,,,
FR-001075,Fortress Dijon 077,France,FR,Bourgogne-Franche-Comté,21,Dijon,"Fortress location in Dijon, Bourgogne-Franche-Comté, France.",Fortress,Fortress,Historic Landmark,"Located in Dijon, Bourgogne-Franche-Comté.",47.321,5.0405,,1075,No,Spring; Summer; Autumn,,,,
FR-001076,Archaeological Site Tours 077,France,FR,Centre-Val de Loire,37,Tours,"Archaeological Site location in Tours, Centre-Val de Loire, France.",Archaeological Site,Archaeological Site,Historic Site,"Located in Tours, Centre-Val de Loire.",47.3951,0.6858,,1076,No,Spring; Summer; Autumn,,,,
FR-001077,Zoo Ajaccio 077,France,FR,Corse,2A,Ajaccio,"Zoo location in Ajaccio, Corse, France.",Zoo,Zoo,Family Attraction,"Located in Ajaccio, Corse.",41.9222,8.7416,,1077,No,Spring; Summer; Autumn,,,,
FR-001078,Aquarium Saint-Denis 077,France,FR,La Réunion,974,Saint-Denis,"Aquarium location in Saint-Denis, La Réunion, France.",Aquarium,Aquarium,Family Attraction,"Located in Saint-Denis, La Réunion.",-20.8739,55.4531,,1078,No,Spring; Summer; Autumn,,,,
FR-001079,Botanical Garden Paris 078,France,FR,Île-de-France,75,Paris,"Botanical Garden location in Paris, Île-de-France, France.",Botanical Garden,Botanical Garden,Nature & Recreation,"Located in Paris, Île-de-France.",48.8636,2.3592,,1079,No,Spring; Summer; Autumn,,,,
FR-001080,Marina Lyon 078,France,FR,Auvergne-Rhône-Alpes,69,Lyon,"Marina location in Lyon, Auvergne-Rhône-Alpes, France.",Marina,Marina,Leisure,"Located in Lyon, Auvergne-Rhône-Alpes.",45.773,4.8447,,1080,No,Spring; Summer; Autumn,,,,
FR-001081,Historic Site Marseille 078,France,FR,Provence-Alpes-Côte d'Azur,13,Marseille,"Historic Site location in Marseille, Provence-Alpes-Côte d'Azur, France.",Historic Site,Historic Site,Landmark,"Located in Marseille, Provence-Alpes-Côte d'Azur.",43.2875,5.3608,,1081,No,Spring; Summer; Autumn,,,,
FR-001082,Museum Bordeaux 078,France,FR,Nouvelle-Aquitaine,33,Bordeaux,"Museum location in Bordeaux, Nouvelle-Aquitaine, France.",Museum,Museum,Cultural Attraction,"Located in Bordeaux, Nouvelle-Aquitaine.",44.8308,-0.5862,,1082,No,Spring; Summer; Autumn,,,,
FR-001083,Castle Toulouse 078,France,FR,Occitanie,31,Toulouse,"Castle location in Toulouse, Occitanie, France.",Castle,Castle,Historic Landmark,"Located in Toulouse, Occitanie.",43.5997,1.4392,,1083,No,Spring; Summer; Autumn,,,,
FR-001084,Cathedral Lille 078,France,FR,Hauts-de-France,59,Lille,"Cathedral location in Lille, Hauts-de-France, France.",Cathedral,Cathedral,Religious Site,"Located in Lille, Hauts-de-France.",50.6262,3.0543,,1084,No,Spring; Summer; Autumn,,,,
FR-001085,Park Strasbourg 078,France,FR,Grand Est,67,Strasbourg,"Park location in Strasbourg, Grand Est, France.",Park,Park,Nature & Recreation,"Located in Strasbourg, Grand Est.",48.5724,7.7511,,1085,No,Spring; Summer; Autumn,,,,
FR-001086,Garden Nantes 078,France,FR,Pays de la Loire,44,Nantes,"Garden location in Nantes, Pays de la Loire, France.",Garden,Garden,Nature & Recreation,"Located in Nantes, Pays de la Loire.",47.2194,-1.5526,,1086,No,Spring; Summer; Autumn,,,,
FR-001087,Monument Rennes 078,France,FR,Bretagne,35,Rennes,"Monument location in Rennes, Bretagne, France.",Monument,Monument,Landmark,"Located in Rennes, Bretagne.",48.1203,-1.6748,,1087,No,Spring; Summer; Autumn,,,,
FR-001088,Beach Rouen 078,France,FR,Normandie,76,Rouen,"Beach location in Rouen, Normandie, France.",Beach,Beach,Nature & Recreation,"Located in Rouen, Normandie.",49.4482,1.1043,,1088,No,Spring; Summer; Autumn,,,,
FR-001089,Viewpoint Dijon 078,France,FR,Bourgogne-Franche-Comté,21,Dijon,"Viewpoint location in Dijon, Bourgogne-Franche-Comté, France.",Viewpoint,Viewpoint,Scenic Attraction,"Located in Dijon, Bourgogne-Franche-Comté.",47.329,5.0485,,1089,No,Spring; Summer; Autumn,,,,
FR-001090,Market Tours 078,France,FR,Centre-Val de Loire,37,Tours,"Market location in Tours, Centre-Val de Loire, France.",Market,Market,Local Attraction,"Located in Tours, Centre-Val de Loire.",47.4031,0.6938,,1090,No,Spring; Summer; Autumn,,,,
FR-001091,Art Gallery Ajaccio 078,France,FR,Corse,2A,Ajaccio,"Art Gallery location in Ajaccio, Corse, France.",Art Gallery,Art Gallery,Cultural Attraction,"Located in Ajaccio, Corse.",41.9102,8.7296,,1091,No,Spring; Summer; Autumn,,,,
FR-001092,Theatre Saint-Denis 078,France,FR,La Réunion,974,Saint-Denis,"Theatre location in Saint-Denis, La Réunion, France.",Theatre,Theatre,Performing Arts,"Located in Saint-Denis, La Réunion.",-20.8859,55.4411,,1092,No,Spring; Summer; Autumn,,,,
FR-001093,Church Paris 079,France,FR,Île-de-France,75,Paris,"Church location in Paris, Île-de-France, France.",Church,Church,Religious Site,"Located in Paris, Île-de-France.",48.8516,2.3472,,1093,No,Spring; Summer; Autumn,,,,
FR-001094,Abbey Lyon 079,France,FR,Auvergne-Rhône-Alpes,69,Lyon,"Abbey location in Lyon, Auvergne-Rhône-Alpes, France.",Abbey,Abbey,Religious Site,"Located in Lyon, Auvergne-Rhône-Alpes.",45.761,4.8327,,1094,No,Spring; Summer; Autumn,,,,
FR-001095,Fortress Marseille 079,France,FR,Provence-Alpes-Côte d'Azur,13,Marseille,"Fortress location in Marseille, Provence-Alpes-Côte d'Azur, France.",Fortress,Fortress,Historic Landmark,"Located in Marseille, Provence-Alpes-Côte d'Azur.",43.2955,5.3688,,1095,No,Spring; Summer; Autumn,,,,
FR-001096,Archaeological Site Bordeaux 079,France,FR,Nouvelle-Aquitaine,33,Bordeaux,"Archaeological Site location in Bordeaux, Nouvelle-Aquitaine, France.",Archaeological Site,Archaeological Site,Historic Site,"Located in Bordeaux, Nouvelle-Aquitaine.",44.8388,-0.5782,,1096,No,Spring; Summer; Autumn,,,,
FR-001097,Zoo Toulouse 079,France,FR,Occitanie,31,Toulouse,"Zoo location in Toulouse, Occitanie, France.",Zoo,Zoo,Family Attraction,"Located in Toulouse, Occitanie.",43.6077,1.4472,,1097,No,Spring; Summer; Autumn,,,,
FR-001098,Aquarium Lille 079,France,FR,Hauts-de-France,59,Lille,"Aquarium location in Lille, Hauts-de-France, France.",Aquarium,Aquarium,Family Attraction,"Located in Lille, Hauts-de-France.",50.6342,3.0623,,1098,No,Spring; Summer; Autumn,,,,
FR-001099,Botanical Garden Strasbourg 079,France,FR,Grand Est,67,Strasbourg,"Botanical Garden location in Strasbourg, Grand Est, France.",Botanical Garden,Botanical Garden,Nature & Recreation,"Located in Strasbourg, Grand Est.",48.5804,7.7591,,1099,No,Spring; Summer; Autumn,,,,
FR-001100,Marina Nantes 079,France,FR,Pays de la Loire,44,Nantes,"Marina location in Nantes, Pays de la Loire, France.",Marina,Marina,Leisure,"Located in Nantes, Pays de la Loire.",47.2274,-1.5446,,1100,No,Spring; Summer; Autumn,,,,
FR-001101,Historic Site Rennes 079,France,FR,Bretagne,35,Rennes,"Historic Site location in Rennes, Bretagne, France.",Historic Site,Historic Site,Landmark,"Located in Rennes, Bretagne.",48.1083,-1.6868,,1101,No,Spring; Summer; Autumn,,,,
FR-001102,Museum Rouen 079,France,FR,Normandie,76,Rouen,"Museum location in Rouen, Normandie, France.",Museum,Museum,Cultural Attraction,"Located in Rouen, Normandie.",49.4362,1.0923,,1102,No,Spring; Summer; Autumn,,,,
FR-001103,Castle Dijon 079,France,FR,Bourgogne-Franche-Comté,21,Dijon,"Castle location in Dijon, Bourgogne-Franche-Comté, France.",Castle,Castle,Historic Landmark,"Located in Dijon, Bourgogne-Franche-Comté.",47.317,5.0365,,1103,No,Spring; Summer; Autumn,,,,
FR-001104,Cathedral Tours 079,France,FR,Centre-Val de Loire,37,Tours,"Cathedral location in Tours, Centre-Val de Loire, France.",Cathedral,Cathedral,Religious Site,"Located in Tours, Centre-Val de Loire.",47.3911,0.6818,,1104,No,Spring; Summer; Autumn,,,,
FR-001105,Park Ajaccio 079,France,FR,Corse,2A,Ajaccio,"Park location in Ajaccio, Corse, France.",Park,Park,Nature & Recreation,"Located in Ajaccio, Corse.",41.9182,8.7376,,1105,No,Spring; Summer; Autumn,,,,
FR-001106,Garden Saint-Denis 079,France,FR,La Réunion,974,Saint-Denis,"Garden location in Saint-Denis, La Réunion, France.",Garden,Garden,Nature & Recreation,"Located in Saint-Denis, La Réunion.",-20.8779,55.4491,,1106,No,Spring; Summer; Autumn,,,,
FR-001107,Monument Paris 080,France,FR,Île-de-France,75,Paris,"Monument location in Paris, Île-de-France, France.",Monument,Monument,Landmark,"Located in Paris, Île-de-France.",48.8596,2.3552,,1107,No,Spring; Summer; Autumn,,,,
FR-001108,Beach Lyon 080,France,FR,Auvergne-Rhône-Alpes,69,Lyon,"Beach location in Lyon, Auvergne-Rhône-Alpes, France.",Beach,Beach,Nature & Recreation,"Located in Lyon, Auvergne-Rhône-Alpes.",45.769,4.8407,,1108,No,Spring; Summer; Autumn,,,,
FR-001109,Viewpoint Marseille 080,France,FR,Provence-Alpes-Côte d'Azur,13,Marseille,"Viewpoint location in Marseille, Provence-Alpes-Côte d'Azur, France.",Viewpoint,Viewpoint,Scenic Attraction,"Located in Marseille, Provence-Alpes-Côte d'Azur.",43.3035,5.3768,,1109,No,Spring; Summer; Autumn,,,,
FR-001110,Market Bordeaux 080,France,FR,Nouvelle-Aquitaine,33,Bordeaux,"Market location in Bordeaux, Nouvelle-Aquitaine, France.",Market,Market,Local Attraction,"Located in Bordeaux, Nouvelle-Aquitaine.",44.8468,-0.5702,,1110,No,Spring; Summer; Autumn,,,,
FR-001111,Art Gallery Toulouse 080,France,FR,Occitanie,31,Toulouse,"Art Gallery location in Toulouse, Occitanie, France.",Art Gallery,Art Gallery,Cultural Attraction,"Located in Toulouse, Occitanie.",43.5957,1.4352,,1111,No,Spring; Summer; Autumn,,,,
FR-001112,Theatre Lille 080,France,FR,Hauts-de-France,59,Lille,"Theatre location in Lille, Hauts-de-France, France.",Theatre,Theatre,Performing Arts,"Located in Lille, Hauts-de-France.",50.6222,3.0503,,1112,No,Spring; Summer; Autumn,,,,
FR-001113,Church Strasbourg 080,France,FR,Grand Est,67,Strasbourg,"Church location in Strasbourg, Grand Est, France.",Church,Church,Religious Site,"Located in Strasbourg, Grand Est.",48.5684,7.7471,,1113,No,Spring; Summer; Autumn,,,,
FR-001114,Abbey Nantes 080,France,FR,Pays de la Loire,44,Nantes,"Abbey location in Nantes, Pays de la Loire, France.",Abbey,Abbey,Religious Site,"Located in Nantes, Pays de la Loire.",47.2154,-1.5566,,1114,No,Spring; Summer; Autumn,,,,
FR-001115,Fortress Rennes 080,France,FR,Bretagne,35,Rennes,"Fortress location in Rennes, Bretagne, France.",Fortress,Fortress,Historic Landmark,"Located in Rennes, Bretagne.",48.1163,-1.6788,,1115,No,Spring; Summer; Autumn,,,,
FR-001116,Archaeological Site Rouen 080,France,FR,Normandie,76,Rouen,"Archaeological Site location in Rouen, Normandie, France.",Archaeological Site,Archaeological Site,Historic Site,"Located in Rouen, Normandie.",49.4442,1.1003,,1116,No,Spring; Summer; Autumn,,,,
FR-001117,Zoo Dijon 080,France,FR,Bourgogne-Franche-Comté,21,Dijon,"Zoo location in Dijon, Bourgogne-Franche-Comté, France.",Zoo,Zoo,Family Attraction,"Located in Dijon, Bourgogne-Franche-Comté.",47.325,5.0445,,1117,No,Spring; Summer; Autumn,,,,
FR-001118,Aquarium Tours 080,France,FR,Centre-Val de Loire,37,Tours,"Aquarium location in Tours, Centre-Val de Loire, France.",Aquarium,Aquarium,Family Attraction,"Located in Tours, Centre-Val de Loire.",47.3991,0.6898,,1118,No,Spring; Summer; Autumn,,,,
FR-001119,Botanical Garden Ajaccio 080,France,FR,Corse,2A,Ajaccio,"Botanical Garden location in Ajaccio, Corse, France.",Botanical Garden,Botanical Garden,Nature & Recreation,"Located in Ajaccio, Corse.",41.9262,8.7456,,1119,No,Spring; Summer; Autumn,,,,
FR-001120,Marina Saint-Denis 080,France,FR,La Réunion,974,Saint-Denis,"Marina location in Saint-Denis, La Réunion, France.",Marina,Marina,Leisure,"Located in Saint-Denis, La Réunion.",-20.8699,55.4571,,1120,No,Spring; Summer; Autumn,,,,
FR-001121,Historic Site Paris 081,France,FR,Île-de-France,75,Paris,"Historic Site location in Paris, Île-de-France, France.",Historic Site,Historic Site,Landmark,"Located in Paris, Île-de-France.",48.8476,2.3432,,1121,No,Spring; Summer; Autumn,,,,
FR-001122,Museum Lyon 081,France,FR,Auvergne-Rhône-Alpes,69,Lyon,"Museum location in Lyon, Auvergne-Rhône-Alpes, France.",Museum,Museum,Cultural Attraction,"Located in Lyon, Auvergne-Rhône-Alpes.",45.757,4.8287,,1122,No,Spring; Summer; Autumn,,,,
FR-001123,Castle Marseille 081,France,FR,Provence-Alpes-Côte d'Azur,13,Marseille,"Castle location in Marseille, Provence-Alpes-Côte d'Azur, France.",Castle,Castle,Historic Landmark,"Located in Marseille, Provence-Alpes-Côte d'Azur.",43.2915,5.3648,,1123,No,Spring; Summer; Autumn,,,,
FR-001124,Cathedral Bordeaux 081,France,FR,Nouvelle-Aquitaine,33,Bordeaux,"Cathedral location in Bordeaux, Nouvelle-Aquitaine, France.",Cathedral,Cathedral,Religious Site,"Located in Bordeaux, Nouvelle-Aquitaine.",44.8348,-0.5822,,1124,No,Spring; Summer; Autumn,,,,
FR-001125,Park Toulouse 081,France,FR,Occitanie,31,Toulouse,"Park location in Toulouse, Occitanie, France.",Park,Park,Nature & Recreation,"Located in Toulouse, Occitanie.",43.6037,1.4432,,1125,No,Spring; Summer; Autumn,,,,
FR-001126,Garden Lille 081,France,FR,Hauts-de-France,59,Lille,"Garden location in Lille, Hauts-de-France, France.",Garden,Garden,Nature & Recreation,"Located in Lille, Hauts-de-France.",50.6302,3.0583,,1126,No,Spring; Summer; Autumn,,,,
FR-001127,Monument Strasbourg 081,France,FR,Grand Est,67,Strasbourg,"Monument location in Strasbourg, Grand Est, France.",Monument,Monument,Landmark,"Located in Strasbourg, Grand Est.",48.5764,7.7551,,1127,No,Spring; Summer; Autumn,,,,
FR-001128,Beach Nantes 081,France,FR,Pays de la Loire,44,Nantes,"Beach location in Nantes, Pays de la Loire, France.",Beach,Beach,Nature & Recreation,"Located in Nantes, Pays de la Loire.",47.2234,-1.5486,,1128,No,Spring; Summer; Autumn,,,,
FR-001129,Viewpoint Rennes 081,France,FR,Bretagne,35,Rennes,"Viewpoint location in Rennes, Bretagne, France.",Viewpoint,Viewpoint,Scenic Attraction,"Located in Rennes, Bretagne.",48.1243,-1.6708,,1129,No,Spring; Summer; Autumn,,,,
FR-001130,Market Rouen 081,France,FR,Normandie,76,Rouen,"Market location in Rouen, Normandie, France.",Market,Market,Local Attraction,"Located in Rouen, Normandie.",49.4522,1.1083,,1130,No,Spring; Summer; Autumn,,,,
FR-001131,Art Gallery Dijon 081,France,FR,Bourgogne-Franche-Comté,21,Dijon,"Art Gallery location in Dijon, Bourgogne-Franche-Comté, France.",Art Gallery,Art Gallery,Cultural Attraction,"Located in Dijon, Bourgogne-Franche-Comté.",47.313,5.0325,,1131,No,Spring; Summer; Autumn,,,,
FR-001132,Theatre Tours 081,France,FR,Centre-Val de Loire,37,Tours,"Theatre location in Tours, Centre-Val de Loire, France.",Theatre,Theatre,Performing Arts,"Located in Tours, Centre-Val de Loire.",47.3871,0.6778,,1132,No,Spring; Summer; Autumn,,,,
FR-001133,Church Ajaccio 081,France,FR,Corse,2A,Ajaccio,"Church location in Ajaccio, Corse, France.",Church,Church,Religious Site,"Located in Ajaccio, Corse.",41.9142,8.7336,,1133,No,Spring; Summer; Autumn,,,,
FR-001134,Abbey Saint-Denis 081,France,FR,La Réunion,974,Saint-Denis,"Abbey location in Saint-Denis, La Réunion, France.",Abbey,Abbey,Religious Site,"Located in Saint-Denis, La Réunion.",-20.8819,55.4451,,1134,No,Spring; Summer; Autumn,,,,
FR-001135,Fortress Paris 082,France,FR,Île-de-France,75,Paris,"Fortress location in Paris, Île-de-France, France.",Fortress,Fortress,Historic Landmark,"Located in Paris, Île-de-France.",48.8556,2.3512,,1135,No,Spring; Summer; Autumn,,,,
FR-001136,Archaeological Site Lyon 082,France,FR,Auvergne-Rhône-Alpes,69,Lyon,"Archaeological Site location in Lyon, Auvergne-Rhône-Alpes, France.",Archaeological Site,Archaeological Site,Historic Site,"Located in Lyon, Auvergne-Rhône-Alpes.",45.765,4.8367,,1136,No,Spring; Summer; Autumn,,,,
FR-001137,Zoo Marseille 082,France,FR,Provence-Alpes-Côte d'Azur,13,Marseille,"Zoo location in Marseille, Provence-Alpes-Côte d'Azur, France.",Zoo,Zoo,Family Attraction,"Located in Marseille, Provence-Alpes-Côte d'Azur.",43.2995,5.3728,,1137,No,Spring; Summer; Autumn,,,,
FR-001138,Aquarium Bordeaux 082,France,FR,Nouvelle-Aquitaine,33,Bordeaux,"Aquarium location in Bordeaux, Nouvelle-Aquitaine, France.",Aquarium,Aquarium,Family Attraction,"Located in Bordeaux, Nouvelle-Aquitaine.",44.8428,-0.5742,,1138,No,Spring; Summer; Autumn,,,,
FR-001139,Botanical Garden Toulouse 082,France,FR,Occitanie,31,Toulouse,"Botanical Garden location in Toulouse, Occitanie, France.",Botanical Garden,Botanical Garden,Nature & Recreation,"Located in Toulouse, Occitanie.",43.6117,1.4512,,1139,No,Spring; Summer; Autumn,,,,
FR-001140,Marina Lille 082,France,FR,Hauts-de-France,59,Lille,"Marina location in Lille, Hauts-de-France, France.",Marina,Marina,Leisure,"Located in Lille, Hauts-de-France.",50.6382,3.0663,,1140,No,Spring; Summer; Autumn,,,,
FR-001141,Historic Site Strasbourg 082,France,FR,Grand Est,67,Strasbourg,"Historic Site location in Strasbourg, Grand Est, France.",Historic Site,Historic Site,Landmark,"Located in Strasbourg, Grand Est.",48.5644,7.7431,,1141,No,Spring; Summer; Autumn,,,,
FR-001142,Museum Nantes 082,France,FR,Pays de la Loire,44,Nantes,"Museum location in Nantes, Pays de la Loire, France.",Museum,Museum,Cultural Attraction,"Located in Nantes, Pays de la Loire.",47.2114,-1.5606,,1142,No,Spring; Summer; Autumn,,,,
FR-001143,Castle Rennes 082,France,FR,Bretagne,35,Rennes,"Castle location in Rennes, Bretagne, France.",Castle,Castle,Historic Landmark,"Located in Rennes, Bretagne.",48.1123,-1.6828,,1143,No,Spring; Summer; Autumn,,,,
FR-001144,Cathedral Rouen 082,France,FR,Normandie,76,Rouen,"Cathedral location in Rouen, Normandie, France.",Cathedral,Cathedral,Religious Site,"Located in Rouen, Normandie.",49.4402,1.0963,,1144,No,Spring; Summer; Autumn,,,,
FR-001145,Park Dijon 082,France,FR,Bourgogne-Franche-Comté,21,Dijon,"Park location in Dijon, Bourgogne-Franche-Comté, France.",Park,Park,Nature & Recreation,"Located in Dijon, Bourgogne-Franche-Comté.",47.321,5.0405,,1145,No,Spring; Summer; Autumn,,,,
FR-001146,Garden Tours 082,France,FR,Centre-Val de Loire,37,Tours,"Garden location in Tours, Centre-Val de Loire, France.",Garden,Garden,Nature & Recreation,"Located in Tours, Centre-Val de Loire.",47.3951,0.6858,,1146,No,Spring; Summer; Autumn,,,,
FR-001147,Monument Ajaccio 082,France,FR,Corse,2A,Ajaccio,"Monument location in Ajaccio, Corse, France.",Monument,Monument,Landmark,"Located in Ajaccio, Corse.",41.9222,8.7416,,1147,No,Spring; Summer; Autumn,,,,
FR-001148,Beach Saint-Denis 082,France,FR,La Réunion,974,Saint-Denis,"Beach location in Saint-Denis, La Réunion, France.",Beach,Beach,Nature & Recreation,"Located in Saint-Denis, La Réunion.",-20.8739,55.4531,,1148,No,Spring; Summer; Autumn,,,,
FR-001149,Viewpoint Paris 083,France,FR,Île-de-France,75,Paris,"Viewpoint location in Paris, Île-de-France, France.",Viewpoint,Viewpoint,Scenic Attraction,"Located in Paris, Île-de-France.",48.8636,2.3592,,1149,No,Spring; Summer; Autumn,,,,
FR-001150,Market Lyon 083,France,FR,Auvergne-Rhône-Alpes,69,Lyon,"Market location in Lyon, Auvergne-Rhône-Alpes, France.",Market,Market,Local Attraction,"Located in Lyon, Auvergne-Rhône-Alpes.",45.773,4.8447,,1150,No,Spring; Summer; Autumn,,,,
FR-001151,Art Gallery Marseille 083,France,FR,Provence-Alpes-Côte d'Azur,13,Marseille,"Art Gallery location in Marseille, Provence-Alpes-Côte d'Azur, France.",Art Gallery,Art Gallery,Cultural Attraction,"Located in Marseille, Provence-Alpes-Côte d'Azur.",43.2875,5.3608,,1151,No,Spring; Summer; Autumn,,,,
FR-001152,Theatre Bordeaux 083,France,FR,Nouvelle-Aquitaine,33,Bordeaux,"Theatre location in Bordeaux, Nouvelle-Aquitaine, France.",Theatre,Theatre,Performing Arts,"Located in Bordeaux, Nouvelle-Aquitaine.",44.8308,-0.5862,,1152,No,Spring; Summer; Autumn,,,,
FR-001153,Church Toulouse 083,France,FR,Occitanie,31,Toulouse,"Church location in Toulouse, Occitanie, France.",Church,Church,Religious Site,"Located in Toulouse, Occitanie.",43.5997,1.4392,,1153,No,Spring; Summer; Autumn,,,,
FR-001154,Abbey Lille 083,France,FR,Hauts-de-France,59,Lille,"Abbey location in Lille, Hauts-de-France, France.",Abbey,Abbey,Religious Site,"Located in Lille, Hauts-de-France.",50.6262,3.0543,,1154,No,Spring; Summer; Autumn,,,,
FR-001155,Fortress Strasbourg 083,France,FR,Grand Est,67,Strasbourg,"Fortress location in Strasbourg, Grand Est, France.",Fortress,Fortress,Historic Landmark,"Located in Strasbourg, Grand Est.",48.5724,7.7511,,1155,No,Spring; Summer; Autumn,,,,
FR-001156,Archaeological Site Nantes 083,France,FR,Pays de la Loire,44,Nantes,"Archaeological Site location in Nantes, Pays de la Loire, France.",Archaeological Site,Archaeological Site,Historic Site,"Located in Nantes, Pays de la Loire.",47.2194,-1.5526,,1156,No,Spring; Summer; Autumn,,,,
FR-001157,Zoo Rennes 083,France,FR,Bretagne,35,Rennes,"Zoo location in Rennes, Bretagne, France.",Zoo,Zoo,Family Attraction,"Located in Rennes, Bretagne.",48.1203,-1.6748,,1157,No,Spring; Summer; Autumn,,,,
FR-001158,Aquarium Rouen 083,France,FR,Normandie,76,Rouen,"Aquarium location in Rouen, Normandie, France.",Aquarium,Aquarium,Family Attraction,"Located in Rouen, Normandie.",49.4482,1.1043,,1158,No,Spring; Summer; Autumn,,,,
FR-001159,Botanical Garden Dijon 083,France,FR,Bourgogne-Franche-Comté,21,Dijon,"Botanical Garden location in Dijon, Bourgogne-Franche-Comté, France.",Botanical Garden,Botanical Garden,Nature & Recreation,"Located in Dijon, Bourgogne-Franche-Comté.",47.329,5.0485,,1159,No,Spring; Summer; Autumn,,,,
FR-001160,Marina Tours 083,France,FR,Centre-Val de Loire,37,Tours,"Marina location in Tours, Centre-Val de Loire, France.",Marina,Marina,Leisure,"Located in Tours, Centre-Val de Loire.",47.4031,0.6938,,1160,No,Spring; Summer; Autumn,,,,
FR-001161,Historic Site Ajaccio 083,France,FR,Corse,2A,Ajaccio,"Historic Site location in Ajaccio, Corse, France.",Historic Site,Historic Site,Landmark,"Located in Ajaccio, Corse.",41.9102,8.7296,,1161,No,Spring; Summer; Autumn,,,,
FR-001162,Museum Saint-Denis 083,France,FR,La Réunion,974,Saint-Denis,"Museum location in Saint-Denis, La Réunion, France.",Museum,Museum,Cultural Attraction,"Located in Saint-Denis, La Réunion.",-20.8859,55.4411,,1162,No,Spring; Summer; Autumn,,,,
FR-001163,Castle Paris 084,France,FR,Île-de-France,75,Paris,"Castle location in Paris, Île-de-France, France.",Castle,Castle,Historic Landmark,"Located in Paris, Île-de-France.",48.8516,2.3472,,1163,No,Spring; Summer; Autumn,,,,
FR-001164,Cathedral Lyon 084,France,FR,Auvergne-Rhône-Alpes,69,Lyon,"Cathedral location in Lyon, Auvergne-Rhône-Alpes, France.",Cathedral,Cathedral,Religious Site,"Located in Lyon, Auvergne-Rhône-Alpes.",45.761,4.8327,,1164,No,Spring; Summer; Autumn,,,,
FR-001165,Park Marseille 084,France,FR,Provence-Alpes-Côte d'Azur,13,Marseille,"Park location in Marseille, Provence-Alpes-Côte d'Azur, France.",Park,Park,Nature & Recreation,"Located in Marseille, Provence-Alpes-Côte d'Azur.",43.2955,5.3688,,1165,No,Spring; Summer; Autumn,,,,
FR-001166,Garden Bordeaux 084,France,FR,Nouvelle-Aquitaine,33,Bordeaux,"Garden location in Bordeaux, Nouvelle-Aquitaine, France.",Garden,Garden,Nature & Recreation,"Located in Bordeaux, Nouvelle-Aquitaine.",44.8388,-0.5782,,1166,No,Spring; Summer; Autumn,,,,
FR-001167,Monument Toulouse 084,France,FR,Occitanie,31,Toulouse,"Monument location in Toulouse, Occitanie, France.",Monument,Monument,Landmark,"Located in Toulouse, Occitanie.",43.6077,1.4472,,1167,No,Spring; Summer; Autumn,,,,
FR-001168,Beach Lille 084,France,FR,Hauts-de-France,59,Lille,"Beach location in Lille, Hauts-de-France, France.",Beach,Beach,Nature & Recreation,"Located in Lille, Hauts-de-France.",50.6342,3.0623,,1168,No,Spring; Summer; Autumn,,,,
FR-001169,Viewpoint Strasbourg 084,France,FR,Grand Est,67,Strasbourg,"Viewpoint location in Strasbourg, Grand Est, France.",Viewpoint,Viewpoint,Scenic Attraction,"Located in Strasbourg, Grand Est.",48.5804,7.7591,,1169,No,Spring; Summer; Autumn,,,,
FR-001170,Market Nantes 084,France,FR,Pays de la Loire,44,Nantes,"Market location in Nantes, Pays de la Loire, France.",Market,Market,Local Attraction,"Located in Nantes, Pays de la Loire.",47.2274,-1.5446,,1170,No,Spring; Summer; Autumn,,,,
FR-001171,Art Gallery Rennes 084,France,FR,Bretagne,35,Rennes,"Art Gallery location in Rennes, Bretagne, France.",Art Gallery,Art Gallery,Cultural Attraction,"Located in Rennes, Bretagne.",48.1083,-1.6868,,1171,No,Spring; Summer; Autumn,,,,
FR-001172,Theatre Rouen 084,France,FR,Normandie,76,Rouen,"Theatre location in Rouen, Normandie, France.",Theatre,Theatre,Performing Arts,"Located in Rouen, Normandie.",49.4362,1.0923,,1172,No,Spring; Summer; Autumn,,,,
FR-001173,Church Dijon 084,France,FR,Bourgogne-Franche-Comté,21,Dijon,"Church location in Dijon, Bourgogne-Franche-Comté, France.",Church,Church,Religious Site,"Located in Dijon, Bourgogne-Franche-Comté.",47.317,5.0365,,1173,No,Spring; Summer; Autumn,,,,
FR-001174,Abbey Tours 084,France,FR,Centre-Val de Loire,37,Tours,"Abbey location in Tours, Centre-Val de Loire, France.",Abbey,Abbey,Religious Site,"Located in Tours, Centre-Val de Loire.",47.3911,0.6818,,1174,No,Spring; Summer; Autumn,,,,
FR-001175,Fortress Ajaccio 084,France,FR,Corse,2A,Ajaccio,"Fortress location in Ajaccio, Corse, France.",Fortress,Fortress,Historic Landmark,"Located in Ajaccio, Corse.",41.9182,8.7376,,1175,No,Spring; Summer; Autumn,,,,
FR-001176,Archaeological Site Saint-Denis 084,France,FR,La Réunion,974,Saint-Denis,"Archaeological Site location in Saint-Denis, La Réunion, France.",Archaeological Site,Archaeological Site,Historic Site,"Located in Saint-Denis, La Réunion.",-20.8779,55.4491,,1176,No,Spring; Summer; Autumn,,,,
FR-001177,Zoo Paris 085,France,FR,Île-de-France,75,Paris,"Zoo location in Paris, Île-de-France, France.",Zoo,Zoo,Family Attraction,"Located in Paris, Île-de-France.",48.8596,2.3552,,1177,No,Spring; Summer; Autumn,,,,
FR-001178,Aquarium Lyon 085,France,FR,Auvergne-Rhône-Alpes,69,Lyon,"Aquarium location in Lyon, Auvergne-Rhône-Alpes, France.",Aquarium,Aquarium,Family Attraction,"Located in Lyon, Auvergne-Rhône-Alpes.",45.769,4.8407,,1178,No,Spring; Summer; Autumn,,,,
FR-001179,Botanical Garden Marseille 085,France,FR,Provence-Alpes-Côte d'Azur,13,Marseille,"Botanical Garden location in Marseille, Provence-Alpes-Côte d'Azur, France.",Botanical Garden,Botanical Garden,Nature & Recreation,"Located in Marseille, Provence-Alpes-Côte d'Azur.",43.3035,5.3768,,1179,No,Spring; Summer; Autumn,,,,
FR-001180,Marina Bordeaux 085,France,FR,Nouvelle-Aquitaine,33,Bordeaux,"Marina location in Bordeaux, Nouvelle-Aquitaine, France.",Marina,Marina,Leisure,"Located in Bordeaux, Nouvelle-Aquitaine.",44.8468,-0.5702,,1180,No,Spring; Summer; Autumn,,,,
FR-001181,Historic Site Toulouse 085,France,FR,Occitanie,31,Toulouse,"Historic Site location in Toulouse, Occitanie, France.",Historic Site,Historic Site,Landmark,"Located in Toulouse, Occitanie.",43.5957,1.4352,,1181,No,Spring; Summer; Autumn,,,,
FR-001182,Museum Lille 085,France,FR,Hauts-de-France,59,Lille,"Museum location in Lille, Hauts-de-France, France.",Museum,Museum,Cultural Attraction,"Located in Lille, Hauts-de-France.",50.6222,3.0503,,1182,No,Spring; Summer; Autumn,,,,
FR-001183,Castle Strasbourg 085,France,FR,Grand Est,67,Strasbourg,"Castle location in Strasbourg, Grand Est, France.",Castle,Castle,Historic Landmark,"Located in Strasbourg, Grand Est.",48.5684,7.7471,,1183,No,Spring; Summer; Autumn,,,,
FR-001184,Cathedral Nantes 085,France,FR,Pays de la Loire,44,Nantes,"Cathedral location in Nantes, Pays de la Loire, France.",Cathedral,Cathedral,Religious Site,"Located in Nantes, Pays de la Loire.",47.2154,-1.5566,,1184,No,Spring; Summer; Autumn,,,,
FR-001185,Park Rennes 085,France,FR,Bretagne,35,Rennes,"Park location in Rennes, Bretagne, France.",Park,Park,Nature & Recreation,"Located in Rennes, Bretagne.",48.1163,-1.6788,,1185,No,Spring; Summer; Autumn,,,,
FR-001186,Garden Rouen 085,France,FR,Normandie,76,Rouen,"Garden location in Rouen, Normandie, France.",Garden,Garden,Nature & Recreation,"Located in Rouen, Normandie.",49.4442,1.1003,,1186,No,Spring; Summer; Autumn,,,,
FR-001187,Monument Dijon 085,France,FR,Bourgogne-Franche-Comté,21,Dijon,"Monument location in Dijon, Bourgogne-Franche-Comté, France.",Monument,Monument,Landmark,"Located in Dijon, Bourgogne-Franche-Comté.",47.325,5.0445,,1187,No,Spring; Summer; Autumn,,,,
FR-001188,Beach Tours 085,France,FR,Centre-Val de Loire,37,Tours,"Beach location in Tours, Centre-Val de Loire, France.",Beach,Beach,Nature & Recreation,"Located in Tours, Centre-Val de Loire.",47.3991,0.6898,,1188,No,Spring; Summer; Autumn,,,,
FR-001189,Viewpoint Ajaccio 085,France,FR,Corse,2A,Ajaccio,"Viewpoint location in Ajaccio, Corse, France.",Viewpoint,Viewpoint,Scenic Attraction,"Located in Ajaccio, Corse.",41.9262,8.7456,,1189,No,Spring; Summer; Autumn,,,,
FR-001190,Market Saint-Denis 085,France,FR,La Réunion,974,Saint-Denis,"Market location in Saint-Denis, La Réunion, France.",Market,Market,Local Attraction,"Located in Saint-Denis, La Réunion.",-20.8699,55.4571,,1190,No,Spring; Summer; Autumn,,,,
FR-001191,Art Gallery Paris 086,France,FR,Île-de-France,75,Paris,"Art Gallery location in Paris, Île-de-France, France.",Art Gallery,Art Gallery,Cultural Attraction,"Located in Paris, Île-de-France.",48.8476,2.3432,,1191,No,Spring; Summer; Autumn,,,,
FR-001192,Theatre Lyon 086,France,FR,Auvergne-Rhône-Alpes,69,Lyon,"Theatre location in Lyon, Auvergne-Rhône-Alpes, France.",Theatre,Theatre,Performing Arts,"Located in Lyon, Auvergne-Rhône-Alpes.",45.757,4.8287,,1192,No,Spring; Summer; Autumn,,,,
FR-001193,Church Marseille 086,France,FR,Provence-Alpes-Côte d'Azur,13,Marseille,"Church location in Marseille, Provence-Alpes-Côte d'Azur, France.",Church,Church,Religious Site,"Located in Marseille, Provence-Alpes-Côte d'Azur.",43.2915,5.3648,,1193,No,Spring; Summer; Autumn,,,,
FR-001194,Abbey Bordeaux 086,France,FR,Nouvelle-Aquitaine,33,Bordeaux,"Abbey location in Bordeaux, Nouvelle-Aquitaine, France.",Abbey,Abbey,Religious Site,"Located in Bordeaux, Nouvelle-Aquitaine.",44.8348,-0.5822,,1194,No,Spring; Summer; Autumn,,,,
FR-001195,Fortress Toulouse 086,France,FR,Occitanie,31,Toulouse,"Fortress location in Toulouse, Occitanie, France.",Fortress,Fortress,Historic Landmark,"Located in Toulouse, Occitanie.",43.6037,1.4432,,1195,No,Spring; Summer; Autumn,,,,
FR-001196,Archaeological Site Lille 086,France,FR,Hauts-de-France,59,Lille,"Archaeological Site location in Lille, Hauts-de-France, France.",Archaeological Site,Archaeological Site,Historic Site,"Located in Lille, Hauts-de-France.",50.6302,3.0583,,1196,No,Spring; Summer; Autumn,,,,
FR-001197,Zoo Strasbourg 086,France,FR,Grand Est,67,Strasbourg,"Zoo location in Strasbourg, Grand Est, France.",Zoo,Zoo,Family Attraction,"Located in Strasbourg, Grand Est.",48.5764,7.7551,,1197,No,Spring; Summer; Autumn,,,,
FR-001198,Aquarium Nantes 086,France,FR,Pays de la Loire,44,Nantes,"Aquarium location in Nantes, Pays de la Loire, France.",Aquarium,Aquarium,Family Attraction,"Located in Nantes, Pays de la Loire.",47.2234,-1.5486,,1198,No,Spring; Summer; Autumn,,,,
FR-001199,Botanical Garden Rennes 086,France,FR,Bretagne,35,Rennes,"Botanical Garden location in Rennes, Bretagne, France.",Botanical Garden,Botanical Garden,Nature & Recreation,"Located in Rennes, Bretagne.",48.1243,-1.6708,,1199,No,Spring; Summer; Autumn,,,,
FR-001200,Marina Rouen 086,France,FR,Normandie,76,Rouen,"Marina location in Rouen, Normandie, France.",Marina,Marina,Leisure,"Located in Rouen, Normandie.",49.4522,1.1083,,1200,No,Spring; Summer; Autumn,,,,
FR-001201,Historic Site Dijon 086,France,FR,Bourgogne-Franche-Comté,21,Dijon,"Historic Site location in Dijon, Bourgogne-Franche-Comté, France.",Historic Site,Historic Site,Landmark,"Located in Dijon, Bourgogne-Franche-Comté.",47.313,5.0325,,1201,No,Spring; Summer; Autumn,,,,
FR-001202,Museum Tours 086,France,FR,Centre-Val de Loire,37,Tours,"Museum location in Tours, Centre-Val de Loire, France.",Museum,Museum,Cultural Attraction,"Located in Tours, Centre-Val de Loire.",47.3871,0.6778,,1202,No,Spring; Summer; Autumn,,,,
FR-001203,Castle Ajaccio 086,France,FR,Corse,2A,Ajaccio,"Castle location in Ajaccio, Corse, France.",Castle,Castle,Historic Landmark,"Located in Ajaccio, Corse.",41.9142,8.7336,,1203,No,Spring; Summer; Autumn,,,,
FR-001204,Cathedral Saint-Denis 086,France,FR,La Réunion,974,Saint-Denis,"Cathedral location in Saint-Denis, La Réunion, France.",Cathedral,Cathedral,Religious Site,"Located in Saint-Denis, La Réunion.",-20.8819,55.4451,,1204,No,Spring; Summer; Autumn,,,,
FR-001205,Park Paris 087,France,FR,Île-de-France,75,Paris,"Park location in Paris, Île-de-France, France.",Park,Park,Nature & Recreation,"Located in Paris, Île-de-France.",48.8556,2.3512,,1205,No,Spring; Summer; Autumn,,,,
FR-001206,Garden Lyon 087,France,FR,Auvergne-Rhône-Alpes,69,Lyon,"Garden location in Lyon, Auvergne-Rhône-Alpes, France.",Garden,Garden,Nature & Recreation,"Located in Lyon, Auvergne-Rhône-Alpes.",45.765,4.8367,,1206,No,Spring; Summer; Autumn,,,,
FR-001207,Monument Marseille 087,France,FR,Provence-Alpes-Côte d'Azur,13,Marseille,"Monument location in Marseille, Provence-Alpes-Côte d'Azur, France.",Monument,Monument,Landmark,"Located in Marseille, Provence-Alpes-Côte d'Azur.",43.2995,5.3728,,1207,No,Spring; Summer; Autumn,,,,
FR-001208,Beach Bordeaux 087,France,FR,Nouvelle-Aquitaine,33,Bordeaux,"Beach location in Bordeaux, Nouvelle-Aquitaine, France.",Beach,Beach,Nature & Recreation,"Located in Bordeaux, Nouvelle-Aquitaine.",44.8428,-0.5742,,1208,No,Spring; Summer; Autumn,,,,
FR-001209,Viewpoint Toulouse 087,France,FR,Occitanie,31,Toulouse,"Viewpoint location in Toulouse, Occitanie, France.",Viewpoint,Viewpoint,Scenic Attraction,"Located in Toulouse, Occitanie.",43.6117,1.4512,,1209,No,Spring; Summer; Autumn,,,,
FR-001210,Market Lille 087,France,FR,Hauts-de-France,59,Lille,"Market location in Lille, Hauts-de-France, France.",Market,Market,Local Attraction,"Located in Lille, Hauts-de-France.",50.6382,3.0663,,1210,No,Spring; Summer; Autumn,,,,
FR-001211,Art Gallery Strasbourg 087,France,FR,Grand Est,67,Strasbourg,"Art Gallery location in Strasbourg, Grand Est, France.",Art Gallery,Art Gallery,Cultural Attraction,"Located in Strasbourg, Grand Est.",48.5644,7.7431,,1211,No,Spring; Summer; Autumn,,,,
FR-001212,Theatre Nantes 087,France,FR,Pays de la Loire,44,Nantes,"Theatre location in Nantes, Pays de la Loire, France.",Theatre,Theatre,Performing Arts,"Located in Nantes, Pays de la Loire.",47.2114,-1.5606,,1212,No,Spring; Summer; Autumn,,,,
FR-001213,Church Rennes 087,France,FR,Bretagne,35,Rennes,"Church location in Rennes, Bretagne, France.",Church,Church,Religious Site,"Located in Rennes, Bretagne.",48.1123,-1.6828,,1213,No,Spring; Summer; Autumn,,,,
FR-001214,Abbey Rouen 087,France,FR,Normandie,76,Rouen,"Abbey location in Rouen, Normandie, France.",Abbey,Abbey,Religious Site,"Located in Rouen, Normandie.",49.4402,1.0963,,1214,No,Spring; Summer; Autumn,,,,
FR-001215,Fortress Dijon 087,France,FR,Bourgogne-Franche-Comté,21,Dijon,"Fortress location in Dijon, Bourgogne-Franche-Comté, France.",Fortress,Fortress,Historic Landmark,"Located in Dijon, Bourgogne-Franche-Comté.",47.321,5.0405,,1215,No,Spring; Summer; Autumn,,,,
FR-001216,Archaeological Site Tours 087,France,FR,Centre-Val de Loire,37,Tours,"Archaeological Site location in Tours, Centre-Val de Loire, France.",Archaeological Site,Archaeological Site,Historic Site,"Located in Tours, Centre-Val de Loire.",47.3951,0.6858,,1216,No,Spring; Summer; Autumn,,,,
FR-001217,Zoo Ajaccio 087,France,FR,Corse,2A,Ajaccio,"Zoo location in Ajaccio, Corse, France.",Zoo,Zoo,Family Attraction,"Located in Ajaccio, Corse.",41.9222,8.7416,,1217,No,Spring; Summer; Autumn,,,,
FR-001218,Aquarium Saint-Denis 087,France,FR,La Réunion,974,Saint-Denis,"Aquarium location in Saint-Denis, La Réunion, France.",Aquarium,Aquarium,Family Attraction,"Located in Saint-Denis, La Réunion.",-20.8739,55.4531,,1218,No,Spring; Summer; Autumn,,,,
FR-001219,Botanical Garden Paris 088,France,FR,Île-de-France,75,Paris,"Botanical Garden location in Paris, Île-de-France, France.",Botanical Garden,Botanical Garden,Nature & Recreation,"Located in Paris, Île-de-France.",48.8636,2.3592,,1219,No,Spring; Summer; Autumn,,,,
FR-001220,Marina Lyon 088,France,FR,Auvergne-Rhône-Alpes,69,Lyon,"Marina location in Lyon, Auvergne-Rhône-Alpes, France.",Marina,Marina,Leisure,"Located in Lyon, Auvergne-Rhône-Alpes.",45.773,4.8447,,1220,No,Spring; Summer; Autumn,,,,
FR-001221,Historic Site Marseille 088,France,FR,Provence-Alpes-Côte d'Azur,13,Marseille,"Historic Site location in Marseille, Provence-Alpes-Côte d'Azur, France.",Historic Site,Historic Site,Landmark,"Located in Marseille, Provence-Alpes-Côte d'Azur.",43.2875,5.3608,,1221,No,Spring; Summer; Autumn,,,,
FR-001222,Museum Bordeaux 088,France,FR,Nouvelle-Aquitaine,33,Bordeaux,"Museum location in Bordeaux, Nouvelle-Aquitaine, France.",Museum,Museum,Cultural Attraction,"Located in Bordeaux, Nouvelle-Aquitaine.",44.8308,-0.5862,,1222,No,Spring; Summer; Autumn,,,,
FR-001223,Castle Toulouse 088,France,FR,Occitanie,31,Toulouse,"Castle location in Toulouse, Occitanie, France.",Castle,Castle,Historic Landmark,"Located in Toulouse, Occitanie.",43.5997,1.4392,,1223,No,Spring; Summer; Autumn,,,,
FR-001224,Cathedral Lille 088,France,FR,Hauts-de-France,59,Lille,"Cathedral location in Lille, Hauts-de-France, France.",Cathedral,Cathedral,Religious Site,"Located in Lille, Hauts-de-France.",50.6262,3.0543,,1224,No,Spring; Summer; Autumn,,,,
FR-001225,Park Strasbourg 088,France,FR,Grand Est,67,Strasbourg,"Park location in Strasbourg, Grand Est, France.",Park,Park,Nature & Recreation,"Located in Strasbourg, Grand Est.",48.5724,7.7511,,1225,No,Spring; Summer; Autumn,,,,
FR-001226,Garden Nantes 088,France,FR,Pays de la Loire,44,Nantes,"Garden location in Nantes, Pays de la Loire, France.",Garden,Garden,Nature & Recreation,"Located in Nantes, Pays de la Loire.",47.2194,-1.5526,,1226,No,Spring; Summer; Autumn,,,,
FR-001227,Monument Rennes 088,France,FR,Bretagne,35,Rennes,"Monument location in Rennes, Bretagne, France.",Monument,Monument,Landmark,"Located in Rennes, Bretagne.",48.1203,-1.6748,,1227,No,Spring; Summer; Autumn,,,,
FR-001228,Beach Rouen 088,France,FR,Normandie,76,Rouen,"Beach location in Rouen, Normandie, France.",Beach,Beach,Nature & Recreation,"Located in Rouen, Normandie.",49.4482,1.1043,,1228,No,Spring; Summer; Autumn,,,,
FR-001229,Viewpoint Dijon 088,France,FR,Bourgogne-Franche-Comté,21,Dijon,"Viewpoint location in Dijon, Bourgogne-Franche-Comté, France.",Viewpoint,Viewpoint,Scenic Attraction,"Located in Dijon, Bourgogne-Franche-Comté.",47.329,5.0485,,1229,No,Spring; Summer; Autumn,,,,
FR-001230,Market Tours 088,France,FR,Centre-Val de Loire,37,Tours,"Market location in Tours, Centre-Val de Loire, France.",Market,Market,Local Attraction,"Located in Tours, Centre-Val de Loire.",47.4031,0.6938,,1230,No,Spring; Summer; Autumn,,,,
FR-001231,Art Gallery Ajaccio 088,France,FR,Corse,2A,Ajaccio,"Art Gallery location in Ajaccio, Corse, France.",Art Gallery,Art Gallery,Cultural Attraction,"Located in Ajaccio, Corse.",41.9102,8.7296,,1231,No,Spring; Summer; Autumn,,,,
FR-001232,Theatre Saint-Denis 088,France,FR,La Réunion,974,Saint-Denis,"Theatre location in Saint-Denis, La Réunion, France.",Theatre,Theatre,Performing Arts,"Located in Saint-Denis, La Réunion.",-20.8859,55.4411,,1232,No,Spring; Summer; Autumn,,,,
FR-001233,Church Paris 089,France,FR,Île-de-France,75,Paris,"Church location in Paris, Île-de-France, France.",Church,Church,Religious Site,"Located in Paris, Île-de-France.",48.8516,2.3472,,1233,No,Spring; Summer; Autumn,,,,
FR-001234,Abbey Lyon 089,France,FR,Auvergne-Rhône-Alpes,69,Lyon,"Abbey location in Lyon, Auvergne-Rhône-Alpes, France.",Abbey,Abbey,Religious Site,"Located in Lyon, Auvergne-Rhône-Alpes.",45.761,4.8327,,1234,No,Spring; Summer; Autumn,,,,
FR-001235,Fortress Marseille 089,France,FR,Provence-Alpes-Côte d'Azur,13,Marseille,"Fortress location in Marseille, Provence-Alpes-Côte d'Azur, France.",Fortress,Fortress,Historic Landmark,"Located in Marseille, Provence-Alpes-Côte d'Azur.",43.2955,5.3688,,1235,No,Spring; Summer; Autumn,,,,
FR-001236,Archaeological Site Bordeaux 089,France,FR,Nouvelle-Aquitaine,33,Bordeaux,"Archaeological Site location in Bordeaux, Nouvelle-Aquitaine, France.",Archaeological Site,Archaeological Site,Historic Site,"Located in Bordeaux, Nouvelle-Aquitaine.",44.8388,-0.5782,,1236,No,Spring; Summer; Autumn,,,,
FR-001237,Zoo Toulouse 089,France,FR,Occitanie,31,Toulouse,"Zoo location in Toulouse, Occitanie, France.",Zoo,Zoo,Family Attraction,"Located in Toulouse, Occitanie.",43.6077,1.4472,,1237,No,Spring; Summer; Autumn,,,,
FR-001238,Aquarium Lille 089,France,FR,Hauts-de-France,59,Lille,"Aquarium location in Lille, Hauts-de-France, France.",Aquarium,Aquarium,Family Attraction,"Located in Lille, Hauts-de-France.",50.6342,3.0623,,1238,No,Spring; Summer; Autumn,,,,
FR-001239,Botanical Garden Strasbourg 089,France,FR,Grand Est,67,Strasbourg,"Botanical Garden location in Strasbourg, Grand Est, France.",Botanical Garden,Botanical Garden,Nature & Recreation,"Located in Strasbourg, Grand Est.",48.5804,7.7591,,1239,No,Spring; Summer; Autumn,,,,
FR-001240,Marina Nantes 089,France,FR,Pays de la Loire,44,Nantes,"Marina location in Nantes, Pays de la Loire, France.",Marina,Marina,Leisure,"Located in Nantes, Pays de la Loire.",47.2274,-1.5446,,1240,No,Spring; Summer; Autumn,,,,
FR-001241,Historic Site Rennes 089,France,FR,Bretagne,35,Rennes,"Historic Site location in Rennes, Bretagne, France.",Historic Site,Historic Site,Landmark,"Located in Rennes, Bretagne.",48.1083,-1.6868,,1241,No,Spring; Summer; Autumn,,,,
FR-001242,Museum Rouen 089,France,FR,Normandie,76,Rouen,"Museum location in Rouen, Normandie, France.",Museum,Museum,Cultural Attraction,"Located in Rouen, Normandie.",49.4362,1.0923,,1242,No,Spring; Summer; Autumn,,,,
FR-001243,Castle Dijon 089,France,FR,Bourgogne-Franche-Comté,21,Dijon,"Castle location in Dijon, Bourgogne-Franche-Comté, France.",Castle,Castle,Historic Landmark,"Located in Dijon, Bourgogne-Franche-Comté.",47.317,5.0365,,1243,No,Spring; Summer; Autumn,,,,
FR-001244,Cathedral Tours 089,France,FR,Centre-Val de Loire,37,Tours,"Cathedral location in Tours, Centre-Val de Loire, France.",Cathedral,Cathedral,Religious Site,"Located in Tours, Centre-Val de Loire.",47.3911,0.6818,,1244,No,Spring; Summer; Autumn,,,,
FR-001245,Park Ajaccio 089,France,FR,Corse,2A,Ajaccio,"Park location in Ajaccio, Corse, France.",Park,Park,Nature & Recreation,"Located in Ajaccio, Corse.",41.9182,8.7376,,1245,No,Spring; Summer; Autumn,,,,
FR-001246,Garden Saint-Denis 089,France,FR,La Réunion,974,Saint-Denis,"Garden location in Saint-Denis, La Réunion, France.",Garden,Garden,Nature & Recreation,"Located in Saint-Denis, La Réunion.",-20.8779,55.4491,,1246,No,Spring; Summer; Autumn,,,,
FR-001247,Monument Paris 090,France,FR,Île-de-France,75,Paris,"Monument location in Paris, Île-de-France, France.",Monument,Monument,Landmark,"Located in Paris, Île-de-France.",48.8596,2.3552,,1247,No,Spring; Summer; Autumn,,,,
FR-001248,Beach Lyon 090,France,FR,Auvergne-Rhône-Alpes,69,Lyon,"Beach location in Lyon, Auvergne-Rhône-Alpes, France.",Beach,Beach,Nature & Recreation,"Located in Lyon, Auvergne-Rhône-Alpes.",45.769,4.8407,,1248,No,Spring; Summer; Autumn,,,,
FR-001249,Viewpoint Marseille 090,France,FR,Provence-Alpes-Côte d'Azur,13,Marseille,"Viewpoint location in Marseille, Provence-Alpes-Côte d'Azur, France.",Viewpoint,Viewpoint,Scenic Attraction,"Located in Marseille, Provence-Alpes-Côte d'Azur.",43.3035,5.3768,,1249,No,Spring; Summer; Autumn,,,,
FR-001250,Market Bordeaux 090,France,FR,Nouvelle-Aquitaine,33,Bordeaux,"Market location in Bordeaux, Nouvelle-Aquitaine, France.",Market,Market,Local Attraction,"Located in Bordeaux, Nouvelle-Aquitaine.",44.8468,-0.5702,,1250,No,Spring; Summer; Autumn,,,,
FR-001251,Art Gallery Toulouse 090,France,FR,Occitanie,31,Toulouse,"Art Gallery location in Toulouse, Occitanie, France.",Art Gallery,Art Gallery,Cultural Attraction,"Located in Toulouse, Occitanie.",43.5957,1.4352,,1251,No,Spring; Summer; Autumn,,,,
FR-001252,Theatre Lille 090,France,FR,Hauts-de-France,59,Lille,"Theatre location in Lille, Hauts-de-France, France.",Theatre,Theatre,Performing Arts,"Located in Lille, Hauts-de-France.",50.6222,3.0503,,1252,No,Spring; Summer; Autumn,,,,
FR-001253,Church Strasbourg 090,France,FR,Grand Est,67,Strasbourg,"Church location in Strasbourg, Grand Est, France.",Church,Church,Religious Site,"Located in Strasbourg, Grand Est.",48.5684,7.7471,,1253,No,Spring; Summer; Autumn,,,,
FR-001254,Abbey Nantes 090,France,FR,Pays de la Loire,44,Nantes,"Abbey location in Nantes, Pays de la Loire, France.",Abbey,Abbey,Religious Site,"Located in Nantes, Pays de la Loire.",47.2154,-1.5566,,1254,No,Spring; Summer; Autumn,,,,
FR-001255,Fortress Rennes 090,France,FR,Bretagne,35,Rennes,"Fortress location in Rennes, Bretagne, France.",Fortress,Fortress,Historic Landmark,"Located in Rennes, Bretagne.",48.1163,-1.6788,,1255,No,Spring; Summer; Autumn,,,,
FR-001256,Archaeological Site Rouen 090,France,FR,Normandie,76,Rouen,"Archaeological Site location in Rouen, Normandie, France.",Archaeological Site,Archaeological Site,Historic Site,"Located in Rouen, Normandie.",49.4442,1.1003,,1256,No,Spring; Summer; Autumn,,,,
FR-001257,Zoo Dijon 090,France,FR,Bourgogne-Franche-Comté,21,Dijon,"Zoo location in Dijon, Bourgogne-Franche-Comté, France.",Zoo,Zoo,Family Attraction,"Located in Dijon, Bourgogne-Franche-Comté.",47.325,5.0445,,1257,No,Spring; Summer; Autumn,,,,
FR-001258,Aquarium Tours 090,France,FR,Centre-Val de Loire,37,Tours,"Aquarium location in Tours, Centre-Val de Loire, France.",Aquarium,Aquarium,Family Attraction,"Located in Tours, Centre-Val de Loire.",47.3991,0.6898,,1258,No,Spring; Summer; Autumn,,,,
FR-001259,Botanical Garden Ajaccio 090,France,FR,Corse,2A,Ajaccio,"Botanical Garden location in Ajaccio, Corse, France.",Botanical Garden,Botanical Garden,Nature & Recreation,"Located in Ajaccio, Corse.",41.9262,8.7456,,1259,No,Spring; Summer; Autumn,,,,
FR-001260,Marina Saint-Denis 090,France,FR,La Réunion,974,Saint-Denis,"Marina location in Saint-Denis, La Réunion, France.",Marina,Marina,Leisure,"Located in Saint-Denis, La Réunion.",-20.8699,55.4571,,1260,No,Spring; Summer; Autumn,,,,
FR-001261,Historic Site Paris 091,France,FR,Île-de-France,75,Paris,"Historic Site location in Paris, Île-de-France, France.",Historic Site,Historic Site,Landmark,"Located in Paris, Île-de-France.",48.8476,2.3432,,1261,No,Spring; Summer; Autumn,,,,
FR-001262,Museum Lyon 091,France,FR,Auvergne-Rhône-Alpes,69,Lyon,"Museum location in Lyon, Auvergne-Rhône-Alpes, France.",Museum,Museum,Cultural Attraction,"Located in Lyon, Auvergne-Rhône-Alpes.",45.757,4.8287,,1262,No,Spring; Summer; Autumn,,,,
FR-001263,Castle Marseille 091,France,FR,Provence-Alpes-Côte d'Azur,13,Marseille,"Castle location in Marseille, Provence-Alpes-Côte d'Azur, France.",Castle,Castle,Historic Landmark,"Located in Marseille, Provence-Alpes-Côte d'Azur.",43.2915,5.3648,,1263,No,Spring; Summer; Autumn,,,,
FR-001264,Cathedral Bordeaux 091,France,FR,Nouvelle-Aquitaine,33,Bordeaux,"Cathedral location in Bordeaux, Nouvelle-Aquitaine, France.",Cathedral,Cathedral,Religious Site,"Located in Bordeaux, Nouvelle-Aquitaine.",44.8348,-0.5822,,1264,No,Spring; Summer; Autumn,,,,
FR-001265,Park Toulouse 091,France,FR,Occitanie,31,Toulouse,"Park location in Toulouse, Occitanie, France.",Park,Park,Nature & Recreation,"Located in Toulouse, Occitanie.",43.6037,1.4432,,1265,No,Spring; Summer; Autumn,,,,
FR-001266,Garden Lille 091,France,FR,Hauts-de-France,59,Lille,"Garden location in Lille, Hauts-de-France, France.",Garden,Garden,Nature & Recreation,"Located in Lille, Hauts-de-France.",50.6302,3.0583,,1266,No,Spring; Summer; Autumn,,,,
FR-001267,Monument Strasbourg 091,France,FR,Grand Est,67,Strasbourg,"Monument location in Strasbourg, Grand Est, France.",Monument,Monument,Landmark,"Located in Strasbourg, Grand Est.",48.5764,7.7551,,1267,No,Spring; Summer; Autumn,,,,
FR-001268,Beach Nantes 091,France,FR,Pays de la Loire,44,Nantes,"Beach location in Nantes, Pays de la Loire, France.",Beach,Beach,Nature & Recreation,"Located in Nantes, Pays de la Loire.",47.2234,-1.5486,,1268,No,Spring; Summer; Autumn,,,,
FR-001269,Viewpoint Rennes 091,France,FR,Bretagne,35,Rennes,"Viewpoint location in Rennes, Bretagne, France.",Viewpoint,Viewpoint,Scenic Attraction,"Located in Rennes, Bretagne.",48.1243,-1.6708,,1269,No,Spring; Summer; Autumn,,,,
FR-001270,Market Rouen 091,France,FR,Normandie,76,Rouen,"Market location in Rouen, Normandie, France.",Market,Market,Local Attraction,"Located in Rouen, Normandie.",49.4522,1.1083,,1270,No,Spring; Summer; Autumn,,,,
FR-001271,Art Gallery Dijon 091,France,FR,Bourgogne-Franche-Comté,21,Dijon,"Art Gallery location in Dijon, Bourgogne-Franche-Comté, France.",Art Gallery,Art Gallery,Cultural Attraction,"Located in Dijon, Bourgogne-Franche-Comté.",47.313,5.0325,,1271,No,Spring; Summer; Autumn,,,,
FR-001272,Theatre Tours 091,France,FR,Centre-Val de Loire,37,Tours,"Theatre location in Tours, Centre-Val de Loire, France.",Theatre,Theatre,Performing Arts,"Located in Tours, Centre-Val de Loire.",47.3871,0.6778,,1272,No,Spring; Summer; Autumn,,,,
FR-001273,Church Ajaccio 091,France,FR,Corse,2A,Ajaccio,"Church location in Ajaccio, Corse, France.",Church,Church,Religious Site,"Located in Ajaccio, Corse.",41.9142,8.7336,,1273,No,Spring; Summer; Autumn,,,,
FR-001274,Abbey Saint-Denis 091,France,FR,La Réunion,974,Saint-Denis,"Abbey location in Saint-Denis, La Réunion, France.",Abbey,Abbey,Religious Site,"Located in Saint-Denis, La Réunion.",-20.8819,55.4451,,1274,No,Spring; Summer; Autumn,,,,
FR-001275,Fortress Paris 092,France,FR,Île-de-France,75,Paris,"Fortress location in Paris, Île-de-France, France.",Fortress,Fortress,Historic Landmark,"Located in Paris, Île-de-France.",48.8556,2.3512,,1275,No,Spring; Summer; Autumn,,,,
FR-001276,Archaeological Site Lyon 092,France,FR,Auvergne-Rhône-Alpes,69,Lyon,"Archaeological Site location in Lyon, Auvergne-Rhône-Alpes, France.",Archaeological Site,Archaeological Site,Historic Site,"Located in Lyon, Auvergne-Rhône-Alpes.",45.765,4.8367,,1276,No,Spring; Summer; Autumn,,,,
FR-001277,Zoo Marseille 092,France,FR,Provence-Alpes-Côte d'Azur,13,Marseille,"Zoo location in Marseille, Provence-Alpes-Côte d'Azur, France.",Zoo,Zoo,Family Attraction,"Located in Marseille, Provence-Alpes-Côte d'Azur.",43.2995,5.3728,,1277,No,Spring; Summer; Autumn,,,,
FR-001278,Aquarium Bordeaux 092,France,FR,Nouvelle-Aquitaine,33,Bordeaux,"Aquarium location in Bordeaux, Nouvelle-Aquitaine, France.",Aquarium,Aquarium,Family Attraction,"Located in Bordeaux, Nouvelle-Aquitaine.",44.8428,-0.5742,,1278,No,Spring; Summer; Autumn,,,,
FR-001279,Botanical Garden Toulouse 092,France,FR,Occitanie,31,Toulouse,"Botanical Garden location in Toulouse, Occitanie, France.",Botanical Garden,Botanical Garden,Nature & Recreation,"Located in Toulouse, Occitanie.",43.6117,1.4512,,1279,No,Spring; Summer; Autumn,,,,
FR-001280,Marina Lille 092,France,FR,Hauts-de-France,59,Lille,"Marina location in Lille, Hauts-de-France, France.",Marina,Marina,Leisure,"Located in Lille, Hauts-de-France.",50.6382,3.0663,,1280,No,Spring; Summer; Autumn,,,,
FR-001281,Historic Site Strasbourg 092,France,FR,Grand Est,67,Strasbourg,"Historic Site location in Strasbourg, Grand Est, France.",Historic Site,Historic Site,Landmark,"Located in Strasbourg, Grand Est.",48.5644,7.7431,,1281,No,Spring; Summer; Autumn,,,,
FR-001282,Museum Nantes 092,France,FR,Pays de la Loire,44,Nantes,"Museum location in Nantes, Pays de la Loire, France.",Museum,Museum,Cultural Attraction,"Located in Nantes, Pays de la Loire.",47.2114,-1.5606,,1282,No,Spring; Summer; Autumn,,,,
FR-001283,Castle Rennes 092,France,FR,Bretagne,35,Rennes,"Castle location in Rennes, Bretagne, France.",Castle,Castle,Historic Landmark,"Located in Rennes, Bretagne.",48.1123,-1.6828,,1283,No,Spring; Summer; Autumn,,,,
FR-001284,Cathedral Rouen 092,France,FR,Normandie,76,Rouen,"Cathedral location in Rouen, Normandie, France.",Cathedral,Cathedral,Religious Site,"Located in Rouen, Normandie.",49.4402,1.0963,,1284,No,Spring; Summer; Autumn,,,,
FR-001285,Park Dijon 092,France,FR,Bourgogne-Franche-Comté,21,Dijon,"Park location in Dijon, Bourgogne-Franche-Comté, France.",Park,Park,Nature & Recreation,"Located in Dijon, Bourgogne-Franche-Comté.",47.321,5.0405,,1285,No,Spring; Summer; Autumn,,,,
FR-001286,Garden Tours 092,France,FR,Centre-Val de Loire,37,Tours,"Garden location in Tours, Centre-Val de Loire, France.",Garden,Garden,Nature & Recreation,"Located in Tours, Centre-Val de Loire.",47.3951,0.6858,,1286,No,Spring; Summer; Autumn,,,,
FR-001287,Monument Ajaccio 092,France,FR,Corse,2A,Ajaccio,"Monument location in Ajaccio, Corse, France.",Monument,Monument,Landmark,"Located in Ajaccio, Corse.",41.9222,8.7416,,1287,No,Spring; Summer; Autumn,,,,
FR-001288,Beach Saint-Denis 092,France,FR,La Réunion,974,Saint-Denis,"Beach location in Saint-Denis, La Réunion, France.",Beach,Beach,Nature & Recreation,"Located in Saint-Denis, La Réunion.",-20.8739,55.4531,,1288,No,Spring; Summer; Autumn,,,,
FR-001289,Viewpoint Paris 093,France,FR,Île-de-France,75,Paris,"Viewpoint location in Paris, Île-de-France, France.",Viewpoint,Viewpoint,Scenic Attraction,"Located in Paris, Île-de-France.",48.8636,2.3592,,1289,No,Spring; Summer; Autumn,,,,
FR-001290,Market Lyon 093,France,FR,Auvergne-Rhône-Alpes,69,Lyon,"Market location in Lyon, Auvergne-Rhône-Alpes, France.",Market,Market,Local Attraction,"Located in Lyon, Auvergne-Rhône-Alpes.",45.773,4.8447,,1290,No,Spring; Summer; Autumn,,,,
FR-001291,Art Gallery Marseille 093,France,FR,Provence-Alpes-Côte d'Azur,13,Marseille,"Art Gallery location in Marseille, Provence-Alpes-Côte d'Azur, France.",Art Gallery,Art Gallery,Cultural Attraction,"Located in Marseille, Provence-Alpes-Côte d'Azur.",43.2875,5.3608,,1291,No,Spring; Summer; Autumn,,,,
FR-001292,Theatre Bordeaux 093,France,FR,Nouvelle-Aquitaine,33,Bordeaux,"Theatre location in Bordeaux, Nouvelle-Aquitaine, France.",Theatre,Theatre,Performing Arts,"Located in Bordeaux, Nouvelle-Aquitaine.",44.8308,-0.5862,,1292,No,Spring; Summer; Autumn,,,,
FR-001293,Church Toulouse 093,France,FR,Occitanie,31,Toulouse,"Church location in Toulouse, Occitanie, France.",Church,Church,Religious Site,"Located in Toulouse, Occitanie.",43.5997,1.4392,,1293,No,Spring; Summer; Autumn,,,,
FR-001294,Abbey Lille 093,France,FR,Hauts-de-France,59,Lille,"Abbey location in Lille, Hauts-de-France, France.",Abbey,Abbey,Religious Site,"Located in Lille, Hauts-de-France.",50.6262,3.0543,,1294,No,Spring; Summer; Autumn,,,,
FR-001295,Fortress Strasbourg 093,France,FR,Grand Est,67,Strasbourg,"Fortress location in Strasbourg, Grand Est, France.",Fortress,Fortress,Historic Landmark,"Located in Strasbourg, Grand Est.",48.5724,7.7511,,1295,No,Spring; Summer; Autumn,,,,
FR-001296,Archaeological Site Nantes 093,France,FR,Pays de la Loire,44,Nantes,"Archaeological Site location in Nantes, Pays de la Loire, France.",Archaeological Site,Archaeological Site,Historic Site,"Located in Nantes, Pays de la Loire.",47.2194,-1.5526,,1296,No,Spring; Summer; Autumn,,,,
FR-001297,Zoo Rennes 093,France,FR,Bretagne,35,Rennes,"Zoo location in Rennes, Bretagne, France.",Zoo,Zoo,Family Attraction,"Located in Rennes, Bretagne.",48.1203,-1.6748,,1297,No,Spring; Summer; Autumn,,,,
FR-001298,Aquarium Rouen 093,France,FR,Normandie,76,Rouen,"Aquarium location in Rouen, Normandie, France.",Aquarium,Aquarium,Family Attraction,"Located in Rouen, Normandie.",49.4482,1.1043,,1298,No,Spring; Summer; Autumn,,,,
FR-001299,Botanical Garden Dijon 093,France,FR,Bourgogne-Franche-Comté,21,Dijon,"Botanical Garden location in Dijon, Bourgogne-Franche-Comté, France.",Botanical Garden,Botanical Garden,Nature & Recreation,"Located in Dijon, Bourgogne-Franche-Comté.",47.329,5.0485,,1299,No,Spring; Summer; Autumn,,,,
FR-001300,Marina Tours 093,France,FR,Centre-Val de Loire,37,Tours,"Marina location in Tours, Centre-Val de Loire, France.",Marina,Marina,Leisure,"Located in Tours, Centre-Val de Loire.",47.4031,0.6938,,1300,No,Spring; Summer; Autumn,,,,
FR-001301,Historic Site Ajaccio 093,France,FR,Corse,2A,Ajaccio,"Historic Site location in Ajaccio, Corse, France.",Historic Site,Historic Site,Landmark,"Located in Ajaccio, Corse.",41.9102,8.7296,,1301,No,Spring; Summer; Autumn,,,,
FR-001302,Museum Saint-Denis 093,France,FR,La Réunion,974,Saint-Denis,"Museum location in Saint-Denis, La Réunion, France.",Museum,Museum,Cultural Attraction,"Located in Saint-Denis, La Réunion.",-20.8859,55.4411,,1302,No,Spring; Summer; Autumn,,,,
FR-001303,Castle Paris 094,France,FR,Île-de-France,75,Paris,"Castle location in Paris, Île-de-France, France.",Castle,Castle,Historic Landmark,"Located in Paris, Île-de-France.",48.8516,2.3472,,1303,No,Spring; Summer; Autumn,,,,
FR-001304,Cathedral Lyon 094,France,FR,Auvergne-Rhône-Alpes,69,Lyon,"Cathedral location in Lyon, Auvergne-Rhône-Alpes, France.",Cathedral,Cathedral,Religious Site,"Located in Lyon, Auvergne-Rhône-Alpes.",45.761,4.8327,,1304,No,Spring; Summer; Autumn,,,,
FR-001305,Park Marseille 094,France,FR,Provence-Alpes-Côte d'Azur,13,Marseille,"Park location in Marseille, Provence-Alpes-Côte d'Azur, France.",Park,Park,Nature & Recreation,"Located in Marseille, Provence-Alpes-Côte d'Azur.",43.2955,5.3688,,1305,No,Spring; Summer; Autumn,,,,
FR-001306,Garden Bordeaux 094,France,FR,Nouvelle-Aquitaine,33,Bordeaux,"Garden location in Bordeaux, Nouvelle-Aquitaine, France.",Garden,Garden,Nature & Recreation,"Located in Bordeaux, Nouvelle-Aquitaine.",44.8388,-0.5782,,1306,No,Spring; Summer; Autumn,,,,
FR-001307,Monument Toulouse 094,France,FR,Occitanie,31,Toulouse,"Monument location in Toulouse, Occitanie, France.",Monument,Monument,Landmark,"Located in Toulouse, Occitanie.",43.6077,1.4472,,1307,No,Spring; Summer; Autumn,,,,
FR-001308,Beach Lille 094,France,FR,Hauts-de-France,59,Lille,"Beach location in Lille, Hauts-de-France, France.",Beach,Beach,Nature & Recreation,"Located in Lille, Hauts-de-France.",50.6342,3.0623,,1308,No,Spring; Summer; Autumn,,,,
FR-001309,Viewpoint Strasbourg 094,France,FR,Grand Est,67,Strasbourg,"Viewpoint location in Strasbourg, Grand Est, France.",Viewpoint,Viewpoint,Scenic Attraction,"Located in Strasbourg, Grand Est.",48.5804,7.7591,,1309,No,Spring; Summer; Autumn,,,,
FR-001310,Market Nantes 094,France,FR,Pays de la Loire,44,Nantes,"Market location in Nantes, Pays de la Loire, France.",Market,Market,Local Attraction,"Located in Nantes, Pays de la Loire.",47.2274,-1.5446,,1310,No,Spring; Summer; Autumn,,,,
FR-001311,Art Gallery Rennes 094,France,FR,Bretagne,35,Rennes,"Art Gallery location in Rennes, Bretagne, France.",Art Gallery,Art Gallery,Cultural Attraction,"Located in Rennes, Bretagne.",48.1083,-1.6868,,1311,No,Spring; Summer; Autumn,,,,
FR-001312,Theatre Rouen 094,France,FR,Normandie,76,Rouen,"Theatre location in Rouen, Normandie, France.",Theatre,Theatre,Performing Arts,"Located in Rouen, Normandie.",49.4362,1.0923,,1312,No,Spring; Summer; Autumn,,,,
FR-001313,Church Dijon 094,France,FR,Bourgogne-Franche-Comté,21,Dijon,"Church location in Dijon, Bourgogne-Franche-Comté, France.",Church,Church,Religious Site,"Located in Dijon, Bourgogne-Franche-Comté.",47.317,5.0365,,1313,No,Spring; Summer; Autumn,,,,
FR-001314,Abbey Tours 094,France,FR,Centre-Val de Loire,37,Tours,"Abbey location in Tours, Centre-Val de Loire, France.",Abbey,Abbey,Religious Site,"Located in Tours, Centre-Val de Loire.",47.3911,0.6818,,1314,No,Spring; Summer; Autumn,,,,
FR-001315,Fortress Ajaccio 094,France,FR,Corse,2A,Ajaccio,"Fortress location in Ajaccio, Corse, France.",Fortress,Fortress,Historic Landmark,"Located in Ajaccio, Corse.",41.9182,8.7376,,1315,No,Spring; Summer; Autumn,,,,
FR-001316,Archaeological Site Saint-Denis 094,France,FR,La Réunion,974,Saint-Denis,"Archaeological Site location in Saint-Denis, La Réunion, France.",Archaeological Site,Archaeological Site,Historic Site,"Located in Saint-Denis, La Réunion.",-20.8779,55.4491,,1316,No,Spring; Summer; Autumn,,,,
FR-001317,Zoo Paris 095,France,FR,Île-de-France,75,Paris,"Zoo location in Paris, Île-de-France, France.",Zoo,Zoo,Family Attraction,"Located in Paris, Île-de-France.",48.8596,2.3552,,1317,No,Spring; Summer; Autumn,,,,
FR-001318,Aquarium Lyon 095,France,FR,Auvergne-Rhône-Alpes,69,Lyon,"Aquarium location in Lyon, Auvergne-Rhône-Alpes, France.",Aquarium,Aquarium,Family Attraction,"Located in Lyon, Auvergne-Rhône-Alpes.",45.769,4.8407,,1318,No,Spring; Summer; Autumn,,,,
FR-001319,Botanical Garden Marseille 095,France,FR,Provence-Alpes-Côte d'Azur,13,Marseille,"Botanical Garden location in Marseille, Provence-Alpes-Côte d'Azur, France.",Botanical Garden,Botanical Garden,Nature & Recreation,"Located in Marseille, Provence-Alpes-Côte d'Azur.",43.3035,5.3768,,1319,No,Spring; Summer; Autumn,,,,
FR-001320,Marina Bordeaux 095,France,FR,Nouvelle-Aquitaine,33,Bordeaux,"Marina location in Bordeaux, Nouvelle-Aquitaine, France.",Marina,Marina,Leisure,"Located in Bordeaux, Nouvelle-Aquitaine.",44.8468,-0.5702,,1320,No,Spring; Summer; Autumn,,,,
FR-001321,Historic Site Toulouse 095,France,FR,Occitanie,31,Toulouse,"Historic Site location in Toulouse, Occitanie, France.",Historic Site,Historic Site,Landmark,"Located in Toulouse, Occitanie.",43.5957,1.4352,,1321,No,Spring; Summer; Autumn,,,,
FR-001322,Museum Lille 095,France,FR,Hauts-de-France,59,Lille,"Museum location in Lille, Hauts-de-France, France.",Museum,Museum,Cultural Attraction,"Located in Lille, Hauts-de-France.",50.6222,3.0503,,1322,No,Spring; Summer; Autumn,,,,
FR-001323,Castle Strasbourg 095,France,FR,Grand Est,67,Strasbourg,"Castle location in Strasbourg, Grand Est, France.",Castle,Castle,Historic Landmark,"Located in Strasbourg, Grand Est.",48.5684,7.7471,,1323,No,Spring; Summer; Autumn,,,,
FR-001324,Cathedral Nantes 095,France,FR,Pays de la Loire,44,Nantes,"Cathedral location in Nantes, Pays de la Loire, France.",Cathedral,Cathedral,Religious Site,"Located in Nantes, Pays de la Loire.",47.2154,-1.5566,,1324,No,Spring; Summer; Autumn,,,,
FR-001325,Park Rennes 095,France,FR,Bretagne,35,Rennes,"Park location in Rennes, Bretagne, France.",Park,Park,Nature & Recreation,"Located in Rennes, Bretagne.",48.1163,-1.6788,,1325,No,Spring; Summer; Autumn,,,,
FR-001326,Garden Rouen 095,France,FR,Normandie,76,Rouen,"Garden location in Rouen, Normandie, France.",Garden,Garden,Nature & Recreation,"Located in Rouen, Normandie.",49.4442,1.1003,,1326,No,Spring; Summer; Autumn,,,,
FR-001327,Monument Dijon 095,France,FR,Bourgogne-Franche-Comté,21,Dijon,"Monument location in Dijon, Bourgogne-Franche-Comté, France.",Monument,Monument,Landmark,"Located in Dijon, Bourgogne-Franche-Comté.",47.325,5.0445,,1327,No,Spring; Summer; Autumn,,,,
FR-001328,Beach Tours 095,France,FR,Centre-Val de Loire,37,Tours,"Beach location in Tours, Centre-Val de Loire, France.",Beach,Beach,Nature & Recreation,"Located in Tours, Centre-Val de Loire.",47.3991,0.6898,,1328,No,Spring; Summer; Autumn,,,,
FR-001329,Viewpoint Ajaccio 095,France,FR,Corse,2A,Ajaccio,"Viewpoint location in Ajaccio, Corse, France.",Viewpoint,Viewpoint,Scenic Attraction,"Located in Ajaccio, Corse.",41.9262,8.7456,,1329,No,Spring; Summer; Autumn,,,,
FR-001330,Market Saint-Denis 095,France,FR,La Réunion,974,Saint-Denis,"Market location in Saint-Denis, La Réunion, France.",Market,Market,Local Attraction,"Located in Saint-Denis, La Réunion.",-20.8699,55.4571,,1330,No,Spring; Summer; Autumn,,,,
FR-001331,Art Gallery Paris 096,France,FR,Île-de-France,75,Paris,"Art Gallery location in Paris, Île-de-France, France.",Art Gallery,Art Gallery,Cultural Attraction,"Located in Paris, Île-de-France.",48.8476,2.3432,,1331,No,Spring; Summer; Autumn,,,,
FR-001332,Theatre Lyon 096,France,FR,Auvergne-Rhône-Alpes,69,Lyon,"Theatre location in Lyon, Auvergne-Rhône-Alpes, France.",Theatre,Theatre,Performing Arts,"Located in Lyon, Auvergne-Rhône-Alpes.",45.757,4.8287,,1332,No,Spring; Summer; Autumn,,,,
FR-001333,Church Marseille 096,France,FR,Provence-Alpes-Côte d'Azur,13,Marseille,"Church location in Marseille, Provence-Alpes-Côte d'Azur, France.",Church,Church,Religious Site,"Located in Marseille, Provence-Alpes-Côte d'Azur.",43.2915,5.3648,,1333,No,Spring; Summer; Autumn,,,,
FR-001334,Abbey Bordeaux 096,France,FR,Nouvelle-Aquitaine,33,Bordeaux,"Abbey location in Bordeaux, Nouvelle-Aquitaine, France.",Abbey,Abbey,Religious Site,"Located in Bordeaux, Nouvelle-Aquitaine.",44.8348,-0.5822,,1334,No,Spring; Summer; Autumn,,,,
FR-001335,Fortress Toulouse 096,France,FR,Occitanie,31,Toulouse,"Fortress location in Toulouse, Occitanie, France.",Fortress,Fortress,Historic Landmark,"Located in Toulouse, Occitanie.",43.6037,1.4432,,1335,No,Spring; Summer; Autumn,,,,
FR-001336,Archaeological Site Lille 096,France,FR,Hauts-de-France,59,Lille,"Archaeological Site location in Lille, Hauts-de-France, France.",Archaeological Site,Archaeological Site,Historic Site,"Located in Lille, Hauts-de-France.",50.6302,3.0583,,1336,No,Spring; Summer; Autumn,,,,
FR-001337,Zoo Strasbourg 096,France,FR,Grand Est,67,Strasbourg,"Zoo location in Strasbourg, Grand Est, France.",Zoo,Zoo,Family Attraction,"Located in Strasbourg, Grand Est.",48.5764,7.7551,,1337,No,Spring; Summer; Autumn,,,,
FR-001338,Aquarium Nantes 096,France,FR,Pays de la Loire,44,Nantes,"Aquarium location in Nantes, Pays de la Loire, France.",Aquarium,Aquarium,Family Attraction,"Located in Nantes, Pays de la Loire.",47.2234,-1.5486,,1338,No,Spring; Summer; Autumn,,,,
FR-001339,Botanical Garden Rennes 096,France,FR,Bretagne,35,Rennes,"Botanical Garden location in Rennes, Bretagne, France.",Botanical Garden,Botanical Garden,Nature & Recreation,"Located in Rennes, Bretagne.",48.1243,-1.6708,,1339,No,Spring; Summer; Autumn,,,,
FR-001340,Marina Rouen 096,France,FR,Normandie,76,Rouen,"Marina location in Rouen, Normandie, France.",Marina,Marina,Leisure,"Located in Rouen, Normandie.",49.4522,1.1083,,1340,No,Spring; Summer; Autumn,,,,
FR-001341,Historic Site Dijon 096,France,FR,Bourgogne-Franche-Comté,21,Dijon,"Historic Site location in Dijon, Bourgogne-Franche-Comté, France.",Historic Site,Historic Site,Landmark,"Located in Dijon, Bourgogne-Franche-Comté.",47.313,5.0325,,1341,No,Spring; Summer; Autumn,,,,
FR-001342,Museum Tours 096,France,FR,Centre-Val de Loire,37,Tours,"Museum location in Tours, Centre-Val de Loire, France.",Museum,Museum,Cultural Attraction,"Located in Tours, Centre-Val de Loire.",47.3871,0.6778,,1342,No,Spring; Summer; Autumn,,,,
FR-001343,Castle Ajaccio 096,France,FR,Corse,2A,Ajaccio,"Castle location in Ajaccio, Corse, France.",Castle,Castle,Historic Landmark,"Located in Ajaccio, Corse.",41.9142,8.7336,,1343,No,Spring; Summer; Autumn,,,,
FR-001344,Cathedral Saint-Denis 096,France,FR,La Réunion,974,Saint-Denis,"Cathedral location in Saint-Denis, La Réunion, France.",Cathedral,Cathedral,Religious Site,"Located in Saint-Denis, La Réunion.",-20.8819,55.4451,,1344,No,Spring; Summer; Autumn,,,,
FR-001345,Park Paris 097,France,FR,Île-de-France,75,Paris,"Park location in Paris, Île-de-France, France.",Park,Park,Nature & Recreation,"Located in Paris, Île-de-France.",48.8556,2.3512,,1345,No,Spring; Summer; Autumn,,,,
FR-001346,Garden Lyon 097,France,FR,Auvergne-Rhône-Alpes,69,Lyon,"Garden location in Lyon, Auvergne-Rhône-Alpes, France.",Garden,Garden,Nature & Recreation,"Located in Lyon, Auvergne-Rhône-Alpes.",45.765,4.8367,,1346,No,Spring; Summer; Autumn,,,,
FR-001347,Monument Marseille 097,France,FR,Provence-Alpes-Côte d'Azur,13,Marseille,"Monument location in Marseille, Provence-Alpes-Côte d'Azur, France.",Monument,Monument,Landmark,"Located in Marseille, Provence-Alpes-Côte d'Azur.",43.2995,5.3728,,1347,No,Spring; Summer; Autumn,,,,
FR-001348,Beach Bordeaux 097,France,FR,Nouvelle-Aquitaine,33,Bordeaux,"Beach location in Bordeaux, Nouvelle-Aquitaine, France.",Beach,Beach,Nature & Recreation,"Located in Bordeaux, Nouvelle-Aquitaine.",44.8428,-0.5742,,1348,No,Spring; Summer; Autumn,,,,
FR-001349,Viewpoint Toulouse 097,France,FR,Occitanie,31,Toulouse,"Viewpoint location in Toulouse, Occitanie, France.",Viewpoint,Viewpoint,Scenic Attraction,"Located in Toulouse, Occitanie.",43.6117,1.4512,,1349,No,Spring; Summer; Autumn,,,,
FR-001350,Market Lille 097,France,FR,Hauts-de-France,59,Lille,"Market location in Lille, Hauts-de-France, France.",Market,Market,Local Attraction,"Located in Lille, Hauts-de-France.",50.6382,3.0663,,1350,No,Spring; Summer; Autumn,,,,
FR-001351,Art Gallery Strasbourg 097,France,FR,Grand Est,67,Strasbourg,"Art Gallery location in Strasbourg, Grand Est, France.",Art Gallery,Art Gallery,Cultural Attraction,"Located in Strasbourg, Grand Est.",48.5644,7.7431,,1351,No,Spring; Summer; Autumn,,,,
FR-001352,Theatre Nantes 097,France,FR,Pays de la Loire,44,Nantes,"Theatre location in Nantes, Pays de la Loire, France.",Theatre,Theatre,Performing Arts,"Located in Nantes, Pays de la Loire.",47.2114,-1.5606,,1352,No,Spring; Summer; Autumn,,,,
FR-001353,Church Rennes 097,France,FR,Bretagne,35,Rennes,"Church location in Rennes, Bretagne, France.",Church,Church,Religious Site,"Located in Rennes, Bretagne.",48.1123,-1.6828,,1353,No,Spring; Summer; Autumn,,,,
FR-001354,Abbey Rouen 097,France,FR,Normandie,76,Rouen,"Abbey location in Rouen, Normandie, France.",Abbey,Abbey,Religious Site,"Located in Rouen, Normandie.",49.4402,1.0963,,1354,No,Spring; Summer; Autumn,,,,
FR-001355,Fortress Dijon 097,France,FR,Bourgogne-Franche-Comté,21,Dijon,"Fortress location in Dijon, Bourgogne-Franche-Comté, France.",Fortress,Fortress,Historic Landmark,"Located in Dijon, Bourgogne-Franche-Comté.",47.321,5.0405,,1355,No,Spring; Summer; Autumn,,,,
FR-001356,Archaeological Site Tours 097,France,FR,Centre-Val de Loire,37,Tours,"Archaeological Site location in Tours, Centre-Val de Loire, France.",Archaeological Site,Archaeological Site,Historic Site,"Located in Tours, Centre-Val de Loire.",47.3951,0.6858,,1356,No,Spring; Summer; Autumn,,,,
FR-001357,Zoo Ajaccio 097,France,FR,Corse,2A,Ajaccio,"Zoo location in Ajaccio, Corse, France.",Zoo,Zoo,Family Attraction,"Located in Ajaccio, Corse.",41.9222,8.7416,,1357,No,Spring; Summer; Autumn,,,,
FR-001358,Aquarium Saint-Denis 097,France,FR,La Réunion,974,Saint-Denis,"Aquarium location in Saint-Denis, La Réunion, France.",Aquarium,Aquarium,Family Attraction,"Located in Saint-Denis, La Réunion.",-20.8739,55.4531,,1358,No,Spring; Summer; Autumn,,,,
FR-001359,Botanical Garden Paris 098,France,FR,Île-de-France,75,Paris,"Botanical Garden location in Paris, Île-de-France, France.",Botanical Garden,Botanical Garden,Nature & Recreation,"Located in Paris, Île-de-France.",48.8636,2.3592,,1359,No,Spring; Summer; Autumn,,,,
FR-001360,Marina Lyon 098,France,FR,Auvergne-Rhône-Alpes,69,Lyon,"Marina location in Lyon, Auvergne-Rhône-Alpes, France.",Marina,Marina,Leisure,"Located in Lyon, Auvergne-Rhône-Alpes.",45.773,4.8447,,1360,No,Spring; Summer; Autumn,,,,
FR-001361,Historic Site Marseille 098,France,FR,Provence-Alpes-Côte d'Azur,13,Marseille,"Historic Site location in Marseille, Provence-Alpes-Côte d'Azur, France.",Historic Site,Historic Site,Landmark,"Located in Marseille, Provence-Alpes-Côte d'Azur.",43.2875,5.3608,,1361,No,Spring; Summer; Autumn,,,,
FR-001362,Museum Bordeaux 098,France,FR,Nouvelle-Aquitaine,33,Bordeaux,"Museum location in Bordeaux, Nouvelle-Aquitaine, France.",Museum,Museum,Cultural Attraction,"Located in Bordeaux, Nouvelle-Aquitaine.",44.8308,-0.5862,,1362,No,Spring; Summer; Autumn,,,,
FR-001363,Castle Toulouse 098,France,FR,Occitanie,31,Toulouse,"Castle location in Toulouse, Occitanie, France.",Castle,Castle,Historic Landmark,"Located in Toulouse, Occitanie.",43.5997,1.4392,,1363,No,Spring; Summer; Autumn,,,,
FR-001364,Cathedral Lille 098,France,FR,Hauts-de-France,59,Lille,"Cathedral location in Lille, Hauts-de-France, France.",Cathedral,Cathedral,Religious Site,"Located in Lille, Hauts-de-France.",50.6262,3.0543,,1364,No,Spring; Summer; Autumn,,,,
FR-001365,Park Strasbourg 098,France,FR,Grand Est,67,Strasbourg,"Park location in Strasbourg, Grand Est, France.",Park,Park,Nature & Recreation,"Located in Strasbourg, Grand Est.",48.5724,7.7511,,1365,No,Spring; Summer; Autumn,,,,
FR-001366,Garden Nantes 098,France,FR,Pays de la Loire,44,Nantes,"Garden location in Nantes, Pays de la Loire, France.",Garden,Garden,Nature & Recreation,"Located in Nantes, Pays de la Loire.",47.2194,-1.5526,,1366,No,Spring; Summer; Autumn,,,,
FR-001367,Monument Rennes 098,France,FR,Bretagne,35,Rennes,"Monument location in Rennes, Bretagne, France.",Monument,Monument,Landmark,"Located in Rennes, Bretagne.",48.1203,-1.6748,,1367,No,Spring; Summer; Autumn,,,,
FR-001368,Beach Rouen 098,France,FR,Normandie,76,Rouen,"Beach location in Rouen, Normandie, France.",Beach,Beach,Nature & Recreation,"Located in Rouen, Normandie.",49.4482,1.1043,,1368,No,Spring; Summer; Autumn,,,,
FR-001369,Viewpoint Dijon 098,France,FR,Bourgogne-Franche-Comté,21,Dijon,"Viewpoint location in Dijon, Bourgogne-Franche-Comté, France.",Viewpoint,Viewpoint,Scenic Attraction,"Located in Dijon, Bourgogne-Franche-Comté.",47.329,5.0485,,1369,No,Spring; Summer; Autumn,,,,
FR-001370,Market Tours 098,France,FR,Centre-Val de Loire,37,Tours,"Market location in Tours, Centre-Val de Loire, France.",Market,Market,Local Attraction,"Located in Tours, Centre-Val de Loire.",47.4031,0.6938,,1370,No,Spring; Summer; Autumn,,,,
FR-001371,Art Gallery Ajaccio 098,France,FR,Corse,2A,Ajaccio,"Art Gallery location in Ajaccio, Corse, France.",Art Gallery,Art Gallery,Cultural Attraction,"Located in Ajaccio, Corse.",41.9102,8.7296,,1371,No,Spring; Summer; Autumn,,,,
FR-001372,Theatre Saint-Denis 098,France,FR,La Réunion,974,Saint-Denis,"Theatre location in Saint-Denis, La Réunion, France.",Theatre,Theatre,Performing Arts,"Located in Saint-Denis, La Réunion.",-20.8859,55.4411,,1372,No,Spring; Summer; Autumn,,,,
FR-001373,Church Paris 099,France,FR,Île-de-France,75,Paris,"Church location in Paris, Île-de-France, France.",Church,Church,Religious Site,"Located in Paris, Île-de-France.",48.8516,2.3472,,1373,No,Spring; Summer; Autumn,,,,
FR-001374,Abbey Lyon 099,France,FR,Auvergne-Rhône-Alpes,69,Lyon,"Abbey location in Lyon, Auvergne-Rhône-Alpes, France.",Abbey,Abbey,Religious Site,"Located in Lyon, Auvergne-Rhône-Alpes.",45.761,4.8327,,1374,No,Spring; Summer; Autumn,,,,
FR-001375,Fortress Marseille 099,France,FR,Provence-Alpes-Côte d'Azur,13,Marseille,"Fortress location in Marseille, Provence-Alpes-Côte d'Azur, France.",Fortress,Fortress,Historic Landmark,"Located in Marseille, Provence-Alpes-Côte d'Azur.",43.2955,5.3688,,1375,No,Spring; Summer; Autumn,,,,
FR-001376,Archaeological Site Bordeaux 099,France,FR,Nouvelle-Aquitaine,33,Bordeaux,"Archaeological Site location in Bordeaux, Nouvelle-Aquitaine, France.",Archaeological Site,Archaeological Site,Historic Site,"Located in Bordeaux, Nouvelle-Aquitaine.",44.8388,-0.5782,,1376,No,Spring; Summer; Autumn,,,,
FR-001377,Zoo Toulouse 099,France,FR,Occitanie,31,Toulouse,"Zoo location in Toulouse, Occitanie, France.",Zoo,Zoo,Family Attraction,"Located in Toulouse, Occitanie.",43.6077,1.4472,,1377,No,Spring; Summer; Autumn,,,,
FR-001378,Aquarium Lille 099,France,FR,Hauts-de-France,59,Lille,"Aquarium location in Lille, Hauts-de-France, France.",Aquarium,Aquarium,Family Attraction,"Located in Lille, Hauts-de-France.",50.6342,3.0623,,1378,No,Spring; Summer; Autumn,,,,
FR-001379,Botanical Garden Strasbourg 099,France,FR,Grand Est,67,Strasbourg,"Botanical Garden location in Strasbourg, Grand Est, France.",Botanical Garden,Botanical Garden,Nature & Recreation,"Located in Strasbourg, Grand Est.",48.5804,7.7591,,1379,No,Spring; Summer; Autumn,,,,
FR-001380,Marina Nantes 099,France,FR,Pays de la Loire,44,Nantes,"Marina location in Nantes, Pays de la Loire, France.",Marina,Marina,Leisure,"Located in Nantes, Pays de la Loire.",47.2274,-1.5446,,1380,No,Spring; Summer; Autumn,,,,
FR-001381,Historic Site Rennes 099,France,FR,Bretagne,35,Rennes,"Historic Site location in Rennes, Bretagne, France.",Historic Site,Historic Site,Landmark,"Located in Rennes, Bretagne.",48.1083,-1.6868,,1381,No,Spring; Summer; Autumn,,,,
FR-001382,Museum Rouen 099,France,FR,Normandie,76,Rouen,"Museum location in Rouen, Normandie, France.",Museum,Museum,Cultural Attraction,"Located in Rouen, Normandie.",49.4362,1.0923,,1382,No,Spring; Summer; Autumn,,,,
FR-001383,Castle Dijon 099,France,FR,Bourgogne-Franche-Comté,21,Dijon,"Castle location in Dijon, Bourgogne-Franche-Comté, France.",Castle,Castle,Historic Landmark,"Located in Dijon, Bourgogne-Franche-Comté.",47.317,5.0365,,1383,No,Spring; Summer; Autumn,,,,
FR-001384,Cathedral Tours 099,France,FR,Centre-Val de Loire,37,Tours,"Cathedral location in Tours, Centre-Val de Loire, France.",Cathedral,Cathedral,Religious Site,"Located in Tours, Centre-Val de Loire.",47.3911,0.6818,,1384,No,Spring; Summer; Autumn,,,,
FR-001385,Park Ajaccio 099,France,FR,Corse,2A,Ajaccio,"Park location in Ajaccio, Corse, France.",Park,Park,Nature & Recreation,"Located in Ajaccio, Corse.",41.9182,8.7376,,1385,No,Spring; Summer; Autumn,,,,
FR-001386,Garden Saint-Denis 099,France,FR,La Réunion,974,Saint-Denis,"Garden location in Saint-Denis, La Réunion, France.",Garden,Garden,Nature & Recreation,"Located in Saint-Denis, La Réunion.",-20.8779,55.4491,,1386,No,Spring; Summer; Autumn,,,,
FR-001387,Monument Paris 100,France,FR,Île-de-France,75,Paris,"Monument location in Paris, Île-de-France, France.",Monument,Monument,Landmark,"Located in Paris, Île-de-France.",48.8596,2.3552,,1387,No,Spring; Summer; Autumn,,,,
FR-001388,Beach Lyon 100,France,FR,Auvergne-Rhône-Alpes,69,Lyon,"Beach location in Lyon, Auvergne-Rhône-Alpes, France.",Beach,Beach,Nature & Recreation,"Located in Lyon, Auvergne-Rhône-Alpes.",45.769,4.8407,,1388,No,Spring; Summer; Autumn,,,,
FR-001389,Viewpoint Marseille 100,France,FR,Provence-Alpes-Côte d'Azur,13,Marseille,"Viewpoint location in Marseille, Provence-Alpes-Côte d'Azur, France.",Viewpoint,Viewpoint,Scenic Attraction,"Located in Marseille, Provence-Alpes-Côte d'Azur.",43.3035,5.3768,,1389,No,Spring; Summer; Autumn,,,,
FR-001390,Market Bordeaux 100,France,FR,Nouvelle-Aquitaine,33,Bordeaux,"Market location in Bordeaux, Nouvelle-Aquitaine, France.",Market,Market,Local Attraction,"Located in Bordeaux, Nouvelle-Aquitaine.",44.8468,-0.5702,,1390,No,Spring; Summer; Autumn,,,,
FR-001391,Art Gallery Toulouse 100,France,FR,Occitanie,31,Toulouse,"Art Gallery location in Toulouse, Occitanie, France.",Art Gallery,Art Gallery,Cultural Attraction,"Located in Toulouse, Occitanie.",43.5957,1.4352,,1391,No,Spring; Summer; Autumn,,,,
FR-001392,Theatre Lille 100,France,FR,Hauts-de-France,59,Lille,"Theatre location in Lille, Hauts-de-France, France.",Theatre,Theatre,Performing Arts,"Located in Lille, Hauts-de-France.",50.6222,3.0503,,1392,No,Spring; Summer; Autumn,,,,
FR-001393,Church Strasbourg 100,France,FR,Grand Est,67,Strasbourg,"Church location in Strasbourg, Grand Est, France.",Church,Church,Religious Site,"Located in Strasbourg, Grand Est.",48.5684,7.7471,,1393,No,Spring; Summer; Autumn,,,,
FR-001394,Abbey Nantes 100,France,FR,Pays de la Loire,44,Nantes,"Abbey location in Nantes, Pays de la Loire, France.",Abbey,Abbey,Religious Site,"Located in Nantes, Pays de la Loire.",47.2154,-1.5566,,1394,No,Spring; Summer; Autumn,,,,
FR-001395,Fortress Rennes 100,France,FR,Bretagne,35,Rennes,"Fortress location in Rennes, Bretagne, France.",Fortress,Fortress,Historic Landmark,"Located in Rennes, Bretagne.",48.1163,-1.6788,,1395,No,Spring; Summer; Autumn,,,,
FR-001396,Archaeological Site Rouen 100,France,FR,Normandie,76,Rouen,"Archaeological Site location in Rouen, Normandie, France.",Archaeological Site,Archaeological Site,Historic Site,"Located in Rouen, Normandie.",49.4442,1.1003,,1396,No,Spring; Summer; Autumn,,,,
FR-001397,Zoo Dijon 100,France,FR,Bourgogne-Franche-Comté,21,Dijon,"Zoo location in Dijon, Bourgogne-Franche-Comté, France.",Zoo,Zoo,Family Attraction,"Located in Dijon, Bourgogne-Franche-Comté.",47.325,5.0445,,1397,No,Spring; Summer; Autumn,,,,
FR-001398,Aquarium Tours 100,France,FR,Centre-Val de Loire,37,Tours,"Aquarium location in Tours, Centre-Val de Loire, France.",Aquarium,Aquarium,Family Attraction,"Located in Tours, Centre-Val de Loire.",47.3991,0.6898,,1398,No,Spring; Summer; Autumn,,,,
FR-001399,Botanical Garden Ajaccio 100,France,FR,Corse,2A,Ajaccio,"Botanical Garden location in Ajaccio, Corse, France.",Botanical Garden,Botanical Garden,Nature & Recreation,"Located in Ajaccio, Corse.",41.9262,8.7456,,1399,No,Spring; Summer; Autumn,,,,
FR-001400,Marina Saint-Denis 100,France,FR,La Réunion,974,Saint-Denis,"Marina location in Saint-Denis, La Réunion, France.",Marina,Marina,Leisure,"Located in Saint-Denis, La Réunion.",-20.8699,55.4571,,1400,No,Spring; Summer; Autumn,,,,
FR-001401,Historic Site Paris 101,France,FR,Île-de-France,75,Paris,"Historic Site location in Paris, Île-de-France, France.",Historic Site,Historic Site,Landmark,"Located in Paris, Île-de-France.",48.8476,2.3432,,1401,No,Spring; Summer; Autumn,,,,
FR-001402,Museum Lyon 101,France,FR,Auvergne-Rhône-Alpes,69,Lyon,"Museum location in Lyon, Auvergne-Rhône-Alpes, France.",Museum,Museum,Cultural Attraction,"Located in Lyon, Auvergne-Rhône-Alpes.",45.757,4.8287,,1402,No,Spring; Summer; Autumn,,,,
FR-001403,Castle Marseille 101,France,FR,Provence-Alpes-Côte d'Azur,13,Marseille,"Castle location in Marseille, Provence-Alpes-Côte d'Azur, France.",Castle,Castle,Historic Landmark,"Located in Marseille, Provence-Alpes-Côte d'Azur.",43.2915,5.3648,,1403,No,Spring; Summer; Autumn,,,,
FR-001404,Cathedral Bordeaux 101,France,FR,Nouvelle-Aquitaine,33,Bordeaux,"Cathedral location in Bordeaux, Nouvelle-Aquitaine, France.",Cathedral,Cathedral,Religious Site,"Located in Bordeaux, Nouvelle-Aquitaine.",44.8348,-0.5822,,1404,No,Spring; Summer; Autumn,,,,
FR-001405,Park Toulouse 101,France,FR,Occitanie,31,Toulouse,"Park location in Toulouse, Occitanie, France.",Park,Park,Nature & Recreation,"Located in Toulouse, Occitanie.",43.6037,1.4432,,1405,No,Spring; Summer; Autumn,,,,
FR-001406,Garden Lille 101,France,FR,Hauts-de-France,59,Lille,"Garden location in Lille, Hauts-de-France, France.",Garden,Garden,Nature & Recreation,"Located in Lille, Hauts-de-France.",50.6302,3.0583,,1406,No,Spring; Summer; Autumn,,,,
FR-001407,Monument Strasbourg 101,France,FR,Grand Est,67,Strasbourg,"Monument location in Strasbourg, Grand Est, France.",Monument,Monument,Landmark,"Located in Strasbourg, Grand Est.",48.5764,7.7551,,1407,No,Spring; Summer; Autumn,,,,
FR-001408,Beach Nantes 101,France,FR,Pays de la Loire,44,Nantes,"Beach location in Nantes, Pays de la Loire, France.",Beach,Beach,Nature & Recreation,"Located in Nantes, Pays de la Loire.",47.2234,-1.5486,,1408,No,Spring; Summer; Autumn,,,,
FR-001409,Viewpoint Rennes 101,France,FR,Bretagne,35,Rennes,"Viewpoint location in Rennes, Bretagne, France.",Viewpoint,Viewpoint,Scenic Attraction,"Located in Rennes, Bretagne.",48.1243,-1.6708,,1409,No,Spring; Summer; Autumn,,,,
FR-001410,Market Rouen 101,France,FR,Normandie,76,Rouen,"Market location in Rouen, Normandie, France.",Market,Market,Local Attraction,"Located in Rouen, Normandie.",49.4522,1.1083,,1410,No,Spring; Summer; Autumn,,,,
FR-001411,Art Gallery Dijon 101,France,FR,Bourgogne-Franche-Comté,21,Dijon,"Art Gallery location in Dijon, Bourgogne-Franche-Comté, France.",Art Gallery,Art Gallery,Cultural Attraction,"Located in Dijon, Bourgogne-Franche-Comté.",47.313,5.0325,,1411,No,Spring; Summer; Autumn,,,,
FR-001412,Theatre Tours 101,France,FR,Centre-Val de Loire,37,Tours,"Theatre location in Tours, Centre-Val de Loire, France.",Theatre,Theatre,Performing Arts,"Located in Tours, Centre-Val de Loire.",47.3871,0.6778,,1412,No,Spring; Summer; Autumn,,,,
FR-001413,Church Ajaccio 101,France,FR,Corse,2A,Ajaccio,"Church location in Ajaccio, Corse, France.",Church,Church,Religious Site,"Located in Ajaccio, Corse.",41.9142,8.7336,,1413,No,Spring; Summer; Autumn,,,,
FR-001414,Abbey Saint-Denis 101,France,FR,La Réunion,974,Saint-Denis,"Abbey location in Saint-Denis, La Réunion, France.",Abbey,Abbey,Religious Site,"Located in Saint-Denis, La Réunion.",-20.8819,55.4451,,1414,No,Spring; Summer; Autumn,,,,
FR-001415,Fortress Paris 102,France,FR,Île-de-France,75,Paris,"Fortress location in Paris, Île-de-France, France.",Fortress,Fortress,Historic Landmark,"Located in Paris, Île-de-France.",48.8556,2.3512,,1415,No,Spring; Summer; Autumn,,,,
FR-001416,Archaeological Site Lyon 102,France,FR,Auvergne-Rhône-Alpes,69,Lyon,"Archaeological Site location in Lyon, Auvergne-Rhône-Alpes, France.",Archaeological Site,Archaeological Site,Historic Site,"Located in Lyon, Auvergne-Rhône-Alpes.",45.765,4.8367,,1416,No,Spring; Summer; Autumn,,,,
FR-001417,Zoo Marseille 102,France,FR,Provence-Alpes-Côte d'Azur,13,Marseille,"Zoo location in Marseille, Provence-Alpes-Côte d'Azur, France.",Zoo,Zoo,Family Attraction,"Located in Marseille, Provence-Alpes-Côte d'Azur.",43.2995,5.3728,,1417,No,Spring; Summer; Autumn,,,,
FR-001418,Aquarium Bordeaux 102,France,FR,Nouvelle-Aquitaine,33,Bordeaux,"Aquarium location in Bordeaux, Nouvelle-Aquitaine, France.",Aquarium,Aquarium,Family Attraction,"Located in Bordeaux, Nouvelle-Aquitaine.",44.8428,-0.5742,,1418,No,Spring; Summer; Autumn,,,,
FR-001419,Botanical Garden Toulouse 102,France,FR,Occitanie,31,Toulouse,"Botanical Garden location in Toulouse, Occitanie, France.",Botanical Garden,Botanical Garden,Nature & Recreation,"Located in Toulouse, Occitanie.",43.6117,1.4512,,1419,No,Spring; Summer; Autumn,,,,
FR-001420,Marina Lille 102,France,FR,Hauts-de-France,59,Lille,"Marina location in Lille, Hauts-de-France, France.",Marina,Marina,Leisure,"Located in Lille, Hauts-de-France.",50.6382,3.0663,,1420,No,Spring; Summer; Autumn,,,,
FR-001421,Historic Site Strasbourg 102,France,FR,Grand Est,67,Strasbourg,"Historic Site location in Strasbourg, Grand Est, France.",Historic Site,Historic Site,Landmark,"Located in Strasbourg, Grand Est.",48.5644,7.7431,,1421,No,Spring; Summer; Autumn,,,,
FR-001422,Museum Nantes 102,France,FR,Pays de la Loire,44,Nantes,"Museum location in Nantes, Pays de la Loire, France.",Museum,Museum,Cultural Attraction,"Located in Nantes, Pays de la Loire.",47.2114,-1.5606,,1422,No,Spring; Summer; Autumn,,,,
FR-001423,Castle Rennes 102,France,FR,Bretagne,35,Rennes,"Castle location in Rennes, Bretagne, France.",Castle,Castle,Historic Landmark,"Located in Rennes, Bretagne.",48.1123,-1.6828,,1423,No,Spring; Summer; Autumn,,,,
FR-001424,Cathedral Rouen 102,France,FR,Normandie,76,Rouen,"Cathedral location in Rouen, Normandie, France.",Cathedral,Cathedral,Religious Site,"Located in Rouen, Normandie.",49.4402,1.0963,,1424,No,Spring; Summer; Autumn,,,,
FR-001425,Park Dijon 102,France,FR,Bourgogne-Franche-Comté,21,Dijon,"Park location in Dijon, Bourgogne-Franche-Comté, France.",Park,Park,Nature & Recreation,"Located in Dijon, Bourgogne-Franche-Comté.",47.321,5.0405,,1425,No,Spring; Summer; Autumn,,,,
FR-001426,Garden Tours 102,France,FR,Centre-Val de Loire,37,Tours,"Garden location in Tours, Centre-Val de Loire, France.",Garden,Garden,Nature & Recreation,"Located in Tours, Centre-Val de Loire.",47.3951,0.6858,,1426,No,Spring; Summer; Autumn,,,,
FR-001427,Monument Ajaccio 102,France,FR,Corse,2A,Ajaccio,"Monument location in Ajaccio, Corse, France.",Monument,Monument,Landmark,"Located in Ajaccio, Corse.",41.9222,8.7416,,1427,No,Spring; Summer; Autumn,,,,
FR-001428,Beach Saint-Denis 102,France,FR,La Réunion,974,Saint-Denis,"Beach location in Saint-Denis, La Réunion, France.",Beach,Beach,Nature & Recreation,"Located in Saint-Denis, La Réunion.",-20.8739,55.4531,,1428,No,Spring; Summer; Autumn,,,,
FR-001429,Viewpoint Paris 103,France,FR,Île-de-France,75,Paris,"Viewpoint location in Paris, Île-de-France, France.",Viewpoint,Viewpoint,Scenic Attraction,"Located in Paris, Île-de-France.",48.8636,2.3592,,1429,No,Spring; Summer; Autumn,,,,
FR-001430,Market Lyon 103,France,FR,Auvergne-Rhône-Alpes,69,Lyon,"Market location in Lyon, Auvergne-Rhône-Alpes, France.",Market,Market,Local Attraction,"Located in Lyon, Auvergne-Rhône-Alpes.",45.773,4.8447,,1430,No,Spring; Summer; Autumn,,,,
FR-001431,Art Gallery Marseille 103,France,FR,Provence-Alpes-Côte d'Azur,13,Marseille,"Art Gallery location in Marseille, Provence-Alpes-Côte d'Azur, France.",Art Gallery,Art Gallery,Cultural Attraction,"Located in Marseille, Provence-Alpes-Côte d'Azur.",43.2875,5.3608,,1431,No,Spring; Summer; Autumn,,,,
FR-001432,Theatre Bordeaux 103,France,FR,Nouvelle-Aquitaine,33,Bordeaux,"Theatre location in Bordeaux, Nouvelle-Aquitaine, France.",Theatre,Theatre,Performing Arts,"Located in Bordeaux, Nouvelle-Aquitaine.",44.8308,-0.5862,,1432,No,Spring; Summer; Autumn,,,,
FR-001433,Church Toulouse 103,France,FR,Occitanie,31,Toulouse,"Church location in Toulouse, Occitanie, France.",Church,Church,Religious Site,"Located in Toulouse, Occitanie.",43.5997,1.4392,,1433,No,Spring; Summer; Autumn,,,,
FR-001434,Abbey Lille 103,France,FR,Hauts-de-France,59,Lille,"Abbey location in Lille, Hauts-de-France, France.",Abbey,Abbey,Religious Site,"Located in Lille, Hauts-de-France.",50.6262,3.0543,,1434,No,Spring; Summer; Autumn,,,,
FR-001435,Fortress Strasbourg 103,France,FR,Grand Est,67,Strasbourg,"Fortress location in Strasbourg, Grand Est, France.",Fortress,Fortress,Historic Landmark,"Located in Strasbourg, Grand Est.",48.5724,7.7511,,1435,No,Spring; Summer; Autumn,,,,
FR-001436,Archaeological Site Nantes 103,France,FR,Pays de la Loire,44,Nantes,"Archaeological Site location in Nantes, Pays de la Loire, France.",Archaeological Site,Archaeological Site,Historic Site,"Located in Nantes, Pays de la Loire.",47.2194,-1.5526,,1436,No,Spring; Summer; Autumn,,,,
FR-001437,Zoo Rennes 103,France,FR,Bretagne,35,Rennes,"Zoo location in Rennes, Bretagne, France.",Zoo,Zoo,Family Attraction,"Located in Rennes, Bretagne.",48.1203,-1.6748,,1437,No,Spring; Summer; Autumn,,,,
FR-001438,Aquarium Rouen 103,France,FR,Normandie,76,Rouen,"Aquarium location in Rouen, Normandie, France.",Aquarium,Aquarium,Family Attraction,"Located in Rouen, Normandie.",49.4482,1.1043,,1438,No,Spring; Summer; Autumn,,,,
FR-001439,Botanical Garden Dijon 103,France,FR,Bourgogne-Franche-Comté,21,Dijon,"Botanical Garden location in Dijon, Bourgogne-Franche-Comté, France.",Botanical Garden,Botanical Garden,Nature & Recreation,"Located in Dijon, Bourgogne-Franche-Comté.",47.329,5.0485,,1439,No,Spring; Summer; Autumn,,,,
FR-001440,Marina Tours 103,France,FR,Centre-Val de Loire,37,Tours,"Marina location in Tours, Centre-Val de Loire, France.",Marina,Marina,Leisure,"Located in Tours, Centre-Val de Loire.",47.4031,0.6938,,1440,No,Spring; Summer; Autumn,,,,
FR-001441,Historic Site Ajaccio 103,France,FR,Corse,2A,Ajaccio,"Historic Site location in Ajaccio, Corse, France.",Historic Site,Historic Site,Landmark,"Located in Ajaccio, Corse.",41.9102,8.7296,,1441,No,Spring; Summer; Autumn,,,,
FR-001442,Museum Saint-Denis 103,France,FR,La Réunion,974,Saint-Denis,"Museum location in Saint-Denis, La Réunion, France.",Museum,Museum,Cultural Attraction,"Located in Saint-Denis, La Réunion.",-20.8859,55.4411,,1442,No,Spring; Summer; Autumn,,,,
FR-001443,Castle Paris 104,France,FR,Île-de-France,75,Paris,"Castle location in Paris, Île-de-France, France.",Castle,Castle,Historic Landmark,"Located in Paris, Île-de-France.",48.8516,2.3472,,1443,No,Spring; Summer; Autumn,,,,
FR-001444,Cathedral Lyon 104,France,FR,Auvergne-Rhône-Alpes,69,Lyon,"Cathedral location in Lyon, Auvergne-Rhône-Alpes, France.",Cathedral,Cathedral,Religious Site,"Located in Lyon, Auvergne-Rhône-Alpes.",45.761,4.8327,,1444,No,Spring; Summer; Autumn,,,,
FR-001445,Park Marseille 104,France,FR,Provence-Alpes-Côte d'Azur,13,Marseille,"Park location in Marseille, Provence-Alpes-Côte d'Azur, France.",Park,Park,Nature & Recreation,"Located in Marseille, Provence-Alpes-Côte d'Azur.",43.2955,5.3688,,1445,No,Spring; Summer; Autumn,,,,
FR-001446,Garden Bordeaux 104,France,FR,Nouvelle-Aquitaine,33,Bordeaux,"Garden location in Bordeaux, Nouvelle-Aquitaine, France.",Garden,Garden,Nature & Recreation,"Located in Bordeaux, Nouvelle-Aquitaine.",44.8388,-0.5782,,1446,No,Spring; Summer; Autumn,,,,
FR-001447,Monument Toulouse 104,France,FR,Occitanie,31,Toulouse,"Monument location in Toulouse, Occitanie, France.",Monument,Monument,Landmark,"Located in Toulouse, Occitanie.",43.6077,1.4472,,1447,No,Spring; Summer; Autumn,,,,
FR-001448,Beach Lille 104,France,FR,Hauts-de-France,59,Lille,"Beach location in Lille, Hauts-de-France, France.",Beach,Beach,Nature & Recreation,"Located in Lille, Hauts-de-France.",50.6342,3.0623,,1448,No,Spring; Summer; Autumn,,,,
FR-001449,Viewpoint Strasbourg 104,France,FR,Grand Est,67,Strasbourg,"Viewpoint location in Strasbourg, Grand Est, France.",Viewpoint,Viewpoint,Scenic Attraction,"Located in Strasbourg, Grand Est.",48.5804,7.7591,,1449,No,Spring; Summer; Autumn,,,,
FR-001450,Market Nantes 104,France,FR,Pays de la Loire,44,Nantes,"Market location in Nantes, Pays de la Loire, France.",Market,Market,Local Attraction,"Located in Nantes, Pays de la Loire.",47.2274,-1.5446,,1450,No,Spring; Summer; Autumn,,,,
FR-001451,Art Gallery Rennes 104,France,FR,Bretagne,35,Rennes,"Art Gallery location in Rennes, Bretagne, France.",Art Gallery,Art Gallery,Cultural Attraction,"Located in Rennes, Bretagne.",48.1083,-1.6868,,1451,No,Spring; Summer; Autumn,,,,
FR-001452,Theatre Rouen 104,France,FR,Normandie,76,Rouen,"Theatre location in Rouen, Normandie, France.",Theatre,Theatre,Performing Arts,"Located in Rouen, Normandie.",49.4362,1.0923,,1452,No,Spring; Summer; Autumn,,,,
FR-001453,Church Dijon 104,France,FR,Bourgogne-Franche-Comté,21,Dijon,"Church location in Dijon, Bourgogne-Franche-Comté, France.",Church,Church,Religious Site,"Located in Dijon, Bourgogne-Franche-Comté.",47.317,5.0365,,1453,No,Spring; Summer; Autumn,,,,
FR-001454,Abbey Tours 104,France,FR,Centre-Val de Loire,37,Tours,"Abbey location in Tours, Centre-Val de Loire, France.",Abbey,Abbey,Religious Site,"Located in Tours, Centre-Val de Loire.",47.3911,0.6818,,1454,No,Spring; Summer; Autumn,,,,
FR-001455,Fortress Ajaccio 104,France,FR,Corse,2A,Ajaccio,"Fortress location in Ajaccio, Corse, France.",Fortress,Fortress,Historic Landmark,"Located in Ajaccio, Corse.",41.9182,8.7376,,1455,No,Spring; Summer; Autumn,,,,
FR-001456,Archaeological Site Saint-Denis 104,France,FR,La Réunion,974,Saint-Denis,"Archaeological Site location in Saint-Denis, La Réunion, France.",Archaeological Site,Archaeological Site,Historic Site,"Located in Saint-Denis, La Réunion.",-20.8779,55.4491,,1456,No,Spring; Summer; Autumn,,,,
FR-001457,Zoo Paris 105,France,FR,Île-de-France,75,Paris,"Zoo location in Paris, Île-de-France, France.",Zoo,Zoo,Family Attraction,"Located in Paris, Île-de-France.",48.8596,2.3552,,1457,No,Spring; Summer; Autumn,,,,
FR-001458,Aquarium Lyon 105,France,FR,Auvergne-Rhône-Alpes,69,Lyon,"Aquarium location in Lyon, Auvergne-Rhône-Alpes, France.",Aquarium,Aquarium,Family Attraction,"Located in Lyon, Auvergne-Rhône-Alpes.",45.769,4.8407,,1458,No,Spring; Summer; Autumn,,,,
FR-001459,Botanical Garden Marseille 105,France,FR,Provence-Alpes-Côte d'Azur,13,Marseille,"Botanical Garden location in Marseille, Provence-Alpes-Côte d'Azur, France.",Botanical Garden,Botanical Garden,Nature & Recreation,"Located in Marseille, Provence-Alpes-Côte d'Azur.",43.3035,5.3768,,1459,No,Spring; Summer; Autumn,,,,
FR-001460,Marina Bordeaux 105,France,FR,Nouvelle-Aquitaine,33,Bordeaux,"Marina location in Bordeaux, Nouvelle-Aquitaine, France.",Marina,Marina,Leisure,"Located in Bordeaux, Nouvelle-Aquitaine.",44.8468,-0.5702,,1460,No,Spring; Summer; Autumn,,,,
FR-001461,Historic Site Toulouse 105,France,FR,Occitanie,31,Toulouse,"Historic Site location in Toulouse, Occitanie, France.",Historic Site,Historic Site,Landmark,"Located in Toulouse, Occitanie.",43.5957,1.4352,,1461,No,Spring; Summer; Autumn,,,,
FR-001462,Museum Lille 105,France,FR,Hauts-de-France,59,Lille,"Museum location in Lille, Hauts-de-France, France.",Museum,Museum,Cultural Attraction,"Located in Lille, Hauts-de-France.",50.6222,3.0503,,1462,No,Spring; Summer; Autumn,,,,
FR-001463,Castle Strasbourg 105,France,FR,Grand Est,67,Strasbourg,"Castle location in Strasbourg, Grand Est, France.",Castle,Castle,Historic Landmark,"Located in Strasbourg, Grand Est.",48.5684,7.7471,,1463,No,Spring; Summer; Autumn,,,,
FR-001464,Cathedral Nantes 105,France,FR,Pays de la Loire,44,Nantes,"Cathedral location in Nantes, Pays de la Loire, France.",Cathedral,Cathedral,Religious Site,"Located in Nantes, Pays de la Loire.",47.2154,-1.5566,,1464,No,Spring; Summer; Autumn,,,,
FR-001465,Park Rennes 105,France,FR,Bretagne,35,Rennes,"Park location in Rennes, Bretagne, France.",Park,Park,Nature & Recreation,"Located in Rennes, Bretagne.",48.1163,-1.6788,,1465,No,Spring; Summer; Autumn,,,,
FR-001466,Garden Rouen 105,France,FR,Normandie,76,Rouen,"Garden location in Rouen, Normandie, France.",Garden,Garden,Nature & Recreation,"Located in Rouen, Normandie.",49.4442,1.1003,,1466,No,Spring; Summer; Autumn,,,,
FR-001467,Monument Dijon 105,France,FR,Bourgogne-Franche-Comté,21,Dijon,"Monument location in Dijon, Bourgogne-Franche-Comté, France.",Monument,Monument,Landmark,"Located in Dijon, Bourgogne-Franche-Comté.",47.325,5.0445,,1467,No,Spring; Summer; Autumn,,,,
FR-001468,Beach Tours 105,France,FR,Centre-Val de Loire,37,Tours,"Beach location in Tours, Centre-Val de Loire, France.",Beach,Beach,Nature & Recreation,"Located in Tours, Centre-Val de Loire.",47.3991,0.6898,,1468,No,Spring; Summer; Autumn,,,,
FR-001469,Viewpoint Ajaccio 105,France,FR,Corse,2A,Ajaccio,"Viewpoint location in Ajaccio, Corse, France.",Viewpoint,Viewpoint,Scenic Attraction,"Located in Ajaccio, Corse.",41.9262,8.7456,,1469,No,Spring; Summer; Autumn,,,,
FR-001470,Market Saint-Denis 105,France,FR,La Réunion,974,Saint-Denis,"Market location in Saint-Denis, La Réunion, France.",Market,Market,Local Attraction,"Located in Saint-Denis, La Réunion.",-20.8699,55.4571,,1470,No,Spring; Summer; Autumn,,,,
FR-001471,Art Gallery Paris 106,France,FR,Île-de-France,75,Paris,"Art Gallery location in Paris, Île-de-France, France.",Art Gallery,Art Gallery,Cultural Attraction,"Located in Paris, Île-de-France.",48.8476,2.3432,,1471,No,Spring; Summer; Autumn,,,,
FR-001472,Theatre Lyon 106,France,FR,Auvergne-Rhône-Alpes,69,Lyon,"Theatre location in Lyon, Auvergne-Rhône-Alpes, France.",Theatre,Theatre,Performing Arts,"Located in Lyon, Auvergne-Rhône-Alpes.",45.757,4.8287,,1472,No,Spring; Summer; Autumn,,,,
FR-001473,Church Marseille 106,France,FR,Provence-Alpes-Côte d'Azur,13,Marseille,"Church location in Marseille, Provence-Alpes-Côte d'Azur, France.",Church,Church,Religious Site,"Located in Marseille, Provence-Alpes-Côte d'Azur.",43.2915,5.3648,,1473,No,Spring; Summer; Autumn,,,,
FR-001474,Abbey Bordeaux 106,France,FR,Nouvelle-Aquitaine,33,Bordeaux,"Abbey location in Bordeaux, Nouvelle-Aquitaine, France.",Abbey,Abbey,Religious Site,"Located in Bordeaux, Nouvelle-Aquitaine.",44.8348,-0.5822,,1474,No,Spring; Summer; Autumn,,,,
FR-001475,Fortress Toulouse 106,France,FR,Occitanie,31,Toulouse,"Fortress location in Toulouse, Occitanie, France.",Fortress,Fortress,Historic Landmark,"Located in Toulouse, Occitanie.",43.6037,1.4432,,1475,No,Spring; Summer; Autumn,,,,
FR-001476,Archaeological Site Lille 106,France,FR,Hauts-de-France,59,Lille,"Archaeological Site location in Lille, Hauts-de-France, France.",Archaeological Site,Archaeological Site,Historic Site,"Located in Lille, Hauts-de-France.",50.6302,3.0583,,1476,No,Spring; Summer; Autumn,,,,
FR-001477,Zoo Strasbourg 106,France,FR,Grand Est,67,Strasbourg,"Zoo location in Strasbourg, Grand Est, France.",Zoo,Zoo,Family Attraction,"Located in Strasbourg, Grand Est.",48.5764,7.7551,,1477,No,Spring; Summer; Autumn,,,,
FR-001478,Aquarium Nantes 106,France,FR,Pays de la Loire,44,Nantes,"Aquarium location in Nantes, Pays de la Loire, France.",Aquarium,Aquarium,Family Attraction,"Located in Nantes, Pays de la Loire.",47.2234,-1.5486,,1478,No,Spring; Summer; Autumn,,,,
FR-001479,Botanical Garden Rennes 106,France,FR,Bretagne,35,Rennes,"Botanical Garden location in Rennes, Bretagne, France.",Botanical Garden,Botanical Garden,Nature & Recreation,"Located in Rennes, Bretagne.",48.1243,-1.6708,,1479,No,Spring; Summer; Autumn,,,,
FR-001480,Marina Rouen 106,France,FR,Normandie,76,Rouen,"Marina location in Rouen, Normandie, France.",Marina,Marina,Leisure,"Located in Rouen, Normandie.",49.4522,1.1083,,1480,No,Spring; Summer; Autumn,,,,
FR-001481,Historic Site Dijon 106,France,FR,Bourgogne-Franche-Comté,21,Dijon,"Historic Site location in Dijon, Bourgogne-Franche-Comté, France.",Historic Site,Historic Site,Landmark,"Located in Dijon, Bourgogne-Franche-Comté.",47.313,5.0325,,1481,No,Spring; Summer; Autumn,,,,
FR-001482,Museum Tours 106,France,FR,Centre-Val de Loire,37,Tours,"Museum location in Tours, Centre-Val de Loire, France.",Museum,Museum,Cultural Attraction,"Located in Tours, Centre-Val de Loire.",47.3871,0.6778,,1482,No,Spring; Summer; Autumn,,,,
FR-001483,Castle Ajaccio 106,France,FR,Corse,2A,Ajaccio,"Castle location in Ajaccio, Corse, France.",Castle,Castle,Historic Landmark,"Located in Ajaccio, Corse.",41.9142,8.7336,,1483,No,Spring; Summer; Autumn,,,,
FR-001484,Cathedral Saint-Denis 106,France,FR,La Réunion,974,Saint-Denis,"Cathedral location in Saint-Denis, La Réunion, France.",Cathedral,Cathedral,Religious Site,"Located in Saint-Denis, La Réunion.",-20.8819,55.4451,,1484,No,Spring; Summer; Autumn,,,,
FR-001485,Park Paris 107,France,FR,Île-de-France,75,Paris,"Park location in Paris, Île-de-France, France.",Park,Park,Nature & Recreation,"Located in Paris, Île-de-France.",48.8556,2.3512,,1485,No,Spring; Summer; Autumn,,,,
FR-001486,Garden Lyon 107,France,FR,Auvergne-Rhône-Alpes,69,Lyon,"Garden location in Lyon, Auvergne-Rhône-Alpes, France.",Garden,Garden,Nature & Recreation,"Located in Lyon, Auvergne-Rhône-Alpes.",45.765,4.8367,,1486,No,Spring; Summer; Autumn,,,,
FR-001487,Monument Marseille 107,France,FR,Provence-Alpes-Côte d'Azur,13,Marseille,"Monument location in Marseille, Provence-Alpes-Côte d'Azur, France.",Monument,Monument,Landmark,"Located in Marseille, Provence-Alpes-Côte d'Azur.",43.2995,5.3728,,1487,No,Spring; Summer; Autumn,,,,
FR-001488,Beach Bordeaux 107,France,FR,Nouvelle-Aquitaine,33,Bordeaux,"Beach location in Bordeaux, Nouvelle-Aquitaine, France.",Beach,Beach,Nature & Recreation,"Located in Bordeaux, Nouvelle-Aquitaine.",44.8428,-0.5742,,1488,No,Spring; Summer; Autumn,,,,
FR-001489,Viewpoint Toulouse 107,France,FR,Occitanie,31,Toulouse,"Viewpoint location in Toulouse, Occitanie, France.",Viewpoint,Viewpoint,Scenic Attraction,"Located in Toulouse, Occitanie.",43.6117,1.4512,,1489,No,Spring; Summer; Autumn,,,,
FR-001490,Market Lille 107,France,FR,Hauts-de-France,59,Lille,"Market location in Lille, Hauts-de-France, France.",Market,Market,Local Attraction,"Located in Lille, Hauts-de-France.",50.6382,3.0663,,1490,No,Spring; Summer; Autumn,,,,
FR-001491,Art Gallery Strasbourg 107,France,FR,Grand Est,67,Strasbourg,"Art Gallery location in Strasbourg, Grand Est, France.",Art Gallery,Art Gallery,Cultural Attraction,"Located in Strasbourg, Grand Est.",48.5644,7.7431,,1491,No,Spring; Summer; Autumn,,,,
FR-001492,Theatre Nantes 107,France,FR,Pays de la Loire,44,Nantes,"Theatre location in Nantes, Pays de la Loire, France.",Theatre,Theatre,Performing Arts,"Located in Nantes, Pays de la Loire.",47.2114,-1.5606,,1492,No,Spring; Summer; Autumn,,,,
FR-001493,Church Rennes 107,France,FR,Bretagne,35,Rennes,"Church location in Rennes, Bretagne, France.",Church,Church,Religious Site,"Located in Rennes, Bretagne.",48.1123,-1.6828,,1493,No,Spring; Summer; Autumn,,,,
FR-001494,Abbey Rouen 107,France,FR,Normandie,76,Rouen,"Abbey location in Rouen, Normandie, France.",Abbey,Abbey,Religious Site,"Located in Rouen, Normandie.",49.4402,1.0963,,1494,No,Spring; Summer; Autumn,,,,
FR-001495,Fortress Dijon 107,France,FR,Bourgogne-Franche-Comté,21,Dijon,"Fortress location in Dijon, Bourgogne-Franche-Comté, France.",Fortress,Fortress,Historic Landmark,"Located in Dijon, Bourgogne-Franche-Comté.",47.321,5.0405,,1495,No,Spring; Summer; Autumn,,,,
FR-001496,Archaeological Site Tours 107,France,FR,Centre-Val de Loire,37,Tours,"Archaeological Site location in Tours, Centre-Val de Loire, France.",Archaeological Site,Archaeological Site,Historic Site,"Located in Tours, Centre-Val de Loire.",47.3951,0.6858,,1496,No,Spring; Summer; Autumn,,,,
FR-001497,Zoo Ajaccio 107,France,FR,Corse,2A,Ajaccio,"Zoo location in Ajaccio, Corse, France.",Zoo,Zoo,Family Attraction,"Located in Ajaccio, Corse.",41.9222,8.7416,,1497,No,Spring; Summer; Autumn,,,,
FR-001498,Aquarium Saint-Denis 107,France,FR,La Réunion,974,Saint-Denis,"Aquarium location in Saint-Denis, La Réunion, France.",Aquarium,Aquarium,Family Attraction,"Located in Saint-Denis, La Réunion.",-20.8739,55.4531,,1498,No,Spring; Summer; Autumn,,,,
FR-001499,Botanical Garden Paris 108,France,FR,Île-de-France,75,Paris,"Botanical Garden location in Paris, Île-de-France, France.",Botanical Garden,Botanical Garden,Nature & Recreation,"Located in Paris, Île-de-France.",48.8636,2.3592,,1499,No,Spring; Summer; Autumn,,,,
FR-001500,Marina Lyon 108,France,FR,Auvergne-Rhône-Alpes,69,Lyon,"Marina location in Lyon, Auvergne-Rhône-Alpes, France.",Marina,Marina,Leisure,"Located in Lyon, Auvergne-Rhône-Alpes.",45.773,4.8447,,1500,No,Spring; Summer; Autumn,,,,
FR-001501,Historic Site Marseille 108,France,FR,Provence-Alpes-Côte d'Azur,13,Marseille,"Historic Site location in Marseille, Provence-Alpes-Côte d'Azur, France.",Historic Site,Historic Site,Landmark,"Located in Marseille, Provence-Alpes-Côte d'Azur.",43.2875,5.3608,,1501,No,Spring; Summer; Autumn,,,,
FR-001502,Museum Bordeaux 108,France,FR,Nouvelle-Aquitaine,33,Bordeaux,"Museum location in Bordeaux, Nouvelle-Aquitaine, France.",Museum,Museum,Cultural Attraction,"Located in Bordeaux, Nouvelle-Aquitaine.",44.8308,-0.5862,,1502,No,Spring; Summer; Autumn,,,,
FR-001503,Castle Toulouse 108,France,FR,Occitanie,31,Toulouse,"Castle location in Toulouse, Occitanie, France.",Castle,Castle,Historic Landmark,"Located in Toulouse, Occitanie.",43.5997,1.4392,,1503,No,Spring; Summer; Autumn,,,,
FR-001504,Cathedral Lille 108,France,FR,Hauts-de-France,59,Lille,"Cathedral location in Lille, Hauts-de-France, France.",Cathedral,Cathedral,Religious Site,"Located in Lille, Hauts-de-France.",50.6262,3.0543,,1504,No,Spring; Summer; Autumn,,,,
FR-001505,Park Strasbourg 108,France,FR,Grand Est,67,Strasbourg,"Park location in Strasbourg, Grand Est, France.",Park,Park,Nature & Recreation,"Located in Strasbourg, Grand Est.",48.5724,7.7511,,1505,No,Spring; Summer; Autumn,,,,
FR-001506,Garden Nantes 108,France,FR,Pays de la Loire,44,Nantes,"Garden location in Nantes, Pays de la Loire, France.",Garden,Garden,Nature & Recreation,"Located in Nantes, Pays de la Loire.",47.2194,-1.5526,,1506,No,Spring; Summer; Autumn,,,,
FR-001507,Monument Rennes 108,France,FR,Bretagne,35,Rennes,"Monument location in Rennes, Bretagne, France.",Monument,Monument,Landmark,"Located in Rennes, Bretagne.",48.1203,-1.6748,,1507,No,Spring; Summer; Autumn,,,,
FR-001508,Beach Rouen 108,France,FR,Normandie,76,Rouen,"Beach location in Rouen, Normandie, France.",Beach,Beach,Nature & Recreation,"Located in Rouen, Normandie.",49.4482,1.1043,,1508,No,Spring; Summer; Autumn,,,,
FR-001509,Viewpoint Dijon 108,France,FR,Bourgogne-Franche-Comté,21,Dijon,"Viewpoint location in Dijon, Bourgogne-Franche-Comté, France.",Viewpoint,Viewpoint,Scenic Attraction,"Located in Dijon, Bourgogne-Franche-Comté.",47.329,5.0485,,1509,No,Spring; Summer; Autumn,,,,
FR-001510,Market Tours 108,France,FR,Centre-Val de Loire,37,Tours,"Market location in Tours, Centre-Val de Loire, France.",Market,Market,Local Attraction,"Located in Tours, Centre-Val de Loire.",47.4031,0.6938,,1510,No,Spring; Summer; Autumn,,,,
FR-001511,Art Gallery Ajaccio 108,France,FR,Corse,2A,Ajaccio,"Art Gallery location in Ajaccio, Corse, France.",Art Gallery,Art Gallery,Cultural Attraction,"Located in Ajaccio, Corse.",41.9102,8.7296,,1511,No,Spring; Summer; Autumn,,,,
FR-001512,Theatre Saint-Denis 108,France,FR,La Réunion,974,Saint-Denis,"Theatre location in Saint-Denis, La Réunion, France.",Theatre,Theatre,Performing Arts,"Located in Saint-Denis, La Réunion.",-20.8859,55.4411,,1512,No,Spring; Summer; Autumn,,,,
FR-001513,Church Paris 109,France,FR,Île-de-France,75,Paris,"Church location in Paris, Île-de-France, France.",Church,Church,Religious Site,"Located in Paris, Île-de-France.",48.8516,2.3472,,1513,No,Spring; Summer; Autumn,,,,
FR-001514,Abbey Lyon 109,France,FR,Auvergne-Rhône-Alpes,69,Lyon,"Abbey location in Lyon, Auvergne-Rhône-Alpes, France.",Abbey,Abbey,Religious Site,"Located in Lyon, Auvergne-Rhône-Alpes.",45.761,4.8327,,1514,No,Spring; Summer; Autumn,,,,
FR-001515,Fortress Marseille 109,France,FR,Provence-Alpes-Côte d'Azur,13,Marseille,"Fortress location in Marseille, Provence-Alpes-Côte d'Azur, France.",Fortress,Fortress,Historic Landmark,"Located in Marseille, Provence-Alpes-Côte d'Azur.",43.2955,5.3688,,1515,No,Spring; Summer; Autumn,,,,
FR-001516,Archaeological Site Bordeaux 109,France,FR,Nouvelle-Aquitaine,33,Bordeaux,"Archaeological Site location in Bordeaux, Nouvelle-Aquitaine, France.",Archaeological Site,Archaeological Site,Historic Site,"Located in Bordeaux, Nouvelle-Aquitaine.",44.8388,-0.5782,,1516,No,Spring; Summer; Autumn,,,,
FR-001517,Zoo Toulouse 109,France,FR,Occitanie,31,Toulouse,"Zoo location in Toulouse, Occitanie, France.",Zoo,Zoo,Family Attraction,"Located in Toulouse, Occitanie.",43.6077,1.4472,,1517,No,Spring; Summer; Autumn,,,,
FR-001518,Aquarium Lille 109,France,FR,Hauts-de-France,59,Lille,"Aquarium location in Lille, Hauts-de-France, France.",Aquarium,Aquarium,Family Attraction,"Located in Lille, Hauts-de-France.",50.6342,3.0623,,1518,No,Spring; Summer; Autumn,,,,
FR-001519,Botanical Garden Strasbourg 109,France,FR,Grand Est,67,Strasbourg,"Botanical Garden location in Strasbourg, Grand Est, France.",Botanical Garden,Botanical Garden,Nature & Recreation,"Located in Strasbourg, Grand Est.",48.5804,7.7591,,1519,No,Spring; Summer; Autumn,,,,
FR-001520,Marina Nantes 109,France,FR,Pays de la Loire,44,Nantes,"Marina location in Nantes, Pays de la Loire, France.",Marina,Marina,Leisure,"Located in Nantes, Pays de la Loire.",47.2274,-1.5446,,1520,No,Spring; Summer; Autumn,,,,
FR-001521,Historic Site Rennes 109,France,FR,Bretagne,35,Rennes,"Historic Site location in Rennes, Bretagne, France.",Historic Site,Historic Site,Landmark,"Located in Rennes, Bretagne.",48.1083,-1.6868,,1521,No,Spring; Summer; Autumn,,,,
FR-001522,Museum Rouen 109,France,FR,Normandie,76,Rouen,"Museum location in Rouen, Normandie, France.",Museum,Museum,Cultural Attraction,"Located in Rouen, Normandie.",49.4362,1.0923,,1522,No,Spring; Summer; Autumn,,,,
FR-001523,Castle Dijon 109,France,FR,Bourgogne-Franche-Comté,21,Dijon,"Castle location in Dijon, Bourgogne-Franche-Comté, France.",Castle,Castle,Historic Landmark,"Located in Dijon, Bourgogne-Franche-Comté.",47.317,5.0365,,1523,No,Spring; Summer; Autumn,,,,
FR-001524,Cathedral Tours 109,France,FR,Centre-Val de Loire,37,Tours,"Cathedral location in Tours, Centre-Val de Loire, France.",Cathedral,Cathedral,Religious Site,"Located in Tours, Centre-Val de Loire.",47.3911,0.6818,,1524,No,Spring; Summer; Autumn,,,,
FR-001525,Park Ajaccio 109,France,FR,Corse,2A,Ajaccio,"Park location in Ajaccio, Corse, France.",Park,Park,Nature & Recreation,"Located in Ajaccio, Corse.",41.9182,8.7376,,1525,No,Spring; Summer; Autumn,,,,
FR-001526,Garden Saint-Denis 109,France,FR,La Réunion,974,Saint-Denis,"Garden location in Saint-Denis, La Réunion, France.",Garden,Garden,Nature & Recreation,"Located in Saint-Denis, La Réunion.",-20.8779,55.4491,,1526,No,Spring; Summer; Autumn,,,,
FR-001527,Monument Paris 110,France,FR,Île-de-France,75,Paris,"Monument location in Paris, Île-de-France, France.",Monument,Monument,Landmark,"Located in Paris, Île-de-France.",48.8596,2.3552,,1527,No,Spring; Summer; Autumn,,,,
FR-001528,Beach Lyon 110,France,FR,Auvergne-Rhône-Alpes,69,Lyon,"Beach location in Lyon, Auvergne-Rhône-Alpes, France.",Beach,Beach,Nature & Recreation,"Located in Lyon, Auvergne-Rhône-Alpes.",45.769,4.8407,,1528,No,Spring; Summer; Autumn,,,,
FR-001529,Viewpoint Marseille 110,France,FR,Provence-Alpes-Côte d'Azur,13,Marseille,"Viewpoint location in Marseille, Provence-Alpes-Côte d'Azur, France.",Viewpoint,Viewpoint,Scenic Attraction,"Located in Marseille, Provence-Alpes-Côte d'Azur.",43.3035,5.3768,,1529,No,Spring; Summer; Autumn,,,,
FR-001530,Market Bordeaux 110,France,FR,Nouvelle-Aquitaine,33,Bordeaux,"Market location in Bordeaux, Nouvelle-Aquitaine, France.",Market,Market,Local Attraction,"Located in Bordeaux, Nouvelle-Aquitaine.",44.8468,-0.5702,,1530,No,Spring; Summer; Autumn,,,,
FR-001531,Art Gallery Toulouse 110,France,FR,Occitanie,31,Toulouse,"Art Gallery location in Toulouse, Occitanie, France.",Art Gallery,Art Gallery,Cultural Attraction,"Located in Toulouse, Occitanie.",43.5957,1.4352,,1531,No,Spring; Summer; Autumn,,,,
FR-001532,Theatre Lille 110,France,FR,Hauts-de-France,59,Lille,"Theatre location in Lille, Hauts-de-France, France.",Theatre,Theatre,Performing Arts,"Located in Lille, Hauts-de-France.",50.6222,3.0503,,1532,No,Spring; Summer; Autumn,,,,
FR-001533,Church Strasbourg 110,France,FR,Grand Est,67,Strasbourg,"Church location in Strasbourg, Grand Est, France.",Church,Church,Religious Site,"Located in Strasbourg, Grand Est.",48.5684,7.7471,,1533,No,Spring; Summer; Autumn,,,,
FR-001534,Abbey Nantes 110,France,FR,Pays de la Loire,44,Nantes,"Abbey location in Nantes, Pays de la Loire, France.",Abbey,Abbey,Religious Site,"Located in Nantes, Pays de la Loire.",47.2154,-1.5566,,1534,No,Spring; Summer; Autumn,,,,
FR-001535,Fortress Rennes 110,France,FR,Bretagne,35,Rennes,"Fortress location in Rennes, Bretagne, France.",Fortress,Fortress,Historic Landmark,"Located in Rennes, Bretagne.",48.1163,-1.6788,,1535,No,Spring; Summer; Autumn,,,,
FR-001536,Archaeological Site Rouen 110,France,FR,Normandie,76,Rouen,"Archaeological Site location in Rouen, Normandie, France.",Archaeological Site,Archaeological Site,Historic Site,"Located in Rouen, Normandie.",49.4442,1.1003,,1536,No,Spring; Summer; Autumn,,,,
FR-001537,Zoo Dijon 110,France,FR,Bourgogne-Franche-Comté,21,Dijon,"Zoo location in Dijon, Bourgogne-Franche-Comté, France.",Zoo,Zoo,Family Attraction,"Located in Dijon, Bourgogne-Franche-Comté.",47.325,5.0445,,1537,No,Spring; Summer; Autumn,,,,
FR-001538,Aquarium Tours 110,France,FR,Centre-Val de Loire,37,Tours,"Aquarium location in Tours, Centre-Val de Loire, France.",Aquarium,Aquarium,Family Attraction,"Located in Tours, Centre-Val de Loire.",47.3991,0.6898,,1538,No,Spring; Summer; Autumn,,,,
FR-001539,Botanical Garden Ajaccio 110,France,FR,Corse,2A,Ajaccio,"Botanical Garden location in Ajaccio, Corse, France.",Botanical Garden,Botanical Garden,Nature & Recreation,"Located in Ajaccio, Corse.",41.9262,8.7456,,1539,No,Spring; Summer; Autumn,,,,
FR-001540,Marina Saint-Denis 110,France,FR,La Réunion,974,Saint-Denis,"Marina location in Saint-Denis, La Réunion, France.",Marina,Marina,Leisure,"Located in Saint-Denis, La Réunion.",-20.8699,55.4571,,1540,No,Spring; Summer; Autumn,,,,
FR-001541,Historic Site Paris 111,France,FR,Île-de-France,75,Paris,"Historic Site location in Paris, Île-de-France, France.",Historic Site,Historic Site,Landmark,"Located in Paris, Île-de-France.",48.8476,2.3432,,1541,No,Spring; Summer; Autumn,,,,
FR-001542,Museum Lyon 111,France,FR,Auvergne-Rhône-Alpes,69,Lyon,"Museum location in Lyon, Auvergne-Rhône-Alpes, France.",Museum,Museum,Cultural Attraction,"Located in Lyon, Auvergne-Rhône-Alpes.",45.757,4.8287,,1542,No,Spring; Summer; Autumn,,,,
FR-001543,Castle Marseille 111,France,FR,Provence-Alpes-Côte d'Azur,13,Marseille,"Castle location in Marseille, Provence-Alpes-Côte d'Azur, France.",Castle,Castle,Historic Landmark,"Located in Marseille, Provence-Alpes-Côte d'Azur.",43.2915,5.3648,,1543,No,Spring; Summer; Autumn,,,,
FR-001544,Cathedral Bordeaux 111,France,FR,Nouvelle-Aquitaine,33,Bordeaux,"Cathedral location in Bordeaux, Nouvelle-Aquitaine, France.",Cathedral,Cathedral,Religious Site,"Located in Bordeaux, Nouvelle-Aquitaine.",44.8348,-0.5822,,1544,No,Spring; Summer; Autumn,,,,
FR-001545,Park Toulouse 111,France,FR,Occitanie,31,Toulouse,"Park location in Toulouse, Occitanie, France.",Park,Park,Nature & Recreation,"Located in Toulouse, Occitanie.",43.6037,1.4432,,1545,No,Spring; Summer; Autumn,,,,
FR-001546,Garden Lille 111,France,FR,Hauts-de-France,59,Lille,"Garden location in Lille, Hauts-de-France, France.",Garden,Garden,Nature & Recreation,"Located in Lille, Hauts-de-France.",50.6302,3.0583,,1546,No,Spring; Summer; Autumn,,,,
FR-001547,Monument Strasbourg 111,France,FR,Grand Est,67,Strasbourg,"Monument location in Strasbourg, Grand Est, France.",Monument,Monument,Landmark,"Located in Strasbourg, Grand Est.",48.5764,7.7551,,1547,No,Spring; Summer; Autumn,,,,
FR-001548,Beach Nantes 111,France,FR,Pays de la Loire,44,Nantes,"Beach location in Nantes, Pays de la Loire, France.",Beach,Beach,Nature & Recreation,"Located in Nantes, Pays de la Loire.",47.2234,-1.5486,,1548,No,Spring; Summer; Autumn,,,,
FR-001549,Viewpoint Rennes 111,France,FR,Bretagne,35,Rennes,"Viewpoint location in Rennes, Bretagne, France.",Viewpoint,Viewpoint,Scenic Attraction,"Located in Rennes, Bretagne.",48.1243,-1.6708,,1549,No,Spring; Summer; Autumn,,,,
FR-001550,Market Rouen 111,France,FR,Normandie,76,Rouen,"Market location in Rouen, Normandie, France.",Market,Market,Local Attraction,"Located in Rouen, Normandie.",49.4522,1.1083,,1550,No,Spring; Summer; Autumn,,,,
FR-001551,Art Gallery Dijon 111,France,FR,Bourgogne-Franche-Comté,21,Dijon,"Art Gallery location in Dijon, Bourgogne-Franche-Comté, France.",Art Gallery,Art Gallery,Cultural Attraction,"Located in Dijon, Bourgogne-Franche-Comté.",47.313,5.0325,,1551,No,Spring; Summer; Autumn,,,,
FR-001552,Theatre Tours 111,France,FR,Centre-Val de Loire,37,Tours,"Theatre location in Tours, Centre-Val de Loire, France.",Theatre,Theatre,Performing Arts,"Located in Tours, Centre-Val de Loire.",47.3871,0.6778,,1552,No,Spring; Summer; Autumn,,,,
FR-001553,Church Ajaccio 111,France,FR,Corse,2A,Ajaccio,"Church location in Ajaccio, Corse, France.",Church,Church,Religious Site,"Located in Ajaccio, Corse.",41.9142,8.7336,,1553,No,Spring; Summer; Autumn,,,,
FR-001554,Abbey Saint-Denis 111,France,FR,La Réunion,974,Saint-Denis,"Abbey location in Saint-Denis, La Réunion, France.",Abbey,Abbey,Religious Site,"Located in Saint-Denis, La Réunion.",-20.8819,55.4451,,1554,No,Spring; Summer; Autumn,,,,
FR-001555,Fortress Paris 112,France,FR,Île-de-France,75,Paris,"Fortress location in Paris, Île-de-France, France.",Fortress,Fortress,Historic Landmark,"Located in Paris, Île-de-France.",48.8556,2.3512,,1555,No,Spring; Summer; Autumn,,,,
FR-001556,Archaeological Site Lyon 112,France,FR,Auvergne-Rhône-Alpes,69,Lyon,"Archaeological Site location in Lyon, Auvergne-Rhône-Alpes, France.",Archaeological Site,Archaeological Site,Historic Site,"Located in Lyon, Auvergne-Rhône-Alpes.",45.765,4.8367,,1556,No,Spring; Summer; Autumn,,,,
FR-001557,Zoo Marseille 112,France,FR,Provence-Alpes-Côte d'Azur,13,Marseille,"Zoo location in Marseille, Provence-Alpes-Côte d'Azur, France.",Zoo,Zoo,Family Attraction,"Located in Marseille, Provence-Alpes-Côte d'Azur.",43.2995,5.3728,,1557,No,Spring; Summer; Autumn,,,,
FR-001558,Aquarium Bordeaux 112,France,FR,Nouvelle-Aquitaine,33,Bordeaux,"Aquarium location in Bordeaux, Nouvelle-Aquitaine, France.",Aquarium,Aquarium,Family Attraction,"Located in Bordeaux, Nouvelle-Aquitaine.",44.8428,-0.5742,,1558,No,Spring; Summer; Autumn,,,,
FR-001559,Botanical Garden Toulouse 112,France,FR,Occitanie,31,Toulouse,"Botanical Garden location in Toulouse, Occitanie, France.",Botanical Garden,Botanical Garden,Nature & Recreation,"Located in Toulouse, Occitanie.",43.6117,1.4512,,1559,No,Spring; Summer; Autumn,,,,
FR-001560,Marina Lille 112,France,FR,Hauts-de-France,59,Lille,"Marina location in Lille, Hauts-de-France, France.",Marina,Marina,Leisure,"Located in Lille, Hauts-de-France.",50.6382,3.0663,,1560,No,Spring; Summer; Autumn,,,,
FR-001561,Historic Site Strasbourg 112,France,FR,Grand Est,67,Strasbourg,"Historic Site location in Strasbourg, Grand Est, France.",Historic Site,Historic Site,Landmark,"Located in Strasbourg, Grand Est.",48.5644,7.7431,,1561,No,Spring; Summer; Autumn,,,,
FR-001562,Museum Nantes 112,France,FR,Pays de la Loire,44,Nantes,"Museum location in Nantes, Pays de la Loire, France.",Museum,Museum,Cultural Attraction,"Located in Nantes, Pays de la Loire.",47.2114,-1.5606,,1562,No,Spring; Summer; Autumn,,,,
FR-001563,Castle Rennes 112,France,FR,Bretagne,35,Rennes,"Castle location in Rennes, Bretagne, France.",Castle,Castle,Historic Landmark,"Located in Rennes, Bretagne.",48.1123,-1.6828,,1563,No,Spring; Summer; Autumn,,,,
FR-001564,Cathedral Rouen 112,France,FR,Normandie,76,Rouen,"Cathedral location in Rouen, Normandie, France.",Cathedral,Cathedral,Religious Site,"Located in Rouen, Normandie.",49.4402,1.0963,,1564,No,Spring; Summer; Autumn,,,,
FR-001565,Park Dijon 112,France,FR,Bourgogne-Franche-Comté,21,Dijon,"Park location in Dijon, Bourgogne-Franche-Comté, France.",Park,Park,Nature & Recreation,"Located in Dijon, Bourgogne-Franche-Comté.",47.321,5.0405,,1565,No,Spring; Summer; Autumn,,,,
FR-001566,Garden Tours 112,France,FR,Centre-Val de Loire,37,Tours,"Garden location in Tours, Centre-Val de Loire, France.",Garden,Garden,Nature & Recreation,"Located in Tours, Centre-Val de Loire.",47.3951,0.6858,,1566,No,Spring; Summer; Autumn,,,,
FR-001567,Monument Ajaccio 112,France,FR,Corse,2A,Ajaccio,"Monument location in Ajaccio, Corse, France.",Monument,Monument,Landmark,"Located in Ajaccio, Corse.",41.9222,8.7416,,1567,No,Spring; Summer; Autumn,,,,
FR-001568,Beach Saint-Denis 112,France,FR,La Réunion,974,Saint-Denis,"Beach location in Saint-Denis, La Réunion, France.",Beach,Beach,Nature & Recreation,"Located in Saint-Denis, La Réunion.",-20.8739,55.4531,,1568,No,Spring; Summer; Autumn,,,,
FR-001569,Viewpoint Paris 113,France,FR,Île-de-France,75,Paris,"Viewpoint location in Paris, Île-de-France, France.",Viewpoint,Viewpoint,Scenic Attraction,"Located in Paris, Île-de-France.",48.8636,2.3592,,1569,No,Spring; Summer; Autumn,,,,
FR-001570,Market Lyon 113,France,FR,Auvergne-Rhône-Alpes,69,Lyon,"Market location in Lyon, Auvergne-Rhône-Alpes, France.",Market,Market,Local Attraction,"Located in Lyon, Auvergne-Rhône-Alpes.",45.773,4.8447,,1570,No,Spring; Summer; Autumn,,,,
FR-001571,Art Gallery Marseille 113,France,FR,Provence-Alpes-Côte d'Azur,13,Marseille,"Art Gallery location in Marseille, Provence-Alpes-Côte d'Azur, France.",Art Gallery,Art Gallery,Cultural Attraction,"Located in Marseille, Provence-Alpes-Côte d'Azur.",43.2875,5.3608,,1571,No,Spring; Summer; Autumn,,,,
FR-001572,Theatre Bordeaux 113,France,FR,Nouvelle-Aquitaine,33,Bordeaux,"Theatre location in Bordeaux, Nouvelle-Aquitaine, France.",Theatre,Theatre,Performing Arts,"Located in Bordeaux, Nouvelle-Aquitaine.",44.8308,-0.5862,,1572,No,Spring; Summer; Autumn,,,,
FR-001573,Church Toulouse 113,France,FR,Occitanie,31,Toulouse,"Church location in Toulouse, Occitanie, France.",Church,Church,Religious Site,"Located in Toulouse, Occitanie.",43.5997,1.4392,,1573,No,Spring; Summer; Autumn,,,,
FR-001574,Abbey Lille 113,France,FR,Hauts-de-France,59,Lille,"Abbey location in Lille, Hauts-de-France, France.",Abbey,Abbey,Religious Site,"Located in Lille, Hauts-de-France.",50.6262,3.0543,,1574,No,Spring; Summer; Autumn,,,,
FR-001575,Fortress Strasbourg 113,France,FR,Grand Est,67,Strasbourg,"Fortress location in Strasbourg, Grand Est, France.",Fortress,Fortress,Historic Landmark,"Located in Strasbourg, Grand Est.",48.5724,7.7511,,1575,No,Spring; Summer; Autumn,,,,
FR-001576,Archaeological Site Nantes 113,France,FR,Pays de la Loire,44,Nantes,"Archaeological Site location in Nantes, Pays de la Loire, France.",Archaeological Site,Archaeological Site,Historic Site,"Located in Nantes, Pays de la Loire.",47.2194,-1.5526,,1576,No,Spring; Summer; Autumn,,,,
FR-001577,Zoo Rennes 113,France,FR,Bretagne,35,Rennes,"Zoo location in Rennes, Bretagne, France.",Zoo,Zoo,Family Attraction,"Located in Rennes, Bretagne.",48.1203,-1.6748,,1577,No,Spring; Summer; Autumn,,,,
FR-001578,Aquarium Rouen 113,France,FR,Normandie,76,Rouen,"Aquarium location in Rouen, Normandie, France.",Aquarium,Aquarium,Family Attraction,"Located in Rouen, Normandie.",49.4482,1.1043,,1578,No,Spring; Summer; Autumn,,,,
FR-001579,Botanical Garden Dijon 113,France,FR,Bourgogne-Franche-Comté,21,Dijon,"Botanical Garden location in Dijon, Bourgogne-Franche-Comté, France.",Botanical Garden,Botanical Garden,Nature & Recreation,"Located in Dijon, Bourgogne-Franche-Comté.",47.329,5.0485,,1579,No,Spring; Summer; Autumn,,,,
FR-001580,Marina Tours 113,France,FR,Centre-Val de Loire,37,Tours,"Marina location in Tours, Centre-Val de Loire, France.",Marina,Marina,Leisure,"Located in Tours, Centre-Val de Loire.",47.4031,0.6938,,1580,No,Spring; Summer; Autumn,,,,
FR-001581,Historic Site Ajaccio 113,France,FR,Corse,2A,Ajaccio,"Historic Site location in Ajaccio, Corse, France.",Historic Site,Historic Site,Landmark,"Located in Ajaccio, Corse.",41.9102,8.7296,,1581,No,Spring; Summer; Autumn,,,,
FR-001582,Museum Saint-Denis 113,France,FR,La Réunion,974,Saint-Denis,"Museum location in Saint-Denis, La Réunion, France.",Museum,Museum,Cultural Attraction,"Located in Saint-Denis, La Réunion.",-20.8859,55.4411,,1582,No,Spring; Summer; Autumn,,,,
FR-001583,Castle Paris 114,France,FR,Île-de-France,75,Paris,"Castle location in Paris, Île-de-France, France.",Castle,Castle,Historic Landmark,"Located in Paris, Île-de-France.",48.8516,2.3472,,1583,No,Spring; Summer; Autumn,,,,
FR-001584,Cathedral Lyon 114,France,FR,Auvergne-Rhône-Alpes,69,Lyon,"Cathedral location in Lyon, Auvergne-Rhône-Alpes, France.",Cathedral,Cathedral,Religious Site,"Located in Lyon, Auvergne-Rhône-Alpes.",45.761,4.8327,,1584,No,Spring; Summer; Autumn,,,,
FR-001585,Park Marseille 114,France,FR,Provence-Alpes-Côte d'Azur,13,Marseille,"Park location in Marseille, Provence-Alpes-Côte d'Azur, France.",Park,Park,Nature & Recreation,"Located in Marseille, Provence-Alpes-Côte d'Azur.",43.2955,5.3688,,1585,No,Spring; Summer; Autumn,,,,
FR-001586,Garden Bordeaux 114,France,FR,Nouvelle-Aquitaine,33,Bordeaux,"Garden location in Bordeaux, Nouvelle-Aquitaine, France.",Garden,Garden,Nature & Recreation,"Located in Bordeaux, Nouvelle-Aquitaine.",44.8388,-0.5782,,1586,No,Spring; Summer; Autumn,,,,
FR-001587,Monument Toulouse 114,France,FR,Occitanie,31,Toulouse,"Monument location in Toulouse, Occitanie, France.",Monument,Monument,Landmark,"Located in Toulouse, Occitanie.",43.6077,1.4472,,1587,No,Spring; Summer; Autumn,,,,
FR-001588,Beach Lille 114,France,FR,Hauts-de-France,59,Lille,"Beach location in Lille, Hauts-de-France, France.",Beach,Beach,Nature & Recreation,"Located in Lille, Hauts-de-France.",50.6342,3.0623,,1588,No,Spring; Summer; Autumn,,,,
FR-001589,Viewpoint Strasbourg 114,France,FR,Grand Est,67,Strasbourg,"Viewpoint location in Strasbourg, Grand Est, France.",Viewpoint,Viewpoint,Scenic Attraction,"Located in Strasbourg, Grand Est.",48.5804,7.7591,,1589,No,Spring; Summer; Autumn,,,,
FR-001590,Market Nantes 114,France,FR,Pays de la Loire,44,Nantes,"Market location in Nantes, Pays de la Loire, France.",Market,Market,Local Attraction,"Located in Nantes, Pays de la Loire.",47.2274,-1.5446,,1590,No,Spring; Summer; Autumn,,,,
FR-001591,Art Gallery Rennes 114,France,FR,Bretagne,35,Rennes,"Art Gallery location in Rennes, Bretagne, France.",Art Gallery,Art Gallery,Cultural Attraction,"Located in Rennes, Bretagne.",48.1083,-1.6868,,1591,No,Spring; Summer; Autumn,,,,
FR-001592,Theatre Rouen 114,France,FR,Normandie,76,Rouen,"Theatre location in Rouen, Normandie, France.",Theatre,Theatre,Performing Arts,"Located in Rouen, Normandie.",49.4362,1.0923,,1592,No,Spring; Summer; Autumn,,,,
FR-001593,Church Dijon 114,France,FR,Bourgogne-Franche-Comté,21,Dijon,"Church location in Dijon, Bourgogne-Franche-Comté, France.",Church,Church,Religious Site,"Located in Dijon, Bourgogne-Franche-Comté.",47.317,5.0365,,1593,No,Spring; Summer; Autumn,,,,
FR-001594,Abbey Tours 114,France,FR,Centre-Val de Loire,37,Tours,"Abbey location in Tours, Centre-Val de Loire, France.",Abbey,Abbey,Religious Site,"Located in Tours, Centre-Val de Loire.",47.3911,0.6818,,1594,No,Spring; Summer; Autumn,,,,
FR-001595,Fortress Ajaccio 114,France,FR,Corse,2A,Ajaccio,"Fortress location in Ajaccio, Corse, France.",Fortress,Fortress,Historic Landmark,"Located in Ajaccio, Corse.",41.9182,8.7376,,1595,No,Spring; Summer; Autumn,,,,
FR-001596,Archaeological Site Saint-Denis 114,France,FR,La Réunion,974,Saint-Denis,"Archaeological Site location in Saint-Denis, La Réunion, France.",Archaeological Site,Archaeological Site,Historic Site,"Located in Saint-Denis, La Réunion.",-20.8779,55.4491,,1596,No,Spring; Summer; Autumn,,,,
FR-001597,Zoo Paris 115,France,FR,Île-de-France,75,Paris,"Zoo location in Paris, Île-de-France, France.",Zoo,Zoo,Family Attraction,"Located in Paris, Île-de-France.",48.8596,2.3552,,1597,No,Spring; Summer; Autumn,,,,
FR-001598,Aquarium Lyon 115,France,FR,Auvergne-Rhône-Alpes,69,Lyon,"Aquarium location in Lyon, Auvergne-Rhône-Alpes, France.",Aquarium,Aquarium,Family Attraction,"Located in Lyon, Auvergne-Rhône-Alpes.",45.769,4.8407,,1598,No,Spring; Summer; Autumn,,,,
FR-001599,Botanical Garden Marseille 115,France,FR,Provence-Alpes-Côte d'Azur,13,Marseille,"Botanical Garden location in Marseille, Provence-Alpes-Côte d'Azur, France.",Botanical Garden,Botanical Garden,Nature & Recreation,"Located in Marseille, Provence-Alpes-Côte d'Azur.",43.3035,5.3768,,1599,No,Spring; Summer; Autumn,,,,
FR-001600,Marina Bordeaux 115,France,FR,Nouvelle-Aquitaine,33,Bordeaux,"Marina location in Bordeaux, Nouvelle-Aquitaine, France.",Marina,Marina,Leisure,"Located in Bordeaux, Nouvelle-Aquitaine.",44.8468,-0.5702,,1600,No,Spring; Summer; Autumn,,,,
FR-001601,Historic Site Toulouse 115,France,FR,Occitanie,31,Toulouse,"Historic Site location in Toulouse, Occitanie, France.",Historic Site,Historic Site,Landmark,"Located in Toulouse, Occitanie.",43.5957,1.4352,,1601,No,Spring; Summer; Autumn,,,,
FR-001602,Museum Lille 115,France,FR,Hauts-de-France,59,Lille,"Museum location in Lille, Hauts-de-France, France.",Museum,Museum,Cultural Attraction,"Located in Lille, Hauts-de-France.",50.6222,3.0503,,1602,No,Spring; Summer; Autumn,,,,
FR-001603,Castle Strasbourg 115,France,FR,Grand Est,67,Strasbourg,"Castle location in Strasbourg, Grand Est, France.",Castle,Castle,Historic Landmark,"Located in Strasbourg, Grand Est.",48.5684,7.7471,,1603,No,Spring; Summer; Autumn,,,,
FR-001604,Cathedral Nantes 115,France,FR,Pays de la Loire,44,Nantes,"Cathedral location in Nantes, Pays de la Loire, France.",Cathedral,Cathedral,Religious Site,"Located in Nantes, Pays de la Loire.",47.2154,-1.5566,,1604,No,Spring; Summer; Autumn,,,,
FR-001605,Park Rennes 115,France,FR,Bretagne,35,Rennes,"Park location in Rennes, Bretagne, France.",Park,Park,Nature & Recreation,"Located in Rennes, Bretagne.",48.1163,-1.6788,,1605,No,Spring; Summer; Autumn,,,,
FR-001606,Garden Rouen 115,France,FR,Normandie,76,Rouen,"Garden location in Rouen, Normandie, France.",Garden,Garden,Nature & Recreation,"Located in Rouen, Normandie.",49.4442,1.1003,,1606,No,Spring; Summer; Autumn,,,,
FR-001607,Monument Dijon 115,France,FR,Bourgogne-Franche-Comté,21,Dijon,"Monument location in Dijon, Bourgogne-Franche-Comté, France.",Monument,Monument,Landmark,"Located in Dijon, Bourgogne-Franche-Comté.",47.325,5.0445,,1607,No,Spring; Summer; Autumn,,,,
FR-001608,Beach Tours 115,France,FR,Centre-Val de Loire,37,Tours,"Beach location in Tours, Centre-Val de Loire, France.",Beach,Beach,Nature & Recreation,"Located in Tours, Centre-Val de Loire.",47.3991,0.6898,,1608,No,Spring; Summer; Autumn,,,,
FR-001609,Viewpoint Ajaccio 115,France,FR,Corse,2A,Ajaccio,"Viewpoint location in Ajaccio, Corse, France.",Viewpoint,Viewpoint,Scenic Attraction,"Located in Ajaccio, Corse.",41.9262,8.7456,,1609,No,Spring; Summer; Autumn,,,,
FR-001610,Market Saint-Denis 115,France,FR,La Réunion,974,Saint-Denis,"Market location in Saint-Denis, La Réunion, France.",Market,Market,Local Attraction,"Located in Saint-Denis, La Réunion.",-20.8699,55.4571,,1610,No,Spring; Summer; Autumn,,,,
FR-001611,Art Gallery Paris 116,France,FR,Île-de-France,75,Paris,"Art Gallery location in Paris, Île-de-France, France.",Art Gallery,Art Gallery,Cultural Attraction,"Located in Paris, Île-de-France.",48.8476,2.3432,,1611,No,Spring; Summer; Autumn,,,,
FR-001612,Theatre Lyon 116,France,FR,Auvergne-Rhône-Alpes,69,Lyon,"Theatre location in Lyon, Auvergne-Rhône-Alpes, France.",Theatre,Theatre,Performing Arts,"Located in Lyon, Auvergne-Rhône-Alpes.",45.757,4.8287,,1612,No,Spring; Summer; Autumn,,,,
FR-001613,Church Marseille 116,France,FR,Provence-Alpes-Côte d'Azur,13,Marseille,"Church location in Marseille, Provence-Alpes-Côte d'Azur, France.",Church,Church,Religious Site,"Located in Marseille, Provence-Alpes-Côte d'Azur.",43.2915,5.3648,,1613,No,Spring; Summer; Autumn,,,,
FR-001614,Abbey Bordeaux 116,France,FR,Nouvelle-Aquitaine,33,Bordeaux,"Abbey location in Bordeaux, Nouvelle-Aquitaine, France.",Abbey,Abbey,Religious Site,"Located in Bordeaux, Nouvelle-Aquitaine.",44.8348,-0.5822,,1614,No,Spring; Summer; Autumn,,,,
FR-001615,Fortress Toulouse 116,France,FR,Occitanie,31,Toulouse,"Fortress location in Toulouse, Occitanie, France.",Fortress,Fortress,Historic Landmark,"Located in Toulouse, Occitanie.",43.6037,1.4432,,1615,No,Spring; Summer; Autumn,,,,
FR-001616,Archaeological Site Lille 116,France,FR,Hauts-de-France,59,Lille,"Archaeological Site location in Lille, Hauts-de-France, France.",Archaeological Site,Archaeological Site,Historic Site,"Located in Lille, Hauts-de-France.",50.6302,3.0583,,1616,No,Spring; Summer; Autumn,,,,
FR-001617,Zoo Strasbourg 116,France,FR,Grand Est,67,Strasbourg,"Zoo location in Strasbourg, Grand Est, France.",Zoo,Zoo,Family Attraction,"Located in Strasbourg, Grand Est.",48.5764,7.7551,,1617,No,Spring; Summer; Autumn,,,,
FR-001618,Aquarium Nantes 116,France,FR,Pays de la Loire,44,Nantes,"Aquarium location in Nantes, Pays de la Loire, France.",Aquarium,Aquarium,Family Attraction,"Located in Nantes, Pays de la Loire.",47.2234,-1.5486,,1618,No,Spring; Summer; Autumn,,,,
FR-001619,Botanical Garden Rennes 116,France,FR,Bretagne,35,Rennes,"Botanical Garden location in Rennes, Bretagne, France.",Botanical Garden,Botanical Garden,Nature & Recreation,"Located in Rennes, Bretagne.",48.1243,-1.6708,,1619,No,Spring; Summer; Autumn,,,,
FR-001620,Marina Rouen 116,France,FR,Normandie,76,Rouen,"Marina location in Rouen, Normandie, France.",Marina,Marina,Leisure,"Located in Rouen, Normandie.",49.4522,1.1083,,1620,No,Spring; Summer; Autumn,,,,
FR-001621,Historic Site Dijon 116,France,FR,Bourgogne-Franche-Comté,21,Dijon,"Historic Site location in Dijon, Bourgogne-Franche-Comté, France.",Historic Site,Historic Site,Landmark,"Located in Dijon, Bourgogne-Franche-Comté.",47.313,5.0325,,1621,No,Spring; Summer; Autumn,,,,
FR-001622,Museum Tours 116,France,FR,Centre-Val de Loire,37,Tours,"Museum location in Tours, Centre-Val de Loire, France.",Museum,Museum,Cultural Attraction,"Located in Tours, Centre-Val de Loire.",47.3871,0.6778,,1622,No,Spring; Summer; Autumn,,,,
FR-001623,Castle Ajaccio 116,France,FR,Corse,2A,Ajaccio,"Castle location in Ajaccio, Corse, France.",Castle,Castle,Historic Landmark,"Located in Ajaccio, Corse.",41.9142,8.7336,,1623,No,Spring; Summer; Autumn,,,,
FR-001624,Cathedral Saint-Denis 116,France,FR,La Réunion,974,Saint-Denis,"Cathedral location in Saint-Denis, La Réunion, France.",Cathedral,Cathedral,Religious Site,"Located in Saint-Denis, La Réunion.",-20.8819,55.4451,,1624,No,Spring; Summer; Autumn,,,,
FR-001625,Park Paris 117,France,FR,Île-de-France,75,Paris,"Park location in Paris, Île-de-France, France.",Park,Park,Nature & Recreation,"Located in Paris, Île-de-France.",48.8556,2.3512,,1625,No,Spring; Summer; Autumn,,,,
FR-001626,Garden Lyon 117,France,FR,Auvergne-Rhône-Alpes,69,Lyon,"Garden location in Lyon, Auvergne-Rhône-Alpes, France.",Garden,Garden,Nature & Recreation,"Located in Lyon, Auvergne-Rhône-Alpes.",45.765,4.8367,,1626,No,Spring; Summer; Autumn,,,,
FR-001627,Monument Marseille 117,France,FR,Provence-Alpes-Côte d'Azur,13,Marseille,"Monument location in Marseille, Provence-Alpes-Côte d'Azur, France.",Monument,Monument,Landmark,"Located in Marseille, Provence-Alpes-Côte d'Azur.",43.2995,5.3728,,1627,No,Spring; Summer; Autumn,,,,
FR-001628,Beach Bordeaux 117,France,FR,Nouvelle-Aquitaine,33,Bordeaux,"Beach location in Bordeaux, Nouvelle-Aquitaine, France.",Beach,Beach,Nature & Recreation,"Located in Bordeaux, Nouvelle-Aquitaine.",44.8428,-0.5742,,1628,No,Spring; Summer; Autumn,,,,
FR-001629,Viewpoint Toulouse 117,France,FR,Occitanie,31,Toulouse,"Viewpoint location in Toulouse, Occitanie, France.",Viewpoint,Viewpoint,Scenic Attraction,"Located in Toulouse, Occitanie.",43.6117,1.4512,,1629,No,Spring; Summer; Autumn,,,,
FR-001630,Market Lille 117,France,FR,Hauts-de-France,59,Lille,"Market location in Lille, Hauts-de-France, France.",Market,Market,Local Attraction,"Located in Lille, Hauts-de-France.",50.6382,3.0663,,1630,No,Spring; Summer; Autumn,,,,
FR-001631,Art Gallery Strasbourg 117,France,FR,Grand Est,67,Strasbourg,"Art Gallery location in Strasbourg, Grand Est, France.",Art Gallery,Art Gallery,Cultural Attraction,"Located in Strasbourg, Grand Est.",48.5644,7.7431,,1631,No,Spring; Summer; Autumn,,,,
FR-001632,Theatre Nantes 117,France,FR,Pays de la Loire,44,Nantes,"Theatre location in Nantes, Pays de la Loire, France.",Theatre,Theatre,Performing Arts,"Located in Nantes, Pays de la Loire.",47.2114,-1.5606,,1632,No,Spring; Summer; Autumn,,,,
FR-001633,Church Rennes 117,France,FR,Bretagne,35,Rennes,"Church location in Rennes, Bretagne, France.",Church,Church,Religious Site,"Located in Rennes, Bretagne.",48.1123,-1.6828,,1633,No,Spring; Summer; Autumn,,,,
FR-001634,Abbey Rouen 117,France,FR,Normandie,76,Rouen,"Abbey location in Rouen, Normandie, France.",Abbey,Abbey,Religious Site,"Located in Rouen, Normandie.",49.4402,1.0963,,1634,No,Spring; Summer; Autumn,,,,
FR-001635,Fortress Dijon 117,France,FR,Bourgogne-Franche-Comté,21,Dijon,"Fortress location in Dijon, Bourgogne-Franche-Comté, France.",Fortress,Fortress,Historic Landmark,"Located in Dijon, Bourgogne-Franche-Comté.",47.321,5.0405,,1635,No,Spring; Summer; Autumn,,,,
FR-001636,Archaeological Site Tours 117,France,FR,Centre-Val de Loire,37,Tours,"Archaeological Site location in Tours, Centre-Val de Loire, France.",Archaeological Site,Archaeological Site,Historic Site,"Located in Tours, Centre-Val de Loire.",47.3951,0.6858,,1636,No,Spring; Summer; Autumn,,,,
FR-001637,Zoo Ajaccio 117,France,FR,Corse,2A,Ajaccio,"Zoo location in Ajaccio, Corse, France.",Zoo,Zoo,Family Attraction,"Located in Ajaccio, Corse.",41.9222,8.7416,,1637,No,Spring; Summer; Autumn,,,,
FR-001638,Aquarium Saint-Denis 117,France,FR,La Réunion,974,Saint-Denis,"Aquarium location in Saint-Denis, La Réunion, France.",Aquarium,Aquarium,Family Attraction,"Located in Saint-Denis, La Réunion.",-20.8739,55.4531,,1638,No,Spring; Summer; Autumn,,,,
FR-001639,Botanical Garden Paris 118,France,FR,Île-de-France,75,Paris,"Botanical Garden location in Paris, Île-de-France, France.",Botanical Garden,Botanical Garden,Nature & Recreation,"Located in Paris, Île-de-France.",48.8636,2.3592,,1639,No,Spring; Summer; Autumn,,,,
FR-001640,Marina Lyon 118,France,FR,Auvergne-Rhône-Alpes,69,Lyon,"Marina location in Lyon, Auvergne-Rhône-Alpes, France.",Marina,Marina,Leisure,"Located in Lyon, Auvergne-Rhône-Alpes.",45.773,4.8447,,1640,No,Spring; Summer; Autumn,,,,
FR-001641,Historic Site Marseille 118,France,FR,Provence-Alpes-Côte d'Azur,13,Marseille,"Historic Site location in Marseille, Provence-Alpes-Côte d'Azur, France.",Historic Site,Historic Site,Landmark,"Located in Marseille, Provence-Alpes-Côte d'Azur.",43.2875,5.3608,,1641,No,Spring; Summer; Autumn,,,,
FR-001642,Museum Bordeaux 118,France,FR,Nouvelle-Aquitaine,33,Bordeaux,"Museum location in Bordeaux, Nouvelle-Aquitaine, France.",Museum,Museum,Cultural Attraction,"Located in Bordeaux, Nouvelle-Aquitaine.",44.8308,-0.5862,,1642,No,Spring; Summer; Autumn,,,,
FR-001643,Castle Toulouse 118,France,FR,Occitanie,31,Toulouse,"Castle location in Toulouse, Occitanie, France.",Castle,Castle,Historic Landmark,"Located in Toulouse, Occitanie.",43.5997,1.4392,,1643,No,Spring; Summer; Autumn,,,,
FR-001644,Cathedral Lille 118,France,FR,Hauts-de-France,59,Lille,"Cathedral location in Lille, Hauts-de-France, France.",Cathedral,Cathedral,Religious Site,"Located in Lille, Hauts-de-France.",50.6262,3.0543,,1644,No,Spring; Summer; Autumn,,,,
FR-001645,Park Strasbourg 118,France,FR,Grand Est,67,Strasbourg,"Park location in Strasbourg, Grand Est, France.",Park,Park,Nature & Recreation,"Located in Strasbourg, Grand Est.",48.5724,7.7511,,1645,No,Spring; Summer; Autumn,,,,
FR-001646,Garden Nantes 118,France,FR,Pays de la Loire,44,Nantes,"Garden location in Nantes, Pays de la Loire, France.",Garden,Garden,Nature & Recreation,"Located in Nantes, Pays de la Loire.",47.2194,-1.5526,,1646,No,Spring; Summer; Autumn,,,,
FR-001647,Monument Rennes 118,France,FR,Bretagne,35,Rennes,"Monument location in Rennes, Bretagne, France.",Monument,Monument,Landmark,"Located in Rennes, Bretagne.",48.1203,-1.6748,,1647,No,Spring; Summer; Autumn,,,,
FR-001648,Beach Rouen 118,France,FR,Normandie,76,Rouen,"Beach location in Rouen, Normandie, France.",Beach,Beach,Nature & Recreation,"Located in Rouen, Normandie.",49.4482,1.1043,,1648,No,Spring; Summer; Autumn,,,,
FR-001649,Viewpoint Dijon 118,France,FR,Bourgogne-Franche-Comté,21,Dijon,"Viewpoint location in Dijon, Bourgogne-Franche-Comté, France.",Viewpoint,Viewpoint,Scenic Attraction,"Located in Dijon, Bourgogne-Franche-Comté.",47.329,5.0485,,1649,No,Spring; Summer; Autumn,,,,
FR-001650,Market Tours 118,France,FR,Centre-Val de Loire,37,Tours,"Market location in Tours, Centre-Val de Loire, France.",Market,Market,Local Attraction,"Located in Tours, Centre-Val de Loire.",47.4031,0.6938,,1650,No,Spring; Summer; Autumn,,,,
FR-001651,Art Gallery Ajaccio 118,France,FR,Corse,2A,Ajaccio,"Art Gallery location in Ajaccio, Corse, France.",Art Gallery,Art Gallery,Cultural Attraction,"Located in Ajaccio, Corse.",41.9102,8.7296,,1651,No,Spring; Summer; Autumn,,,,
FR-001652,Theatre Saint-Denis 118,France,FR,La Réunion,974,Saint-Denis,"Theatre location in Saint-Denis, La Réunion, France.",Theatre,Theatre,Performing Arts,"Located in Saint-Denis, La Réunion.",-20.8859,55.4411,,1652,No,Spring; Summer; Autumn,,,,
FR-001653,Church Paris 119,France,FR,Île-de-France,75,Paris,"Church location in Paris, Île-de-France, France.",Church,Church,Religious Site,"Located in Paris, Île-de-France.",48.8516,2.3472,,1653,No,Spring; Summer; Autumn,,,,
FR-001654,Abbey Lyon 119,France,FR,Auvergne-Rhône-Alpes,69,Lyon,"Abbey location in Lyon, Auvergne-Rhône-Alpes, France.",Abbey,Abbey,Religious Site,"Located in Lyon, Auvergne-Rhône-Alpes.",45.761,4.8327,,1654,No,Spring; Summer; Autumn,,,,
FR-001655,Fortress Marseille 119,France,FR,Provence-Alpes-Côte d'Azur,13,Marseille,"Fortress location in Marseille, Provence-Alpes-Côte d'Azur, France.",Fortress,Fortress,Historic Landmark,"Located in Marseille, Provence-Alpes-Côte d'Azur.",43.2955,5.3688,,1655,No,Spring; Summer; Autumn,,,,
FR-001656,Archaeological Site Bordeaux 119,France,FR,Nouvelle-Aquitaine,33,Bordeaux,"Archaeological Site location in Bordeaux, Nouvelle-Aquitaine, France.",Archaeological Site,Archaeological Site,Historic Site,"Located in Bordeaux, Nouvelle-Aquitaine.",44.8388,-0.5782,,1656,No,Spring; Summer; Autumn,,,,
FR-001657,Zoo Toulouse 119,France,FR,Occitanie,31,Toulouse,"Zoo location in Toulouse, Occitanie, France.",Zoo,Zoo,Family Attraction,"Located in Toulouse, Occitanie.",43.6077,1.4472,,1657,No,Spring; Summer; Autumn,,,,
FR-001658,Aquarium Lille 119,France,FR,Hauts-de-France,59,Lille,"Aquarium location in Lille, Hauts-de-France, France.",Aquarium,Aquarium,Family Attraction,"Located in Lille, Hauts-de-France.",50.6342,3.0623,,1658,No,Spring; Summer; Autumn,,,,
FR-001659,Botanical Garden Strasbourg 119,France,FR,Grand Est,67,Strasbourg,"Botanical Garden location in Strasbourg, Grand Est, France.",Botanical Garden,Botanical Garden,Nature & Recreation,"Located in Strasbourg, Grand Est.",48.5804,7.7591,,1659,No,Spring; Summer; Autumn,,,,
FR-001660,Marina Nantes 119,France,FR,Pays de la Loire,44,Nantes,"Marina location in Nantes, Pays de la Loire, France.",Marina,Marina,Leisure,"Located in Nantes, Pays de la Loire.",47.2274,-1.5446,,1660,No,Spring; Summer; Autumn,,,,
FR-001661,Historic Site Rennes 119,France,FR,Bretagne,35,Rennes,"Historic Site location in Rennes, Bretagne, France.",Historic Site,Historic Site,Landmark,"Located in Rennes, Bretagne.",48.1083,-1.6868,,1661,No,Spring; Summer; Autumn,,,,
FR-001662,Museum Rouen 119,France,FR,Normandie,76,Rouen,"Museum location in Rouen, Normandie, France.",Museum,Museum,Cultural Attraction,"Located in Rouen, Normandie.",49.4362,1.0923,,1662,No,Spring; Summer; Autumn,,,,
FR-001663,Castle Dijon 119,France,FR,Bourgogne-Franche-Comté,21,Dijon,"Castle location in Dijon, Bourgogne-Franche-Comté, France.",Castle,Castle,Historic Landmark,"Located in Dijon, Bourgogne-Franche-Comté.",47.317,5.0365,,1663,No,Spring; Summer; Autumn,,,,
FR-001664,Cathedral Tours 119,France,FR,Centre-Val de Loire,37,Tours,"Cathedral location in Tours, Centre-Val de Loire, France.",Cathedral,Cathedral,Religious Site,"Located in Tours, Centre-Val de Loire.",47.3911,0.6818,,1664,No,Spring; Summer; Autumn,,,,
FR-001665,Park Ajaccio 119,France,FR,Corse,2A,Ajaccio,"Park location in Ajaccio, Corse, France.",Park,Park,Nature & Recreation,"Located in Ajaccio, Corse.",41.9182,8.7376,,1665,No,Spring; Summer; Autumn,,,,
FR-001666,Garden Saint-Denis 119,France,FR,La Réunion,974,Saint-Denis,"Garden location in Saint-Denis, La Réunion, France.",Garden,Garden,Nature & Recreation,"Located in Saint-Denis, La Réunion.",-20.8779,55.4491,,1666,No,Spring; Summer; Autumn,,,,
FR-001667,Monument Paris 120,France,FR,Île-de-France,75,Paris,"Monument location in Paris, Île-de-France, France.",Monument,Monument,Landmark,"Located in Paris, Île-de-France.",48.8596,2.3552,,1667,No,Spring; Summer; Autumn,,,,
FR-001668,Beach Lyon 120,France,FR,Auvergne-Rhône-Alpes,69,Lyon,"Beach location in Lyon, Auvergne-Rhône-Alpes, France.",Beach,Beach,Nature & Recreation,"Located in Lyon, Auvergne-Rhône-Alpes.",45.769,4.8407,,1668,No,Spring; Summer; Autumn,,,,
FR-001669,Viewpoint Marseille 120,France,FR,Provence-Alpes-Côte d'Azur,13,Marseille,"Viewpoint location in Marseille, Provence-Alpes-Côte d'Azur, France.",Viewpoint,Viewpoint,Scenic Attraction,"Located in Marseille, Provence-Alpes-Côte d'Azur.",43.3035,5.3768,,1669,No,Spring; Summer; Autumn,,,,
FR-001670,Market Bordeaux 120,France,FR,Nouvelle-Aquitaine,33,Bordeaux,"Market location in Bordeaux, Nouvelle-Aquitaine, France.",Market,Market,Local Attraction,"Located in Bordeaux, Nouvelle-Aquitaine.",44.8468,-0.5702,,1670,No,Spring; Summer; Autumn,,,,
FR-001671,Art Gallery Toulouse 120,France,FR,Occitanie,31,Toulouse,"Art Gallery location in Toulouse, Occitanie, France.",Art Gallery,Art Gallery,Cultural Attraction,"Located in Toulouse, Occitanie.",43.5957,1.4352,,1671,No,Spring; Summer; Autumn,,,,
FR-001672,Theatre Lille 120,France,FR,Hauts-de-France,59,Lille,"Theatre location in Lille, Hauts-de-France, France.",Theatre,Theatre,Performing Arts,"Located in Lille, Hauts-de-France.",50.6222,3.0503,,1672,No,Spring; Summer; Autumn,,,,
FR-001673,Church Strasbourg 120,France,FR,Grand Est,67,Strasbourg,"Church location in Strasbourg, Grand Est, France.",Church,Church,Religious Site,"Located in Strasbourg, Grand Est.",48.5684,7.7471,,1673,No,Spring; Summer; Autumn,,,,
FR-001674,Abbey Nantes 120,France,FR,Pays de la Loire,44,Nantes,"Abbey location in Nantes, Pays de la Loire, France.",Abbey,Abbey,Religious Site,"Located in Nantes, Pays de la Loire.",47.2154,-1.5566,,1674,No,Spring; Summer; Autumn,,,,
FR-001675,Fortress Rennes 120,France,FR,Bretagne,35,Rennes,"Fortress location in Rennes, Bretagne, France.",Fortress,Fortress,Historic Landmark,"Located in Rennes, Bretagne.",48.1163,-1.6788,,1675,No,Spring; Summer; Autumn,,,,
FR-001676,Archaeological Site Rouen 120,France,FR,Normandie,76,Rouen,"Archaeological Site location in Rouen, Normandie, France.",Archaeological Site,Archaeological Site,Historic Site,"Located in Rouen, Normandie.",49.4442,1.1003,,1676,No,Spring; Summer; Autumn,,,,
FR-001677,Zoo Dijon 120,France,FR,Bourgogne-Franche-Comté,21,Dijon,"Zoo location in Dijon, Bourgogne-Franche-Comté, France.",Zoo,Zoo,Family Attraction,"Located in Dijon, Bourgogne-Franche-Comté.",47.325,5.0445,,1677,No,Spring; Summer; Autumn,,,,
FR-001678,Aquarium Tours 120,France,FR,Centre-Val de Loire,37,Tours,"Aquarium location in Tours, Centre-Val de Loire, France.",Aquarium,Aquarium,Family Attraction,"Located in Tours, Centre-Val de Loire.",47.3991,0.6898,,1678,No,Spring; Summer; Autumn,,,,
FR-001679,Botanical Garden Ajaccio 120,France,FR,Corse,2A,Ajaccio,"Botanical Garden location in Ajaccio, Corse, France.",Botanical Garden,Botanical Garden,Nature & Recreation,"Located in Ajaccio, Corse.",41.9262,8.7456,,1679,No,Spring; Summer; Autumn,,,,
FR-001680,Marina Saint-Denis 120,France,FR,La Réunion,974,Saint-Denis,"Marina location in Saint-Denis, La Réunion, France.",Marina,Marina,Leisure,"Located in Saint-Denis, La Réunion.",-20.8699,55.4571,,1680,No,Spring; Summer; Autumn,,,,
FR-001681,Historic Site Paris 121,France,FR,Île-de-France,75,Paris,"Historic Site location in Paris, Île-de-France, France.",Historic Site,Historic Site,Landmark,"Located in Paris, Île-de-France.",48.8476,2.3432,,1681,No,Spring; Summer; Autumn,,,,
FR-001682,Museum Lyon 121,France,FR,Auvergne-Rhône-Alpes,69,Lyon,"Museum location in Lyon, Auvergne-Rhône-Alpes, France.",Museum,Museum,Cultural Attraction,"Located in Lyon, Auvergne-Rhône-Alpes.",45.757,4.8287,,1682,No,Spring; Summer; Autumn,,,,
FR-001683,Castle Marseille 121,France,FR,Provence-Alpes-Côte d'Azur,13,Marseille,"Castle location in Marseille, Provence-Alpes-Côte d'Azur, France.",Castle,Castle,Historic Landmark,"Located in Marseille, Provence-Alpes-Côte d'Azur.",43.2915,5.3648,,1683,No,Spring; Summer; Autumn,,,,
FR-001684,Cathedral Bordeaux 121,France,FR,Nouvelle-Aquitaine,33,Bordeaux,"Cathedral location in Bordeaux, Nouvelle-Aquitaine, France.",Cathedral,Cathedral,Religious Site,"Located in Bordeaux, Nouvelle-Aquitaine.",44.8348,-0.5822,,1684,No,Spring; Summer; Autumn,,,,
FR-001685,Park Toulouse 121,France,FR,Occitanie,31,Toulouse,"Park location in Toulouse, Occitanie, France.",Park,Park,Nature & Recreation,"Located in Toulouse, Occitanie.",43.6037,1.4432,,1685,No,Spring; Summer; Autumn,,,,
FR-001686,Garden Lille 121,France,FR,Hauts-de-France,59,Lille,"Garden location in Lille, Hauts-de-France, France.",Garden,Garden,Nature & Recreation,"Located in Lille, Hauts-de-France.",50.6302,3.0583,,1686,No,Spring; Summer; Autumn,,,,
FR-001687,Monument Strasbourg 121,France,FR,Grand Est,67,Strasbourg,"Monument location in Strasbourg, Grand Est, France.",Monument,Monument,Landmark,"Located in Strasbourg, Grand Est.",48.5764,7.7551,,1687,No,Spring; Summer; Autumn,,,,
FR-001688,Beach Nantes 121,France,FR,Pays de la Loire,44,Nantes,"Beach location in Nantes, Pays de la Loire, France.",Beach,Beach,Nature & Recreation,"Located in Nantes, Pays de la Loire.",47.2234,-1.5486,,1688,No,Spring; Summer; Autumn,,,,
FR-001689,Viewpoint Rennes 121,France,FR,Bretagne,35,Rennes,"Viewpoint location in Rennes, Bretagne, France.",Viewpoint,Viewpoint,Scenic Attraction,"Located in Rennes, Bretagne.",48.1243,-1.6708,,1689,No,Spring; Summer; Autumn,,,,
FR-001690,Market Rouen 121,France,FR,Normandie,76,Rouen,"Market location in Rouen, Normandie, France.",Market,Market,Local Attraction,"Located in Rouen, Normandie.",49.4522,1.1083,,1690,No,Spring; Summer; Autumn,,,,
FR-001691,Art Gallery Dijon 121,France,FR,Bourgogne-Franche-Comté,21,Dijon,"Art Gallery location in Dijon, Bourgogne-Franche-Comté, France.",Art Gallery,Art Gallery,Cultural Attraction,"Located in Dijon, Bourgogne-Franche-Comté.",47.313,5.0325,,1691,No,Spring; Summer; Autumn,,,,
FR-001692,Theatre Tours 121,France,FR,Centre-Val de Loire,37,Tours,"Theatre location in Tours, Centre-Val de Loire, France.",Theatre,Theatre,Performing Arts,"Located in Tours, Centre-Val de Loire.",47.3871,0.6778,,1692,No,Spring; Summer; Autumn,,,,
FR-001693,Church Ajaccio 121,France,FR,Corse,2A,Ajaccio,"Church location in Ajaccio, Corse, France.",Church,Church,Religious Site,"Located in Ajaccio, Corse.",41.9142,8.7336,,1693,No,Spring; Summer; Autumn,,,,
FR-001694,Abbey Saint-Denis 121,France,FR,La Réunion,974,Saint-Denis,"Abbey location in Saint-Denis, La Réunion, France.",Abbey,Abbey,Religious Site,"Located in Saint-Denis, La Réunion.",-20.8819,55.4451,,1694,No,Spring; Summer; Autumn,,,,
FR-001695,Fortress Paris 122,France,FR,Île-de-France,75,Paris,"Fortress location in Paris, Île-de-France, France.",Fortress,Fortress,Historic Landmark,"Located in Paris, Île-de-France.",48.8556,2.3512,,1695,No,Spring; Summer; Autumn,,,,
FR-001696,Archaeological Site Lyon 122,France,FR,Auvergne-Rhône-Alpes,69,Lyon,"Archaeological Site location in Lyon, Auvergne-Rhône-Alpes, France.",Archaeological Site,Archaeological Site,Historic Site,"Located in Lyon, Auvergne-Rhône-Alpes.",45.765,4.8367,,1696,No,Spring; Summer; Autumn,,,,
FR-001697,Zoo Marseille 122,France,FR,Provence-Alpes-Côte d'Azur,13,Marseille,"Zoo location in Marseille, Provence-Alpes-Côte d'Azur, France.",Zoo,Zoo,Family Attraction,"Located in Marseille, Provence-Alpes-Côte d'Azur.",43.2995,5.3728,,1697,No,Spring; Summer; Autumn,,,,
FR-001698,Aquarium Bordeaux 122,France,FR,Nouvelle-Aquitaine,33,Bordeaux,"Aquarium location in Bordeaux, Nouvelle-Aquitaine, France.",Aquarium,Aquarium,Family Attraction,"Located in Bordeaux, Nouvelle-Aquitaine.",44.8428,-0.5742,,1698,No,Spring; Summer; Autumn,,,,
FR-001699,Botanical Garden Toulouse 122,France,FR,Occitanie,31,Toulouse,"Botanical Garden location in Toulouse, Occitanie, France.",Botanical Garden,Botanical Garden,Nature & Recreation,"Located in Toulouse, Occitanie.",43.6117,1.4512,,1699,No,Spring; Summer; Autumn,,,,
FR-001700,Marina Lille 122,France,FR,Hauts-de-France,59,Lille,"Marina location in Lille, Hauts-de-France, France.",Marina,Marina,Leisure,"Located in Lille, Hauts-de-France.",50.6382,3.0663,,1700,No,Spring; Summer; Autumn,,,,
FR-001701,Historic Site Strasbourg 122,France,FR,Grand Est,67,Strasbourg,"Historic Site location in Strasbourg, Grand Est, France.",Historic Site,Historic Site,Landmark,"Located in Strasbourg, Grand Est.",48.5644,7.7431,,1701,No,Spring; Summer; Autumn,,,,
FR-001702,Museum Nantes 122,France,FR,Pays de la Loire,44,Nantes,"Museum location in Nantes, Pays de la Loire, France.",Museum,Museum,Cultural Attraction,"Located in Nantes, Pays de la Loire.",47.2114,-1.5606,,1702,No,Spring; Summer; Autumn,,,,
FR-001703,Castle Rennes 122,France,FR,Bretagne,35,Rennes,"Castle location in Rennes, Bretagne, France.",Castle,Castle,Historic Landmark,"Located in Rennes, Bretagne.",48.1123,-1.6828,,1703,No,Spring; Summer; Autumn,,,,
FR-001704,Cathedral Rouen 122,France,FR,Normandie,76,Rouen,"Cathedral location in Rouen, Normandie, France.",Cathedral,Cathedral,Religious Site,"Located in Rouen, Normandie.",49.4402,1.0963,,1704,No,Spring; Summer; Autumn,,,,
FR-001705,Park Dijon 122,France,FR,Bourgogne-Franche-Comté,21,Dijon,"Park location in Dijon, Bourgogne-Franche-Comté, France.",Park,Park,Nature & Recreation,"Located in Dijon, Bourgogne-Franche-Comté.",47.321,5.0405,,1705,No,Spring; Summer; Autumn,,,,
FR-001706,Garden Tours 122,France,FR,Centre-Val de Loire,37,Tours,"Garden location in Tours, Centre-Val de Loire, France.",Garden,Garden,Nature & Recreation,"Located in Tours, Centre-Val de Loire.",47.3951,0.6858,,1706,No,Spring; Summer; Autumn,,,,
FR-001707,Monument Ajaccio 122,France,FR,Corse,2A,Ajaccio,"Monument location in Ajaccio, Corse, France.",Monument,Monument,Landmark,"Located in Ajaccio, Corse.",41.9222,8.7416,,1707,No,Spring; Summer; Autumn,,,,
FR-001708,Beach Saint-Denis 122,France,FR,La Réunion,974,Saint-Denis,"Beach location in Saint-Denis, La Réunion, France.",Beach,Beach,Nature & Recreation,"Located in Saint-Denis, La Réunion.",-20.8739,55.4531,,1708,No,Spring; Summer; Autumn,,,,
FR-001709,Viewpoint Paris 123,France,FR,Île-de-France,75,Paris,"Viewpoint location in Paris, Île-de-France, France.",Viewpoint,Viewpoint,Scenic Attraction,"Located in Paris, Île-de-France.",48.8636,2.3592,,1709,No,Spring; Summer; Autumn,,,,
FR-001710,Market Lyon 123,France,FR,Auvergne-Rhône-Alpes,69,Lyon,"Market location in Lyon, Auvergne-Rhône-Alpes, France.",Market,Market,Local Attraction,"Located in Lyon, Auvergne-Rhône-Alpes.",45.773,4.8447,,1710,No,Spring; Summer; Autumn,,,,
FR-001711,Art Gallery Marseille 123,France,FR,Provence-Alpes-Côte d'Azur,13,Marseille,"Art Gallery location in Marseille, Provence-Alpes-Côte d'Azur, France.",Art Gallery,Art Gallery,Cultural Attraction,"Located in Marseille, Provence-Alpes-Côte d'Azur.",43.2875,5.3608,,1711,No,Spring; Summer; Autumn,,,,
FR-001712,Theatre Bordeaux 123,France,FR,Nouvelle-Aquitaine,33,Bordeaux,"Theatre location in Bordeaux, Nouvelle-Aquitaine, France.",Theatre,Theatre,Performing Arts,"Located in Bordeaux, Nouvelle-Aquitaine.",44.8308,-0.5862,,1712,No,Spring; Summer; Autumn,,,,
FR-001713,Church Toulouse 123,France,FR,Occitanie,31,Toulouse,"Church location in Toulouse, Occitanie, France.",Church,Church,Religious Site,"Located in Toulouse, Occitanie.",43.5997,1.4392,,1713,No,Spring; Summer; Autumn,,,,
FR-001714,Abbey Lille 123,France,FR,Hauts-de-France,59,Lille,"Abbey location in Lille, Hauts-de-France, France.",Abbey,Abbey,Religious Site,"Located in Lille, Hauts-de-France.",50.6262,3.0543,,1714,No,Spring; Summer; Autumn,,,,
FR-001715,Fortress Strasbourg 123,France,FR,Grand Est,67,Strasbourg,"Fortress location in Strasbourg, Grand Est, France.",Fortress,Fortress,Historic Landmark,"Located in Strasbourg, Grand Est.",48.5724,7.7511,,1715,No,Spring; Summer; Autumn,,,,
FR-001716,Archaeological Site Nantes 123,France,FR,Pays de la Loire,44,Nantes,"Archaeological Site location in Nantes, Pays de la Loire, France.",Archaeological Site,Archaeological Site,Historic Site,"Located in Nantes, Pays de la Loire.",47.2194,-1.5526,,1716,No,Spring; Summer; Autumn,,,,
FR-001717,Zoo Rennes 123,France,FR,Bretagne,35,Rennes,"Zoo location in Rennes, Bretagne, France.",Zoo,Zoo,Family Attraction,"Located in Rennes, Bretagne.",48.1203,-1.6748,,1717,No,Spring; Summer; Autumn,,,,
FR-001718,Aquarium Rouen 123,France,FR,Normandie,76,Rouen,"Aquarium location in Rouen, Normandie, France.",Aquarium,Aquarium,Family Attraction,"Located in Rouen, Normandie.",49.4482,1.1043,,1718,No,Spring; Summer; Autumn,,,,
FR-001719,Botanical Garden Dijon 123,France,FR,Bourgogne-Franche-Comté,21,Dijon,"Botanical Garden location in Dijon, Bourgogne-Franche-Comté, France.",Botanical Garden,Botanical Garden,Nature & Recreation,"Located in Dijon, Bourgogne-Franche-Comté.",47.329,5.0485,,1719,No,Spring; Summer; Autumn,,,,
FR-001720,Marina Tours 123,France,FR,Centre-Val de Loire,37,Tours,"Marina location in Tours, Centre-Val de Loire, France.",Marina,Marina,Leisure,"Located in Tours, Centre-Val de Loire.",47.4031,0.6938,,1720,No,Spring; Summer; Autumn,,,,
FR-001721,Historic Site Ajaccio 123,France,FR,Corse,2A,Ajaccio,"Historic Site location in Ajaccio, Corse, France.",Historic Site,Historic Site,Landmark,"Located in Ajaccio, Corse.",41.9102,8.7296,,1721,No,Spring; Summer; Autumn,,,,
FR-001722,Museum Saint-Denis 123,France,FR,La Réunion,974,Saint-Denis,"Museum location in Saint-Denis, La Réunion, France.",Museum,Museum,Cultural Attraction,"Located in Saint-Denis, La Réunion.",-20.8859,55.4411,,1722,No,Spring; Summer; Autumn,,,,
FR-001723,Castle Paris 124,France,FR,Île-de-France,75,Paris,"Castle location in Paris, Île-de-France, France.",Castle,Castle,Historic Landmark,"Located in Paris, Île-de-France.",48.8516,2.3472,,1723,No,Spring; Summer; Autumn,,,,
FR-001724,Cathedral Lyon 124,France,FR,Auvergne-Rhône-Alpes,69,Lyon,"Cathedral location in Lyon, Auvergne-Rhône-Alpes, France.",Cathedral,Cathedral,Religious Site,"Located in Lyon, Auvergne-Rhône-Alpes.",45.761,4.8327,,1724,No,Spring; Summer; Autumn,,,,
FR-001725,Park Marseille 124,France,FR,Provence-Alpes-Côte d'Azur,13,Marseille,"Park location in Marseille, Provence-Alpes-Côte d'Azur, France.",Park,Park,Nature & Recreation,"Located in Marseille, Provence-Alpes-Côte d'Azur.",43.2955,5.3688,,1725,No,Spring; Summer; Autumn,,,,
FR-001726,Garden Bordeaux 124,France,FR,Nouvelle-Aquitaine,33,Bordeaux,"Garden location in Bordeaux, Nouvelle-Aquitaine, France.",Garden,Garden,Nature & Recreation,"Located in Bordeaux, Nouvelle-Aquitaine.",44.8388,-0.5782,,1726,No,Spring; Summer; Autumn,,,,
FR-001727,Monument Toulouse 124,France,FR,Occitanie,31,Toulouse,"Monument location in Toulouse, Occitanie, France.",Monument,Monument,Landmark,"Located in Toulouse, Occitanie.",43.6077,1.4472,,1727,No,Spring; Summer; Autumn,,,,
FR-001728,Beach Lille 124,France,FR,Hauts-de-France,59,Lille,"Beach location in Lille, Hauts-de-France, France.",Beach,Beach,Nature & Recreation,"Located in Lille, Hauts-de-France.",50.6342,3.0623,,1728,No,Spring; Summer; Autumn,,,,
FR-001729,Viewpoint Strasbourg 124,France,FR,Grand Est,67,Strasbourg,"Viewpoint location in Strasbourg, Grand Est, France.",Viewpoint,Viewpoint,Scenic Attraction,"Located in Strasbourg, Grand Est.",48.5804,7.7591,,1729,No,Spring; Summer; Autumn,,,,
FR-001730,Market Nantes 124,France,FR,Pays de la Loire,44,Nantes,"Market location in Nantes, Pays de la Loire, France.",Market,Market,Local Attraction,"Located in Nantes, Pays de la Loire.",47.2274,-1.5446,,1730,No,Spring; Summer; Autumn,,,,
FR-001731,Art Gallery Rennes 124,France,FR,Bretagne,35,Rennes,"Art Gallery location in Rennes, Bretagne, France.",Art Gallery,Art Gallery,Cultural Attraction,"Located in Rennes, Bretagne.",48.1083,-1.6868,,1731,No,Spring; Summer; Autumn,,,,
FR-001732,Theatre Rouen 124,France,FR,Normandie,76,Rouen,"Theatre location in Rouen, Normandie, France.",Theatre,Theatre,Performing Arts,"Located in Rouen, Normandie.",49.4362,1.0923,,1732,No,Spring; Summer; Autumn,,,,
FR-001733,Church Dijon 124,France,FR,Bourgogne-Franche-Comté,21,Dijon,"Church location in Dijon, Bourgogne-Franche-Comté, France.",Church,Church,Religious Site,"Located in Dijon, Bourgogne-Franche-Comté.",47.317,5.0365,,1733,No,Spring; Summer; Autumn,,,,
FR-001734,Abbey Tours 124,France,FR,Centre-Val de Loire,37,Tours,"Abbey location in Tours, Centre-Val de Loire, France.",Abbey,Abbey,Religious Site,"Located in Tours, Centre-Val de Loire.",47.3911,0.6818,,1734,No,Spring; Summer; Autumn,,,,
FR-001735,Fortress Ajaccio 124,France,FR,Corse,2A,Ajaccio,"Fortress location in Ajaccio, Corse, France.",Fortress,Fortress,Historic Landmark,"Located in Ajaccio, Corse.",41.9182,8.7376,,1735,No,Spring; Summer; Autumn,,,,
FR-001736,Archaeological Site Saint-Denis 124,France,FR,La Réunion,974,Saint-Denis,"Archaeological Site location in Saint-Denis, La Réunion, France.",Archaeological Site,Archaeological Site,Historic Site,"Located in Saint-Denis, La Réunion.",-20.8779,55.4491,,1736,No,Spring; Summer; Autumn,,,,
FR-001737,Zoo Paris 125,France,FR,Île-de-France,75,Paris,"Zoo location in Paris, Île-de-France, France.",Zoo,Zoo,Family Attraction,"Located in Paris, Île-de-France.",48.8596,2.3552,,1737,No,Spring; Summer; Autumn,,,,
FR-001738,Aquarium Lyon 125,France,FR,Auvergne-Rhône-Alpes,69,Lyon,"Aquarium location in Lyon, Auvergne-Rhône-Alpes, France.",Aquarium,Aquarium,Family Attraction,"Located in Lyon, Auvergne-Rhône-Alpes.",45.769,4.8407,,1738,No,Spring; Summer; Autumn,,,,
FR-001739,Botanical Garden Marseille 125,France,FR,Provence-Alpes-Côte d'Azur,13,Marseille,"Botanical Garden location in Marseille, Provence-Alpes-Côte d'Azur, France.",Botanical Garden,Botanical Garden,Nature & Recreation,"Located in Marseille, Provence-Alpes-Côte d'Azur.",43.3035,5.3768,,1739,No,Spring; Summer; Autumn,,,,
FR-001740,Marina Bordeaux 125,France,FR,Nouvelle-Aquitaine,33,Bordeaux,"Marina location in Bordeaux, Nouvelle-Aquitaine, France.",Marina,Marina,Leisure,"Located in Bordeaux, Nouvelle-Aquitaine.",44.8468,-0.5702,,1740,No,Spring; Summer; Autumn,,,,
FR-001741,Historic Site Toulouse 125,France,FR,Occitanie,31,Toulouse,"Historic Site location in Toulouse, Occitanie, France.",Historic Site,Historic Site,Landmark,"Located in Toulouse, Occitanie.",43.5957,1.4352,,1741,No,Spring; Summer; Autumn,,,,
FR-001742,Museum Lille 125,France,FR,Hauts-de-France,59,Lille,"Museum location in Lille, Hauts-de-France, France.",Museum,Museum,Cultural Attraction,"Located in Lille, Hauts-de-France.",50.6222,3.0503,,1742,No,Spring; Summer; Autumn,,,,
FR-001743,Castle Strasbourg 125,France,FR,Grand Est,67,Strasbourg,"Castle location in Strasbourg, Grand Est, France.",Castle,Castle,Historic Landmark,"Located in Strasbourg, Grand Est.",48.5684,7.7471,,1743,No,Spring; Summer; Autumn,,,,
FR-001744,Cathedral Nantes 125,France,FR,Pays de la Loire,44,Nantes,"Cathedral location in Nantes, Pays de la Loire, France.",Cathedral,Cathedral,Religious Site,"Located in Nantes, Pays de la Loire.",47.2154,-1.5566,,1744,No,Spring; Summer; Autumn,,,,
FR-001745,Park Rennes 125,France,FR,Bretagne,35,Rennes,"Park location in Rennes, Bretagne, France.",Park,Park,Nature & Recreation,"Located in Rennes, Bretagne.",48.1163,-1.6788,,1745,No,Spring; Summer; Autumn,,,,
FR-001746,Garden Rouen 125,France,FR,Normandie,76,Rouen,"Garden location in Rouen, Normandie, France.",Garden,Garden,Nature & Recreation,"Located in Rouen, Normandie.",49.4442,1.1003,,1746,No,Spring; Summer; Autumn,,,,
FR-001747,Monument Dijon 125,France,FR,Bourgogne-Franche-Comté,21,Dijon,"Monument location in Dijon, Bourgogne-Franche-Comté, France.",Monument,Monument,Landmark,"Located in Dijon, Bourgogne-Franche-Comté.",47.325,5.0445,,1747,No,Spring; Summer; Autumn,,,,
FR-001748,Beach Tours 125,France,FR,Centre-Val de Loire,37,Tours,"Beach location in Tours, Centre-Val de Loire, France.",Beach,Beach,Nature & Recreation,"Located in Tours, Centre-Val de Loire.",47.3991,0.6898,,1748,No,Spring; Summer; Autumn,,,,
FR-001749,Viewpoint Ajaccio 125,France,FR,Corse,2A,Ajaccio,"Viewpoint location in Ajaccio, Corse, France.",Viewpoint,Viewpoint,Scenic Attraction,"Located in Ajaccio, Corse.",41.9262,8.7456,,1749,No,Spring; Summer; Autumn,,,,
FR-001750,Market Saint-Denis 125,France,FR,La Réunion,974,Saint-Denis,"Market location in Saint-Denis, La Réunion, France.",Market,Market,Local Attraction,"Located in Saint-Denis, La Réunion.",-20.8699,55.4571,,1750,No,Spring; Summer; Autumn,,,,
FR-001751,Art Gallery Paris 126,France,FR,Île-de-France,75,Paris,"Art Gallery location in Paris, Île-de-France, France.",Art Gallery,Art Gallery,Cultural Attraction,"Located in Paris, Île-de-France.",48.8476,2.3432,,1751,No,Spring; Summer; Autumn,,,,
FR-001752,Theatre Lyon 126,France,FR,Auvergne-Rhône-Alpes,69,Lyon,"Theatre location in Lyon, Auvergne-Rhône-Alpes, France.",Theatre,Theatre,Performing Arts,"Located in Lyon, Auvergne-Rhône-Alpes.",45.757,4.8287,,1752,No,Spring; Summer; Autumn,,,,
FR-001753,Church Marseille 126,France,FR,Provence-Alpes-Côte d'Azur,13,Marseille,"Church location in Marseille, Provence-Alpes-Côte d'Azur, France.",Church,Church,Religious Site,"Located in Marseille, Provence-Alpes-Côte d'Azur.",43.2915,5.3648,,1753,No,Spring; Summer; Autumn,,,,
FR-001754,Abbey Bordeaux 126,France,FR,Nouvelle-Aquitaine,33,Bordeaux,"Abbey location in Bordeaux, Nouvelle-Aquitaine, France.",Abbey,Abbey,Religious Site,"Located in Bordeaux, Nouvelle-Aquitaine.",44.8348,-0.5822,,1754,No,Spring; Summer; Autumn,,,,
FR-001755,Fortress Toulouse 126,France,FR,Occitanie,31,Toulouse,"Fortress location in Toulouse, Occitanie, France.",Fortress,Fortress,Historic Landmark,"Located in Toulouse, Occitanie.",43.6037,1.4432,,1755,No,Spring; Summer; Autumn,,,,
FR-001756,Archaeological Site Lille 126,France,FR,Hauts-de-France,59,Lille,"Archaeological Site location in Lille, Hauts-de-France, France.",Archaeological Site,Archaeological Site,Historic Site,"Located in Lille, Hauts-de-France.",50.6302,3.0583,,1756,No,Spring; Summer; Autumn,,,,
FR-001757,Zoo Strasbourg 126,France,FR,Grand Est,67,Strasbourg,"Zoo location in Strasbourg, Grand Est, France.",Zoo,Zoo,Family Attraction,"Located in Strasbourg, Grand Est.",48.5764,7.7551,,1757,No,Spring; Summer; Autumn,,,,
FR-001758,Aquarium Nantes 126,France,FR,Pays de la Loire,44,Nantes,"Aquarium location in Nantes, Pays de la Loire, France.",Aquarium,Aquarium,Family Attraction,"Located in Nantes, Pays de la Loire.",47.2234,-1.5486,,1758,No,Spring; Summer; Autumn,,,,
FR-001759,Botanical Garden Rennes 126,France,FR,Bretagne,35,Rennes,"Botanical Garden location in Rennes, Bretagne, France.",Botanical Garden,Botanical Garden,Nature & Recreation,"Located in Rennes, Bretagne.",48.1243,-1.6708,,1759,No,Spring; Summer; Autumn,,,,
FR-001760,Marina Rouen 126,France,FR,Normandie,76,Rouen,"Marina location in Rouen, Normandie, France.",Marina,Marina,Leisure,"Located in Rouen, Normandie.",49.4522,1.1083,,1760,No,Spring; Summer; Autumn,,,,
FR-001761,Historic Site Dijon 126,France,FR,Bourgogne-Franche-Comté,21,Dijon,"Historic Site location in Dijon, Bourgogne-Franche-Comté, France.",Historic Site,Historic Site,Landmark,"Located in Dijon, Bourgogne-Franche-Comté.",47.313,5.0325,,1761,No,Spring; Summer; Autumn,,,,
FR-001762,Museum Tours 126,France,FR,Centre-Val de Loire,37,Tours,"Museum location in Tours, Centre-Val de Loire, France.",Museum,Museum,Cultural Attraction,"Located in Tours, Centre-Val de Loire.",47.3871,0.6778,,1762,No,Spring; Summer; Autumn,,,,
FR-001763,Castle Ajaccio 126,France,FR,Corse,2A,Ajaccio,"Castle location in Ajaccio, Corse, France.",Castle,Castle,Historic Landmark,"Located in Ajaccio, Corse.",41.9142,8.7336,,1763,No,Spring; Summer; Autumn,,,,
FR-001764,Cathedral Saint-Denis 126,France,FR,La Réunion,974,Saint-Denis,"Cathedral location in Saint-Denis, La Réunion, France.",Cathedral,Cathedral,Religious Site,"Located in Saint-Denis, La Réunion.",-20.8819,55.4451,,1764,No,Spring; Summer; Autumn,,,,
FR-001765,Park Paris 127,France,FR,Île-de-France,75,Paris,"Park location in Paris, Île-de-France, France.",Park,Park,Nature & Recreation,"Located in Paris, Île-de-France.",48.8556,2.3512,,1765,No,Spring; Summer; Autumn,,,,
FR-001766,Garden Lyon 127,France,FR,Auvergne-Rhône-Alpes,69,Lyon,"Garden location in Lyon, Auvergne-Rhône-Alpes, France.",Garden,Garden,Nature & Recreation,"Located in Lyon, Auvergne-Rhône-Alpes.",45.765,4.8367,,1766,No,Spring; Summer; Autumn,,,,
FR-001767,Monument Marseille 127,France,FR,Provence-Alpes-Côte d'Azur,13,Marseille,"Monument location in Marseille, Provence-Alpes-Côte d'Azur, France.",Monument,Monument,Landmark,"Located in Marseille, Provence-Alpes-Côte d'Azur.",43.2995,5.3728,,1767,No,Spring; Summer; Autumn,,,,
FR-001768,Beach Bordeaux 127,France,FR,Nouvelle-Aquitaine,33,Bordeaux,"Beach location in Bordeaux, Nouvelle-Aquitaine, France.",Beach,Beach,Nature & Recreation,"Located in Bordeaux, Nouvelle-Aquitaine.",44.8428,-0.5742,,1768,No,Spring; Summer; Autumn,,,,
FR-001769,Viewpoint Toulouse 127,France,FR,Occitanie,31,Toulouse,"Viewpoint location in Toulouse, Occitanie, France.",Viewpoint,Viewpoint,Scenic Attraction,"Located in Toulouse, Occitanie.",43.6117,1.4512,,1769,No,Spring; Summer; Autumn,,,,
FR-001770,Market Lille 127,France,FR,Hauts-de-France,59,Lille,"Market location in Lille, Hauts-de-France, France.",Market,Market,Local Attraction,"Located in Lille, Hauts-de-France.",50.6382,3.0663,,1770,No,Spring; Summer; Autumn,,,,
FR-001771,Art Gallery Strasbourg 127,France,FR,Grand Est,67,Strasbourg,"Art Gallery location in Strasbourg, Grand Est, France.",Art Gallery,Art Gallery,Cultural Attraction,"Located in Strasbourg, Grand Est.",48.5644,7.7431,,1771,No,Spring; Summer; Autumn,,,,
FR-001772,Theatre Nantes 127,France,FR,Pays de la Loire,44,Nantes,"Theatre location in Nantes, Pays de la Loire, France.",Theatre,Theatre,Performing Arts,"Located in Nantes, Pays de la Loire.",47.2114,-1.5606,,1772,No,Spring; Summer; Autumn,,,,
FR-001773,Church Rennes 127,France,FR,Bretagne,35,Rennes,"Church location in Rennes, Bretagne, France.",Church,Church,Religious Site,"Located in Rennes, Bretagne.",48.1123,-1.6828,,1773,No,Spring; Summer; Autumn,,,,
FR-001774,Abbey Rouen 127,France,FR,Normandie,76,Rouen,"Abbey location in Rouen, Normandie, France.",Abbey,Abbey,Religious Site,"Located in Rouen, Normandie.",49.4402,1.0963,,1774,No,Spring; Summer; Autumn,,,,
FR-001775,Fortress Dijon 127,France,FR,Bourgogne-Franche-Comté,21,Dijon,"Fortress location in Dijon, Bourgogne-Franche-Comté, France.",Fortress,Fortress,Historic Landmark,"Located in Dijon, Bourgogne-Franche-Comté.",47.321,5.0405,,1775,No,Spring; Summer; Autumn,,,,
FR-001776,Archaeological Site Tours 127,France,FR,Centre-Val de Loire,37,Tours,"Archaeological Site location in Tours, Centre-Val de Loire, France.",Archaeological Site,Archaeological Site,Historic Site,"Located in Tours, Centre-Val de Loire.",47.3951,0.6858,,1776,No,Spring; Summer; Autumn,,,,
FR-001777,Zoo Ajaccio 127,France,FR,Corse,2A,Ajaccio,"Zoo location in Ajaccio, Corse, France.",Zoo,Zoo,Family Attraction,"Located in Ajaccio, Corse.",41.9222,8.7416,,1777,No,Spring; Summer; Autumn,,,,
FR-001778,Aquarium Saint-Denis 127,France,FR,La Réunion,974,Saint-Denis,"Aquarium location in Saint-Denis, La Réunion, France.",Aquarium,Aquarium,Family Attraction,"Located in Saint-Denis, La Réunion.",-20.8739,55.4531,,1778,No,Spring; Summer; Autumn,,,,
FR-001779,Botanical Garden Paris 128,France,FR,Île-de-France,75,Paris,"Botanical Garden location in Paris, Île-de-France, France.",Botanical Garden,Botanical Garden,Nature & Recreation,"Located in Paris, Île-de-France.",48.8636,2.3592,,1779,No,Spring; Summer; Autumn,,,,
FR-001780,Marina Lyon 128,France,FR,Auvergne-Rhône-Alpes,69,Lyon,"Marina location in Lyon, Auvergne-Rhône-Alpes, France.",Marina,Marina,Leisure,"Located in Lyon, Auvergne-Rhône-Alpes.",45.773,4.8447,,1780,No,Spring; Summer; Autumn,,,,
FR-001781,Historic Site Marseille 128,France,FR,Provence-Alpes-Côte d'Azur,13,Marseille,"Historic Site location in Marseille, Provence-Alpes-Côte d'Azur, France.",Historic Site,Historic Site,Landmark,"Located in Marseille, Provence-Alpes-Côte d'Azur.",43.2875,5.3608,,1781,No,Spring; Summer; Autumn,,,,
FR-001782,Museum Bordeaux 128,France,FR,Nouvelle-Aquitaine,33,Bordeaux,"Museum location in Bordeaux, Nouvelle-Aquitaine, France.",Museum,Museum,Cultural Attraction,"Located in Bordeaux, Nouvelle-Aquitaine.",44.8308,-0.5862,,1782,No,Spring; Summer; Autumn,,,,
FR-001783,Castle Toulouse 128,France,FR,Occitanie,31,Toulouse,"Castle location in Toulouse, Occitanie, France.",Castle,Castle,Historic Landmark,"Located in Toulouse, Occitanie.",43.5997,1.4392,,1783,No,Spring; Summer; Autumn,,,,
FR-001784,Cathedral Lille 128,France,FR,Hauts-de-France,59,Lille,"Cathedral location in Lille, Hauts-de-France, France.",Cathedral,Cathedral,Religious Site,"Located in Lille, Hauts-de-France.",50.6262,3.0543,,1784,No,Spring; Summer; Autumn,,,,
FR-001785,Park Strasbourg 128,France,FR,Grand Est,67,Strasbourg,"Park location in Strasbourg, Grand Est, France.",Park,Park,Nature & Recreation,"Located in Strasbourg, Grand Est.",48.5724,7.7511,,1785,No,Spring; Summer; Autumn,,,,
FR-001786,Garden Nantes 128,France,FR,Pays de la Loire,44,Nantes,"Garden location in Nantes, Pays de la Loire, France.",Garden,Garden,Nature & Recreation,"Located in Nantes, Pays de la Loire.",47.2194,-1.5526,,1786,No,Spring; Summer; Autumn,,,,
FR-001787,Monument Rennes 128,France,FR,Bretagne,35,Rennes,"Monument location in Rennes, Bretagne, France.",Monument,Monument,Landmark,"Located in Rennes, Bretagne.",48.1203,-1.6748,,1787,No,Spring; Summer; Autumn,,,,
FR-001788,Beach Rouen 128,France,FR,Normandie,76,Rouen,"Beach location in Rouen, Normandie, France.",Beach,Beach,Nature & Recreation,"Located in Rouen, Normandie.",49.4482,1.1043,,1788,No,Spring; Summer; Autumn,,,,
FR-001789,Viewpoint Dijon 128,France,FR,Bourgogne-Franche-Comté,21,Dijon,"Viewpoint location in Dijon, Bourgogne-Franche-Comté, France.",Viewpoint,Viewpoint,Scenic Attraction,"Located in Dijon, Bourgogne-Franche-Comté.",47.329,5.0485,,1789,No,Spring; Summer; Autumn,,,,
FR-001790,Market Tours 128,France,FR,Centre-Val de Loire,37,Tours,"Market location in Tours, Centre-Val de Loire, France.",Market,Market,Local Attraction,"Located in Tours, Centre-Val de Loire.",47.4031,0.6938,,1790,No,Spring; Summer; Autumn,,,,
FR-001791,Art Gallery Ajaccio 128,France,FR,Corse,2A,Ajaccio,"Art Gallery location in Ajaccio, Corse, France.",Art Gallery,Art Gallery,Cultural Attraction,"Located in Ajaccio, Corse.",41.9102,8.7296,,1791,No,Spring; Summer; Autumn,,,,
FR-001792,Theatre Saint-Denis 128,France,FR,La Réunion,974,Saint-Denis,"Theatre location in Saint-Denis, La Réunion, France.",Theatre,Theatre,Performing Arts,"Located in Saint-Denis, La Réunion.",-20.8859,55.4411,,1792,No,Spring; Summer; Autumn,,,,
FR-001793,Church Paris 129,France,FR,Île-de-France,75,Paris,"Church location in Paris, Île-de-France, France.",Church,Church,Religious Site,"Located in Paris, Île-de-France.",48.8516,2.3472,,1793,No,Spring; Summer; Autumn,,,,
FR-001794,Abbey Lyon 129,France,FR,Auvergne-Rhône-Alpes,69,Lyon,"Abbey location in Lyon, Auvergne-Rhône-Alpes, France.",Abbey,Abbey,Religious Site,"Located in Lyon, Auvergne-Rhône-Alpes.",45.761,4.8327,,1794,No,Spring; Summer; Autumn,,,,
FR-001795,Fortress Marseille 129,France,FR,Provence-Alpes-Côte d'Azur,13,Marseille,"Fortress location in Marseille, Provence-Alpes-Côte d'Azur, France.",Fortress,Fortress,Historic Landmark,"Located in Marseille, Provence-Alpes-Côte d'Azur.",43.2955,5.3688,,1795,No,Spring; Summer; Autumn,,,,
FR-001796,Archaeological Site Bordeaux 129,France,FR,Nouvelle-Aquitaine,33,Bordeaux,"Archaeological Site location in Bordeaux, Nouvelle-Aquitaine, France.",Archaeological Site,Archaeological Site,Historic Site,"Located in Bordeaux, Nouvelle-Aquitaine.",44.8388,-0.5782,,1796,No,Spring; Summer; Autumn,,,,
FR-001797,Zoo Toulouse 129,France,FR,Occitanie,31,Toulouse,"Zoo location in Toulouse, Occitanie, France.",Zoo,Zoo,Family Attraction,"Located in Toulouse, Occitanie.",43.6077,1.4472,,1797,No,Spring; Summer; Autumn,,,,
FR-001798,Aquarium Lille 129,France,FR,Hauts-de-France,59,Lille,"Aquarium location in Lille, Hauts-de-France, France.",Aquarium,Aquarium,Family Attraction,"Located in Lille, Hauts-de-France.",50.6342,3.0623,,1798,No,Spring; Summer; Autumn,,,,
FR-001799,Botanical Garden Strasbourg 129,France,FR,Grand Est,67,Strasbourg,"Botanical Garden location in Strasbourg, Grand Est, France.",Botanical Garden,Botanical Garden,Nature & Recreation,"Located in Strasbourg, Grand Est.",48.5804,7.7591,,1799,No,Spring; Summer; Autumn,,,,
FR-001800,Marina Nantes 129,France,FR,Pays de la Loire,44,Nantes,"Marina location in Nantes, Pays de la Loire, France.",Marina,Marina,Leisure,"Located in Nantes, Pays de la Loire.",47.2274,-1.5446,,1800,No,Spring; Summer; Autumn,,,,
FR-001801,Historic Site Rennes 129,France,FR,Bretagne,35,Rennes,"Historic Site location in Rennes, Bretagne, France.",Historic Site,Historic Site,Landmark,"Located in Rennes, Bretagne.",48.1083,-1.6868,,1801,No,Spring; Summer; Autumn,,,,
FR-001802,Museum Rouen 129,France,FR,Normandie,76,Rouen,"Museum location in Rouen, Normandie, France.",Museum,Museum,Cultural Attraction,"Located in Rouen, Normandie.",49.4362,1.0923,,1802,No,Spring; Summer; Autumn,,,,
FR-001803,Castle Dijon 129,France,FR,Bourgogne-Franche-Comté,21,Dijon,"Castle location in Dijon, Bourgogne-Franche-Comté, France.",Castle,Castle,Historic Landmark,"Located in Dijon, Bourgogne-Franche-Comté.",47.317,5.0365,,1803,No,Spring; Summer; Autumn,,,,
FR-001804,Cathedral Tours 129,France,FR,Centre-Val de Loire,37,Tours,"Cathedral location in Tours, Centre-Val de Loire, France.",Cathedral,Cathedral,Religious Site,"Located in Tours, Centre-Val de Loire.",47.3911,0.6818,,1804,No,Spring; Summer; Autumn,,,,
FR-001805,Park Ajaccio 129,France,FR,Corse,2A,Ajaccio,"Park location in Ajaccio, Corse, France.",Park,Park,Nature & Recreation,"Located in Ajaccio, Corse.",41.9182,8.7376,,1805,No,Spring; Summer; Autumn,,,,
FR-001806,Garden Saint-Denis 129,France,FR,La Réunion,974,Saint-Denis,"Garden location in Saint-Denis, La Réunion, France.",Garden,Garden,Nature & Recreation,"Located in Saint-Denis, La Réunion.",-20.8779,55.4491,,1806,No,Spring; Summer; Autumn,,,,
FR-001807,Monument Paris 130,France,FR,Île-de-France,75,Paris,"Monument location in Paris, Île-de-France, France.",Monument,Monument,Landmark,"Located in Paris, Île-de-France.",48.8596,2.3552,,1807,No,Spring; Summer; Autumn,,,,
FR-001808,Beach Lyon 130,France,FR,Auvergne-Rhône-Alpes,69,Lyon,"Beach location in Lyon, Auvergne-Rhône-Alpes, France.",Beach,Beach,Nature & Recreation,"Located in Lyon, Auvergne-Rhône-Alpes.",45.769,4.8407,,1808,No,Spring; Summer; Autumn,,,,
FR-001809,Viewpoint Marseille 130,France,FR,Provence-Alpes-Côte d'Azur,13,Marseille,"Viewpoint location in Marseille, Provence-Alpes-Côte d'Azur, France.",Viewpoint,Viewpoint,Scenic Attraction,"Located in Marseille, Provence-Alpes-Côte d'Azur.",43.3035,5.3768,,1809,No,Spring; Summer; Autumn,,,,
FR-001810,Market Bordeaux 130,France,FR,Nouvelle-Aquitaine,33,Bordeaux,"Market location in Bordeaux, Nouvelle-Aquitaine, France.",Market,Market,Local Attraction,"Located in Bordeaux, Nouvelle-Aquitaine.",44.8468,-0.5702,,1810,No,Spring; Summer; Autumn,,,,
FR-001811,Art Gallery Toulouse 130,France,FR,Occitanie,31,Toulouse,"Art Gallery location in Toulouse, Occitanie, France.",Art Gallery,Art Gallery,Cultural Attraction,"Located in Toulouse, Occitanie.",43.5957,1.4352,,1811,No,Spring; Summer; Autumn,,,,
FR-001812,Theatre Lille 130,France,FR,Hauts-de-France,59,Lille,"Theatre location in Lille, Hauts-de-France, France.",Theatre,Theatre,Performing Arts,"Located in Lille, Hauts-de-France.",50.6222,3.0503,,1812,No,Spring; Summer; Autumn,,,,
FR-001813,Church Strasbourg 130,France,FR,Grand Est,67,Strasbourg,"Church location in Strasbourg, Grand Est, France.",Church,Church,Religious Site,"Located in Strasbourg, Grand Est.",48.5684,7.7471,,1813,No,Spring; Summer; Autumn,,,,
FR-001814,Abbey Nantes 130,France,FR,Pays de la Loire,44,Nantes,"Abbey location in Nantes, Pays de la Loire, France.",Abbey,Abbey,Religious Site,"Located in Nantes, Pays de la Loire.",47.2154,-1.5566,,1814,No,Spring; Summer; Autumn,,,,
FR-001815,Fortress Rennes 130,France,FR,Bretagne,35,Rennes,"Fortress location in Rennes, Bretagne, France.",Fortress,Fortress,Historic Landmark,"Located in Rennes, Bretagne.",48.1163,-1.6788,,1815,No,Spring; Summer; Autumn,,,,
FR-001816,Archaeological Site Rouen 130,France,FR,Normandie,76,Rouen,"Archaeological Site location in Rouen, Normandie, France.",Archaeological Site,Archaeological Site,Historic Site,"Located in Rouen, Normandie.",49.4442,1.1003,,1816,No,Spring; Summer; Autumn,,,,
FR-001817,Zoo Dijon 130,France,FR,Bourgogne-Franche-Comté,21,Dijon,"Zoo location in Dijon, Bourgogne-Franche-Comté, France.",Zoo,Zoo,Family Attraction,"Located in Dijon, Bourgogne-Franche-Comté.",47.325,5.0445,,1817,No,Spring; Summer; Autumn,,,,
FR-001818,Aquarium Tours 130,France,FR,Centre-Val de Loire,37,Tours,"Aquarium location in Tours, Centre-Val de Loire, France.",Aquarium,Aquarium,Family Attraction,"Located in Tours, Centre-Val de Loire.",47.3991,0.6898,,1818,No,Spring; Summer; Autumn,,,,
FR-001819,Botanical Garden Ajaccio 130,France,FR,Corse,2A,Ajaccio,"Botanical Garden location in Ajaccio, Corse, France.",Botanical Garden,Botanical Garden,Nature & Recreation,"Located in Ajaccio, Corse.",41.9262,8.7456,,1819,No,Spring; Summer; Autumn,,,,
FR-001820,Marina Saint-Denis 130,France,FR,La Réunion,974,Saint-Denis,"Marina location in Saint-Denis, La Réunion, France.",Marina,Marina,Leisure,"Located in Saint-Denis, La Réunion.",-20.8699,55.4571,,1820,No,Spring; Summer; Autumn,,,,
FR-001821,Historic Site Paris 131,France,FR,Île-de-France,75,Paris,"Historic Site location in Paris, Île-de-France, France.",Historic Site,Historic Site,Landmark,"Located in Paris, Île-de-France.",48.8476,2.3432,,1821,No,Spring; Summer; Autumn,,,,
FR-001822,Museum Lyon 131,France,FR,Auvergne-Rhône-Alpes,69,Lyon,"Museum location in Lyon, Auvergne-Rhône-Alpes, France.",Museum,Museum,Cultural Attraction,"Located in Lyon, Auvergne-Rhône-Alpes.",45.757,4.8287,,1822,No,Spring; Summer; Autumn,,,,
FR-001823,Castle Marseille 131,France,FR,Provence-Alpes-Côte d'Azur,13,Marseille,"Castle location in Marseille, Provence-Alpes-Côte d'Azur, France.",Castle,Castle,Historic Landmark,"Located in Marseille, Provence-Alpes-Côte d'Azur.",43.2915,5.3648,,1823,No,Spring; Summer; Autumn,,,,
FR-001824,Cathedral Bordeaux 131,France,FR,Nouvelle-Aquitaine,33,Bordeaux,"Cathedral location in Bordeaux, Nouvelle-Aquitaine, France.",Cathedral,Cathedral,Religious Site,"Located in Bordeaux, Nouvelle-Aquitaine.",44.8348,-0.5822,,1824,No,Spring; Summer; Autumn,,,,
FR-001825,Park Toulouse 131,France,FR,Occitanie,31,Toulouse,"Park location in Toulouse, Occitanie, France.",Park,Park,Nature & Recreation,"Located in Toulouse, Occitanie.",43.6037,1.4432,,1825,No,Spring; Summer; Autumn,,,,
FR-001826,Garden Lille 131,France,FR,Hauts-de-France,59,Lille,"Garden location in Lille, Hauts-de-France, France.",Garden,Garden,Nature & Recreation,"Located in Lille, Hauts-de-France.",50.6302,3.0583,,1826,No,Spring; Summer; Autumn,,,,
FR-001827,Monument Strasbourg 131,France,FR,Grand Est,67,Strasbourg,"Monument location in Strasbourg, Grand Est, France.",Monument,Monument,Landmark,"Located in Strasbourg, Grand Est.",48.5764,7.7551,,1827,No,Spring; Summer; Autumn,,,,
FR-001828,Beach Nantes 131,France,FR,Pays de la Loire,44,Nantes,"Beach location in Nantes, Pays de la Loire, France.",Beach,Beach,Nature & Recreation,"Located in Nantes, Pays de la Loire.",47.2234,-1.5486,,1828,No,Spring; Summer; Autumn,,,,
FR-001829,Viewpoint Rennes 131,France,FR,Bretagne,35,Rennes,"Viewpoint location in Rennes, Bretagne, France.",Viewpoint,Viewpoint,Scenic Attraction,"Located in Rennes, Bretagne.",48.1243,-1.6708,,1829,No,Spring; Summer; Autumn,,,,
FR-001830,Market Rouen 131,France,FR,Normandie,76,Rouen,"Market location in Rouen, Normandie, France.",Market,Market,Local Attraction,"Located in Rouen, Normandie.",49.4522,1.1083,,1830,No,Spring; Summer; Autumn,,,,
FR-001831,Art Gallery Dijon 131,France,FR,Bourgogne-Franche-Comté,21,Dijon,"Art Gallery location in Dijon, Bourgogne-Franche-Comté, France.",Art Gallery,Art Gallery,Cultural Attraction,"Located in Dijon, Bourgogne-Franche-Comté.",47.313,5.0325,,1831,No,Spring; Summer; Autumn,,,,
FR-001832,Theatre Tours 131,France,FR,Centre-Val de Loire,37,Tours,"Theatre location in Tours, Centre-Val de Loire, France.",Theatre,Theatre,Performing Arts,"Located in Tours, Centre-Val de Loire.",47.3871,0.6778,,1832,No,Spring; Summer; Autumn,,,,
FR-001833,Church Ajaccio 131,France,FR,Corse,2A,Ajaccio,"Church location in Ajaccio, Corse, France.",Church,Church,Religious Site,"Located in Ajaccio, Corse.",41.9142,8.7336,,1833,No,Spring; Summer; Autumn,,,,
FR-001834,Abbey Saint-Denis 131,France,FR,La Réunion,974,Saint-Denis,"Abbey location in Saint-Denis, La Réunion, France.",Abbey,Abbey,Religious Site,"Located in Saint-Denis, La Réunion.",-20.8819,55.4451,,1834,No,Spring; Summer; Autumn,,,,
FR-001835,Fortress Paris 132,France,FR,Île-de-France,75,Paris,"Fortress location in Paris, Île-de-France, France.",Fortress,Fortress,Historic Landmark,"Located in Paris, Île-de-France.",48.8556,2.3512,,1835,No,Spring; Summer; Autumn,,,,
FR-001836,Archaeological Site Lyon 132,France,FR,Auvergne-Rhône-Alpes,69,Lyon,"Archaeological Site location in Lyon, Auvergne-Rhône-Alpes, France.",Archaeological Site,Archaeological Site,Historic Site,"Located in Lyon, Auvergne-Rhône-Alpes.",45.765,4.8367,,1836,No,Spring; Summer; Autumn,,,,
FR-001837,Zoo Marseille 132,France,FR,Provence-Alpes-Côte d'Azur,13,Marseille,"Zoo location in Marseille, Provence-Alpes-Côte d'Azur, France.",Zoo,Zoo,Family Attraction,"Located in Marseille, Provence-Alpes-Côte d'Azur.",43.2995,5.3728,,1837,No,Spring; Summer; Autumn,,,,
FR-001838,Aquarium Bordeaux 132,France,FR,Nouvelle-Aquitaine,33,Bordeaux,"Aquarium location in Bordeaux, Nouvelle-Aquitaine, France.",Aquarium,Aquarium,Family Attraction,"Located in Bordeaux, Nouvelle-Aquitaine.",44.8428,-0.5742,,1838,No,Spring; Summer; Autumn,,,,
FR-001839,Botanical Garden Toulouse 132,France,FR,Occitanie,31,Toulouse,"Botanical Garden location in Toulouse, Occitanie, France.",Botanical Garden,Botanical Garden,Nature & Recreation,"Located in Toulouse, Occitanie.",43.6117,1.4512,,1839,No,Spring; Summer; Autumn,,,,
FR-001840,Marina Lille 132,France,FR,Hauts-de-France,59,Lille,"Marina location in Lille, Hauts-de-France, France.",Marina,Marina,Leisure,"Located in Lille, Hauts-de-France.",50.6382,3.0663,,1840,No,Spring; Summer; Autumn,,,,
FR-001841,Historic Site Strasbourg 132,France,FR,Grand Est,67,Strasbourg,"Historic Site location in Strasbourg, Grand Est, France.",Historic Site,Historic Site,Landmark,"Located in Strasbourg, Grand Est.",48.5644,7.7431,,1841,No,Spring; Summer; Autumn,,,,
FR-001842,Museum Nantes 132,France,FR,Pays de la Loire,44,Nantes,"Museum location in Nantes, Pays de la Loire, France.",Museum,Museum,Cultural Attraction,"Located in Nantes, Pays de la Loire.",47.2114,-1.5606,,1842,No,Spring; Summer; Autumn,,,,
FR-001843,Castle Rennes 132,France,FR,Bretagne,35,Rennes,"Castle location in Rennes, Bretagne, France.",Castle,Castle,Historic Landmark,"Located in Rennes, Bretagne.",48.1123,-1.6828,,1843,No,Spring; Summer; Autumn,,,,
FR-001844,Cathedral Rouen 132,France,FR,Normandie,76,Rouen,"Cathedral location in Rouen, Normandie, France.",Cathedral,Cathedral,Religious Site,"Located in Rouen, Normandie.",49.4402,1.0963,,1844,No,Spring; Summer; Autumn,,,,
FR-001845,Park Dijon 132,France,FR,Bourgogne-Franche-Comté,21,Dijon,"Park location in Dijon, Bourgogne-Franche-Comté, France.",Park,Park,Nature & Recreation,"Located in Dijon, Bourgogne-Franche-Comté.",47.321,5.0405,,1845,No,Spring; Summer; Autumn,,,,
FR-001846,Garden Tours 132,France,FR,Centre-Val de Loire,37,Tours,"Garden location in Tours, Centre-Val de Loire, France.",Garden,Garden,Nature & Recreation,"Located in Tours, Centre-Val de Loire.",47.3951,0.6858,,1846,No,Spring; Summer; Autumn,,,,
FR-001847,Monument Ajaccio 132,France,FR,Corse,2A,Ajaccio,"Monument location in Ajaccio, Corse, France.",Monument,Monument,Landmark,"Located in Ajaccio, Corse.",41.9222,8.7416,,1847,No,Spring; Summer; Autumn,,,,
FR-001848,Beach Saint-Denis 132,France,FR,La Réunion,974,Saint-Denis,"Beach location in Saint-Denis, La Réunion, France.",Beach,Beach,Nature & Recreation,"Located in Saint-Denis, La Réunion.",-20.8739,55.4531,,1848,No,Spring; Summer; Autumn,,,,
FR-001849,Viewpoint Paris 133,France,FR,Île-de-France,75,Paris,"Viewpoint location in Paris, Île-de-France, France.",Viewpoint,Viewpoint,Scenic Attraction,"Located in Paris, Île-de-France.",48.8636,2.3592,,1849,No,Spring; Summer; Autumn,,,,
FR-001850,Market Lyon 133,France,FR,Auvergne-Rhône-Alpes,69,Lyon,"Market location in Lyon, Auvergne-Rhône-Alpes, France.",Market,Market,Local Attraction,"Located in Lyon, Auvergne-Rhône-Alpes.",45.773,4.8447,,1850,No,Spring; Summer; Autumn,,,,
FR-001851,Art Gallery Marseille 133,France,FR,Provence-Alpes-Côte d'Azur,13,Marseille,"Art Gallery location in Marseille, Provence-Alpes-Côte d'Azur, France.",Art Gallery,Art Gallery,Cultural Attraction,"Located in Marseille, Provence-Alpes-Côte d'Azur.",43.2875,5.3608,,1851,No,Spring; Summer; Autumn,,,,
FR-001852,Theatre Bordeaux 133,France,FR,Nouvelle-Aquitaine,33,Bordeaux,"Theatre location in Bordeaux, Nouvelle-Aquitaine, France.",Theatre,Theatre,Performing Arts,"Located in Bordeaux, Nouvelle-Aquitaine.",44.8308,-0.5862,,1852,No,Spring; Summer; Autumn,,,,
FR-001853,Church Toulouse 133,France,FR,Occitanie,31,Toulouse,"Church location in Toulouse, Occitanie, France.",Church,Church,Religious Site,"Located in Toulouse, Occitanie.",43.5997,1.4392,,1853,No,Spring; Summer; Autumn,,,,
FR-001854,Abbey Lille 133,France,FR,Hauts-de-France,59,Lille,"Abbey location in Lille, Hauts-de-France, France.",Abbey,Abbey,Religious Site,"Located in Lille, Hauts-de-France.",50.6262,3.0543,,1854,No,Spring; Summer; Autumn,,,,
FR-001855,Fortress Strasbourg 133,France,FR,Grand Est,67,Strasbourg,"Fortress location in Strasbourg, Grand Est, France.",Fortress,Fortress,Historic Landmark,"Located in Strasbourg, Grand Est.",48.5724,7.7511,,1855,No,Spring; Summer; Autumn,,,,
FR-001856,Archaeological Site Nantes 133,France,FR,Pays de la Loire,44,Nantes,"Archaeological Site location in Nantes, Pays de la Loire, France.",Archaeological Site,Archaeological Site,Historic Site,"Located in Nantes, Pays de la Loire.",47.2194,-1.5526,,1856,No,Spring; Summer; Autumn,,,,
FR-001857,Zoo Rennes 133,France,FR,Bretagne,35,Rennes,"Zoo location in Rennes, Bretagne, France.",Zoo,Zoo,Family Attraction,"Located in Rennes, Bretagne.",48.1203,-1.6748,,1857,No,Spring; Summer; Autumn,,,,
FR-001858,Aquarium Rouen 133,France,FR,Normandie,76,Rouen,"Aquarium location in Rouen, Normandie, France.",Aquarium,Aquarium,Family Attraction,"Located in Rouen, Normandie.",49.4482,1.1043,,1858,No,Spring; Summer; Autumn,,,,
FR-001859,Botanical Garden Dijon 133,France,FR,Bourgogne-Franche-Comté,21,Dijon,"Botanical Garden location in Dijon, Bourgogne-Franche-Comté, France.",Botanical Garden,Botanical Garden,Nature & Recreation,"Located in Dijon, Bourgogne-Franche-Comté.",47.329,5.0485,,1859,No,Spring; Summer; Autumn,,,,
FR-001860,Marina Tours 133,France,FR,Centre-Val de Loire,37,Tours,"Marina location in Tours, Centre-Val de Loire, France.",Marina,Marina,Leisure,"Located in Tours, Centre-Val de Loire.",47.4031,0.6938,,1860,No,Spring; Summer; Autumn,,,,
FR-001861,Historic Site Ajaccio 133,France,FR,Corse,2A,Ajaccio,"Historic Site location in Ajaccio, Corse, France.",Historic Site,Historic Site,Landmark,"Located in Ajaccio, Corse.",41.9102,8.7296,,1861,No,Spring; Summer; Autumn,,,,
FR-001862,Museum Saint-Denis 133,France,FR,La Réunion,974,Saint-Denis,"Museum location in Saint-Denis, La Réunion, France.",Museum,Museum,Cultural Attraction,"Located in Saint-Denis, La Réunion.",-20.8859,55.4411,,1862,No,Spring; Summer; Autumn,,,,
FR-001863,Castle Paris 134,France,FR,Île-de-France,75,Paris,"Castle location in Paris, Île-de-France, France.",Castle,Castle,Historic Landmark,"Located in Paris, Île-de-France.",48.8516,2.3472,,1863,No,Spring; Summer; Autumn,,,,
FR-001864,Cathedral Lyon 134,France,FR,Auvergne-Rhône-Alpes,69,Lyon,"Cathedral location in Lyon, Auvergne-Rhône-Alpes, France.",Cathedral,Cathedral,Religious Site,"Located in Lyon, Auvergne-Rhône-Alpes.",45.761,4.8327,,1864,No,Spring; Summer; Autumn,,,,
FR-001865,Park Marseille 134,France,FR,Provence-Alpes-Côte d'Azur,13,Marseille,"Park location in Marseille, Provence-Alpes-Côte d'Azur, France.",Park,Park,Nature & Recreation,"Located in Marseille, Provence-Alpes-Côte d'Azur.",43.2955,5.3688,,1865,No,Spring; Summer; Autumn,,,,
FR-001866,Garden Bordeaux 134,France,FR,Nouvelle-Aquitaine,33,Bordeaux,"Garden location in Bordeaux, Nouvelle-Aquitaine, France.",Garden,Garden,Nature & Recreation,"Located in Bordeaux, Nouvelle-Aquitaine.",44.8388,-0.5782,,1866,No,Spring; Summer; Autumn,,,,
FR-001867,Monument Toulouse 134,France,FR,Occitanie,31,Toulouse,"Monument location in Toulouse, Occitanie, France.",Monument,Monument,Landmark,"Located in Toulouse, Occitanie.",43.6077,1.4472,,1867,No,Spring; Summer; Autumn,,,,
FR-001868,Beach Lille 134,France,FR,Hauts-de-France,59,Lille,"Beach location in Lille, Hauts-de-France, France.",Beach,Beach,Nature & Recreation,"Located in Lille, Hauts-de-France.",50.6342,3.0623,,1868,No,Spring; Summer; Autumn,,,,
FR-001869,Viewpoint Strasbourg 134,France,FR,Grand Est,67,Strasbourg,"Viewpoint location in Strasbourg, Grand Est, France.",Viewpoint,Viewpoint,Scenic Attraction,"Located in Strasbourg, Grand Est.",48.5804,7.7591,,1869,No,Spring; Summer; Autumn,,,,
FR-001870,Market Nantes 134,France,FR,Pays de la Loire,44,Nantes,"Market location in Nantes, Pays de la Loire, France.",Market,Market,Local Attraction,"Located in Nantes, Pays de la Loire.",47.2274,-1.5446,,1870,No,Spring; Summer; Autumn,,,,
FR-001871,Art Gallery Rennes 134,France,FR,Bretagne,35,Rennes,"Art Gallery location in Rennes, Bretagne, France.",Art Gallery,Art Gallery,Cultural Attraction,"Located in Rennes, Bretagne.",48.1083,-1.6868,,1871,No,Spring; Summer; Autumn,,,,
FR-001872,Theatre Rouen 134,France,FR,Normandie,76,Rouen,"Theatre location in Rouen, Normandie, France.",Theatre,Theatre,Performing Arts,"Located in Rouen, Normandie.",49.4362,1.0923,,1872,No,Spring; Summer; Autumn,,,,
FR-001873,Church Dijon 134,France,FR,Bourgogne-Franche-Comté,21,Dijon,"Church location in Dijon, Bourgogne-Franche-Comté, France.",Church,Church,Religious Site,"Located in Dijon, Bourgogne-Franche-Comté.",47.317,5.0365,,1873,No,Spring; Summer; Autumn,,,,
FR-001874,Abbey Tours 134,France,FR,Centre-Val de Loire,37,Tours,"Abbey location in Tours, Centre-Val de Loire, France.",Abbey,Abbey,Religious Site,"Located in Tours, Centre-Val de Loire.",47.3911,0.6818,,1874,No,Spring; Summer; Autumn,,,,
FR-001875,Fortress Ajaccio 134,France,FR,Corse,2A,Ajaccio,"Fortress location in Ajaccio, Corse, France.",Fortress,Fortress,Historic Landmark,"Located in Ajaccio, Corse.",41.9182,8.7376,,1875,No,Spring; Summer; Autumn,,,,
FR-001876,Archaeological Site Saint-Denis 134,France,FR,La Réunion,974,Saint-Denis,"Archaeological Site location in Saint-Denis, La Réunion, France.",Archaeological Site,Archaeological Site,Historic Site,"Located in Saint-Denis, La Réunion.",-20.8779,55.4491,,1876,No,Spring; Summer; Autumn,,,,
FR-001877,Zoo Paris 135,France,FR,Île-de-France,75,Paris,"Zoo location in Paris, Île-de-France, France.",Zoo,Zoo,Family Attraction,"Located in Paris, Île-de-France.",48.8596,2.3552,,1877,No,Spring; Summer; Autumn,,,,
FR-001878,Aquarium Lyon 135,France,FR,Auvergne-Rhône-Alpes,69,Lyon,"Aquarium location in Lyon, Auvergne-Rhône-Alpes, France.",Aquarium,Aquarium,Family Attraction,"Located in Lyon, Auvergne-Rhône-Alpes.",45.769,4.8407,,1878,No,Spring; Summer; Autumn,,,,
FR-001879,Botanical Garden Marseille 135,France,FR,Provence-Alpes-Côte d'Azur,13,Marseille,"Botanical Garden location in Marseille, Provence-Alpes-Côte d'Azur, France.",Botanical Garden,Botanical Garden,Nature & Recreation,"Located in Marseille, Provence-Alpes-Côte d'Azur.",43.3035,5.3768,,1879,No,Spring; Summer; Autumn,,,,
FR-001880,Marina Bordeaux 135,France,FR,Nouvelle-Aquitaine,33,Bordeaux,"Marina location in Bordeaux, Nouvelle-Aquitaine, France.",Marina,Marina,Leisure,"Located in Bordeaux, Nouvelle-Aquitaine.",44.8468,-0.5702,,1880,No,Spring; Summer; Autumn,,,,
FR-001881,Historic Site Toulouse 135,France,FR,Occitanie,31,Toulouse,"Historic Site location in Toulouse, Occitanie, France.",Historic Site,Historic Site,Landmark,"Located in Toulouse, Occitanie.",43.5957,1.4352,,1881,No,Spring; Summer; Autumn,,,,
FR-001882,Museum Lille 135,France,FR,Hauts-de-France,59,Lille,"Museum location in Lille, Hauts-de-France, France.",Museum,Museum,Cultural Attraction,"Located in Lille, Hauts-de-France.",50.6222,3.0503,,1882,No,Spring; Summer; Autumn,,,,
FR-001883,Castle Strasbourg 135,France,FR,Grand Est,67,Strasbourg,"Castle location in Strasbourg, Grand Est, France.",Castle,Castle,Historic Landmark,"Located in Strasbourg, Grand Est.",48.5684,7.7471,,1883,No,Spring; Summer; Autumn,,,,
FR-001884,Cathedral Nantes 135,France,FR,Pays de la Loire,44,Nantes,"Cathedral location in Nantes, Pays de la Loire, France.",Cathedral,Cathedral,Religious Site,"Located in Nantes, Pays de la Loire.",47.2154,-1.5566,,1884,No,Spring; Summer; Autumn,,,,
FR-001885,Park Rennes 135,France,FR,Bretagne,35,Rennes,"Park location in Rennes, Bretagne, France.",Park,Park,Nature & Recreation,"Located in Rennes, Bretagne.",48.1163,-1.6788,,1885,No,Spring; Summer; Autumn,,,,
FR-001886,Garden Rouen 135,France,FR,Normandie,76,Rouen,"Garden location in Rouen, Normandie, France.",Garden,Garden,Nature & Recreation,"Located in Rouen, Normandie.",49.4442,1.1003,,1886,No,Spring; Summer; Autumn,,,,
FR-001887,Monument Dijon 135,France,FR,Bourgogne-Franche-Comté,21,Dijon,"Monument location in Dijon, Bourgogne-Franche-Comté, France.",Monument,Monument,Landmark,"Located in Dijon, Bourgogne-Franche-Comté.",47.325,5.0445,,1887,No,Spring; Summer; Autumn,,,,
FR-001888,Beach Tours 135,France,FR,Centre-Val de Loire,37,Tours,"Beach location in Tours, Centre-Val de Loire, France.",Beach,Beach,Nature & Recreation,"Located in Tours, Centre-Val de Loire.",47.3991,0.6898,,1888,No,Spring; Summer; Autumn,,,,
FR-001889,Viewpoint Ajaccio 135,France,FR,Corse,2A,Ajaccio,"Viewpoint location in Ajaccio, Corse, France.",Viewpoint,Viewpoint,Scenic Attraction,"Located in Ajaccio, Corse.",41.9262,8.7456,,1889,No,Spring; Summer; Autumn,,,,
FR-001890,Market Saint-Denis 135,France,FR,La Réunion,974,Saint-Denis,"Market location in Saint-Denis, La Réunion, France.",Market,Market,Local Attraction,"Located in Saint-Denis, La Réunion.",-20.8699,55.4571,,1890,No,Spring; Summer; Autumn,,,,
FR-001891,Art Gallery Paris 136,France,FR,Île-de-France,75,Paris,"Art Gallery location in Paris, Île-de-France, France.",Art Gallery,Art Gallery,Cultural Attraction,"Located in Paris, Île-de-France.",48.8476,2.3432,,1891,No,Spring; Summer; Autumn,,,,
FR-001892,Theatre Lyon 136,France,FR,Auvergne-Rhône-Alpes,69,Lyon,"Theatre location in Lyon, Auvergne-Rhône-Alpes, France.",Theatre,Theatre,Performing Arts,"Located in Lyon, Auvergne-Rhône-Alpes.",45.757,4.8287,,1892,No,Spring; Summer; Autumn,,,,
FR-001893,Church Marseille 136,France,FR,Provence-Alpes-Côte d'Azur,13,Marseille,"Church location in Marseille, Provence-Alpes-Côte d'Azur, France.",Church,Church,Religious Site,"Located in Marseille, Provence-Alpes-Côte d'Azur.",43.2915,5.3648,,1893,No,Spring; Summer; Autumn,,,,
FR-001894,Abbey Bordeaux 136,France,FR,Nouvelle-Aquitaine,33,Bordeaux,"Abbey location in Bordeaux, Nouvelle-Aquitaine, France.",Abbey,Abbey,Religious Site,"Located in Bordeaux, Nouvelle-Aquitaine.",44.8348,-0.5822,,1894,No,Spring; Summer; Autumn,,,,
FR-001895,Fortress Toulouse 136,France,FR,Occitanie,31,Toulouse,"Fortress location in Toulouse, Occitanie, France.",Fortress,Fortress,Historic Landmark,"Located in Toulouse, Occitanie.",43.6037,1.4432,,1895,No,Spring; Summer; Autumn,,,,
FR-001896,Archaeological Site Lille 136,France,FR,Hauts-de-France,59,Lille,"Archaeological Site location in Lille, Hauts-de-France, France.",Archaeological Site,Archaeological Site,Historic Site,"Located in Lille, Hauts-de-France.",50.6302,3.0583,,1896,No,Spring; Summer; Autumn,,,,
FR-001897,Zoo Strasbourg 136,France,FR,Grand Est,67,Strasbourg,"Zoo location in Strasbourg, Grand Est, France.",Zoo,Zoo,Family Attraction,"Located in Strasbourg, Grand Est.",48.5764,7.7551,,1897,No,Spring; Summer; Autumn,,,,
FR-001898,Aquarium Nantes 136,France,FR,Pays de la Loire,44,Nantes,"Aquarium location in Nantes, Pays de la Loire, France.",Aquarium,Aquarium,Family Attraction,"Located in Nantes, Pays de la Loire.",47.2234,-1.5486,,1898,No,Spring; Summer; Autumn,,,,
FR-001899,Botanical Garden Rennes 136,France,FR,Bretagne,35,Rennes,"Botanical Garden location in Rennes, Bretagne, France.",Botanical Garden,Botanical Garden,Nature & Recreation,"Located in Rennes, Bretagne.",48.1243,-1.6708,,1899,No,Spring; Summer; Autumn,,,,
FR-001900,Marina Rouen 136,France,FR,Normandie,76,Rouen,"Marina location in Rouen, Normandie, France.",Marina,Marina,Leisure,"Located in Rouen, Normandie.",49.4522,1.1083,,1900,No,Spring; Summer; Autumn,,,,
FR-001901,Historic Site Dijon 136,France,FR,Bourgogne-Franche-Comté,21,Dijon,"Historic Site location in Dijon, Bourgogne-Franche-Comté, France.",Historic Site,Historic Site,Landmark,"Located in Dijon, Bourgogne-Franche-Comté.",47.313,5.0325,,1901,No,Spring; Summer; Autumn,,,,
FR-001902,Museum Tours 136,France,FR,Centre-Val de Loire,37,Tours,"Museum location in Tours, Centre-Val de Loire, France.",Museum,Museum,Cultural Attraction,"Located in Tours, Centre-Val de Loire.",47.3871,0.6778,,1902,No,Spring; Summer; Autumn,,,,
FR-001903,Castle Ajaccio 136,France,FR,Corse,2A,Ajaccio,"Castle location in Ajaccio, Corse, France.",Castle,Castle,Historic Landmark,"Located in Ajaccio, Corse.",41.9142,8.7336,,1903,No,Spring; Summer; Autumn,,,,
FR-001904,Cathedral Saint-Denis 136,France,FR,La Réunion,974,Saint-Denis,"Cathedral location in Saint-Denis, La Réunion, France.",Cathedral,Cathedral,Religious Site,"Located in Saint-Denis, La Réunion.",-20.8819,55.4451,,1904,No,Spring; Summer; Autumn,,,,
FR-001905,Park Paris 137,France,FR,Île-de-France,75,Paris,"Park location in Paris, Île-de-France, France.",Park,Park,Nature & Recreation,"Located in Paris, Île-de-France.",48.8556,2.3512,,1905,No,Spring; Summer; Autumn,,,,
FR-001906,Garden Lyon 137,France,FR,Auvergne-Rhône-Alpes,69,Lyon,"Garden location in Lyon, Auvergne-Rhône-Alpes, France.",Garden,Garden,Nature & Recreation,"Located in Lyon, Auvergne-Rhône-Alpes.",45.765,4.8367,,1906,No,Spring; Summer; Autumn,,,,
FR-001907,Monument Marseille 137,France,FR,Provence-Alpes-Côte d'Azur,13,Marseille,"Monument location in Marseille, Provence-Alpes-Côte d'Azur, France.",Monument,Monument,Landmark,"Located in Marseille, Provence-Alpes-Côte d'Azur.",43.2995,5.3728,,1907,No,Spring; Summer; Autumn,,,,
FR-001908,Beach Bordeaux 137,France,FR,Nouvelle-Aquitaine,33,Bordeaux,"Beach location in Bordeaux, Nouvelle-Aquitaine, France.",Beach,Beach,Nature & Recreation,"Located in Bordeaux, Nouvelle-Aquitaine.",44.8428,-0.5742,,1908,No,Spring; Summer; Autumn,,,,
FR-001909,Viewpoint Toulouse 137,France,FR,Occitanie,31,Toulouse,"Viewpoint location in Toulouse, Occitanie, France.",Viewpoint,Viewpoint,Scenic Attraction,"Located in Toulouse, Occitanie.",43.6117,1.4512,,1909,No,Spring; Summer; Autumn,,,,
FR-001910,Market Lille 137,France,FR,Hauts-de-France,59,Lille,"Market location in Lille, Hauts-de-France, France.",Market,Market,Local Attraction,"Located in Lille, Hauts-de-France.",50.6382,3.0663,,1910,No,Spring; Summer; Autumn,,,,
FR-001911,Art Gallery Strasbourg 137,France,FR,Grand Est,67,Strasbourg,"Art Gallery location in Strasbourg, Grand Est, France.",Art Gallery,Art Gallery,Cultural Attraction,"Located in Strasbourg, Grand Est.",48.5644,7.7431,,1911,No,Spring; Summer; Autumn,,,,
FR-001912,Theatre Nantes 137,France,FR,Pays de la Loire,44,Nantes,"Theatre location in Nantes, Pays de la Loire, France.",Theatre,Theatre,Performing Arts,"Located in Nantes, Pays de la Loire.",47.2114,-1.5606,,1912,No,Spring; Summer; Autumn,,,,
FR-001913,Church Rennes 137,France,FR,Bretagne,35,Rennes,"Church location in Rennes, Bretagne, France.",Church,Church,Religious Site,"Located in Rennes, Bretagne.",48.1123,-1.6828,,1913,No,Spring; Summer; Autumn,,,,
FR-001914,Abbey Rouen 137,France,FR,Normandie,76,Rouen,"Abbey location in Rouen, Normandie, France.",Abbey,Abbey,Religious Site,"Located in Rouen, Normandie.",49.4402,1.0963,,1914,No,Spring; Summer; Autumn,,,,
FR-001915,Fortress Dijon 137,France,FR,Bourgogne-Franche-Comté,21,Dijon,"Fortress location in Dijon, Bourgogne-Franche-Comté, France.",Fortress,Fortress,Historic Landmark,"Located in Dijon, Bourgogne-Franche-Comté.",47.321,5.0405,,1915,No,Spring; Summer; Autumn,,,,
FR-001916,Archaeological Site Tours 137,France,FR,Centre-Val de Loire,37,Tours,"Archaeological Site location in Tours, Centre-Val de Loire, France.",Archaeological Site,Archaeological Site,Historic Site,"Located in Tours, Centre-Val de Loire.",47.3951,0.6858,,1916,No,Spring; Summer; Autumn,,,,
FR-001917,Zoo Ajaccio 137,France,FR,Corse,2A,Ajaccio,"Zoo location in Ajaccio, Corse, France.",Zoo,Zoo,Family Attraction,"Located in Ajaccio, Corse.",41.9222,8.7416,,1917,No,Spring; Summer; Autumn,,,,
FR-001918,Aquarium Saint-Denis 137,France,FR,La Réunion,974,Saint-Denis,"Aquarium location in Saint-Denis, La Réunion, France.",Aquarium,Aquarium,Family Attraction,"Located in Saint-Denis, La Réunion.",-20.8739,55.4531,,1918,No,Spring; Summer; Autumn,,,,
FR-001919,Botanical Garden Paris 138,France,FR,Île-de-France,75,Paris,"Botanical Garden location in Paris, Île-de-France, France.",Botanical Garden,Botanical Garden,Nature & Recreation,"Located in Paris, Île-de-France.",48.8636,2.3592,,1919,No,Spring; Summer; Autumn,,,,
FR-001920,Marina Lyon 138,France,FR,Auvergne-Rhône-Alpes,69,Lyon,"Marina location in Lyon, Auvergne-Rhône-Alpes, France.",Marina,Marina,Leisure,"Located in Lyon, Auvergne-Rhône-Alpes.",45.773,4.8447,,1920,No,Spring; Summer; Autumn,,,,
FR-001921,Historic Site Marseille 138,France,FR,Provence-Alpes-Côte d'Azur,13,Marseille,"Historic Site location in Marseille, Provence-Alpes-Côte d'Azur, France.",Historic Site,Historic Site,Landmark,"Located in Marseille, Provence-Alpes-Côte d'Azur.",43.2875,5.3608,,1921,No,Spring; Summer; Autumn,,,,
FR-001922,Museum Bordeaux 138,France,FR,Nouvelle-Aquitaine,33,Bordeaux,"Museum location in Bordeaux, Nouvelle-Aquitaine, France.",Museum,Museum,Cultural Attraction,"Located in Bordeaux, Nouvelle-Aquitaine.",44.8308,-0.5862,,1922,No,Spring; Summer; Autumn,,,,
FR-001923,Castle Toulouse 138,France,FR,Occitanie,31,Toulouse,"Castle location in Toulouse, Occitanie, France.",Castle,Castle,Historic Landmark,"Located in Toulouse, Occitanie.",43.5997,1.4392,,1923,No,Spring; Summer; Autumn,,,,
FR-001924,Cathedral Lille 138,France,FR,Hauts-de-France,59,Lille,"Cathedral location in Lille, Hauts-de-France, France.",Cathedral,Cathedral,Religious Site,"Located in Lille, Hauts-de-France.",50.6262,3.0543,,1924,No,Spring; Summer; Autumn,,,,
FR-001925,Park Strasbourg 138,France,FR,Grand Est,67,Strasbourg,"Park location in Strasbourg, Grand Est, France.",Park,Park,Nature & Recreation,"Located in Strasbourg, Grand Est.",48.5724,7.7511,,1925,No,Spring; Summer; Autumn,,,,
FR-001926,Garden Nantes 138,France,FR,Pays de la Loire,44,Nantes,"Garden location in Nantes, Pays de la Loire, France.",Garden,Garden,Nature & Recreation,"Located in Nantes, Pays de la Loire.",47.2194,-1.5526,,1926,No,Spring; Summer; Autumn,,,,
FR-001927,Monument Rennes 138,France,FR,Bretagne,35,Rennes,"Monument location in Rennes, Bretagne, France.",Monument,Monument,Landmark,"Located in Rennes, Bretagne.",48.1203,-1.6748,,1927,No,Spring; Summer; Autumn,,,,
FR-001928,Beach Rouen 138,France,FR,Normandie,76,Rouen,"Beach location in Rouen, Normandie, France.",Beach,Beach,Nature & Recreation,"Located in Rouen, Normandie.",49.4482,1.1043,,1928,No,Spring; Summer; Autumn,,,,
FR-001929,Viewpoint Dijon 138,France,FR,Bourgogne-Franche-Comté,21,Dijon,"Viewpoint location in Dijon, Bourgogne-Franche-Comté, France.",Viewpoint,Viewpoint,Scenic Attraction,"Located in Dijon, Bourgogne-Franche-Comté.",47.329,5.0485,,1929,No,Spring; Summer; Autumn,,,,
FR-001930,Market Tours 138,France,FR,Centre-Val de Loire,37,Tours,"Market location in Tours, Centre-Val de Loire, France.",Market,Market,Local Attraction,"Located in Tours, Centre-Val de Loire.",47.4031,0.6938,,1930,No,Spring; Summer; Autumn,,,,
FR-001931,Art Gallery Ajaccio 138,France,FR,Corse,2A,Ajaccio,"Art Gallery location in Ajaccio, Corse, France.",Art Gallery,Art Gallery,Cultural Attraction,"Located in Ajaccio, Corse.",41.9102,8.7296,,1931,No,Spring; Summer; Autumn,,,,
FR-001932,Theatre Saint-Denis 138,France,FR,La Réunion,974,Saint-Denis,"Theatre location in Saint-Denis, La Réunion, France.",Theatre,Theatre,Performing Arts,"Located in Saint-Denis, La Réunion.",-20.8859,55.4411,,1932,No,Spring; Summer; Autumn,,,,
FR-001933,Church Paris 139,France,FR,Île-de-France,75,Paris,"Church location in Paris, Île-de-France, France.",Church,Church,Religious Site,"Located in Paris, Île-de-France.",48.8516,2.3472,,1933,No,Spring; Summer; Autumn,,,,
FR-001934,Abbey Lyon 139,France,FR,Auvergne-Rhône-Alpes,69,Lyon,"Abbey location in Lyon, Auvergne-Rhône-Alpes, France.",Abbey,Abbey,Religious Site,"Located in Lyon, Auvergne-Rhône-Alpes.",45.761,4.8327,,1934,No,Spring; Summer; Autumn,,,,
FR-001935,Fortress Marseille 139,France,FR,Provence-Alpes-Côte d'Azur,13,Marseille,"Fortress location in Marseille, Provence-Alpes-Côte d'Azur, France.",Fortress,Fortress,Historic Landmark,"Located in Marseille, Provence-Alpes-Côte d'Azur.",43.2955,5.3688,,1935,No,Spring; Summer; Autumn,,,,
FR-001936,Archaeological Site Bordeaux 139,France,FR,Nouvelle-Aquitaine,33,Bordeaux,"Archaeological Site location in Bordeaux, Nouvelle-Aquitaine, France.",Archaeological Site,Archaeological Site,Historic Site,"Located in Bordeaux, Nouvelle-Aquitaine.",44.8388,-0.5782,,1936,No,Spring; Summer; Autumn,,,,
FR-001937,Zoo Toulouse 139,France,FR,Occitanie,31,Toulouse,"Zoo location in Toulouse, Occitanie, France.",Zoo,Zoo,Family Attraction,"Located in Toulouse, Occitanie.",43.6077,1.4472,,1937,No,Spring; Summer; Autumn,,,,
FR-001938,Aquarium Lille 139,France,FR,Hauts-de-France,59,Lille,"Aquarium location in Lille, Hauts-de-France, France.",Aquarium,Aquarium,Family Attraction,"Located in Lille, Hauts-de-France.",50.6342,3.0623,,1938,No,Spring; Summer; Autumn,,,,
FR-001939,Botanical Garden Strasbourg 139,France,FR,Grand Est,67,Strasbourg,"Botanical Garden location in Strasbourg, Grand Est, France.",Botanical Garden,Botanical Garden,Nature & Recreation,"Located in Strasbourg, Grand Est.",48.5804,7.7591,,1939,No,Spring; Summer; Autumn,,,,
FR-001940,Marina Nantes 139,France,FR,Pays de la Loire,44,Nantes,"Marina location in Nantes, Pays de la Loire, France.",Marina,Marina,Leisure,"Located in Nantes, Pays de la Loire.",47.2274,-1.5446,,1940,No,Spring; Summer; Autumn,,,,
FR-001941,Historic Site Rennes 139,France,FR,Bretagne,35,Rennes,"Historic Site location in Rennes, Bretagne, France.",Historic Site,Historic Site,Landmark,"Located in Rennes, Bretagne.",48.1083,-1.6868,,1941,No,Spring; Summer; Autumn,,,,
FR-001942,Museum Rouen 139,France,FR,Normandie,76,Rouen,"Museum location in Rouen, Normandie, France.",Museum,Museum,Cultural Attraction,"Located in Rouen, Normandie.",49.4362,1.0923,,1942,No,Spring; Summer; Autumn,,,,
FR-001943,Castle Dijon 139,France,FR,Bourgogne-Franche-Comté,21,Dijon,"Castle location in Dijon, Bourgogne-Franche-Comté, France.",Castle,Castle,Historic Landmark,"Located in Dijon, Bourgogne-Franche-Comté.",47.317,5.0365,,1943,No,Spring; Summer; Autumn,,,,
FR-001944,Cathedral Tours 139,France,FR,Centre-Val de Loire,37,Tours,"Cathedral location in Tours, Centre-Val de Loire, France.",Cathedral,Cathedral,Religious Site,"Located in Tours, Centre-Val de Loire.",47.3911,0.6818,,1944,No,Spring; Summer; Autumn,,,,
FR-001945,Park Ajaccio 139,France,FR,Corse,2A,Ajaccio,"Park location in Ajaccio, Corse, France.",Park,Park,Nature & Recreation,"Located in Ajaccio, Corse.",41.9182,8.7376,,1945,No,Spring; Summer; Autumn,,,,
FR-001946,Garden Saint-Denis 139,France,FR,La Réunion,974,Saint-Denis,"Garden location in Saint-Denis, La Réunion, France.",Garden,Garden,Nature & Recreation,"Located in Saint-Denis, La Réunion.",-20.8779,55.4491,,1946,No,Spring; Summer; Autumn,,,,
FR-001947,Monument Paris 140,France,FR,Île-de-France,75,Paris,"Monument location in Paris, Île-de-France, France.",Monument,Monument,Landmark,"Located in Paris, Île-de-France.",48.8596,2.3552,,1947,No,Spring; Summer; Autumn,,,,
FR-001948,Beach Lyon 140,France,FR,Auvergne-Rhône-Alpes,69,Lyon,"Beach location in Lyon, Auvergne-Rhône-Alpes, France.",Beach,Beach,Nature & Recreation,"Located in Lyon, Auvergne-Rhône-Alpes.",45.769,4.8407,,1948,No,Spring; Summer; Autumn,,,,
FR-001949,Viewpoint Marseille 140,France,FR,Provence-Alpes-Côte d'Azur,13,Marseille,"Viewpoint location in Marseille, Provence-Alpes-Côte d'Azur, France.",Viewpoint,Viewpoint,Scenic Attraction,"Located in Marseille, Provence-Alpes-Côte d'Azur.",43.3035,5.3768,,1949,No,Spring; Summer; Autumn,,,,
FR-001950,Market Bordeaux 140,France,FR,Nouvelle-Aquitaine,33,Bordeaux,"Market location in Bordeaux, Nouvelle-Aquitaine, France.",Market,Market,Local Attraction,"Located in Bordeaux, Nouvelle-Aquitaine.",44.8468,-0.5702,,1950,No,Spring; Summer; Autumn,,,,
FR-001951,Art Gallery Toulouse 140,France,FR,Occitanie,31,Toulouse,"Art Gallery location in Toulouse, Occitanie, France.",Art Gallery,Art Gallery,Cultural Attraction,"Located in Toulouse, Occitanie.",43.5957,1.4352,,1951,No,Spring; Summer; Autumn,,,,
FR-001952,Theatre Lille 140,France,FR,Hauts-de-France,59,Lille,"Theatre location in Lille, Hauts-de-France, France.",Theatre,Theatre,Performing Arts,"Located in Lille, Hauts-de-France.",50.6222,3.0503,,1952,No,Spring; Summer; Autumn,,,,
FR-001953,Church Strasbourg 140,France,FR,Grand Est,67,Strasbourg,"Church location in Strasbourg, Grand Est, France.",Church,Church,Religious Site,"Located in Strasbourg, Grand Est.",48.5684,7.7471,,1953,No,Spring; Summer; Autumn,,,,
FR-001954,Abbey Nantes 140,France,FR,Pays de la Loire,44,Nantes,"Abbey location in Nantes, Pays de la Loire, France.",Abbey,Abbey,Religious Site,"Located in Nantes, Pays de la Loire.",47.2154,-1.5566,,1954,No,Spring; Summer; Autumn,,,,
FR-001955,Fortress Rennes 140,France,FR,Bretagne,35,Rennes,"Fortress location in Rennes, Bretagne, France.",Fortress,Fortress,Historic Landmark,"Located in Rennes, Bretagne.",48.1163,-1.6788,,1955,No,Spring; Summer; Autumn,,,,
FR-001956,Archaeological Site Rouen 140,France,FR,Normandie,76,Rouen,"Archaeological Site location in Rouen, Normandie, France.",Archaeological Site,Archaeological Site,Historic Site,"Located in Rouen, Normandie.",49.4442,1.1003,,1956,No,Spring; Summer; Autumn,,,,
FR-001957,Zoo Dijon 140,France,FR,Bourgogne-Franche-Comté,21,Dijon,"Zoo location in Dijon, Bourgogne-Franche-Comté, France.",Zoo,Zoo,Family Attraction,"Located in Dijon, Bourgogne-Franche-Comté.",47.325,5.0445,,1957,No,Spring; Summer; Autumn,,,,
FR-001958,Aquarium Tours 140,France,FR,Centre-Val de Loire,37,Tours,"Aquarium location in Tours, Centre-Val de Loire, France.",Aquarium,Aquarium,Family Attraction,"Located in Tours, Centre-Val de Loire.",47.3991,0.6898,,1958,No,Spring; Summer; Autumn,,,,
FR-001959,Botanical Garden Ajaccio 140,France,FR,Corse,2A,Ajaccio,"Botanical Garden location in Ajaccio, Corse, France.",Botanical Garden,Botanical Garden,Nature & Recreation,"Located in Ajaccio, Corse.",41.9262,8.7456,,1959,No,Spring; Summer; Autumn,,,,
FR-001960,Marina Saint-Denis 140,France,FR,La Réunion,974,Saint-Denis,"Marina location in Saint-Denis, La Réunion, France.",Marina,Marina,Leisure,"Located in Saint-Denis, La Réunion.",-20.8699,55.4571,,1960,No,Spring; Summer; Autumn,,,,
FR-001961,Historic Site Paris 141,France,FR,Île-de-France,75,Paris,"Historic Site location in Paris, Île-de-France, France.",Historic Site,Historic Site,Landmark,"Located in Paris, Île-de-France.",48.8476,2.3432,,1961,No,Spring; Summer; Autumn,,,,
FR-001962,Museum Lyon 141,France,FR,Auvergne-Rhône-Alpes,69,Lyon,"Museum location in Lyon, Auvergne-Rhône-Alpes, France.",Museum,Museum,Cultural Attraction,"Located in Lyon, Auvergne-Rhône-Alpes.",45.757,4.8287,,1962,No,Spring; Summer; Autumn,,,,
FR-001963,Castle Marseille 141,France,FR,Provence-Alpes-Côte d'Azur,13,Marseille,"Castle location in Marseille, Provence-Alpes-Côte d'Azur, France.",Castle,Castle,Historic Landmark,"Located in Marseille, Provence-Alpes-Côte d'Azur.",43.2915,5.3648,,1963,No,Spring; Summer; Autumn,,,,
FR-001964,Cathedral Bordeaux 141,France,FR,Nouvelle-Aquitaine,33,Bordeaux,"Cathedral location in Bordeaux, Nouvelle-Aquitaine, France.",Cathedral,Cathedral,Religious Site,"Located in Bordeaux, Nouvelle-Aquitaine.",44.8348,-0.5822,,1964,No,Spring; Summer; Autumn,,,,
FR-001965,Park Toulouse 141,France,FR,Occitanie,31,Toulouse,"Park location in Toulouse, Occitanie, France.",Park,Park,Nature & Recreation,"Located in Toulouse, Occitanie.",43.6037,1.4432,,1965,No,Spring; Summer; Autumn,,,,
FR-001966,Garden Lille 141,France,FR,Hauts-de-France,59,Lille,"Garden location in Lille, Hauts-de-France, France.",Garden,Garden,Nature & Recreation,"Located in Lille, Hauts-de-France.",50.6302,3.0583,,1966,No,Spring; Summer; Autumn,,,,
FR-001967,Monument Strasbourg 141,France,FR,Grand Est,67,Strasbourg,"Monument location in Strasbourg, Grand Est, France.",Monument,Monument,Landmark,"Located in Strasbourg, Grand Est.",48.5764,7.7551,,1967,No,Spring; Summer; Autumn,,,,
FR-001968,Beach Nantes 141,France,FR,Pays de la Loire,44,Nantes,"Beach location in Nantes, Pays de la Loire, France.",Beach,Beach,Nature & Recreation,"Located in Nantes, Pays de la Loire.",47.2234,-1.5486,,1968,No,Spring; Summer; Autumn,,,,
FR-001969,Viewpoint Rennes 141,France,FR,Bretagne,35,Rennes,"Viewpoint location in Rennes, Bretagne, France.",Viewpoint,Viewpoint,Scenic Attraction,"Located in Rennes, Bretagne.",48.1243,-1.6708,,1969,No,Spring; Summer; Autumn,,,,
FR-001970,Market Rouen 141,France,FR,Normandie,76,Rouen,"Market location in Rouen, Normandie, France.",Market,Market,Local Attraction,"Located in Rouen, Normandie.",49.4522,1.1083,,1970,No,Spring; Summer; Autumn,,,,
FR-001971,Art Gallery Dijon 141,France,FR,Bourgogne-Franche-Comté,21,Dijon,"Art Gallery location in Dijon, Bourgogne-Franche-Comté, France.",Art Gallery,Art Gallery,Cultural Attraction,"Located in Dijon, Bourgogne-Franche-Comté.",47.313,5.0325,,1971,No,Spring; Summer; Autumn,,,,
FR-001972,Theatre Tours 141,France,FR,Centre-Val de Loire,37,Tours,"Theatre location in Tours, Centre-Val de Loire, France.",Theatre,Theatre,Performing Arts,"Located in Tours, Centre-Val de Loire.",47.3871,0.6778,,1972,No,Spring; Summer; Autumn,,,,
FR-001973,Church Ajaccio 141,France,FR,Corse,2A,Ajaccio,"Church location in Ajaccio, Corse, France.",Church,Church,Religious Site,"Located in Ajaccio, Corse.",41.9142,8.7336,,1973,No,Spring; Summer; Autumn,,,,
FR-001974,Abbey Saint-Denis 141,France,FR,La Réunion,974,Saint-Denis,"Abbey location in Saint-Denis, La Réunion, France.",Abbey,Abbey,Religious Site,"Located in Saint-Denis, La Réunion.",-20.8819,55.4451,,1974,No,Spring; Summer; Autumn,,,,
FR-001975,Fortress Paris 142,France,FR,Île-de-France,75,Paris,"Fortress location in Paris, Île-de-France, France.",Fortress,Fortress,Historic Landmark,"Located in Paris, Île-de-France.",48.8556,2.3512,,1975,No,Spring; Summer; Autumn,,,,
FR-001976,Archaeological Site Lyon 142,France,FR,Auvergne-Rhône-Alpes,69,Lyon,"Archaeological Site location in Lyon, Auvergne-Rhône-Alpes, France.",Archaeological Site,Archaeological Site,Historic Site,"Located in Lyon, Auvergne-Rhône-Alpes.",45.765,4.8367,,1976,No,Spring; Summer; Autumn,,,,
FR-001977,Zoo Marseille 142,France,FR,Provence-Alpes-Côte d'Azur,13,Marseille,"Zoo location in Marseille, Provence-Alpes-Côte d'Azur, France.",Zoo,Zoo,Family Attraction,"Located in Marseille, Provence-Alpes-Côte d'Azur.",43.2995,5.3728,,1977,No,Spring; Summer; Autumn,,,,
FR-001978,Aquarium Bordeaux 142,France,FR,Nouvelle-Aquitaine,33,Bordeaux,"Aquarium location in Bordeaux, Nouvelle-Aquitaine, France.",Aquarium,Aquarium,Family Attraction,"Located in Bordeaux, Nouvelle-Aquitaine.",44.8428,-0.5742,,1978,No,Spring; Summer; Autumn,,,,
FR-001979,Botanical Garden Toulouse 142,France,FR,Occitanie,31,Toulouse,"Botanical Garden location in Toulouse, Occitanie, France.",Botanical Garden,Botanical Garden,Nature & Recreation,"Located in Toulouse, Occitanie.",43.6117,1.4512,,1979,No,Spring; Summer; Autumn,,,,
FR-001980,Marina Lille 142,France,FR,Hauts-de-France,59,Lille,"Marina location in Lille, Hauts-de-France, France.",Marina,Marina,Leisure,"Located in Lille, Hauts-de-France.",50.6382,3.0663,,1980,No,Spring; Summer; Autumn,,,,
FR-001981,Historic Site Strasbourg 142,France,FR,Grand Est,67,Strasbourg,"Historic Site location in Strasbourg, Grand Est, France.",Historic Site,Historic Site,Landmark,"Located in Strasbourg, Grand Est.",48.5644,7.7431,,1981,No,Spring; Summer; Autumn,,,,
FR-001982,Museum Nantes 142,France,FR,Pays de la Loire,44,Nantes,"Museum location in Nantes, Pays de la Loire, France.",Museum,Museum,Cultural Attraction,"Located in Nantes, Pays de la Loire.",47.2114,-1.5606,,1982,No,Spring; Summer; Autumn,,,,
FR-001983,Castle Rennes 142,France,FR,Bretagne,35,Rennes,"Castle location in Rennes, Bretagne, France.",Castle,Castle,Historic Landmark,"Located in Rennes, Bretagne.",48.1123,-1.6828,,1983,No,Spring; Summer; Autumn,,,,
FR-001984,Cathedral Rouen 142,France,FR,Normandie,76,Rouen,"Cathedral location in Rouen, Normandie, France.",Cathedral,Cathedral,Religious Site,"Located in Rouen, Normandie.",49.4402,1.0963,,1984,No,Spring; Summer; Autumn,,,,
FR-001985,Park Dijon 142,France,FR,Bourgogne-Franche-Comté,21,Dijon,"Park location in Dijon, Bourgogne-Franche-Comté, France.",Park,Park,Nature & Recreation,"Located in Dijon, Bourgogne-Franche-Comté.",47.321,5.0405,,1985,No,Spring; Summer; Autumn,,,,
FR-001986,Garden Tours 142,France,FR,Centre-Val de Loire,37,Tours,"Garden location in Tours, Centre-Val de Loire, France.",Garden,Garden,Nature & Recreation,"Located in Tours, Centre-Val de Loire.",47.3951,0.6858,,1986,No,Spring; Summer; Autumn,,,,
FR-001987,Monument Ajaccio 142,France,FR,Corse,2A,Ajaccio,"Monument location in Ajaccio, Corse, France.",Monument,Monument,Landmark,"Located in Ajaccio, Corse.",41.9222,8.7416,,1987,No,Spring; Summer; Autumn,,,,
FR-001988,Beach Saint-Denis 142,France,FR,La Réunion,974,Saint-Denis,"Beach location in Saint-Denis, La Réunion, France.",Beach,Beach,Nature & Recreation,"Located in Saint-Denis, La Réunion.",-20.8739,55.4531,,1988,No,Spring; Summer; Autumn,,,,
FR-001989,Viewpoint Paris 143,France,FR,Île-de-France,75,Paris,"Viewpoint location in Paris, Île-de-France, France.",Viewpoint,Viewpoint,Scenic Attraction,"Located in Paris, Île-de-France.",48.8636,2.3592,,1989,No,Spring; Summer; Autumn,,,,
FR-001990,Market Lyon 143,France,FR,Auvergne-Rhône-Alpes,69,Lyon,"Market location in Lyon, Auvergne-Rhône-Alpes, France.",Market,Market,Local Attraction,"Located in Lyon, Auvergne-Rhône-Alpes.",45.773,4.8447,,1990,No,Spring; Summer; Autumn,,,,
FR-001991,Art Gallery Marseille 143,France,FR,Provence-Alpes-Côte d'Azur,13,Marseille,"Art Gallery location in Marseille, Provence-Alpes-Côte d'Azur, France.",Art Gallery,Art Gallery,Cultural Attraction,"Located in Marseille, Provence-Alpes-Côte d'Azur.",43.2875,5.3608,,1991,No,Spring; Summer; Autumn,,,,
FR-001992,Theatre Bordeaux 143,France,FR,Nouvelle-Aquitaine,33,Bordeaux,"Theatre location in Bordeaux, Nouvelle-Aquitaine, France.",Theatre,Theatre,Performing Arts,"Located in Bordeaux, Nouvelle-Aquitaine.",44.8308,-0.5862,,1992,No,Spring; Summer; Autumn,,,,
FR-001993,Church Toulouse 143,France,FR,Occitanie,31,Toulouse,"Church location in Toulouse, Occitanie, France.",Church,Church,Religious Site,"Located in Toulouse, Occitanie.",43.5997,1.4392,,1993,No,Spring; Summer; Autumn,,,,
FR-001994,Abbey Lille 143,France,FR,Hauts-de-France,59,Lille,"Abbey location in Lille, Hauts-de-France, France.",Abbey,Abbey,Religious Site,"Located in Lille, Hauts-de-France.",50.6262,3.0543,,1994,No,Spring; Summer; Autumn,,,,
FR-001995,Fortress Strasbourg 143,France,FR,Grand Est,67,Strasbourg,"Fortress location in Strasbourg, Grand Est, France.",Fortress,Fortress,Historic Landmark,"Located in Strasbourg, Grand Est.",48.5724,7.7511,,1995,No,Spring; Summer; Autumn,,,,
FR-001996,Archaeological Site Nantes 143,France,FR,Pays de la Loire,44,Nantes,"Archaeological Site location in Nantes, Pays de la Loire, France.",Archaeological Site,Archaeological Site,Historic Site,"Located in Nantes, Pays de la Loire.",47.2194,-1.5526,,1996,No,Spring; Summer; Autumn,,,,
FR-001997,Zoo Rennes 143,France,FR,Bretagne,35,Rennes,"Zoo location in Rennes, Bretagne, France.",Zoo,Zoo,Family Attraction,"Located in Rennes, Bretagne.",48.1203,-1.6748,,1997,No,Spring; Summer; Autumn,,,,
FR-001998,Aquarium Rouen 143,France,FR,Normandie,76,Rouen,"Aquarium location in Rouen, Normandie, France.",Aquarium,Aquarium,Family Attraction,"Located in Rouen, Normandie.",49.4482,1.1043,,1998,No,Spring; Summer; Autumn,,,,
FR-001999,Botanical Garden Dijon 143,France,FR,Bourgogne-Franche-Comté,21,Dijon,"Botanical Garden location in Dijon, Bourgogne-Franche-Comté, France.",Botanical Garden,Botanical Garden,Nature & Recreation,"Located in Dijon, Bourgogne-Franche-Comté.",47.329,5.0485,,1999,No,Spring; Summer; Autumn,,,,
FR-002000,Marina Tours 143,France,FR,Centre-Val de Loire,37,Tours,"Marina location in Tours, Centre-Val de Loire, France.",Marina,Marina,Leisure,"Located in Tours, Centre-Val de Loire.",47.4031,0.6938,,2000,No,Spring; Summer; Autumn,,,,
